InChIKey,UN GHS,CASRN,Outcome,Index,StandardizerResult,knn Distance,CpId,SMILES
ACZGCWSMSTYWDQ-UHFFFAOYSA-N,2A,553-86-6,1,1,"Dearomatize (ID: Dearomatize)
Clear Stereo (ID: ClearStereo)
Wedge Clean (ID: WedgeClean)
Mesomerize (ID: Mesomerize)
Tautomerize (ID: Tautomerize)
Aromatize (ID: Aromatize)
Add Explicit Hydrogens (ID: AddExplicitH)
Neutralize (ID: Neutralize)
Clean 2D (ID: Clean2D)",,1,O=C1Cc2ccccc2O1
AEMRFAOFKBGASW-UHFFFAOYSA-N,2A,79-14-1,1,3,"Clear Stereo (ID: ClearStereo)
Wedge Clean (ID: WedgeClean)
Mesomerize (ID: Mesomerize)
Tautomerize (ID: Tautomerize)
Add Explicit Hydrogens (ID: AddExplicitH)
Neutralize (ID: Neutralize)
Clean 2D (ID: Clean2D)",,3,O=C(O)CO
AIUAMYPYEUQVEM-UHFFFAOYSA-N,2B,44992-01-0,1,6,"Clear Stereo (ID: ClearStereo)
Wedge Clean (ID: WedgeClean)
Mesomerize (ID: Mesomerize)
Tautomerize (ID: Tautomerize)
Add Explicit Hydrogens (ID: AddExplicitH)
Clean 2D (ID: Clean2D)",,6,C=CC(=O)OCC[N+](C)(C)C
AKIIJALHGMKJEJ-UHFFFAOYSA-N,2A,5726-19-2,1,8,"Clear Stereo (ID: ClearStereo)
Wedge Clean (ID: WedgeClean)
Mesomerize (ID: Mesomerize)
Tautomerize (ID: Tautomerize)
Add Explicit Hydrogens (ID: AddExplicitH)
Neutralize (ID: Neutralize)
Clean 2D (ID: Clean2D)",,8,CC(=O)OC1CCCCC1C
ALOUNLDAKADEEB-UHFFFAOYSA-N,1,106-79-6,1,9,"Clear Stereo (ID: ClearStereo)
Wedge Clean (ID: WedgeClean)
Mesomerize (ID: Mesomerize)
Tautomerize (ID: Tautomerize)
Add Explicit Hydrogens (ID: AddExplicitH)
Neutralize (ID: Neutralize)
Clean 2D (ID: Clean2D)",,9,COC(=O)CCCCCCCCC(=O)OC
APRRQJCCBSJQOQ-UHFFFAOYSA-N,2A,8011-86-7,1,14,"Dearomatize (ID: Dearomatize)
Clear Stereo (ID: ClearStereo)
Wedge Clean (ID: WedgeClean)
Mesomerize (ID: Mesomerize)
Tautomerize (ID: Tautomerize)
Aromatize (ID: Aromatize)
Add Explicit Hydrogens (ID: AddExplicitH)
Neutralize (ID: Neutralize)
Clean 2D (ID: Clean2D)",,14,Nc1cc(S(=O)(=O)O)cc2cc(S(=O)(=O)O)cc(O)c12
AQZGPSLYZOOYQP-UHFFFAOYSA-N,2B,544-01-4,1,15,"Clear Stereo (ID: ClearStereo)
Wedge Clean (ID: WedgeClean)
Mesomerize (ID: Mesomerize)
Tautomerize (ID: Tautomerize)
Add Explicit Hydrogens (ID: AddExplicitH)
Neutralize (ID: Neutralize)
Clean 2D (ID: Clean2D)",,15,CC(C)CCOCCC(C)C
ASLWPAWFJZFCKF-UHFFFAOYSA-N,2B,13674-87-8,1,16,"Clear Stereo (ID: ClearStereo)
Wedge Clean (ID: WedgeClean)
Mesomerize (ID: Mesomerize)
Tautomerize (ID: Tautomerize)
Add Explicit Hydrogens (ID: AddExplicitH)
Neutralize (ID: Neutralize)
Clean 2D (ID: Clean2D)",,16,O=P(OC(CCl)CCl)(OC(CCl)CCl)OC(CCl)CCl
ATGUVEKSASEFFO-UHFFFAOYSA-N,2B,101-54-2,1,17,"Dearomatize (ID: Dearomatize)
Clear Stereo (ID: ClearStereo)
Wedge Clean (ID: WedgeClean)
Mesomerize (ID: Mesomerize)
Tautomerize (ID: Tautomerize)
Aromatize (ID: Aromatize)
Add Explicit Hydrogens (ID: AddExplicitH)
Neutralize (ID: Neutralize)
Clean 2D (ID: Clean2D)",,17,Nc1ccc(Nc2ccccc2)cc1
AZYRZNIYJDKRHO-UHFFFAOYSA-N,2A,2778-42-9,1,29,"Dearomatize (ID: Dearomatize)
Clear Stereo (ID: ClearStereo)
Wedge Clean (ID: WedgeClean)
Mesomerize (ID: Mesomerize)
Tautomerize (ID: Tautomerize)
Aromatize (ID: Aromatize)
Add Explicit Hydrogens (ID: AddExplicitH)
Neutralize (ID: Neutralize)
Clean 2D (ID: Clean2D)",,29,CC(C)(N=C=O)c1cccc(C(C)(C)N=C=O)c1
BACYUWVYYTXETD-UHFFFAOYSA-M,2A,137-16-6,1,31,"Clear Stereo (ID: ClearStereo)
Wedge Clean (ID: WedgeClean)
Mesomerize (ID: Mesomerize)
Tautomerize (ID: Tautomerize)
Add Explicit Hydrogens (ID: AddExplicitH)
Neutralize (ID: Neutralize)
Clean 2D (ID: Clean2D)",,31,CCCCCCCCCCCC(=O)N(C)CC(=O)O
BBYNYNMPOUQKKS-UHFFFAOYSA-N,2A,,1,36,"Clear Stereo (ID: ClearStereo)
Wedge Clean (ID: WedgeClean)
Mesomerize (ID: Mesomerize)
Tautomerize (ID: Tautomerize)
Add Explicit Hydrogens (ID: AddExplicitH)
Neutralize (ID: Neutralize)
Clean 2D (ID: Clean2D)",,36,CSC(C)(C)SC
BDERNNFJNOPAEC-UHFFFAOYSA-N,1,71-23-8,1,37,"Clear Stereo (ID: ClearStereo)
Wedge Clean (ID: WedgeClean)
Mesomerize (ID: Mesomerize)
Tautomerize (ID: Tautomerize)
Add Explicit Hydrogens (ID: AddExplicitH)
Neutralize (ID: Neutralize)
Clean 2D (ID: Clean2D)",,37,CCCO
BGFBWRWYROQISE-UHFFFAOYSA-N,2A,5187-23-5,1,41,"Clear Stereo (ID: ClearStereo)
Wedge Clean (ID: WedgeClean)
Mesomerize (ID: Mesomerize)
Tautomerize (ID: Tautomerize)
Add Explicit Hydrogens (ID: AddExplicitH)
Neutralize (ID: Neutralize)
Clean 2D (ID: Clean2D)",,41,CCC1(CO)COCOC1
BGTOWKSIORTVQH-UHFFFAOYSA-N,2A,120-92-3,1,44,"Clear Stereo (ID: ClearStereo)
Wedge Clean (ID: WedgeClean)
Mesomerize (ID: Mesomerize)
Tautomerize (ID: Tautomerize)
Add Explicit Hydrogens (ID: AddExplicitH)
Neutralize (ID: Neutralize)
Clean 2D (ID: Clean2D)",,44,O=C1CCCC1
BLXVTZPGEOGTGG-UHFFFAOYSA-N,2A,68412-54-4,1,51,"Dearomatize (ID: Dearomatize)
Clear Stereo (ID: ClearStereo)
Wedge Clean (ID: WedgeClean)
Mesomerize (ID: Mesomerize)
Tautomerize (ID: Tautomerize)
Aromatize (ID: Aromatize)
Add Explicit Hydrogens (ID: AddExplicitH)
Neutralize (ID: Neutralize)
Clean 2D (ID: Clean2D)",,51,CCCCCCCCCc1ccc(OCCOCCO)cc1
BPSIOYPQMFLKFR-UHFFFAOYSA-N,2A,2530-83-8,1,55,"Clear Stereo (ID: ClearStereo)
Wedge Clean (ID: WedgeClean)
Mesomerize (ID: Mesomerize)
Tautomerize (ID: Tautomerize)
Add Explicit Hydrogens (ID: AddExplicitH)
Neutralize (ID: Neutralize)
Clean 2D (ID: Clean2D)",,55,CO[Si](CCCOCC1CO1)(OC)OC
BSWWXRFVMJHFBN-UHFFFAOYSA-N,2A,118-79-6,1,62,"Dearomatize (ID: Dearomatize)
Clear Stereo (ID: ClearStereo)
Wedge Clean (ID: WedgeClean)
Mesomerize (ID: Mesomerize)
Tautomerize (ID: Tautomerize)
Aromatize (ID: Aromatize)
Add Explicit Hydrogens (ID: AddExplicitH)
Neutralize (ID: Neutralize)
Clean 2D (ID: Clean2D)",,62,Oc1c(Br)cc(Br)cc1Br
BTRWELPXUDWAGW-UHFFFAOYSA-N,2A,17913-76-7,1,68,"Clear Stereo (ID: ClearStereo)
Wedge Clean (ID: WedgeClean)
Mesomerize (ID: Mesomerize)
Tautomerize (ID: Tautomerize)
Add Explicit Hydrogens (ID: AddExplicitH)
Neutralize (ID: Neutralize)
Clean 2D (ID: Clean2D)",,68,CC(C)CC(C)(O)CCC(C)(O)CC(C)C
BUDQDWGNQVEFAC-UHFFFAOYSA-N,2A,110-87-2,1,69,"Clear Stereo (ID: ClearStereo)
Wedge Clean (ID: WedgeClean)
Mesomerize (ID: Mesomerize)
Tautomerize (ID: Tautomerize)
Add Explicit Hydrogens (ID: AddExplicitH)
Neutralize (ID: Neutralize)
Clean 2D (ID: Clean2D)",,69,C1=COCCC1
CAYHVMBQBLYQMT-UHFFFAOYSA-N,2B,58670-89-6,1,80,"Clear Stereo (ID: ClearStereo)
Wedge Clean (ID: WedgeClean)
Mesomerize (ID: Mesomerize)
Tautomerize (ID: Tautomerize)
Add Explicit Hydrogens (ID: AddExplicitH)
Neutralize (ID: Neutralize)
Clean 2D (ID: Clean2D)",,80,CCCCCCCCCCCCC(CO)CCCCCCCCCC
CBOQJANXLMLOSS-UHFFFAOYSA-N,2A,121-32-4,1,83,"Dearomatize (ID: Dearomatize)
Clear Stereo (ID: ClearStereo)
Wedge Clean (ID: WedgeClean)
Mesomerize (ID: Mesomerize)
Tautomerize (ID: Tautomerize)
Aromatize (ID: Aromatize)
Add Explicit Hydrogens (ID: AddExplicitH)
Neutralize (ID: Neutralize)
Clean 2D (ID: Clean2D)",,83,CCOc1cc(C=O)ccc1O
CCTFAOUOYLVUFG-UHFFFAOYSA-N,2A,2997-92-4,1,85,"Clear Stereo (ID: ClearStereo)
Wedge Clean (ID: WedgeClean)
Mesomerize (ID: Mesomerize)
Tautomerize (ID: Tautomerize)
Add Explicit Hydrogens (ID: AddExplicitH)
Neutralize (ID: Neutralize)
Clean 2D (ID: Clean2D)",,85,[H]/N=C(\N)C(C)(C)N=NC(C)(C)/C(N)=N/[H]
CCXFTVHDCYNKJH-UHFFFAOYSA-N,1,857288-56-3,1,86,"Dearomatize (ID: Dearomatize)
Clear Stereo (ID: ClearStereo)
Wedge Clean (ID: WedgeClean)
Mesomerize (ID: Mesomerize)
Tautomerize (ID: Tautomerize)
Aromatize (ID: Aromatize)
Add Explicit Hydrogens (ID: AddExplicitH)
Neutralize (ID: Neutralize)
Clean 2D (ID: Clean2D)",,86,COc1ccc(C)cc1C(CCN(C(C)C)C(C)C)c1ccccc1
CDOSHBSSFJOMGT-UHFFFAOYSA-N,2A,78-70-6,1,88,"Clear Stereo (ID: ClearStereo)
Wedge Clean (ID: WedgeClean)
Mesomerize (ID: Mesomerize)
Tautomerize (ID: Tautomerize)
Add Explicit Hydrogens (ID: AddExplicitH)
Neutralize (ID: Neutralize)
Clean 2D (ID: Clean2D)",,88,C=CC(C)(O)CCC=C(C)C
CDUWBJWAFZKYOF-UHFFFAOYSA-N,1,515851-08-8,1,89,"Dearomatize (ID: Dearomatize)
Clear Stereo (ID: ClearStereo)
Wedge Clean (ID: WedgeClean)
Mesomerize (ID: Mesomerize)
Tautomerize (ID: Tautomerize)
Aromatize (ID: Aromatize)
Add Explicit Hydrogens (ID: AddExplicitH)
Neutralize (ID: Neutralize)
Clean 2D (ID: Clean2D)",,89,Cc1cc(NCCCn2ccnc2)ccc1N
CERQOIWHTDAKMF-UHFFFAOYSA-N,2A,63451-47-8,1,92,"Clear Stereo (ID: ClearStereo)
Wedge Clean (ID: WedgeClean)
Mesomerize (ID: Mesomerize)
Tautomerize (ID: Tautomerize)
Add Explicit Hydrogens (ID: AddExplicitH)
Neutralize (ID: Neutralize)
Clean 2D (ID: Clean2D)",,92,C=C(C)C(=O)O
CHTHALBTIRVDBM-UHFFFAOYSA-N,2A,3238-40-2,1,95,"Dearomatize (ID: Dearomatize)
Clear Stereo (ID: ClearStereo)
Wedge Clean (ID: WedgeClean)
Mesomerize (ID: Mesomerize)
Tautomerize (ID: Tautomerize)
Aromatize (ID: Aromatize)
Add Explicit Hydrogens (ID: AddExplicitH)
Neutralize (ID: Neutralize)
Clean 2D (ID: Clean2D)",,95,O=C(O)c1ccc(C(=O)O)o1
CJBMLKNLJXFFGD-UHFFFAOYSA-N,1,68391-05-9,1,98,"Clear Stereo (ID: ClearStereo)
Wedge Clean (ID: WedgeClean)
Mesomerize (ID: Mesomerize)
Tautomerize (ID: Tautomerize)
Add Explicit Hydrogens (ID: AddExplicitH)
Clean 2D (ID: Clean2D)",,98,CCCCCCCCCCCCCC[N+](C)(C)CCCCCCCCCCCCCC
CKLJMWTZIZZHCS-UHFFFAOYSA-N,2B,56-84-8,1,99,"Clear Stereo (ID: ClearStereo)
Wedge Clean (ID: WedgeClean)
Mesomerize (ID: Mesomerize)
Tautomerize (ID: Tautomerize)
Add Explicit Hydrogens (ID: AddExplicitH)
Neutralize (ID: Neutralize)
Clean 2D (ID: Clean2D)",,99,NC(CC(=O)O)C(=O)O
CLJDUFMUISGSEC-UHFFFAOYSA-M,2A,2373-38-8,1,100,"Clear Stereo (ID: ClearStereo)
Wedge Clean (ID: WedgeClean)
Mesomerize (ID: Mesomerize)
Tautomerize (ID: Tautomerize)
Add Explicit Hydrogens (ID: AddExplicitH)
Neutralize (ID: Neutralize)
Clean 2D (ID: Clean2D)",,100,CC(C)CC(C)OC(=O)CC(C(=O)OC(C)CC(C)C)S(=O)(=O)O
CPJRRXSHAYUTGL-UHFFFAOYSA-N,1,763-32-6,1,110,"Clear Stereo (ID: ClearStereo)
Wedge Clean (ID: WedgeClean)
Mesomerize (ID: Mesomerize)
Tautomerize (ID: Tautomerize)
Add Explicit Hydrogens (ID: AddExplicitH)
Neutralize (ID: Neutralize)
Clean 2D (ID: Clean2D)",,110,C=C(C)CCO
CQLNQGQDXMGDBC-UHFFFAOYSA-N,2A,46830-22-2,1,112,"Dearomatize (ID: Dearomatize)
Clear Stereo (ID: ClearStereo)
Wedge Clean (ID: WedgeClean)
Mesomerize (ID: Mesomerize)
Tautomerize (ID: Tautomerize)
Aromatize (ID: Aromatize)
Add Explicit Hydrogens (ID: AddExplicitH)
Clean 2D (ID: Clean2D)",,112,C=CC(=O)OCC[N+](C)(C)Cc1ccccc1
CRVGTESFCCXCTH-UHFFFAOYSA-N,2A,105-59-9,1,115,"Clear Stereo (ID: ClearStereo)
Wedge Clean (ID: WedgeClean)
Mesomerize (ID: Mesomerize)
Tautomerize (ID: Tautomerize)
Add Explicit Hydrogens (ID: AddExplicitH)
Neutralize (ID: Neutralize)
Clean 2D (ID: Clean2D)",,115,CN(CCO)CCO
CSEBNABAWMZWIF-UHFFFAOYSA-M,2A,62037-80-3,1,116,"Clear Stereo (ID: ClearStereo)
Wedge Clean (ID: WedgeClean)
Mesomerize (ID: Mesomerize)
Tautomerize (ID: Tautomerize)
Add Explicit Hydrogens (ID: AddExplicitH)
Neutralize (ID: Neutralize)
Clean 2D (ID: Clean2D)",,116,O=C(O)C(F)(OC(F)(F)C(F)(F)C(F)(F)F)C(F)(F)F
CWERGRDVMFNCDR-UHFFFAOYSA-L,2A,29820-13-1,1,122,"Clear Stereo (ID: ClearStereo)
Wedge Clean (ID: WedgeClean)
Mesomerize (ID: Mesomerize)
Tautomerize (ID: Tautomerize)
Add Explicit Hydrogens (ID: AddExplicitH)
Neutralize (ID: Neutralize)
Clean 2D (ID: Clean2D)",,122,O=C(O)CS
CYSGHNMQYZDMIA-UHFFFAOYSA-N,1,80-73-9,1,125,"Clear Stereo (ID: ClearStereo)
Wedge Clean (ID: WedgeClean)
Mesomerize (ID: Mesomerize)
Tautomerize (ID: Tautomerize)
Add Explicit Hydrogens (ID: AddExplicitH)
Neutralize (ID: Neutralize)
Clean 2D (ID: Clean2D)",,125,CN1CCN(C)C1=O
DFPAKSUCGFBDDF-UHFFFAOYSA-N,2A,98-92-0,1,132,"Dearomatize (ID: Dearomatize)
Clear Stereo (ID: ClearStereo)
Wedge Clean (ID: WedgeClean)
Mesomerize (ID: Mesomerize)
Tautomerize (ID: Tautomerize)
Aromatize (ID: Aromatize)
Add Explicit Hydrogens (ID: AddExplicitH)
Neutralize (ID: Neutralize)
Clean 2D (ID: Clean2D)",,132,NC(=O)c1cccnc1
DGMOBVGABMBZSB-UHFFFAOYSA-N,1,79-30-1,1,133,"Clear Stereo (ID: ClearStereo)
Wedge Clean (ID: WedgeClean)
Mesomerize (ID: Mesomerize)
Tautomerize (ID: Tautomerize)
Add Explicit Hydrogens (ID: AddExplicitH)
Neutralize (ID: Neutralize)
Clean 2D (ID: Clean2D)",,133,CC(C)C(=O)Cl
DJHGAFSJWGLOIV-UHFFFAOYSA-N,1,7778-39-4,1,137,"Clear Stereo (ID: ClearStereo)
Wedge Clean (ID: WedgeClean)
Mesomerize (ID: Mesomerize)
Tautomerize (ID: Tautomerize)
Add Explicit Hydrogens (ID: AddExplicitH)
Neutralize (ID: Neutralize)
Clean 2D (ID: Clean2D)",,137,O=[As](O)(O)O
DKIDEFUBRARXTE-UHFFFAOYSA-N,1,107-96-0,1,139,"Clear Stereo (ID: ClearStereo)
Wedge Clean (ID: WedgeClean)
Mesomerize (ID: Mesomerize)
Tautomerize (ID: Tautomerize)
Add Explicit Hydrogens (ID: AddExplicitH)
Neutralize (ID: Neutralize)
Clean 2D (ID: Clean2D)",,139,O=C(O)CCS
DMQSHEKGGUOYJS-UHFFFAOYSA-N,1,110-95-2,1,146,"Clear Stereo (ID: ClearStereo)
Wedge Clean (ID: WedgeClean)
Mesomerize (ID: Mesomerize)
Tautomerize (ID: Tautomerize)
Add Explicit Hydrogens (ID: AddExplicitH)
Neutralize (ID: Neutralize)
Clean 2D (ID: Clean2D)",,146,CN(C)CCCN(C)C
DMQYPVOQAARSNF-UHFFFAOYSA-N,2A,52408-84-1,1,147,"Clear Stereo (ID: ClearStereo)
Wedge Clean (ID: WedgeClean)
Mesomerize (ID: Mesomerize)
Tautomerize (ID: Tautomerize)
Add Explicit Hydrogens (ID: AddExplicitH)
Neutralize (ID: Neutralize)
Clean 2D (ID: Clean2D)",,147,C=CC(=O)OCCCOCC(COCCCOC(=O)C=C)OCCCOC(=O)C=C
DNFSNYQTQMVTOK-UHFFFAOYSA-N,1,61358-25-6,1,148,"Dearomatize (ID: Dearomatize)
Clear Stereo (ID: ClearStereo)
Wedge Clean (ID: WedgeClean)
Mesomerize (ID: Mesomerize)
Aromatize (ID: Aromatize)
Add Explicit Hydrogens (ID: AddExplicitH)
Clean 2D (ID: Clean2D)",,148,CC(C)(C)c1ccc([I+2]=c2cc[c-](C(C)(C)C)cc2)cc1
DPMZXMBOYHBELT-UHFFFAOYSA-N,1,108-74-7,1,151,"Clear Stereo (ID: ClearStereo)
Wedge Clean (ID: WedgeClean)
Mesomerize (ID: Mesomerize)
Tautomerize (ID: Tautomerize)
Add Explicit Hydrogens (ID: AddExplicitH)
Neutralize (ID: Neutralize)
Clean 2D (ID: Clean2D)",,151,CN1CN(C)CN(C)C1
DQWPFSLDHJDLRL-UHFFFAOYSA-N,2A,78-40-0,1,152,"Clear Stereo (ID: ClearStereo)
Wedge Clean (ID: WedgeClean)
Mesomerize (ID: Mesomerize)
Tautomerize (ID: Tautomerize)
Add Explicit Hydrogens (ID: AddExplicitH)
Neutralize (ID: Neutralize)
Clean 2D (ID: Clean2D)",,152,CCOP(=O)(OCC)OCC
DUFKCOQISQKSAV-UHFFFAOYSA-N,2B,25322-69-4,1,155,"Clear Stereo (ID: ClearStereo)
Wedge Clean (ID: WedgeClean)
Mesomerize (ID: Mesomerize)
Tautomerize (ID: Tautomerize)
Add Explicit Hydrogens (ID: AddExplicitH)
Neutralize (ID: Neutralize)
Clean 2D (ID: Clean2D)",,155,CC(O)COC(C)CO
DVECBJCOGJRVPX-UHFFFAOYSA-N,1,141-75-3,1,160,"Clear Stereo (ID: ClearStereo)
Wedge Clean (ID: WedgeClean)
Mesomerize (ID: Mesomerize)
Tautomerize (ID: Tautomerize)
Add Explicit Hydrogens (ID: AddExplicitH)
Neutralize (ID: Neutralize)
Clean 2D (ID: Clean2D)",,160,CCCC(=O)Cl
DXNCZXXFRKPEPY-UHFFFAOYSA-N,2A,505-52-2,1,163,"Clear Stereo (ID: ClearStereo)
Wedge Clean (ID: WedgeClean)
Mesomerize (ID: Mesomerize)
Tautomerize (ID: Tautomerize)
Add Explicit Hydrogens (ID: AddExplicitH)
Neutralize (ID: Neutralize)
Clean 2D (ID: Clean2D)",,163,O=C(O)CCCCCCCCCCCC(=O)O
DZIHTWJGPDVSGE-UHFFFAOYSA-N,1,1761-71-3,1,164,"Clear Stereo (ID: ClearStereo)
Wedge Clean (ID: WedgeClean)
Mesomerize (ID: Mesomerize)
Tautomerize (ID: Tautomerize)
Add Explicit Hydrogens (ID: AddExplicitH)
Neutralize (ID: Neutralize)
Clean 2D (ID: Clean2D)",,164,NC1CCC(CC2CCC(N)CC2)CC1
DZLFLBLQUQXARW-UHFFFAOYSA-N,2A,1643-19-2,1,166,"Clear Stereo (ID: ClearStereo)
Wedge Clean (ID: WedgeClean)
Mesomerize (ID: Mesomerize)
Tautomerize (ID: Tautomerize)
Add Explicit Hydrogens (ID: AddExplicitH)
Clean 2D (ID: Clean2D)",,166,CCCC[N+](CCCC)(CCCC)CCCC
FAXDZWQIWUSWJH-UHFFFAOYSA-N,1,5332-73-0,1,167,"Clear Stereo (ID: ClearStereo)
Wedge Clean (ID: WedgeClean)
Mesomerize (ID: Mesomerize)
Tautomerize (ID: Tautomerize)
Add Explicit Hydrogens (ID: AddExplicitH)
Neutralize (ID: Neutralize)
Clean 2D (ID: Clean2D)",,167,COCCCN
FCSHMCFRCYZTRQ-UHFFFAOYSA-N,2B,102-08-9,1,169,"Dearomatize (ID: Dearomatize)
Clear Stereo (ID: ClearStereo)
Wedge Clean (ID: WedgeClean)
Mesomerize (ID: Mesomerize)
Tautomerize (ID: Tautomerize)
Aromatize (ID: Aromatize)
Add Explicit Hydrogens (ID: AddExplicitH)
Neutralize (ID: Neutralize)
Clean 2D (ID: Clean2D)",,169,S=C(Nc1ccccc1)Nc1ccccc1
FDPIMTJIUBPUKL-UHFFFAOYSA-N,2A,96-22-0,1,174,"Clear Stereo (ID: ClearStereo)
Wedge Clean (ID: WedgeClean)
Mesomerize (ID: Mesomerize)
Tautomerize (ID: Tautomerize)
Add Explicit Hydrogens (ID: AddExplicitH)
Neutralize (ID: Neutralize)
Clean 2D (ID: Clean2D)",,174,CCC(=O)CC
FECDACOUYKFOOP-RGURZIINSA-N,2A,186817-80-1,1,175,"Clear Stereo (ID: ClearStereo)
Wedge Clean (ID: WedgeClean)
Mesomerize (ID: Mesomerize)
Tautomerize (ID: Tautomerize)
Add Explicit Hydrogens (ID: AddExplicitH)
Neutralize (ID: Neutralize)
Clean 2D (ID: Clean2D)",,175,CCCCC(CC)COC(=O)C(C)O
FENFUOGYJVOCRY-UHFFFAOYSA-N,2A,1569-01-3,1,176,"Clear Stereo (ID: ClearStereo)
Wedge Clean (ID: WedgeClean)
Mesomerize (ID: Mesomerize)
Tautomerize (ID: Tautomerize)
Add Explicit Hydrogens (ID: AddExplicitH)
Neutralize (ID: Neutralize)
Clean 2D (ID: Clean2D)",,176,CCCOCC(C)O
FFCUXTGIVGMUKC-UHFFFAOYSA-N,1,63469-23-8,1,177,"Clear Stereo (ID: ClearStereo)
Wedge Clean (ID: WedgeClean)
Mesomerize (ID: Mesomerize)
Tautomerize (ID: Tautomerize)
Add Explicit Hydrogens (ID: AddExplicitH)
Neutralize (ID: Neutralize)
Clean 2D (ID: Clean2D)",,177,CC(O)CN(CCCN(C)C)CC(C)O
FGBJXOREULPLGL-UHFFFAOYSA-N,2A,7085-85-0,1,180,"Clear Stereo (ID: ClearStereo)
Wedge Clean (ID: WedgeClean)
Mesomerize (ID: Mesomerize)
Tautomerize (ID: Tautomerize)
Add Explicit Hydrogens (ID: AddExplicitH)
Neutralize (ID: Neutralize)
Clean 2D (ID: Clean2D)",,180,C=C(C#N)C(=O)OCC
FJKIXWOMBXYWOQ-UHFFFAOYSA-N,2B,109-92-2,1,182,"Clear Stereo (ID: ClearStereo)
Wedge Clean (ID: WedgeClean)
Mesomerize (ID: Mesomerize)
Tautomerize (ID: Tautomerize)
Add Explicit Hydrogens (ID: AddExplicitH)
Neutralize (ID: Neutralize)
Clean 2D (ID: Clean2D)",,182,C=COCC
FLVIGYVXZHLUHP-UHFFFAOYSA-N,1,105-55-5,1,187,"Clear Stereo (ID: ClearStereo)
Wedge Clean (ID: WedgeClean)
Mesomerize (ID: Mesomerize)
Tautomerize (ID: Tautomerize)
Add Explicit Hydrogens (ID: AddExplicitH)
Neutralize (ID: Neutralize)
Clean 2D (ID: Clean2D)",,187,CCNC(=S)NCC
FMGBDYLOANULLW-UHFFFAOYSA-N,1,15396-00-6,1,188,"Clear Stereo (ID: ClearStereo)
Wedge Clean (ID: WedgeClean)
Mesomerize (ID: Mesomerize)
Tautomerize (ID: Tautomerize)
Add Explicit Hydrogens (ID: AddExplicitH)
Neutralize (ID: Neutralize)
Clean 2D (ID: Clean2D)",,188,CO[Si](CCCN=C=O)(OC)OC
FPZWZCWUIYYYBU-UHFFFAOYSA-N,2A,112-15-2,1,194,"Clear Stereo (ID: ClearStereo)
Wedge Clean (ID: WedgeClean)
Mesomerize (ID: Mesomerize)
Tautomerize (ID: Tautomerize)
Add Explicit Hydrogens (ID: AddExplicitH)
Neutralize (ID: Neutralize)
Clean 2D (ID: Clean2D)",,194,CCOCCOCCOC(C)=O
FQPSGWSUVKBHSU-UHFFFAOYSA-N,2A,79-39-0,1,195,"Clear Stereo (ID: ClearStereo)
Wedge Clean (ID: WedgeClean)
Mesomerize (ID: Mesomerize)
Tautomerize (ID: Tautomerize)
Add Explicit Hydrogens (ID: AddExplicitH)
Neutralize (ID: Neutralize)
Clean 2D (ID: Clean2D)",,195,C=C(C)C(N)=O
FRPZMMHWLSIFAZ-UHFFFAOYSA-N,2A,112-38-9,1,197,"Clear Stereo (ID: ClearStereo)
Wedge Clean (ID: WedgeClean)
Mesomerize (ID: Mesomerize)
Tautomerize (ID: Tautomerize)
Add Explicit Hydrogens (ID: AddExplicitH)
Neutralize (ID: Neutralize)
Clean 2D (ID: Clean2D)",,197,C=CCCCCCCCCC(=O)O
FTZILAQGHINQQR-UHFFFAOYSA-N,2A,123-15-9,1,200,"Clear Stereo (ID: ClearStereo)
Wedge Clean (ID: WedgeClean)
Mesomerize (ID: Mesomerize)
Tautomerize (ID: Tautomerize)
Add Explicit Hydrogens (ID: AddExplicitH)
Neutralize (ID: Neutralize)
Clean 2D (ID: Clean2D)",,200,CCCC(C)C=O
FXHGMKSSBGDXIY-UHFFFAOYSA-N,2B,111-71-7,1,203,"Clear Stereo (ID: ClearStereo)
Wedge Clean (ID: WedgeClean)
Mesomerize (ID: Mesomerize)
Tautomerize (ID: Tautomerize)
Add Explicit Hydrogens (ID: AddExplicitH)
Neutralize (ID: Neutralize)
Clean 2D (ID: Clean2D)",,203,CCCCCCC=O
FXHOOIRPVKKKFG-UHFFFAOYSA-N,2A,127-19-5,1,204,"Clear Stereo (ID: ClearStereo)
Wedge Clean (ID: WedgeClean)
Mesomerize (ID: Mesomerize)
Tautomerize (ID: Tautomerize)
Add Explicit Hydrogens (ID: AddExplicitH)
Neutralize (ID: Neutralize)
Clean 2D (ID: Clean2D)",,204,CC(=O)N(C)C
FYOWZTWVYZOZSI-UHFFFAOYSA-N,1,1758-73-2,1,208,"Clear Stereo (ID: ClearStereo)
Wedge Clean (ID: WedgeClean)
Mesomerize (ID: Mesomerize)
Tautomerize (ID: Tautomerize)
Add Explicit Hydrogens (ID: AddExplicitH)
Neutralize (ID: Neutralize)
Clean 2D (ID: Clean2D)",,208,[H]/N=C(/N)S(=O)O
FZLHAQMQWDDWFI-UWVGGRQHSA-N,2A,89686-69-1,1,209,"Clear Stereo (ID: ClearStereo)
Wedge Clean (ID: WedgeClean)
Mesomerize (ID: Mesomerize)
Tautomerize (ID: Tautomerize)
Add Explicit Hydrogens (ID: AddExplicitH)
Neutralize (ID: Neutralize)
Clean 2D (ID: Clean2D)",,209,CC(C)(C1CCCO1)C1CCCO1
FZQMJOOSLXFQSU-UHFFFAOYSA-N,1,15875-13-5,1,210,"Clear Stereo (ID: ClearStereo)
Wedge Clean (ID: WedgeClean)
Mesomerize (ID: Mesomerize)
Tautomerize (ID: Tautomerize)
Add Explicit Hydrogens (ID: AddExplicitH)
Neutralize (ID: Neutralize)
Clean 2D (ID: Clean2D)",,210,CN(C)CCCN1CN(CCCN(C)C)CN(CCCN(C)C)C1
GETQZCLCWQTVFV-UHFFFAOYSA-N,2A,593-81-7,1,215,"Clear Stereo (ID: ClearStereo)
Wedge Clean (ID: WedgeClean)
Mesomerize (ID: Mesomerize)
Tautomerize (ID: Tautomerize)
Add Explicit Hydrogens (ID: AddExplicitH)
Neutralize (ID: Neutralize)
Clean 2D (ID: Clean2D)",,215,CN(C)C
GGUBFICZYGKNTD-UHFFFAOYSA-N,2A,867-13-0,1,219,"Clear Stereo (ID: ClearStereo)
Wedge Clean (ID: WedgeClean)
Mesomerize (ID: Mesomerize)
Tautomerize (ID: Tautomerize)
Add Explicit Hydrogens (ID: AddExplicitH)
Neutralize (ID: Neutralize)
Clean 2D (ID: Clean2D)",,219,CCOC(=O)CP(=O)(OCC)OCC
GHXZTYHSJHQHIJ-UHFFFAOYSA-N,2A,18472-51-0,1,223,"Dearomatize (ID: Dearomatize)
Clear Stereo (ID: ClearStereo)
Wedge Clean (ID: WedgeClean)
Mesomerize (ID: Mesomerize)
Tautomerize (ID: Tautomerize)
Aromatize (ID: Aromatize)
Add Explicit Hydrogens (ID: AddExplicitH)
Neutralize (ID: Neutralize)
Clean 2D (ID: Clean2D)",,223,[H]/N=C(\N/C(=N/[H])NCCCCCCN/C(=N\[H])N/C(=N\[H])Nc1ccc(Cl)cc1)Nc1ccc(Cl)cc1
GIWQSPITLQVMSG-UHFFFAOYSA-N,1,1739-84-0,1,224,"Dearomatize (ID: Dearomatize)
Clear Stereo (ID: ClearStereo)
Wedge Clean (ID: WedgeClean)
Mesomerize (ID: Mesomerize)
Tautomerize (ID: Tautomerize)
Aromatize (ID: Aromatize)
Add Explicit Hydrogens (ID: AddExplicitH)
Neutralize (ID: Neutralize)
Clean 2D (ID: Clean2D)",,224,Cc1nccn1C
GLZPCOQZEFWAFX-UHFFFAOYSA-N,2A,106-25-2,1,229,"Clear Stereo (ID: ClearStereo)
Wedge Clean (ID: WedgeClean)
Mesomerize (ID: Mesomerize)
Tautomerize (ID: Tautomerize)
Add Explicit Hydrogens (ID: AddExplicitH)
Neutralize (ID: Neutralize)
Clean 2D (ID: Clean2D)",,229,CC(C)=CCCC(C)=CCO
GRKDVZMVHOLESV-UHFFFAOYSA-N,2A,59447-55-1,1,235,"Dearomatize (ID: Dearomatize)
Clear Stereo (ID: ClearStereo)
Wedge Clean (ID: WedgeClean)
Mesomerize (ID: Mesomerize)
Tautomerize (ID: Tautomerize)
Aromatize (ID: Aromatize)
Add Explicit Hydrogens (ID: AddExplicitH)
Neutralize (ID: Neutralize)
Clean 2D (ID: Clean2D)",,235,C=CC(=O)OCc1c(Br)c(Br)c(Br)c(Br)c1Br
GUVUOGQBMYCBQP-UHFFFAOYSA-N,1,7226-23-5,1,238,"Clear Stereo (ID: ClearStereo)
Wedge Clean (ID: WedgeClean)
Mesomerize (ID: Mesomerize)
Tautomerize (ID: Tautomerize)
Add Explicit Hydrogens (ID: AddExplicitH)
Neutralize (ID: Neutralize)
Clean 2D (ID: Clean2D)",,238,CN1CCCN(C)C1=O
GXVUZYLYWKWJIM-UHFFFAOYSA-N,1,2752-17-2,1,241,"Clear Stereo (ID: ClearStereo)
Wedge Clean (ID: WedgeClean)
Mesomerize (ID: Mesomerize)
Tautomerize (ID: Tautomerize)
Add Explicit Hydrogens (ID: AddExplicitH)
Neutralize (ID: Neutralize)
Clean 2D (ID: Clean2D)",,241,NCCOCCN
GZMAAYIALGURDQ-UHFFFAOYSA-N,1,112-59-4,1,243,"Clear Stereo (ID: ClearStereo)
Wedge Clean (ID: WedgeClean)
Mesomerize (ID: Mesomerize)
Tautomerize (ID: Tautomerize)
Add Explicit Hydrogens (ID: AddExplicitH)
Neutralize (ID: Neutralize)
Clean 2D (ID: Clean2D)",,243,CCCCCCOCCOCCO
HEPPIYNOUFWEPP-UHFFFAOYSA-N,1,94317-64-3,1,247,"Clear Stereo (ID: ClearStereo)
Wedge Clean (ID: WedgeClean)
Mesomerize (ID: Mesomerize)
Tautomerize (ID: Tautomerize)
Add Explicit Hydrogens (ID: AddExplicitH)
Neutralize (ID: Neutralize)
Clean 2D (ID: Clean2D)",,247,CCCCNP(N)(N)=S
HFCUBKYHMMPGBY-UHFFFAOYSA-N,1,3121-61-7,1,249,"Clear Stereo (ID: ClearStereo)
Wedge Clean (ID: WedgeClean)
Mesomerize (ID: Mesomerize)
Tautomerize (ID: Tautomerize)
Add Explicit Hydrogens (ID: AddExplicitH)
Neutralize (ID: Neutralize)
Clean 2D (ID: Clean2D)",,249,C=CC(=O)OCCOC
HHLFWLYXYJOTON-UHFFFAOYSA-N,1,298-12-4,1,254,"Clear Stereo (ID: ClearStereo)
Wedge Clean (ID: WedgeClean)
Mesomerize (ID: Mesomerize)
Tautomerize (ID: Tautomerize)
Add Explicit Hydrogens (ID: AddExplicitH)
Neutralize (ID: Neutralize)
Clean 2D (ID: Clean2D)",,254,O=CC(=O)O
HIDBROSJWZYGSZ-UHFFFAOYSA-N,1,941-69-5,1,256,"Dearomatize (ID: Dearomatize)
Clear Stereo (ID: ClearStereo)
Wedge Clean (ID: WedgeClean)
Mesomerize (ID: Mesomerize)
Tautomerize (ID: Tautomerize)
Aromatize (ID: Aromatize)
Add Explicit Hydrogens (ID: AddExplicitH)
Neutralize (ID: Neutralize)
Clean 2D (ID: Clean2D)",,256,O=C1C=CC(=O)N1c1ccccc1
HLBLWEWZXPIGSM-UHFFFAOYSA-N,2B,101-80-4,1,259,"Dearomatize (ID: Dearomatize)
Clear Stereo (ID: ClearStereo)
Wedge Clean (ID: WedgeClean)
Mesomerize (ID: Mesomerize)
Tautomerize (ID: Tautomerize)
Aromatize (ID: Aromatize)
Add Explicit Hydrogens (ID: AddExplicitH)
Neutralize (ID: Neutralize)
Clean 2D (ID: Clean2D)",,259,Nc1ccc(Oc2ccc(N)cc2)cc1
HLIGKHFHQXRAOX-UHFFFAOYSA-N,2A,,1,260,"Dearomatize (ID: Dearomatize)
Clear Stereo (ID: ClearStereo)
Wedge Clean (ID: WedgeClean)
Mesomerize (ID: Mesomerize)
Tautomerize (ID: Tautomerize)
Aromatize (ID: Aromatize)
Add Explicit Hydrogens (ID: AddExplicitH)
Neutralize (ID: Neutralize)
Clean 2D (ID: Clean2D)",,260,Nc1ccc(O)c(Cc2cc(N)ccc2O)c1
HLZKNKRTKFSKGZ-UHFFFAOYSA-N,2A,112-72-1,1,261,"Clear Stereo (ID: ClearStereo)
Wedge Clean (ID: WedgeClean)
Mesomerize (ID: Mesomerize)
Tautomerize (ID: Tautomerize)
Add Explicit Hydrogens (ID: AddExplicitH)
Neutralize (ID: Neutralize)
Clean 2D (ID: Clean2D)",,261,CCCCCCCCCCCCCCO
HNSDLXPSAYFUHK-UHFFFAOYSA-M,2A,577-11-7,1,263,"Clear Stereo (ID: ClearStereo)
Wedge Clean (ID: WedgeClean)
Mesomerize (ID: Mesomerize)
Tautomerize (ID: Tautomerize)
Add Explicit Hydrogens (ID: AddExplicitH)
Neutralize (ID: Neutralize)
Clean 2D (ID: Clean2D)",,263,CCCCC(CC)COC(=O)CC(C(=O)OCC(CC)CCCC)S(=O)(=O)O
HNXNKTMIVROLTK-UHFFFAOYSA-N,2A,14433-76-2,1,264,"Clear Stereo (ID: ClearStereo)
Wedge Clean (ID: WedgeClean)
Mesomerize (ID: Mesomerize)
Tautomerize (ID: Tautomerize)
Add Explicit Hydrogens (ID: AddExplicitH)
Neutralize (ID: Neutralize)
Clean 2D (ID: Clean2D)",,264,CCCCCCCCCC(=O)N(C)C
HPNMFZURTQLUMO-UHFFFAOYSA-N,1,109-89-7,1,267,"Clear Stereo (ID: ClearStereo)
Wedge Clean (ID: WedgeClean)
Mesomerize (ID: Mesomerize)
Tautomerize (ID: Tautomerize)
Add Explicit Hydrogens (ID: AddExplicitH)
Neutralize (ID: Neutralize)
Clean 2D (ID: Clean2D)",,267,CCNCC
HPXRVTGHNJAIIH-UHFFFAOYSA-N,2A,108-93-0,1,268,"Clear Stereo (ID: ClearStereo)
Wedge Clean (ID: WedgeClean)
Mesomerize (ID: Mesomerize)
Tautomerize (ID: Tautomerize)
Add Explicit Hydrogens (ID: AddExplicitH)
Neutralize (ID: Neutralize)
Clean 2D (ID: Clean2D)",,268,OC1CCCCC1
HQHCYKULIHKCEB-UHFFFAOYSA-N,1,821-38-5,1,269,"Clear Stereo (ID: ClearStereo)
Wedge Clean (ID: WedgeClean)
Mesomerize (ID: Mesomerize)
Tautomerize (ID: Tautomerize)
Add Explicit Hydrogens (ID: AddExplicitH)
Neutralize (ID: Neutralize)
Clean 2D (ID: Clean2D)",,269,O=C(O)CCCCCCCCCCCCC(=O)O
HRPVXLWXLXDGHG-UHFFFAOYSA-N,2A,79-06-1,1,272,"Clear Stereo (ID: ClearStereo)
Wedge Clean (ID: WedgeClean)
Mesomerize (ID: Mesomerize)
Tautomerize (ID: Tautomerize)
Add Explicit Hydrogens (ID: AddExplicitH)
Neutralize (ID: Neutralize)
Clean 2D (ID: Clean2D)",,272,C=CC(N)=O
HTLZVHNRZJPSMI-UHFFFAOYSA-N,1,766-09-6,1,275,"Clear Stereo (ID: ClearStereo)
Wedge Clean (ID: WedgeClean)
Mesomerize (ID: Mesomerize)
Tautomerize (ID: Tautomerize)
Add Explicit Hydrogens (ID: AddExplicitH)
Neutralize (ID: Neutralize)
Clean 2D (ID: Clean2D)",,275,CCN1CCCCC1
HUMNYLRZRPPJDN-UHFFFAOYSA-N,2B,100-52-7,1,277,"Dearomatize (ID: Dearomatize)
Clear Stereo (ID: ClearStereo)
Wedge Clean (ID: WedgeClean)
Mesomerize (ID: Mesomerize)
Tautomerize (ID: Tautomerize)
Aromatize (ID: Aromatize)
Add Explicit Hydrogens (ID: AddExplicitH)
Neutralize (ID: Neutralize)
Clean 2D (ID: Clean2D)",,277,O=Cc1ccccc1
HVLLSGMXQDNUAL-UHFFFAOYSA-N,2A,101-02-0,1,279,"Dearomatize (ID: Dearomatize)
Clear Stereo (ID: ClearStereo)
Wedge Clean (ID: WedgeClean)
Mesomerize (ID: Mesomerize)
Tautomerize (ID: Tautomerize)
Aromatize (ID: Aromatize)
Add Explicit Hydrogens (ID: AddExplicitH)
Neutralize (ID: Neutralize)
Clean 2D (ID: Clean2D)",,279,c1ccc(OP(Oc2ccccc2)Oc2ccccc2)cc1
HXIQYSLFEXIOAV-UHFFFAOYSA-N,2A,96-69-5,1,283,"Dearomatize (ID: Dearomatize)
Clear Stereo (ID: ClearStereo)
Wedge Clean (ID: WedgeClean)
Mesomerize (ID: Mesomerize)
Tautomerize (ID: Tautomerize)
Aromatize (ID: Aromatize)
Add Explicit Hydrogens (ID: AddExplicitH)
Neutralize (ID: Neutralize)
Clean 2D (ID: Clean2D)",,283,Cc1cc(O)c(C(C)(C)C)cc1Sc1cc(C(C)(C)C)c(O)cc1C
HXLAEGYMDGUSBD-UHFFFAOYSA-N,1,3179-76-8,1,284,"Clear Stereo (ID: ClearStereo)
Wedge Clean (ID: WedgeClean)
Mesomerize (ID: Mesomerize)
Tautomerize (ID: Tautomerize)
Add Explicit Hydrogens (ID: AddExplicitH)
Neutralize (ID: Neutralize)
Clean 2D (ID: Clean2D)",,284,CCO[Si](C)(CCCN)OCC
HXQHRUJXQJEGER-UHFFFAOYSA-N,2B,29385-43-1,1,285,"Dearomatize (ID: Dearomatize)
Clear Stereo (ID: ClearStereo)
Wedge Clean (ID: WedgeClean)
Mesomerize (ID: Mesomerize)
Tautomerize (ID: Tautomerize)
Aromatize (ID: Aromatize)
Add Explicit Hydrogens (ID: AddExplicitH)
Neutralize (ID: Neutralize)
Clean 2D (ID: Clean2D)",,285,Cn1nnc2ccccc21
HYBBIBNJHNGZAN-UHFFFAOYSA-N,2A,98-01-1,1,287,"Dearomatize (ID: Dearomatize)
Clear Stereo (ID: ClearStereo)
Wedge Clean (ID: WedgeClean)
Mesomerize (ID: Mesomerize)
Tautomerize (ID: Tautomerize)
Aromatize (ID: Aromatize)
Add Explicit Hydrogens (ID: AddExplicitH)
Neutralize (ID: Neutralize)
Clean 2D (ID: Clean2D)",,287,O=Cc1ccco1
HZAXFHJVJLSVMW-UHFFFAOYSA-N,1,141-43-5,1,288,"Clear Stereo (ID: ClearStereo)
Wedge Clean (ID: WedgeClean)
Mesomerize (ID: Mesomerize)
Tautomerize (ID: Tautomerize)
Add Explicit Hydrogens (ID: AddExplicitH)
Neutralize (ID: Neutralize)
Clean 2D (ID: Clean2D)",,288,NCCO
IAZDPXIOMUYVGZ-UHFFFAOYSA-N,2B,67-68-5,1,292,"Clear Stereo (ID: ClearStereo)
Wedge Clean (ID: WedgeClean)
Mesomerize (ID: Mesomerize)
Tautomerize (ID: Tautomerize)
Add Explicit Hydrogens (ID: AddExplicitH)
Neutralize (ID: Neutralize)
Clean 2D (ID: Clean2D)",,292,CS(C)=O
IBLKWZIFZMJLFL-UHFFFAOYSA-N,2A,770-35-4,1,295,"Dearomatize (ID: Dearomatize)
Clear Stereo (ID: ClearStereo)
Wedge Clean (ID: WedgeClean)
Mesomerize (ID: Mesomerize)
Tautomerize (ID: Tautomerize)
Aromatize (ID: Aromatize)
Add Explicit Hydrogens (ID: AddExplicitH)
Neutralize (ID: Neutralize)
Clean 2D (ID: Clean2D)",,295,CC(O)COc1ccccc1
IEJIGPNLZYLLBP-UHFFFAOYSA-N,2A,616-38-6,1,302,"Clear Stereo (ID: ClearStereo)
Wedge Clean (ID: WedgeClean)
Mesomerize (ID: Mesomerize)
Tautomerize (ID: Tautomerize)
Add Explicit Hydrogens (ID: AddExplicitH)
Neutralize (ID: Neutralize)
Clean 2D (ID: Clean2D)",,302,COC(=O)OC
IEPRKVQEAMIZSS-UHFFFAOYSA-N,2B,141-05-9,1,303,"Clear Stereo (ID: ClearStereo)
Wedge Clean (ID: WedgeClean)
Mesomerize (ID: Mesomerize)
Tautomerize (ID: Tautomerize)
Add Explicit Hydrogens (ID: AddExplicitH)
Neutralize (ID: Neutralize)
Clean 2D (ID: Clean2D)",,303,CCOC(=O)C=CC(=O)OCC
IEQAICDLOKRSRL-UHFFFAOYSA-N,1,68439-50-9,1,304,"Clear Stereo (ID: ClearStereo)
Wedge Clean (ID: WedgeClean)
Mesomerize (ID: Mesomerize)
Tautomerize (ID: Tautomerize)
Add Explicit Hydrogens (ID: AddExplicitH)
Neutralize (ID: Neutralize)
Clean 2D (ID: Clean2D)",,304,CCCCCCCCCCCCOCCOCCOCCOCCOCCOCCOCCOCCOCCOCCOCCOCCOCCOCCOCCOCCOCCOCCOCCOCCOCCOCCOCCO
IGSBHTZEJMPDSZ-UHFFFAOYSA-N,1,6864-37-5,1,306,"Clear Stereo (ID: ClearStereo)
Wedge Clean (ID: WedgeClean)
Mesomerize (ID: Mesomerize)
Tautomerize (ID: Tautomerize)
Add Explicit Hydrogens (ID: AddExplicitH)
Neutralize (ID: Neutralize)
Clean 2D (ID: Clean2D)",,306,CC1CC(CC2CCC(N)C(C)C2)CCC1N
ILENATNBFPBMHG-UHFFFAOYSA-N,2A,37187-22-7,1,313,"Clear Stereo (ID: ClearStereo)
Wedge Clean (ID: WedgeClean)
Mesomerize (ID: Mesomerize)
Tautomerize (ID: Tautomerize)
Add Explicit Hydrogens (ID: AddExplicitH)
Neutralize (ID: Neutralize)
Clean 2D (ID: Clean2D)",,313,CC(=O)C(OOC(C(C)=O)=C(C)O)=C(C)O
ILVGAIQLOCKNQA-YFKPBYRVSA-N,1,53651-69-7,1,314,"Clear Stereo (ID: ClearStereo)
Wedge Clean (ID: WedgeClean)
Mesomerize (ID: Mesomerize)
Tautomerize (ID: Tautomerize)
Add Explicit Hydrogens (ID: AddExplicitH)
Neutralize (ID: Neutralize)
Clean 2D (ID: Clean2D)",,314,CCCOC(=O)C(C)O
IMNIMPAHZVJRPE-UHFFFAOYSA-N,1,280-57-9,1,315,"Clear Stereo (ID: ClearStereo)
Wedge Clean (ID: WedgeClean)
Mesomerize (ID: Mesomerize)
Tautomerize (ID: Tautomerize)
Add Explicit Hydrogens (ID: AddExplicitH)
Neutralize (ID: Neutralize)
Clean 2D (ID: Clean2D)",,315,C1CN2CCN1CC2
INETXKGLHYNTHK-AQWWNALJSA-N,2A,34206-40-1,1,316,"Clear Stereo (ID: ClearStereo)
Wedge Clean (ID: WedgeClean)
Mesomerize (ID: Mesomerize)
Tautomerize (ID: Tautomerize)
Add Explicit Hydrogens (ID: AddExplicitH)
Neutralize (ID: Neutralize)
Clean 2D (ID: Clean2D)",,316,CCC(C)=NO[Si](ON=C(C)CC)(ON=C(C)CC)ON=C(C)CC
INQOMBQAUSQDDS-UHFFFAOYSA-N,2A,74-88-4,1,317,"Mesomerize (ID: Mesomerize)
Tautomerize (ID: Tautomerize)
Add Explicit Hydrogens (ID: AddExplicitH)
Neutralize (ID: Neutralize)
Clean 2D (ID: Clean2D)",,317,CI
IOQPZZOEVPZRBK-UHFFFAOYSA-N,1,111-86-4,1,319,"Clear Stereo (ID: ClearStereo)
Wedge Clean (ID: WedgeClean)
Mesomerize (ID: Mesomerize)
Tautomerize (ID: Tautomerize)
Add Explicit Hydrogens (ID: AddExplicitH)
Neutralize (ID: Neutralize)
Clean 2D (ID: Clean2D)",,319,CCCCCCCCN
ISAVYTVYFVQUDY-UHFFFAOYSA-N,1,140-66-9,1,323,"Dearomatize (ID: Dearomatize)
Clear Stereo (ID: ClearStereo)
Wedge Clean (ID: WedgeClean)
Mesomerize (ID: Mesomerize)
Tautomerize (ID: Tautomerize)
Aromatize (ID: Aromatize)
Add Explicit Hydrogens (ID: AddExplicitH)
Neutralize (ID: Neutralize)
Clean 2D (ID: Clean2D)",,323,CC(C)(C)CC(C)(C)c1ccc(O)cc1
JDBGDMZILOWAHV-UHFFFAOYSA-M,1,4156-21-2,1,337,"Dearomatize (ID: Dearomatize)
Clear Stereo (ID: ClearStereo)
Wedge Clean (ID: WedgeClean)
Mesomerize (ID: Mesomerize)
Tautomerize (ID: Tautomerize)
Aromatize (ID: Aromatize)
Add Explicit Hydrogens (ID: AddExplicitH)
Neutralize (ID: Neutralize)
Clean 2D (ID: Clean2D)",,337,O=S(=O)(O)c1ccc(Nc2nc(Cl)nc(Cl)n2)cc1
JFCQEDHGNNZCLN-UHFFFAOYSA-N,2A,68603-87-2,1,338,"Clear Stereo (ID: ClearStereo)
Wedge Clean (ID: WedgeClean)
Mesomerize (ID: Mesomerize)
Tautomerize (ID: Tautomerize)
Add Explicit Hydrogens (ID: AddExplicitH)
Neutralize (ID: Neutralize)
Clean 2D (ID: Clean2D)",,338,O=C(O)CCCC(=O)O
JJWLVOIRVHMVIS-UHFFFAOYSA-N,1,75-31-0,1,343,"Clear Stereo (ID: ClearStereo)
Wedge Clean (ID: WedgeClean)
Mesomerize (ID: Mesomerize)
Tautomerize (ID: Tautomerize)
Add Explicit Hydrogens (ID: AddExplicitH)
Neutralize (ID: Neutralize)
Clean 2D (ID: Clean2D)",,343,CC(C)N
JQVDAXLFBXTEQA-UHFFFAOYSA-N,1,111-92-2,1,353,"Clear Stereo (ID: ClearStereo)
Wedge Clean (ID: WedgeClean)
Mesomerize (ID: Mesomerize)
Tautomerize (ID: Tautomerize)
Add Explicit Hydrogens (ID: AddExplicitH)
Neutralize (ID: Neutralize)
Clean 2D (ID: Clean2D)",,353,CCCCNCCCC
JRKICGRDRMAZLK-UHFFFAOYSA-L,2B,7727-54-0,1,354,"Clear Stereo (ID: ClearStereo)
Wedge Clean (ID: WedgeClean)
Mesomerize (ID: Mesomerize)
Tautomerize (ID: Tautomerize)
Add Explicit Hydrogens (ID: AddExplicitH)
Neutralize (ID: Neutralize)
Clean 2D (ID: Clean2D)",,354,O=S(=O)(O)OOS(=O)(=O)O
JSFITYFUKSFPBZ-UHFFFAOYSA-N,1,84852-15-3,1,357,"Dearomatize (ID: Dearomatize)
Clear Stereo (ID: ClearStereo)
Wedge Clean (ID: WedgeClean)
Mesomerize (ID: Mesomerize)
Tautomerize (ID: Tautomerize)
Aromatize (ID: Aromatize)
Add Explicit Hydrogens (ID: AddExplicitH)
Neutralize (ID: Neutralize)
Clean 2D (ID: Clean2D)",,357,CC(C)CCCCCCc1ccc(O)cc1
JUJWROOIHBZHMG-UHFFFAOYSA-N,1,110-86-1,1,360,"Dearomatize (ID: Dearomatize)
Clear Stereo (ID: ClearStereo)
Wedge Clean (ID: WedgeClean)
Mesomerize (ID: Mesomerize)
Tautomerize (ID: Tautomerize)
Aromatize (ID: Aromatize)
Add Explicit Hydrogens (ID: AddExplicitH)
Neutralize (ID: Neutralize)
Clean 2D (ID: Clean2D)",,360,c1ccncc1
JVSFQJZRHXAUGT-UHFFFAOYSA-N,1,3282-30-2,1,361,"Clear Stereo (ID: ClearStereo)
Wedge Clean (ID: WedgeClean)
Mesomerize (ID: Mesomerize)
Tautomerize (ID: Tautomerize)
Add Explicit Hydrogens (ID: AddExplicitH)
Neutralize (ID: Neutralize)
Clean 2D (ID: Clean2D)",,361,CC(C)(C)C(=O)Cl
JWYVGKFDLWWQJX-UHFFFAOYSA-N,2A,2235-00-9,1,363,"Clear Stereo (ID: ClearStereo)
Wedge Clean (ID: WedgeClean)
Mesomerize (ID: Mesomerize)
Tautomerize (ID: Tautomerize)
Add Explicit Hydrogens (ID: AddExplicitH)
Neutralize (ID: Neutralize)
Clean 2D (ID: Clean2D)",,363,C=CN1CCCCCC1=O
KBAQMIYTOZVRBC-HZHRSRAPSA-N,1,5809-08-05,1,364,"Dearomatize (ID: Dearomatize)
Clear Stereo (ID: ClearStereo)
Wedge Clean (ID: WedgeClean)
Mesomerize (ID: Mesomerize)
Tautomerize (ID: Tautomerize)
Aromatize (ID: Aromatize)
Add Explicit Hydrogens (ID: AddExplicitH)
Neutralize (ID: Neutralize)
Clean 2D (ID: Clean2D)",,364,CCOC(=O)C(=NNc1ccc([N+](=O)[O-])cc1)C(=O)c1nn2c(nc(=O)c3ccccc32)s1
KBAYQFWFCOOCIC-UHFFFAOYSA-N,2B,13393-93-6,1,365,"Clear Stereo (ID: ClearStereo)
Wedge Clean (ID: WedgeClean)
Mesomerize (ID: Mesomerize)
Tautomerize (ID: Tautomerize)
Add Explicit Hydrogens (ID: AddExplicitH)
Neutralize (ID: Neutralize)
Clean 2D (ID: Clean2D)",,365,CC(C)C1CCC2C(CCC3C(C)(CO)CCCC23C)C1
KBPLFHHGFOOTCA-UHFFFAOYSA-N,2A,111-87-5,1,366,"Clear Stereo (ID: ClearStereo)
Wedge Clean (ID: WedgeClean)
Mesomerize (ID: Mesomerize)
Tautomerize (ID: Tautomerize)
Add Explicit Hydrogens (ID: AddExplicitH)
Neutralize (ID: Neutralize)
Clean 2D (ID: Clean2D)",,366,CCCCCCCCO
KCXMKQUNVWSEMD-UHFFFAOYSA-N,2B,100-44-7,1,367,"Dearomatize (ID: Dearomatize)
Clear Stereo (ID: ClearStereo)
Wedge Clean (ID: WedgeClean)
Mesomerize (ID: Mesomerize)
Tautomerize (ID: Tautomerize)
Aromatize (ID: Aromatize)
Add Explicit Hydrogens (ID: AddExplicitH)
Neutralize (ID: Neutralize)
Clean 2D (ID: Clean2D)",,367,ClCc1ccccc1
KCXVZYZYPLLWCC-UHFFFAOYSA-J,2A,64-02-8,1,368,"Clear Stereo (ID: ClearStereo)
Wedge Clean (ID: WedgeClean)
Mesomerize (ID: Mesomerize)
Tautomerize (ID: Tautomerize)
Add Explicit Hydrogens (ID: AddExplicitH)
Neutralize (ID: Neutralize)
Clean 2D (ID: Clean2D)",,368,O=C(O)CN(CCN(CC(=O)O)CC(=O)O)CC(=O)O
KDOWHHULNTXTNS-UHFFFAOYSA-N,1,3031-66-1,1,369,"Clear Stereo (ID: ClearStereo)
Wedge Clean (ID: WedgeClean)
Mesomerize (ID: Mesomerize)
Tautomerize (ID: Tautomerize)
Add Explicit Hydrogens (ID: AddExplicitH)
Neutralize (ID: Neutralize)
Clean 2D (ID: Clean2D)",,369,CC(O)C#CC(C)O
KDYFGRWQOYBRFD-UHFFFAOYSA-N,1,110-15-6,1,371,"Clear Stereo (ID: ClearStereo)
Wedge Clean (ID: WedgeClean)
Mesomerize (ID: Mesomerize)
Tautomerize (ID: Tautomerize)
Add Explicit Hydrogens (ID: AddExplicitH)
Neutralize (ID: Neutralize)
Clean 2D (ID: Clean2D)",,371,O=C(O)CCC(=O)O
KFBNTNYCQVDLBK-UHFFFAOYSA-N,1,86089-17-0,1,374,"Clear Stereo (ID: ClearStereo)
Wedge Clean (ID: WedgeClean)
Mesomerize (ID: Mesomerize)
Tautomerize (ID: Tautomerize)
Add Explicit Hydrogens (ID: AddExplicitH)
Neutralize (ID: Neutralize)
Clean 2D (ID: Clean2D)",,374,CCCC(CC)CCCCCCCN
KFSLWBXXFJQRDL-UHFFFAOYSA-N,2B,79-21-0,1,377,"Clear Stereo (ID: ClearStereo)
Wedge Clean (ID: WedgeClean)
Mesomerize (ID: Mesomerize)
Tautomerize (ID: Tautomerize)
Add Explicit Hydrogens (ID: AddExplicitH)
Neutralize (ID: Neutralize)
Clean 2D (ID: Clean2D)",,377,CC(=O)OO
KISVAASFGZJBCY-UHFFFAOYSA-N,2B,111-81-9,1,385,"Clear Stereo (ID: ClearStereo)
Wedge Clean (ID: WedgeClean)
Mesomerize (ID: Mesomerize)
Tautomerize (ID: Tautomerize)
Add Explicit Hydrogens (ID: AddExplicitH)
Neutralize (ID: Neutralize)
Clean 2D (ID: Clean2D)",,385,C=CCCCCCCCCC(=O)OC
KMBPCQSCMCEPMU-UHFFFAOYSA-N,1,105-83-9,1,390,"Clear Stereo (ID: ClearStereo)
Wedge Clean (ID: WedgeClean)
Mesomerize (ID: Mesomerize)
Tautomerize (ID: Tautomerize)
Add Explicit Hydrogens (ID: AddExplicitH)
Neutralize (ID: Neutralize)
Clean 2D (ID: Clean2D)",,390,CN(CCCN)CCCN
KMOUUZVZFBCRAM-UHFFFAOYSA-N,1,85-43-8,1,391,"Clear Stereo (ID: ClearStereo)
Wedge Clean (ID: WedgeClean)
Mesomerize (ID: Mesomerize)
Tautomerize (ID: Tautomerize)
Add Explicit Hydrogens (ID: AddExplicitH)
Neutralize (ID: Neutralize)
Clean 2D (ID: Clean2D)",,391,O=C1OC(=O)C2CC=CCC12
KMTRUDSVKNLOMY-UHFFFAOYSA-N,2A,96-49-1,1,392,"Clear Stereo (ID: ClearStereo)
Wedge Clean (ID: WedgeClean)
Mesomerize (ID: Mesomerize)
Tautomerize (ID: Tautomerize)
Add Explicit Hydrogens (ID: AddExplicitH)
Neutralize (ID: Neutralize)
Clean 2D (ID: Clean2D)",,392,O=C1OCCO1
KNRCVAANTQNTPT-UHFFFAOYSA-N,1,25134-21-8,1,395,"Clear Stereo (ID: ClearStereo)
Wedge Clean (ID: WedgeClean)
Mesomerize (ID: Mesomerize)
Tautomerize (ID: Tautomerize)
Add Explicit Hydrogens (ID: AddExplicitH)
Neutralize (ID: Neutralize)
Clean 2D (ID: Clean2D)",,395,CC12C=CC(C1)C1C(=O)OC(=O)C12
KRZCOLNOCZKSDF-UHFFFAOYSA-N,2A,371-40-4,1,401,"Dearomatize (ID: Dearomatize)
Clear Stereo (ID: ClearStereo)
Wedge Clean (ID: WedgeClean)
Mesomerize (ID: Mesomerize)
Tautomerize (ID: Tautomerize)
Aromatize (ID: Aromatize)
Add Explicit Hydrogens (ID: AddExplicitH)
Neutralize (ID: Neutralize)
Clean 2D (ID: Clean2D)",,401,Nc1ccc(F)cc1
KVNRLNFWIYMESJ-UHFFFAOYSA-N,2B,109-74-0,1,404,"Clear Stereo (ID: ClearStereo)
Wedge Clean (ID: WedgeClean)
Mesomerize (ID: Mesomerize)
Tautomerize (ID: Tautomerize)
Add Explicit Hydrogens (ID: AddExplicitH)
Neutralize (ID: Neutralize)
Clean 2D (ID: Clean2D)",,404,CCCC#N
KVTFEOAKFFQCCX-UHFFFAOYSA-N,2A,2441-41-0,1,405,"Clear Stereo (ID: ClearStereo)
Wedge Clean (ID: WedgeClean)
Mesomerize (ID: Mesomerize)
Tautomerize (ID: Tautomerize)
Add Explicit Hydrogens (ID: AddExplicitH)
Neutralize (ID: Neutralize)
Clean 2D (ID: Clean2D)",,405,CCCCCCCCCCCCCCCC(=O)NCC(=O)O
KXDHJXZQYSOELW-UHFFFAOYSA-M,1,1111-78-0,1,413,"Clear Stereo (ID: ClearStereo)
Wedge Clean (ID: WedgeClean)
Mesomerize (ID: Mesomerize)
Tautomerize (ID: Tautomerize)
Add Explicit Hydrogens (ID: AddExplicitH)
Neutralize (ID: Neutralize)
Clean 2D (ID: Clean2D)",,413,NC(=O)O
KXKVLQRXCPHEJC-UHFFFAOYSA-N,2A,79-20-9,1,415,"Clear Stereo (ID: ClearStereo)
Wedge Clean (ID: WedgeClean)
Mesomerize (ID: Mesomerize)
Tautomerize (ID: Tautomerize)
Add Explicit Hydrogens (ID: AddExplicitH)
Neutralize (ID: Neutralize)
Clean 2D (ID: Clean2D)",,415,COC(C)=O
LCEDQNDDFOCWGG-UHFFFAOYSA-N,2B,4394-85-8,1,422,"Clear Stereo (ID: ClearStereo)
Wedge Clean (ID: WedgeClean)
Mesomerize (ID: Mesomerize)
Tautomerize (ID: Tautomerize)
Add Explicit Hydrogens (ID: AddExplicitH)
Neutralize (ID: Neutralize)
Clean 2D (ID: Clean2D)",,422,O=CN1CCOCC1
LGDSHSYDSCRFAB-UHFFFAOYSA-N,1,556-61-6,1,428,"Clear Stereo (ID: ClearStereo)
Wedge Clean (ID: WedgeClean)
Mesomerize (ID: Mesomerize)
Tautomerize (ID: Tautomerize)
Add Explicit Hydrogens (ID: AddExplicitH)
Neutralize (ID: Neutralize)
Clean 2D (ID: Clean2D)",,428,CN=C=S
LHGVFZTZFXWLCP-UHFFFAOYSA-N,2B,90-05-1,1,430,"Dearomatize (ID: Dearomatize)
Clear Stereo (ID: ClearStereo)
Wedge Clean (ID: WedgeClean)
Mesomerize (ID: Mesomerize)
Tautomerize (ID: Tautomerize)
Aromatize (ID: Aromatize)
Add Explicit Hydrogens (ID: AddExplicitH)
Neutralize (ID: Neutralize)
Clean 2D (ID: Clean2D)",,430,COc1ccccc1O
LJPCNSSTRWGCMZ-UHFFFAOYSA-N,1,13423-15-9,1,434,"Clear Stereo (ID: ClearStereo)
Wedge Clean (ID: WedgeClean)
Mesomerize (ID: Mesomerize)
Tautomerize (ID: Tautomerize)
Add Explicit Hydrogens (ID: AddExplicitH)
Neutralize (ID: Neutralize)
Clean 2D (ID: Clean2D)",,434,CC1CCOC1
LJRSZGKUUZPHEB-UHFFFAOYSA-N,2A,42978-66-5,1,435,"Clear Stereo (ID: ClearStereo)
Wedge Clean (ID: WedgeClean)
Mesomerize (ID: Mesomerize)
Tautomerize (ID: Tautomerize)
Add Explicit Hydrogens (ID: AddExplicitH)
Neutralize (ID: Neutralize)
Clean 2D (ID: Clean2D)",,435,C=CC(=O)OCC(C)OCC(C)OCC(C)OC(=O)C=C
LNETULKMXZVUST-UHFFFAOYSA-N,2A,66072-08-0,1,440,"Dearomatize (ID: Dearomatize)
Clear Stereo (ID: ClearStereo)
Wedge Clean (ID: WedgeClean)
Mesomerize (ID: Mesomerize)
Tautomerize (ID: Tautomerize)
Aromatize (ID: Aromatize)
Add Explicit Hydrogens (ID: AddExplicitH)
Neutralize (ID: Neutralize)
Clean 2D (ID: Clean2D)",,440,O=C(O)c1cccc2ccccc12
LOYDTBZMMPQJNI-UHFFFAOYSA-N,1,11070-44-3,1,443,"Clear Stereo (ID: ClearStereo)
Wedge Clean (ID: WedgeClean)
Mesomerize (ID: Mesomerize)
Tautomerize (ID: Tautomerize)
Add Explicit Hydrogens (ID: AddExplicitH)
Neutralize (ID: Neutralize)
Clean 2D (ID: Clean2D)",,443,CC12CCCC=C1C(=O)OC2=O
LRHPLDYGYMQRHN-UHFFFAOYSA-N,1,71-36-3,1,449,"Clear Stereo (ID: ClearStereo)
Wedge Clean (ID: WedgeClean)
Mesomerize (ID: Mesomerize)
Tautomerize (ID: Tautomerize)
Add Explicit Hydrogens (ID: AddExplicitH)
Neutralize (ID: Neutralize)
Clean 2D (ID: Clean2D)",,449,CCCCO
LRQFRDLKOBFOSG-UHFFFAOYSA-N,1,3033-77-0,1,450,"Clear Stereo (ID: ClearStereo)
Wedge Clean (ID: WedgeClean)
Mesomerize (ID: Mesomerize)
Tautomerize (ID: Tautomerize)
Add Explicit Hydrogens (ID: AddExplicitH)
Clean 2D (ID: Clean2D)",,450,C[N+](C)(C)CC1CO1
LSACYLWPPQLVSM-UHFFFAOYSA-N,2A,97-72-3,1,451,"Clear Stereo (ID: ClearStereo)
Wedge Clean (ID: WedgeClean)
Mesomerize (ID: Mesomerize)
Tautomerize (ID: Tautomerize)
Add Explicit Hydrogens (ID: AddExplicitH)
Neutralize (ID: Neutralize)
Clean 2D (ID: Clean2D)",,451,CC(C)C(=O)OC(=O)C(C)C
LUZDYPLAQQGJEA-UHFFFAOYSA-N,2A,93-04-9,1,454,"Dearomatize (ID: Dearomatize)
Clear Stereo (ID: ClearStereo)
Wedge Clean (ID: WedgeClean)
Mesomerize (ID: Mesomerize)
Tautomerize (ID: Tautomerize)
Aromatize (ID: Aromatize)
Add Explicit Hydrogens (ID: AddExplicitH)
Neutralize (ID: Neutralize)
Clean 2D (ID: Clean2D)",,454,COc1ccc2ccccc2c1
LVTYICIALWPMFW-UHFFFAOYSA-N,2A,110-97-4,1,456,"Clear Stereo (ID: ClearStereo)
Wedge Clean (ID: WedgeClean)
Mesomerize (ID: Mesomerize)
Tautomerize (ID: Tautomerize)
Add Explicit Hydrogens (ID: AddExplicitH)
Neutralize (ID: Neutralize)
Clean 2D (ID: Clean2D)",,456,CC(O)CNCC(C)O
LWBHHRRTOZQPDM-UHFFFAOYSA-N,2A,1852-04-6,1,457,"Clear Stereo (ID: ClearStereo)
Wedge Clean (ID: WedgeClean)
Mesomerize (ID: Mesomerize)
Tautomerize (ID: Tautomerize)
Add Explicit Hydrogens (ID: AddExplicitH)
Neutralize (ID: Neutralize)
Clean 2D (ID: Clean2D)",,457,O=C(O)CCCCCCCCCC(=O)O
LXIZRZRTWSDLKK-UHFFFAOYSA-N,2B,21850-44-2,1,461,"Dearomatize (ID: Dearomatize)
Clear Stereo (ID: ClearStereo)
Wedge Clean (ID: WedgeClean)
Mesomerize (ID: Mesomerize)
Tautomerize (ID: Tautomerize)
Aromatize (ID: Aromatize)
Add Explicit Hydrogens (ID: AddExplicitH)
Neutralize (ID: Neutralize)
Clean 2D (ID: Clean2D)",,461,CC(C)(c1cc(Br)c(OCC(Br)CBr)c(Br)c1)c1cc(Br)c(OCC(Br)CBr)c(Br)c1
MCTWTZJPVLRJOU-UHFFFAOYSA-N,1,616-47-7,1,466,"Dearomatize (ID: Dearomatize)
Clear Stereo (ID: ClearStereo)
Wedge Clean (ID: WedgeClean)
Mesomerize (ID: Mesomerize)
Tautomerize (ID: Tautomerize)
Aromatize (ID: Aromatize)
Add Explicit Hydrogens (ID: AddExplicitH)
Neutralize (ID: Neutralize)
Clean 2D (ID: Clean2D)",,466,Cn1ccnc1
MFUHTALWGBAVOL-UHFFFAOYSA-N,1,75-20-7,1,471,"Dearomatize (ID: Dearomatize)
Clear Stereo (ID: ClearStereo)
Wedge Clean (ID: WedgeClean)
Mesomerize (ID: Mesomerize)
Tautomerize (ID: Tautomerize)
Aromatize (ID: Aromatize)
Add Explicit Hydrogens (ID: AddExplicitH)
Neutralize (ID: Neutralize)
Clean 2D (ID: Clean2D)",,471,CC(=O)OCC(COc1ccccc1)OC(C)=O
MGNCLNQXLYJVJD-UHFFFAOYSA-N,1,108-77-0,1,474,"Dearomatize (ID: Dearomatize)
Clear Stereo (ID: ClearStereo)
Wedge Clean (ID: WedgeClean)
Mesomerize (ID: Mesomerize)
Tautomerize (ID: Tautomerize)
Aromatize (ID: Aromatize)
Clean 2D (ID: Clean2D)",,474,Clc1nc(Cl)nc(Cl)n1
MGSRCZKZVOBKFT-UHFFFAOYSA-N,1,89-83-8,1,475,"Dearomatize (ID: Dearomatize)
Clear Stereo (ID: ClearStereo)
Wedge Clean (ID: WedgeClean)
Mesomerize (ID: Mesomerize)
Tautomerize (ID: Tautomerize)
Aromatize (ID: Aromatize)
Add Explicit Hydrogens (ID: AddExplicitH)
Neutralize (ID: Neutralize)
Clean 2D (ID: Clean2D)",,475,Cc1ccc(C(C)C)c(O)c1
MIJDSYMOBYNHOT-UHFFFAOYSA-N,1,110-73-6,1,480,"Clear Stereo (ID: ClearStereo)
Wedge Clean (ID: WedgeClean)
Mesomerize (ID: Mesomerize)
Tautomerize (ID: Tautomerize)
Add Explicit Hydrogens (ID: AddExplicitH)
Neutralize (ID: Neutralize)
Clean 2D (ID: Clean2D)",,480,CCNCCO
MIRQGKQPLPBZQM-UHFFFAOYSA-N,1,2009-05-08,1,481,"Clear Stereo (ID: ClearStereo)
Wedge Clean (ID: WedgeClean)
Mesomerize (ID: Mesomerize)
Tautomerize (ID: Tautomerize)
Add Explicit Hydrogens (ID: AddExplicitH)
Neutralize (ID: Neutralize)
Clean 2D (ID: Clean2D)",,481,CC(C)(C)CC(C)(C)OO
MIUUNYUUEFHIHM-UHFFFAOYSA-N,2B,116-37-0,1,482,"Dearomatize (ID: Dearomatize)
Clear Stereo (ID: ClearStereo)
Wedge Clean (ID: WedgeClean)
Mesomerize (ID: Mesomerize)
Tautomerize (ID: Tautomerize)
Aromatize (ID: Aromatize)
Add Explicit Hydrogens (ID: AddExplicitH)
Neutralize (ID: Neutralize)
Clean 2D (ID: Clean2D)",,482,CC(O)COc1ccc(C(C)(C)c2ccc(OCC(C)O)cc2)cc1
MLDQJTXFUGDVEO-UHFFFAOYSA-N,2B,284461-73-0,1,483,"Dearomatize (ID: Dearomatize)
Clear Stereo (ID: ClearStereo)
Wedge Clean (ID: WedgeClean)
Mesomerize (ID: Mesomerize)
Tautomerize (ID: Tautomerize)
Aromatize (ID: Aromatize)
Add Explicit Hydrogens (ID: AddExplicitH)
Neutralize (ID: Neutralize)
Clean 2D (ID: Clean2D)",,483,CNC(=O)c1cc(Oc2ccc(NC(=O)Nc3ccc(Cl)c(C(F)(F)F)c3)cc2)ccn1
MOTZDAYCYVMXPC-UHFFFAOYSA-M,1,151-21-3,1,489,"Clear Stereo (ID: ClearStereo)
Wedge Clean (ID: WedgeClean)
Mesomerize (ID: Mesomerize)
Tautomerize (ID: Tautomerize)
Add Explicit Hydrogens (ID: AddExplicitH)
Neutralize (ID: Neutralize)
Clean 2D (ID: Clean2D)",,489,CCCCCCCCCCCCOS(=O)(=O)O
MQWFLKHKWJMCEN-UHFFFAOYSA-N,1,3069-29-2,1,493,"Clear Stereo (ID: ClearStereo)
Wedge Clean (ID: WedgeClean)
Mesomerize (ID: Mesomerize)
Tautomerize (ID: Tautomerize)
Add Explicit Hydrogens (ID: AddExplicitH)
Neutralize (ID: Neutralize)
Clean 2D (ID: Clean2D)",,493,CO[Si](C)(CCCNCCN)OC
MSXVEPNJUHWQHW-UHFFFAOYSA-N,2A,75-85-4,1,496,"Clear Stereo (ID: ClearStereo)
Wedge Clean (ID: WedgeClean)
Mesomerize (ID: Mesomerize)
Tautomerize (ID: Tautomerize)
Add Explicit Hydrogens (ID: AddExplicitH)
Neutralize (ID: Neutralize)
Clean 2D (ID: Clean2D)",,496,CCC(C)(C)O
MTPIZGPBYCHTGQ-UHFFFAOYSA-N,2A,28961-43-5,1,497,"Clear Stereo (ID: ClearStereo)
Wedge Clean (ID: WedgeClean)
Mesomerize (ID: Mesomerize)
Tautomerize (ID: Tautomerize)
Add Explicit Hydrogens (ID: AddExplicitH)
Neutralize (ID: Neutralize)
Clean 2D (ID: Clean2D)",,497,C=CC(=O)OCCOCC(CC)(COCCOC(=O)C=C)COCCOC(=O)C=C
MUXOBHXGJLMRAB-UHFFFAOYSA-N,2B,106-65-0,1,500,"Clear Stereo (ID: ClearStereo)
Wedge Clean (ID: WedgeClean)
Mesomerize (ID: Mesomerize)
Tautomerize (ID: Tautomerize)
Add Explicit Hydrogens (ID: AddExplicitH)
Neutralize (ID: Neutralize)
Clean 2D (ID: Clean2D)",,500,COC(=O)CCC(=O)OC
MWOOGOJBHIARFG-UHFFFAOYSA-N,2A,121-33-5,1,502,"Dearomatize (ID: Dearomatize)
Clear Stereo (ID: ClearStereo)
Wedge Clean (ID: WedgeClean)
Mesomerize (ID: Mesomerize)
Tautomerize (ID: Tautomerize)
Aromatize (ID: Aromatize)
Add Explicit Hydrogens (ID: AddExplicitH)
Neutralize (ID: Neutralize)
Clean 2D (ID: Clean2D)",,502,COc1cc(C=O)ccc1O
MXMLDYZVUZXDAF-FBDQPXRJSA-N,2A,83161-22-2,1,503,"Clear Stereo (ID: ClearStereo)
Wedge Clean (ID: WedgeClean)
Mesomerize (ID: Mesomerize)
Tautomerize (ID: Tautomerize)
Add Explicit Hydrogens (ID: AddExplicitH)
Neutralize (ID: Neutralize)
Clean 2D (ID: Clean2D)",,503,CCCCCOC1OC(C)C(O)C(O)C1O
NALFRYPTRXKZPN-UHFFFAOYSA-N,2B,6731-36-8,1,505,"Clear Stereo (ID: ClearStereo)
Wedge Clean (ID: WedgeClean)
Mesomerize (ID: Mesomerize)
Tautomerize (ID: Tautomerize)
Add Explicit Hydrogens (ID: AddExplicitH)
Neutralize (ID: Neutralize)
Clean 2D (ID: Clean2D)",,505,CC1CC(C)(C)CC(OOC(C)(C)C)(OOC(C)(C)C)C1
NBBJYMSMWIIQGU-UHFFFAOYSA-N,1,123-38-6,1,506,"Clear Stereo (ID: ClearStereo)
Wedge Clean (ID: WedgeClean)
Mesomerize (ID: Mesomerize)
Tautomerize (ID: Tautomerize)
Add Explicit Hydrogens (ID: AddExplicitH)
Neutralize (ID: Neutralize)
Clean 2D (ID: Clean2D)",,506,CCC=O
NBDAHKQJXVLAID-UHFFFAOYSA-N,2A,618-88-2,1,508,"Dearomatize (ID: Dearomatize)
Clear Stereo (ID: ClearStereo)
Wedge Clean (ID: WedgeClean)
Mesomerize (ID: Mesomerize)
Tautomerize (ID: Tautomerize)
Aromatize (ID: Aromatize)
Add Explicit Hydrogens (ID: AddExplicitH)
Neutralize (ID: Neutralize)
Clean 2D (ID: Clean2D)",,508,O=C(O)c1cc(C(=O)O)cc([N+](=O)[O-])c1
NCUPDIHWMQEDPR-UHFFFAOYSA-N,1,83016-70-0,1,510,"Clear Stereo (ID: ClearStereo)
Wedge Clean (ID: WedgeClean)
Mesomerize (ID: Mesomerize)
Tautomerize (ID: Tautomerize)
Add Explicit Hydrogens (ID: AddExplicitH)
Neutralize (ID: Neutralize)
Clean 2D (ID: Clean2D)",,510,CN(C)CCOCCN(C)CCO
NCXUNZWLEYGQAH-UHFFFAOYSA-N,1,108-16-7,1,511,"Clear Stereo (ID: ClearStereo)
Wedge Clean (ID: WedgeClean)
Mesomerize (ID: Mesomerize)
Tautomerize (ID: Tautomerize)
Add Explicit Hydrogens (ID: AddExplicitH)
Neutralize (ID: Neutralize)
Clean 2D (ID: Clean2D)",,511,CC(O)CN(C)C
NGHVIOIJCVXTGV-ALEPSDHESA-N,2A,551-16-6,1,515,"Clear Stereo (ID: ClearStereo)
Wedge Clean (ID: WedgeClean)
Mesomerize (ID: Mesomerize)
Tautomerize (ID: Tautomerize)
Add Explicit Hydrogens (ID: AddExplicitH)
Neutralize (ID: Neutralize)
Clean 2D (ID: Clean2D)",,515,CC1(C)SC2C(N)C(=O)N2C1C(=O)O
NHLUVTZJQOJKCC-UHFFFAOYSA-N,1,112-69-6,1,516,"Clear Stereo (ID: ClearStereo)
Wedge Clean (ID: WedgeClean)
Mesomerize (ID: Mesomerize)
Tautomerize (ID: Tautomerize)
Add Explicit Hydrogens (ID: AddExplicitH)
Neutralize (ID: Neutralize)
Clean 2D (ID: Clean2D)",,516,CCCCCCCCCCCCCCCCN(C)C
NISAHDHKGPWBEM-UHFFFAOYSA-N,1,3115-49-9,1,518,"Dearomatize (ID: Dearomatize)
Clear Stereo (ID: ClearStereo)
Wedge Clean (ID: WedgeClean)
Mesomerize (ID: Mesomerize)
Tautomerize (ID: Tautomerize)
Aromatize (ID: Aromatize)
Add Explicit Hydrogens (ID: AddExplicitH)
Neutralize (ID: Neutralize)
Clean 2D (ID: Clean2D)",,518,CCCCCCCCCc1ccc(OCC(=O)O)cc1
NKJOXAZJBOMXID-UHFFFAOYSA-N,2B,629-82-3,1,519,"Clear Stereo (ID: ClearStereo)
Wedge Clean (ID: WedgeClean)
Mesomerize (ID: Mesomerize)
Tautomerize (ID: Tautomerize)
Add Explicit Hydrogens (ID: AddExplicitH)
Neutralize (ID: Neutralize)
Clean 2D (ID: Clean2D)",,519,CCCCCCCCOCCCCCCCC
NOOLISFMXDJSKH-KXUCPTDWSA-N,2A,2216-51-5,1,527,"Clear Stereo (ID: ClearStereo)
Wedge Clean (ID: WedgeClean)
Mesomerize (ID: Mesomerize)
Tautomerize (ID: Tautomerize)
Add Explicit Hydrogens (ID: AddExplicitH)
Neutralize (ID: Neutralize)
Clean 2D (ID: Clean2D)",,527,CC1CCC(C(C)C)C(O)C1
NQRYJNQNLNOLGT-UHFFFAOYSA-N,1,110-89-4,1,532,"Clear Stereo (ID: ClearStereo)
Wedge Clean (ID: WedgeClean)
Mesomerize (ID: Mesomerize)
Tautomerize (ID: Tautomerize)
Add Explicit Hydrogens (ID: AddExplicitH)
Neutralize (ID: Neutralize)
Clean 2D (ID: Clean2D)",,532,C1CCNCC1
NTIZESTWPVYFNL-UHFFFAOYSA-N,2B,108-10-1,1,535,"Clear Stereo (ID: ClearStereo)
Wedge Clean (ID: WedgeClean)
Mesomerize (ID: Mesomerize)
Tautomerize (ID: Tautomerize)
Add Explicit Hydrogens (ID: AddExplicitH)
Neutralize (ID: Neutralize)
Clean 2D (ID: Clean2D)",,535,CC(=O)CC(C)C
NWDRKFORNVPWLY-UHFFFAOYSA-N,1,67151-63-7,1,538,"Clear Stereo (ID: ClearStereo)
Wedge Clean (ID: WedgeClean)
Mesomerize (ID: Mesomerize)
Tautomerize (ID: Tautomerize)
Add Explicit Hydrogens (ID: AddExplicitH)
Neutralize (ID: Neutralize)
Clean 2D (ID: Clean2D)",,538,CC(O)CN(CCCN(C)C)CCCN(C)C
OGHBATFHNDZKSO-UHFFFAOYSA-N,2A,546-68-9,1,550,"Clear Stereo (ID: ClearStereo)
Wedge Clean (ID: WedgeClean)
Mesomerize (ID: Mesomerize)
Tautomerize (ID: Tautomerize)
Add Explicit Hydrogens (ID: AddExplicitH)
Neutralize (ID: Neutralize)
Clean 2D (ID: Clean2D)",,550,CC(C)O
OGZPYBBKQGPQNU-DABLZPOSSA-N,2A,22984-54-9,1,551,"Clear Stereo (ID: ClearStereo)
Wedge Clean (ID: WedgeClean)
Mesomerize (ID: Mesomerize)
Tautomerize (ID: Tautomerize)
Add Explicit Hydrogens (ID: AddExplicitH)
Neutralize (ID: Neutralize)
Clean 2D (ID: Clean2D)",,551,CCC(C)=NO[Si](C)(ON=C(C)CC)ON=C(C)CC
OMPJBNCRMGITSC-UHFFFAOYSA-N,2A,94-36-0,1,558,"Dearomatize (ID: Dearomatize)
Clear Stereo (ID: ClearStereo)
Wedge Clean (ID: WedgeClean)
Mesomerize (ID: Mesomerize)
Tautomerize (ID: Tautomerize)
Aromatize (ID: Aromatize)
Add Explicit Hydrogens (ID: AddExplicitH)
Neutralize (ID: Neutralize)
Clean 2D (ID: Clean2D)",,558,O=C(OOC(=O)c1ccccc1)c1ccccc1
OPLCSTZDXXUYDU-UHFFFAOYSA-N,2A,1879-09-0,1,562,"Dearomatize (ID: Dearomatize)
Clear Stereo (ID: ClearStereo)
Wedge Clean (ID: WedgeClean)
Mesomerize (ID: Mesomerize)
Tautomerize (ID: Tautomerize)
Aromatize (ID: Aromatize)
Add Explicit Hydrogens (ID: AddExplicitH)
Neutralize (ID: Neutralize)
Clean 2D (ID: Clean2D)",,562,Cc1cc(C)c(O)c(C(C)(C)C)c1
OTBHHUPVCYLGQO-UHFFFAOYSA-N,1,56-18-8,1,566,"Clear Stereo (ID: ClearStereo)
Wedge Clean (ID: WedgeClean)
Mesomerize (ID: Mesomerize)
Tautomerize (ID: Tautomerize)
Add Explicit Hydrogens (ID: AddExplicitH)
Neutralize (ID: Neutralize)
Clean 2D (ID: Clean2D)",,566,NCCCNCCCN
OWMLFDGBZCHKOL-UHFFFAOYSA-N,1,23328-71-4,1,569,"Clear Stereo (ID: ClearStereo)
Wedge Clean (ID: WedgeClean)
Mesomerize (ID: Mesomerize)
Tautomerize (ID: Tautomerize)
Add Explicit Hydrogens (ID: AddExplicitH)
Clean 2D (ID: Clean2D)",,569,CCCCCCCCCCCCCCCCCCOCCC[N+](C)(C)C
OWTXHZITCDRRTI-UHFFFAOYSA-N,1,10305-41-6,1,570,"Clear Stereo (ID: ClearStereo)
Wedge Clean (ID: WedgeClean)
Mesomerize (ID: Mesomerize)
Tautomerize (ID: Tautomerize)
Add Explicit Hydrogens (ID: AddExplicitH)
Neutralize (ID: Neutralize)
Clean 2D (ID: Clean2D)",,570,OCC(O)COC1CCCCC1
OWZPCEFYPSAJFR-UHFFFAOYSA-N,2A,88-85-7,1,572,"Dearomatize (ID: Dearomatize)
Clear Stereo (ID: ClearStereo)
Wedge Clean (ID: WedgeClean)
Mesomerize (ID: Mesomerize)
Tautomerize (ID: Tautomerize)
Aromatize (ID: Aromatize)
Add Explicit Hydrogens (ID: AddExplicitH)
Neutralize (ID: Neutralize)
Clean 2D (ID: Clean2D)",,572,CCC(C)c1cc([N+](=O)[O-])cc([N+](=O)[O-])c1O
OZAIFHULBGXAKX-UHFFFAOYSA-N,2B,78-67-1,1,575,"Clear Stereo (ID: ClearStereo)
Wedge Clean (ID: WedgeClean)
Mesomerize (ID: Mesomerize)
Tautomerize (ID: Tautomerize)
Add Explicit Hydrogens (ID: AddExplicitH)
Neutralize (ID: Neutralize)
Clean 2D (ID: Clean2D)",,575,CC(C)(C#N)N=NC(C)(C)C#N
OZJPLYNZGCXSJM-UHFFFAOYSA-N,1,542-28-9,1,577,"Clear Stereo (ID: ClearStereo)
Wedge Clean (ID: WedgeClean)
Mesomerize (ID: Mesomerize)
Tautomerize (ID: Tautomerize)
Add Explicit Hydrogens (ID: AddExplicitH)
Neutralize (ID: Neutralize)
Clean 2D (ID: Clean2D)",,577,O=C1CCCCO1
PAAZPARNPHGIKF-UHFFFAOYSA-N,2A,106-93-4,1,578,"Clear Stereo (ID: ClearStereo)
Wedge Clean (ID: WedgeClean)
Mesomerize (ID: Mesomerize)
Tautomerize (ID: Tautomerize)
Add Explicit Hydrogens (ID: AddExplicitH)
Neutralize (ID: Neutralize)
Clean 2D (ID: Clean2D)",,578,BrCCBr
PAMIQIKDUOTOBW-UHFFFAOYSA-N,2A,626-67-5,1,579,"Clear Stereo (ID: ClearStereo)
Wedge Clean (ID: WedgeClean)
Mesomerize (ID: Mesomerize)
Tautomerize (ID: Tautomerize)
Add Explicit Hydrogens (ID: AddExplicitH)
Neutralize (ID: Neutralize)
Clean 2D (ID: Clean2D)",,579,CN1CCCCC1
PAPBSGBWRJIAAV-UHFFFAOYSA-N,2A,502-44-3,1,580,"Clear Stereo (ID: ClearStereo)
Wedge Clean (ID: WedgeClean)
Mesomerize (ID: Mesomerize)
Tautomerize (ID: Tautomerize)
Add Explicit Hydrogens (ID: AddExplicitH)
Neutralize (ID: Neutralize)
Clean 2D (ID: Clean2D)",,580,O=C1CCCCCO1
PFPUZMSQZJFLBK-UHFFFAOYSA-N,1,86261-90-7,1,587,"Clear Stereo (ID: ClearStereo)
Wedge Clean (ID: WedgeClean)
Mesomerize (ID: Mesomerize)
Tautomerize (ID: Tautomerize)
Add Explicit Hydrogens (ID: AddExplicitH)
Neutralize (ID: Neutralize)
Clean 2D (ID: Clean2D)",,587,C=C(C)C(=O)OCCN1CCNC1=O
PHQOGHDTIVQXHL-UHFFFAOYSA-N,1,1760-24-3,1,588,"Clear Stereo (ID: ClearStereo)
Wedge Clean (ID: WedgeClean)
Mesomerize (ID: Mesomerize)
Tautomerize (ID: Tautomerize)
Add Explicit Hydrogens (ID: AddExplicitH)
Neutralize (ID: Neutralize)
Clean 2D (ID: Clean2D)",,588,CO[Si](CCCNCCN)(OC)OC
PHTQWCKDNZKARW-UHFFFAOYSA-N,2A,8013-75-0,1,589,"Clear Stereo (ID: ClearStereo)
Wedge Clean (ID: WedgeClean)
Mesomerize (ID: Mesomerize)
Tautomerize (ID: Tautomerize)
Add Explicit Hydrogens (ID: AddExplicitH)
Neutralize (ID: Neutralize)
Clean 2D (ID: Clean2D)",,589,CC(C)CCO
PKDCQJMRWCHQOH-UHFFFAOYSA-N,1,998-30-1,1,596,"Clear Stereo (ID: ClearStereo)
Wedge Clean (ID: WedgeClean)
Mesomerize (ID: Mesomerize)
Tautomerize (ID: Tautomerize)
Add Explicit Hydrogens (ID: AddExplicitH)
Neutralize (ID: Neutralize)
Clean 2D (ID: Clean2D)",,596,CCO[SiH](OCC)OCC
PKJSRUTWBDIWAR-UHFFFAOYSA-N,2B,26896-20-8,1,598,"Clear Stereo (ID: ClearStereo)
Wedge Clean (ID: WedgeClean)
Mesomerize (ID: Mesomerize)
Tautomerize (ID: Tautomerize)
Add Explicit Hydrogens (ID: AddExplicitH)
Neutralize (ID: Neutralize)
Clean 2D (ID: Clean2D)",,598,CCC(C)(CCC(C)C)C(=O)O
PLLBRTOLHQQAQQ-UHFFFAOYSA-N,2B,68551-08-6,1,601,"Clear Stereo (ID: ClearStereo)
Wedge Clean (ID: WedgeClean)
Mesomerize (ID: Mesomerize)
Tautomerize (ID: Tautomerize)
Add Explicit Hydrogens (ID: AddExplicitH)
Neutralize (ID: Neutralize)
Clean 2D (ID: Clean2D)",,601,CC(C)CCCCCCCO
PNJSUECMZCQDCC-ONBHPNORSA-N,1,68955-56-6,1,603,"Clear Stereo (ID: ClearStereo)
Wedge Clean (ID: WedgeClean)
Mesomerize (ID: Mesomerize)
Tautomerize (ID: Tautomerize)
Add Explicit Hydrogens (ID: AddExplicitH)
Neutralize (ID: Neutralize)
Clean 2D (ID: Clean2D)",,603,CCCCCCCCCCCC=CCC=CCCCCCCCCCCCCCCCCCCCCNCCCCCCCCCCCC=CCC=CCCCCCCCCCCCCCCCCCCCC
POAOYUHQDCAZBD-UHFFFAOYSA-N,2A,111-76-2,1,605,"Clear Stereo (ID: ClearStereo)
Wedge Clean (ID: WedgeClean)
Mesomerize (ID: Mesomerize)
Tautomerize (ID: Tautomerize)
Add Explicit Hydrogens (ID: AddExplicitH)
Neutralize (ID: Neutralize)
Clean 2D (ID: Clean2D)",,605,CCCCOCCO
PTVZQOAHCSKAAS-UHFFFAOYSA-N,2B,6610-29-3,1,615,"Clear Stereo (ID: ClearStereo)
Wedge Clean (ID: WedgeClean)
Mesomerize (ID: Mesomerize)
Tautomerize (ID: Tautomerize)
Add Explicit Hydrogens (ID: AddExplicitH)
Neutralize (ID: Neutralize)
Clean 2D (ID: Clean2D)",,615,CNC(=S)NN
PVNIIMVLHYAWGP-UHFFFAOYSA-N,2A,59-67-6,1,616,"Dearomatize (ID: Dearomatize)
Clear Stereo (ID: ClearStereo)
Wedge Clean (ID: WedgeClean)
Mesomerize (ID: Mesomerize)
Tautomerize (ID: Tautomerize)
Aromatize (ID: Aromatize)
Add Explicit Hydrogens (ID: AddExplicitH)
Neutralize (ID: Neutralize)
Clean 2D (ID: Clean2D)",,616,O=C(O)c1cccnc1
PXAJQJMDEXJWFB-UHFFFAOYSA-N,1,127-06-0,1,618,"Clear Stereo (ID: ClearStereo)
Wedge Clean (ID: WedgeClean)
Mesomerize (ID: Mesomerize)
Tautomerize (ID: Tautomerize)
Add Explicit Hydrogens (ID: AddExplicitH)
Neutralize (ID: Neutralize)
Clean 2D (ID: Clean2D)",,618,CC(C)N=O
PXWAQUODOTWYMT-UHFFFAOYSA-N,2A,10305-38-1,1,621,"Clear Stereo (ID: ClearStereo)
Wedge Clean (ID: WedgeClean)
Mesomerize (ID: Mesomerize)
Tautomerize (ID: Tautomerize)
Add Explicit Hydrogens (ID: AddExplicitH)
Neutralize (ID: Neutralize)
Clean 2D (ID: Clean2D)",,621,CCCCCCOC(CO)CO
PYOKUURKVVELLB-UHFFFAOYSA-N,2A,149-73-5,1,623,"Clear Stereo (ID: ClearStereo)
Wedge Clean (ID: WedgeClean)
Mesomerize (ID: Mesomerize)
Tautomerize (ID: Tautomerize)
Add Explicit Hydrogens (ID: AddExplicitH)
Neutralize (ID: Neutralize)
Clean 2D (ID: Clean2D)",,623,COC(OC)OC
PYSGFFTXMUWEOT-UHFFFAOYSA-N,1,3179-63-3,1,624,"Clear Stereo (ID: ClearStereo)
Wedge Clean (ID: WedgeClean)
Mesomerize (ID: Mesomerize)
Tautomerize (ID: Tautomerize)
Add Explicit Hydrogens (ID: AddExplicitH)
Neutralize (ID: Neutralize)
Clean 2D (ID: Clean2D)",,624,CN(C)CCCO
PZFYOFFTIYJCEW-UHFFFAOYSA-N,1,101012-97-9,1,625,"Clear Stereo (ID: ClearStereo)
Wedge Clean (ID: WedgeClean)
Mesomerize (ID: Mesomerize)
Tautomerize (ID: Tautomerize)
Add Explicit Hydrogens (ID: AddExplicitH)
Neutralize (ID: Neutralize)
Clean 2D (ID: Clean2D)",,625,CCCCCCCCCCCCCNCCCCCCCCCCCCC
QANVQYKQPMHTAM-UHFFFAOYSA-M,2A,29857-13-4,1,627,"Clear Stereo (ID: ClearStereo)
Wedge Clean (ID: WedgeClean)
Mesomerize (ID: Mesomerize)
Tautomerize (ID: Tautomerize)
Add Explicit Hydrogens (ID: AddExplicitH)
Neutralize (ID: Neutralize)
Clean 2D (ID: Clean2D)",,627,CC(C)CCCCCCCOC(=O)CC(C(=O)OCCCCCCCC(C)C)S(=O)(=O)O
QCDWFXQBSFUVSP-UHFFFAOYSA-N,2A,122-99-6,1,629,"Dearomatize (ID: Dearomatize)
Clear Stereo (ID: ClearStereo)
Wedge Clean (ID: WedgeClean)
Mesomerize (ID: Mesomerize)
Tautomerize (ID: Tautomerize)
Aromatize (ID: Aromatize)
Add Explicit Hydrogens (ID: AddExplicitH)
Neutralize (ID: Neutralize)
Clean 2D (ID: Clean2D)",,629,OCCOc1ccccc1
QEJPOEGPNIVDMK-UHFFFAOYSA-N,1,36483-57-5,1,632,"Clear Stereo (ID: ClearStereo)
Wedge Clean (ID: WedgeClean)
Mesomerize (ID: Mesomerize)
Tautomerize (ID: Tautomerize)
Add Explicit Hydrogens (ID: AddExplicitH)
Neutralize (ID: Neutralize)
Clean 2D (ID: Clean2D)",,632,OCC(CBr)(CBr)CBr
QIPOUSKNIMYTRA-UHFFFAOYSA-N,1,52408-42-1,1,636,"Clear Stereo (ID: ClearStereo)
Wedge Clean (ID: WedgeClean)
Mesomerize (ID: Mesomerize)
Tautomerize (ID: Tautomerize)
Add Explicit Hydrogens (ID: AddExplicitH)
Neutralize (ID: Neutralize)
Clean 2D (ID: Clean2D)",,636,C=CC(=O)OCC(O)COCCCCOCC(O)COC(=O)C=C
QQOMQLYQAXGHSU-UHFFFAOYSA-N,1,2416-94-6,1,651,"Dearomatize (ID: Dearomatize)
Clear Stereo (ID: ClearStereo)
Wedge Clean (ID: WedgeClean)
Mesomerize (ID: Mesomerize)
Tautomerize (ID: Tautomerize)
Aromatize (ID: Aromatize)
Add Explicit Hydrogens (ID: AddExplicitH)
Neutralize (ID: Neutralize)
Clean 2D (ID: Clean2D)",,651,Cc1ccc(C)c(O)c1C
QUDWYFHPNIMBFC-UHFFFAOYSA-N,2B,131-17-9,1,658,"Dearomatize (ID: Dearomatize)
Clear Stereo (ID: ClearStereo)
Wedge Clean (ID: WedgeClean)
Mesomerize (ID: Mesomerize)
Tautomerize (ID: Tautomerize)
Aromatize (ID: Aromatize)
Add Explicit Hydrogens (ID: AddExplicitH)
Neutralize (ID: Neutralize)
Clean 2D (ID: Clean2D)",,658,C=CCOC(=O)c1ccccc1C(=O)OCC=C
QUXFOKCUIZCKGS-UHFFFAOYSA-N,2A,83411-71-6,1,661,"Clear Stereo (ID: ClearStereo)
Wedge Clean (ID: WedgeClean)
Mesomerize (ID: Mesomerize)
Tautomerize (ID: Tautomerize)
Add Explicit Hydrogens (ID: AddExplicitH)
Neutralize (ID: Neutralize)
Clean 2D (ID: Clean2D)",,661,CC(CC(C)(C)C)CP(=O)(O)CC(C)CC(C)(C)C
QWFSMJVKLCAOEB-UHFFFAOYSA-N,2A,61571-06-0,1,663,"Clear Stereo (ID: ClearStereo)
Wedge Clean (ID: WedgeClean)
Mesomerize (ID: Mesomerize)
Tautomerize (ID: Tautomerize)
Add Explicit Hydrogens (ID: AddExplicitH)
Neutralize (ID: Neutralize)
Clean 2D (ID: Clean2D)",,663,O=CC1CCCSC1
QWRBKBNCFWPVJX-UHFFFAOYSA-N,2B,4431-83-8,1,664,"Clear Stereo (ID: ClearStereo)
Wedge Clean (ID: WedgeClean)
Mesomerize (ID: Mesomerize)
Tautomerize (ID: Tautomerize)
Add Explicit Hydrogens (ID: AddExplicitH)
Neutralize (ID: Neutralize)
Clean 2D (ID: Clean2D)",,664,COCCOCOCCOC
QYLFHLNFIHBCPR-UHFFFAOYSA-N,2A,78-27-3,1,665,"Clear Stereo (ID: ClearStereo)
Wedge Clean (ID: WedgeClean)
Mesomerize (ID: Mesomerize)
Tautomerize (ID: Tautomerize)
Add Explicit Hydrogens (ID: AddExplicitH)
Neutralize (ID: Neutralize)
Clean 2D (ID: Clean2D)",,665,C#CC1(O)CCCCC1
QZLXCFQVOCEKSX-NOCHOARKSA-N,2A,41672-81-5,1,666,"Clear Stereo (ID: ClearStereo)
Wedge Clean (ID: WedgeClean)
Mesomerize (ID: Mesomerize)
Tautomerize (ID: Tautomerize)
Add Explicit Hydrogens (ID: AddExplicitH)
Neutralize (ID: Neutralize)
Clean 2D (ID: Clean2D)",,666,CCCCCCCCCCCCCCCC(=O)OC1CC(C(=O)O)N(C(=O)CCCCCCCCCCCCCCC)C1
QZQNMMLYACBCMJ-UHFFFAOYSA-N,1,71786-60-2,1,667,"Clear Stereo (ID: ClearStereo)
Wedge Clean (ID: WedgeClean)
Mesomerize (ID: Mesomerize)
Tautomerize (ID: Tautomerize)
Add Explicit Hydrogens (ID: AddExplicitH)
Neutralize (ID: Neutralize)
Clean 2D (ID: Clean2D)",,667,CCCCCCCCN(CCO)CCO
REQPQFUJGGOFQL-UHFFFAOYSA-N,2B,97-74-5,1,672,"Clear Stereo (ID: ClearStereo)
Wedge Clean (ID: WedgeClean)
Mesomerize (ID: Mesomerize)
Tautomerize (ID: Tautomerize)
Add Explicit Hydrogens (ID: AddExplicitH)
Neutralize (ID: Neutralize)
Clean 2D (ID: Clean2D)",,672,CN(C)C(=S)SC(=S)N(C)C
REYJJPSVUYRZGE-UHFFFAOYSA-N,1,124-30-1,1,673,"Clear Stereo (ID: ClearStereo)
Wedge Clean (ID: WedgeClean)
Mesomerize (ID: Mesomerize)
Tautomerize (ID: Tautomerize)
Add Explicit Hydrogens (ID: AddExplicitH)
Neutralize (ID: Neutralize)
Clean 2D (ID: Clean2D)",,673,CCCCCCCCCCCCCCCCCCN
RHQDFWAXVIIEBN-UHFFFAOYSA-N,1,75-89-8,1,674,"Clear Stereo (ID: ClearStereo)
Wedge Clean (ID: WedgeClean)
Mesomerize (ID: Mesomerize)
Tautomerize (ID: Tautomerize)
Add Explicit Hydrogens (ID: AddExplicitH)
Neutralize (ID: Neutralize)
Clean 2D (ID: Clean2D)",,674,OCC(F)(F)F
RHSRDJUNWGTRNQ-UHFFFAOYSA-O,1,58798-47-3,1,675,"Dearomatize (ID: Dearomatize)
Clear Stereo (ID: ClearStereo)
Wedge Clean (ID: WedgeClean)
Mesomerize (ID: Mesomerize)
Tautomerize (ID: Tautomerize)
Aromatize (ID: Aromatize)
Add Explicit Hydrogens (ID: AddExplicitH)
Neutralize (ID: Neutralize)
Clean 2D (ID: Clean2D)",,675,COc1ccc(CN=NC=C2N(C)c3ccccc3C2(C)C)cc1
RNJVAUBBYGWVBF-UHFFFAOYSA-N,1,57472-68-1,1,678,"Clear Stereo (ID: ClearStereo)
Wedge Clean (ID: WedgeClean)
Mesomerize (ID: Mesomerize)
Tautomerize (ID: Tautomerize)
Add Explicit Hydrogens (ID: AddExplicitH)
Neutralize (ID: Neutralize)
Clean 2D (ID: Clean2D)",,678,C=CC(=O)OC(C)COCC(C)OC(=O)C=C
RNVCVTLRINQCPJ-UHFFFAOYSA-N,1,95-53-4,1,679,"Dearomatize (ID: Dearomatize)
Clear Stereo (ID: ClearStereo)
Wedge Clean (ID: WedgeClean)
Mesomerize (ID: Mesomerize)
Tautomerize (ID: Tautomerize)
Aromatize (ID: Aromatize)
Add Explicit Hydrogens (ID: AddExplicitH)
Neutralize (ID: Neutralize)
Clean 2D (ID: Clean2D)",,679,Cc1ccccc1N
RPBWMJBZQXCSFW-UHFFFAOYSA-N,2A,3437-84-1,1,683,"Clear Stereo (ID: ClearStereo)
Wedge Clean (ID: WedgeClean)
Mesomerize (ID: Mesomerize)
Tautomerize (ID: Tautomerize)
Add Explicit Hydrogens (ID: AddExplicitH)
Neutralize (ID: Neutralize)
Clean 2D (ID: Clean2D)",,683,CC(C)C(=O)OOC(=O)C(C)C
RTTZISZSHSCFRH-UHFFFAOYSA-N,1,3634-83-1,1,690,"Dearomatize (ID: Dearomatize)
Clear Stereo (ID: ClearStereo)
Wedge Clean (ID: WedgeClean)
Mesomerize (ID: Mesomerize)
Tautomerize (ID: Tautomerize)
Aromatize (ID: Aromatize)
Add Explicit Hydrogens (ID: AddExplicitH)
Neutralize (ID: Neutralize)
Clean 2D (ID: Clean2D)",,690,O=C=NCc1cccc(CN=C=O)c1
RTYFAKSWXDNPPU-UHFFFAOYSA-N,2B,85114-00-7,1,691,"Clear Stereo (ID: ClearStereo)
Wedge Clean (ID: WedgeClean)
Mesomerize (ID: Mesomerize)
Tautomerize (ID: Tautomerize)
Add Explicit Hydrogens (ID: AddExplicitH)
Neutralize (ID: Neutralize)
Clean 2D (ID: Clean2D)",,691,CCCCCCC(O)CCOC(C)=O
RUFMFWSJTRYOPL-UHFFFAOYSA-M,1,,1,692,"Dearomatize (ID: Dearomatize)
Clear Stereo (ID: ClearStereo)
Wedge Clean (ID: WedgeClean)
Mesomerize (ID: Mesomerize)
Tautomerize (ID: Tautomerize)
Aromatize (ID: Aromatize)
Add Explicit Hydrogens (ID: AddExplicitH)
Neutralize (ID: Neutralize)
Clean 2D (ID: Clean2D)",,692,CCC(C)c1cc(S(=O)(=O)O)cc(-n2nc3ccccc3n2)c1O
RWMYPXKVMUFMKS-UHFFFAOYSA-N,2A,52829-07-9,1,697,"Clear Stereo (ID: ClearStereo)
Wedge Clean (ID: WedgeClean)
Mesomerize (ID: Mesomerize)
Tautomerize (ID: Tautomerize)
Add Explicit Hydrogens (ID: AddExplicitH)
Neutralize (ID: Neutralize)
Clean 2D (ID: Clean2D)",,697,CC1(C)CNCC(C)(C)C1OC(=O)CCCCCCCCC(=O)OC1C(C)(C)CNCC1(C)C
RWOLDZZTBNYTMS-SSDOTTSWSA-N,1,52950-18-2,1,699,"Dearomatize (ID: Dearomatize)
Clear Stereo (ID: ClearStereo)
Wedge Clean (ID: WedgeClean)
Mesomerize (ID: Mesomerize)
Tautomerize (ID: Tautomerize)
Aromatize (ID: Aromatize)
Add Explicit Hydrogens (ID: AddExplicitH)
Neutralize (ID: Neutralize)
Clean 2D (ID: Clean2D)",,699,O=C(O)C(O)c1ccccc1Cl
RWPICVVBGZBXNA-UHFFFAOYSA-N,2B,6422-86-2,1,700,"Dearomatize (ID: Dearomatize)
Clear Stereo (ID: ClearStereo)
Wedge Clean (ID: WedgeClean)
Mesomerize (ID: Mesomerize)
Tautomerize (ID: Tautomerize)
Aromatize (ID: Aromatize)
Add Explicit Hydrogens (ID: AddExplicitH)
Neutralize (ID: Neutralize)
Clean 2D (ID: Clean2D)",,700,CCCCC(CC)COC(=O)c1ccc(C(=O)OCC(CC)CCCC)cc1
RXFCIXRFAJRBSG-UHFFFAOYSA-N,1,10563-26-5,1,702,"Clear Stereo (ID: ClearStereo)
Wedge Clean (ID: WedgeClean)
Mesomerize (ID: Mesomerize)
Tautomerize (ID: Tautomerize)
Add Explicit Hydrogens (ID: AddExplicitH)
Neutralize (ID: Neutralize)
Clean 2D (ID: Clean2D)",,702,NCCCNCCNCCCN
RXYPXQSKLGGKOL-UHFFFAOYSA-N,1,106-58-1,1,704,"Clear Stereo (ID: ClearStereo)
Wedge Clean (ID: WedgeClean)
Mesomerize (ID: Mesomerize)
Tautomerize (ID: Tautomerize)
Add Explicit Hydrogens (ID: AddExplicitH)
Neutralize (ID: Neutralize)
Clean 2D (ID: Clean2D)",,704,CN1CCN(C)CC1
RZWZRACFZGVKFM-UHFFFAOYSA-N,1,79-03-8,1,709,"Clear Stereo (ID: ClearStereo)
Wedge Clean (ID: WedgeClean)
Mesomerize (ID: Mesomerize)
Tautomerize (ID: Tautomerize)
Add Explicit Hydrogens (ID: AddExplicitH)
Neutralize (ID: Neutralize)
Clean 2D (ID: Clean2D)",,709,CCC(=O)Cl
SAVLIIGUQOSOEP-UHFFFAOYSA-N,2A,14246-53-8,1,714,"Clear Stereo (ID: ClearStereo)
Wedge Clean (ID: WedgeClean)
Mesomerize (ID: Mesomerize)
Tautomerize (ID: Tautomerize)
Add Explicit Hydrogens (ID: AddExplicitH)
Neutralize (ID: Neutralize)
Clean 2D (ID: Clean2D)",,714,CCCCCCCC(=O)NCC(=O)O
SBKPSHZVULRXED-ZXVYDBTHSA-N,1,25134-21-8,1,718,"Clear Stereo (ID: ClearStereo)
Wedge Clean (ID: WedgeClean)
Mesomerize (ID: Mesomerize)
Tautomerize (ID: Tautomerize)
Add Explicit Hydrogens (ID: AddExplicitH)
Neutralize (ID: Neutralize)
Clean 2D (ID: Clean2D)",,718,CC1C2C=CC1C1C(=O)OC(=O)C21
SEZZRXXPRCBINH-UHFFFAOYSA-N,2B,68937-96-2,1,722,"Clear Stereo (ID: ClearStereo)
Wedge Clean (ID: WedgeClean)
Mesomerize (ID: Mesomerize)
Tautomerize (ID: Tautomerize)
Add Explicit Hydrogens (ID: AddExplicitH)
Neutralize (ID: Neutralize)
Clean 2D (ID: Clean2D)",,722,CC(C)(C)CSSCC(C)(C)C
SFBHPFQSSDCYSL-UHFFFAOYSA-N,1,112-75-4,1,724,"Clear Stereo (ID: ClearStereo)
Wedge Clean (ID: WedgeClean)
Mesomerize (ID: Mesomerize)
Tautomerize (ID: Tautomerize)
Add Explicit Hydrogens (ID: AddExplicitH)
Neutralize (ID: Neutralize)
Clean 2D (ID: Clean2D)",,724,CCCCCCCCCCCCCCN(C)C
SGXPOLBQSKXTKY-UHFFFAOYSA-N,2B,58890-25-8,1,726,"Dearomatize (ID: Dearomatize)
Clear Stereo (ID: ClearStereo)
Wedge Clean (ID: WedgeClean)
Mesomerize (ID: Mesomerize)
Tautomerize (ID: Tautomerize)
Aromatize (ID: Aromatize)
Add Explicit Hydrogens (ID: AddExplicitH)
Neutralize (ID: Neutralize)
Clean 2D (ID: Clean2D)",,726,O=C(Nc1ccc(Cc2ccc(NC(=O)NC3CCCCC3)cc2)cc1)NC1CCCCC1
SHKUUQIDMUMQQK-UHFFFAOYSA-N,1,2425-79-8,1,727,"Clear Stereo (ID: ClearStereo)
Wedge Clean (ID: WedgeClean)
Mesomerize (ID: Mesomerize)
Tautomerize (ID: Tautomerize)
Add Explicit Hydrogens (ID: AddExplicitH)
Neutralize (ID: Neutralize)
Clean 2D (ID: Clean2D)",,727,C(CCOCC1CO1)COCC1CO1
SJRJJKPEHAURKC-UHFFFAOYSA-N,2A,109-02-4,1,730,"Clear Stereo (ID: ClearStereo)
Wedge Clean (ID: WedgeClean)
Mesomerize (ID: Mesomerize)
Tautomerize (ID: Tautomerize)
Add Explicit Hydrogens (ID: AddExplicitH)
Neutralize (ID: Neutralize)
Clean 2D (ID: Clean2D)",,730,CN1CCOCC1
SKCNNQDRNPQEFU-UHFFFAOYSA-N,1,3855-32-1,1,732,"Clear Stereo (ID: ClearStereo)
Wedge Clean (ID: WedgeClean)
Mesomerize (ID: Mesomerize)
Tautomerize (ID: Tautomerize)
Add Explicit Hydrogens (ID: AddExplicitH)
Neutralize (ID: Neutralize)
Clean 2D (ID: Clean2D)",,732,CN(C)CCCN(C)CCCN(C)C
SKTCDJAMAYNROS-UHFFFAOYSA-N,2A,5614-37-9,1,734,"Clear Stereo (ID: ClearStereo)
Wedge Clean (ID: WedgeClean)
Mesomerize (ID: Mesomerize)
Tautomerize (ID: Tautomerize)
Add Explicit Hydrogens (ID: AddExplicitH)
Neutralize (ID: Neutralize)
Clean 2D (ID: Clean2D)",,734,COC1CCCC1
SLINHMUFWFWBMU-UHFFFAOYSA-N,1,122-20-3,1,735,"Clear Stereo (ID: ClearStereo)
Wedge Clean (ID: WedgeClean)
Mesomerize (ID: Mesomerize)
Tautomerize (ID: Tautomerize)
Add Explicit Hydrogens (ID: AddExplicitH)
Neutralize (ID: Neutralize)
Clean 2D (ID: Clean2D)",,735,CC(O)CN(CC(C)O)CC(C)O
SNQQPOLDUKLAAF-UHFFFAOYSA-N,2A,68610-97-9,1,739,"Dearomatize (ID: Dearomatize)
Clear Stereo (ID: ClearStereo)
Wedge Clean (ID: WedgeClean)
Mesomerize (ID: Mesomerize)
Tautomerize (ID: Tautomerize)
Aromatize (ID: Aromatize)
Add Explicit Hydrogens (ID: AddExplicitH)
Neutralize (ID: Neutralize)
Clean 2D (ID: Clean2D)",,739,CCCCCCCCCc1ccccc1O
SOGAXMICEFXMKE-UHFFFAOYSA-N,2B,97-88-1,1,740,"Clear Stereo (ID: ClearStereo)
Wedge Clean (ID: WedgeClean)
Mesomerize (ID: Mesomerize)
Tautomerize (ID: Tautomerize)
Add Explicit Hydrogens (ID: AddExplicitH)
Neutralize (ID: Neutralize)
Clean 2D (ID: Clean2D)",,740,C=C(C)C(=O)OCCCC
SPPWGCYEYAMHDT-UHFFFAOYSA-N,2B,100-18-5,1,741,"Dearomatize (ID: Dearomatize)
Clear Stereo (ID: ClearStereo)
Wedge Clean (ID: WedgeClean)
Mesomerize (ID: Mesomerize)
Tautomerize (ID: Tautomerize)
Aromatize (ID: Aromatize)
Add Explicit Hydrogens (ID: AddExplicitH)
Neutralize (ID: Neutralize)
Clean 2D (ID: Clean2D)",,741,CC(C)c1ccc(C(C)C)cc1
SQAKQVFOMMLRPR-UHFFFAOYSA-L,2A,27344-41-8,1,743,"Dearomatize (ID: Dearomatize)
Clear Stereo (ID: ClearStereo)
Wedge Clean (ID: WedgeClean)
Mesomerize (ID: Mesomerize)
Tautomerize (ID: Tautomerize)
Aromatize (ID: Aromatize)
Add Explicit Hydrogens (ID: AddExplicitH)
Neutralize (ID: Neutralize)
Clean 2D (ID: Clean2D)",,743,O=S(=O)(O)c1ccccc1C=Cc1ccc(-c2ccc(C=Cc3ccccc3S(=O)(=O)O)cc2)cc1
STCOOQWBFONSKY-UHFFFAOYSA-N,2B,126-73-8,1,745,"Clear Stereo (ID: ClearStereo)
Wedge Clean (ID: WedgeClean)
Mesomerize (ID: Mesomerize)
Tautomerize (ID: Tautomerize)
Add Explicit Hydrogens (ID: AddExplicitH)
Neutralize (ID: Neutralize)
Clean 2D (ID: Clean2D)",,745,CCCCOP(=O)(OCCCC)OCCCC
STSCVKRWJPWALQ-UHFFFAOYSA-N,2A,383-63-1,1,746,"Clear Stereo (ID: ClearStereo)
Wedge Clean (ID: WedgeClean)
Mesomerize (ID: Mesomerize)
Tautomerize (ID: Tautomerize)
Add Explicit Hydrogens (ID: AddExplicitH)
Neutralize (ID: Neutralize)
Clean 2D (ID: Clean2D)",,746,CCOC(=O)C(F)(F)F
SUZRRICLUFMAQD-UHFFFAOYSA-M,2A,61791-42-2,1,748,"Clear Stereo (ID: ClearStereo)
Wedge Clean (ID: WedgeClean)
Mesomerize (ID: Mesomerize)
Tautomerize (ID: Tautomerize)
Add Explicit Hydrogens (ID: AddExplicitH)
Neutralize (ID: Neutralize)
Clean 2D (ID: Clean2D)",,748,CNCCS(=O)(=O)O
SVTBMSDMJJWYQN-UHFFFAOYSA-N,2B,107-41-5,1,751,"Clear Stereo (ID: ClearStereo)
Wedge Clean (ID: WedgeClean)
Mesomerize (ID: Mesomerize)
Tautomerize (ID: Tautomerize)
Add Explicit Hydrogens (ID: AddExplicitH)
Neutralize (ID: Neutralize)
Clean 2D (ID: Clean2D)",,751,CC(O)CC(C)(C)O
SWXVUIWOUIDPGS-UHFFFAOYSA-N,2A,123-42-2,1,752,"Clear Stereo (ID: ClearStereo)
Wedge Clean (ID: WedgeClean)
Mesomerize (ID: Mesomerize)
Tautomerize (ID: Tautomerize)
Add Explicit Hydrogens (ID: AddExplicitH)
Neutralize (ID: Neutralize)
Clean 2D (ID: Clean2D)",,752,CC(=O)CC(C)(C)O
SXRSQZLOMIGNAQ-UHFFFAOYSA-N,1,111-30-8,1,754,"Clear Stereo (ID: ClearStereo)
Wedge Clean (ID: WedgeClean)
Mesomerize (ID: Mesomerize)
Tautomerize (ID: Tautomerize)
Add Explicit Hydrogens (ID: AddExplicitH)
Neutralize (ID: Neutralize)
Clean 2D (ID: Clean2D)",,754,O=CCCCC=O
SYURNNNQIFDVCA-UHFFFAOYSA-N,2A,1003-14-1,1,755,"Clear Stereo (ID: ClearStereo)
Wedge Clean (ID: WedgeClean)
Mesomerize (ID: Mesomerize)
Tautomerize (ID: Tautomerize)
Add Explicit Hydrogens (ID: AddExplicitH)
Neutralize (ID: Neutralize)
Clean 2D (ID: Clean2D)",,755,CCCC1CO1
SZCWBURCISJFEZ-UHFFFAOYSA-N,1,1115-20-4,1,756,"Clear Stereo (ID: ClearStereo)
Wedge Clean (ID: WedgeClean)
Mesomerize (ID: Mesomerize)
Tautomerize (ID: Tautomerize)
Add Explicit Hydrogens (ID: AddExplicitH)
Neutralize (ID: Neutralize)
Clean 2D (ID: Clean2D)",,756,CC(C)(CO)COC(=O)C(C)(C)CO
SZHQPBJEOCHCKM-UHFFFAOYSA-N,2B,37971-36-1,1,757,"Clear Stereo (ID: ClearStereo)
Wedge Clean (ID: WedgeClean)
Mesomerize (ID: Mesomerize)
Tautomerize (ID: Tautomerize)
Add Explicit Hydrogens (ID: AddExplicitH)
Neutralize (ID: Neutralize)
Clean 2D (ID: Clean2D)",,757,O=C(O)CCC(CC(=O)O)(C(=O)O)P(=O)(O)O
TUFJPPAQOXUHRI-KTKRTIGZSA-N,2A,34140-91-5,1,758,"Clear Stereo (ID: ClearStereo)
Wedge Clean (ID: WedgeClean)
Mesomerize (ID: Mesomerize)
Tautomerize (ID: Tautomerize)
Add Explicit Hydrogens (ID: AddExplicitH)
Neutralize (ID: Neutralize)
Clean 2D (ID: Clean2D)",,758,CCCCCCCCC=CCCCCCCCCNCCCN
TVACALAUIQMRDF-UHFFFAOYSA-L,1,39322-78-6,1,759,"Clear Stereo (ID: ClearStereo)
Wedge Clean (ID: WedgeClean)
Mesomerize (ID: Mesomerize)
Tautomerize (ID: Tautomerize)
Add Explicit Hydrogens (ID: AddExplicitH)
Neutralize (ID: Neutralize)
Clean 2D (ID: Clean2D)",,759,CCCCCCCCCCCCOP(=O)(O)O
TVDSBUOJIPERQY-UHFFFAOYSA-N,1,107-19-7,1,760,"Clear Stereo (ID: ClearStereo)
Wedge Clean (ID: WedgeClean)
Mesomerize (ID: Mesomerize)
Tautomerize (ID: Tautomerize)
Add Explicit Hydrogens (ID: AddExplicitH)
Neutralize (ID: Neutralize)
Clean 2D (ID: Clean2D)",,760,C#CCO
TVIDDXQYHWJXFK-UHFFFAOYSA-N,2A,693-23-2,1,761,"Clear Stereo (ID: ClearStereo)
Wedge Clean (ID: WedgeClean)
Mesomerize (ID: Mesomerize)
Tautomerize (ID: Tautomerize)
Add Explicit Hydrogens (ID: AddExplicitH)
Neutralize (ID: Neutralize)
Clean 2D (ID: Clean2D)",,761,O=C(O)CCCCCCCCCCC(=O)O
TZIHFWKZFHZASV-UHFFFAOYSA-N,2B,107-31-3,1,768,"Clear Stereo (ID: ClearStereo)
Wedge Clean (ID: WedgeClean)
Mesomerize (ID: Mesomerize)
Tautomerize (ID: Tautomerize)
Add Explicit Hydrogens (ID: AddExplicitH)
Neutralize (ID: Neutralize)
Clean 2D (ID: Clean2D)",,768,COC=O
TZZGHGKTHXIOMN-UHFFFAOYSA-N,1,82985-35-1,1,769,"Clear Stereo (ID: ClearStereo)
Wedge Clean (ID: WedgeClean)
Mesomerize (ID: Mesomerize)
Tautomerize (ID: Tautomerize)
Add Explicit Hydrogens (ID: AddExplicitH)
Neutralize (ID: Neutralize)
Clean 2D (ID: Clean2D)",,769,CO[Si](CCCNCCC[Si](OC)(OC)OC)(OC)OC
UAHWPYUMFXYFJY-UHFFFAOYSA-N,2A,123-35-3,1,772,"Clear Stereo (ID: ClearStereo)
Wedge Clean (ID: WedgeClean)
Mesomerize (ID: Mesomerize)
Tautomerize (ID: Tautomerize)
Add Explicit Hydrogens (ID: AddExplicitH)
Neutralize (ID: Neutralize)
Clean 2D (ID: Clean2D)",,772,C=CC(=C)CCC=C(C)C
UAOMVDZJSHZZME-UHFFFAOYSA-N,1,108-18-9,1,773,"Clear Stereo (ID: ClearStereo)
Wedge Clean (ID: WedgeClean)
Mesomerize (ID: Mesomerize)
Tautomerize (ID: Tautomerize)
Add Explicit Hydrogens (ID: AddExplicitH)
Neutralize (ID: Neutralize)
Clean 2D (ID: Clean2D)",,773,CC(C)NC(C)C
UEEJHVSXFDXPFK-UHFFFAOYSA-N,1,108-01-0,1,779,"Clear Stereo (ID: ClearStereo)
Wedge Clean (ID: WedgeClean)
Mesomerize (ID: Mesomerize)
Tautomerize (ID: Tautomerize)
Add Explicit Hydrogens (ID: AddExplicitH)
Neutralize (ID: Neutralize)
Clean 2D (ID: Clean2D)",,779,CN(C)CCO
UEZWYKZHXASYJN-UHFFFAOYSA-N,2A,17796-82-6,1,782,"Dearomatize (ID: Dearomatize)
Clear Stereo (ID: ClearStereo)
Wedge Clean (ID: WedgeClean)
Mesomerize (ID: Mesomerize)
Tautomerize (ID: Tautomerize)
Aromatize (ID: Aromatize)
Add Explicit Hydrogens (ID: AddExplicitH)
Neutralize (ID: Neutralize)
Clean 2D (ID: Clean2D)",,782,O=C1c2ccccc2C(=O)N1SC1CCCCC1
UHGIMQLJWRAPLT-UHFFFAOYSA-L,2A,68987-29-1,1,786,"Clear Stereo (ID: ClearStereo)
Wedge Clean (ID: WedgeClean)
Mesomerize (ID: Mesomerize)
Tautomerize (ID: Tautomerize)
Add Explicit Hydrogens (ID: AddExplicitH)
Neutralize (ID: Neutralize)
Clean 2D (ID: Clean2D)",,786,CCCCCCCCCCCCCCCCCCOP(=O)(O)O
UJUZVVSRNMBGRO-RIPLDZIISA-N,1,751-83-7,1,791,"Dearomatize (ID: Dearomatize)
Clear Stereo (ID: ClearStereo)
Wedge Clean (ID: WedgeClean)
Mesomerize (ID: Mesomerize)
Tautomerize (ID: Tautomerize)
Aromatize (ID: Aromatize)
Add Explicit Hydrogens (ID: AddExplicitH)
Clean 2D (ID: Clean2D)",,791,CC(C=CC1=C(C)CCCC1(C)C)=CC[P+](c1ccccc1)(c1ccccc1)c1ccccc1
UKJARPDLRWBRAX-UHFFFAOYSA-N,1,61260-55-7,1,792,"Clear Stereo (ID: ClearStereo)
Wedge Clean (ID: WedgeClean)
Mesomerize (ID: Mesomerize)
Tautomerize (ID: Tautomerize)
Add Explicit Hydrogens (ID: AddExplicitH)
Neutralize (ID: Neutralize)
Clean 2D (ID: Clean2D)",,792,CC1(C)CC(NCCCCCCNC2CC(C)(C)NC(C)(C)C2)CC(C)(C)N1
UKODFQOELJFMII-UHFFFAOYSA-N,1,3030-47-5,1,793,"Clear Stereo (ID: ClearStereo)
Wedge Clean (ID: WedgeClean)
Mesomerize (ID: Mesomerize)
Tautomerize (ID: Tautomerize)
Add Explicit Hydrogens (ID: AddExplicitH)
Neutralize (ID: Neutralize)
Clean 2D (ID: Clean2D)",,793,CN(C)CCN(C)CCN(C)C
UNEATYXSUBPPKP-UHFFFAOYSA-N,2B,99-62-7,1,797,"Dearomatize (ID: Dearomatize)
Clear Stereo (ID: ClearStereo)
Wedge Clean (ID: WedgeClean)
Mesomerize (ID: Mesomerize)
Tautomerize (ID: Tautomerize)
Aromatize (ID: Aromatize)
Add Explicit Hydrogens (ID: AddExplicitH)
Neutralize (ID: Neutralize)
Clean 2D (ID: Clean2D)",,797,CC(C)c1cccc(C(C)C)c1
UNMJLQGKEDTEKJ-UHFFFAOYSA-N,2A,3047-32-3,1,798,"Clear Stereo (ID: ClearStereo)
Wedge Clean (ID: WedgeClean)
Mesomerize (ID: Mesomerize)
Tautomerize (ID: Tautomerize)
Add Explicit Hydrogens (ID: AddExplicitH)
Neutralize (ID: Neutralize)
Clean 2D (ID: Clean2D)",,798,CCC1(CO)COC1
USFMMZYROHDWPJ-UHFFFAOYSA-N,2B,5039-78-1,1,806,"Clear Stereo (ID: ClearStereo)
Wedge Clean (ID: WedgeClean)
Mesomerize (ID: Mesomerize)
Tautomerize (ID: Tautomerize)
Add Explicit Hydrogens (ID: AddExplicitH)
Clean 2D (ID: Clean2D)",,806,C=C(C)C(=O)OCC[N+](C)(C)C
UVGUPMLLGBCFEJ-SWTLDUCYSA-N,2B,126-13-6,1,809,"Clear Stereo (ID: ClearStereo)
Wedge Clean (ID: WedgeClean)
Mesomerize (ID: Mesomerize)
Tautomerize (ID: Tautomerize)
Add Explicit Hydrogens (ID: AddExplicitH)
Neutralize (ID: Neutralize)
Clean 2D (ID: Clean2D)",,809,CC(=O)OCC1OC(OC2(COC(C)=O)OC(COC(=O)C(C)C)C(OC(=O)C(C)C)C2OC(=O)C(C)C)C(OC(=O)C(C)C)C(OC(=O)C(C)C)C1OC(=O)C(C)C
UZFMOKQJFYMBGY-UHFFFAOYSA-N,1,2226-96-2,1,813,"Clear Stereo (ID: ClearStereo)
Wedge Clean (ID: WedgeClean)
Mesomerize (ID: Mesomerize)
Tautomerize (ID: Tautomerize)
Add Explicit Hydrogens (ID: AddExplicitH)
Neutralize (ID: Neutralize)
Clean 2D (ID: Clean2D)",,813,CC1(C)CC(O)CC(C)(C)N1O
VAYTZRYEBVHVLE-UHFFFAOYSA-N,2A,872-36-6,1,815,"Dearomatize (ID: Dearomatize)
Clear Stereo (ID: ClearStereo)
Wedge Clean (ID: WedgeClean)
Mesomerize (ID: Mesomerize)
Tautomerize (ID: Tautomerize)
Add Explicit Hydrogens (ID: AddExplicitH)
Neutralize (ID: Neutralize)
Clean 2D (ID: Clean2D)",,815,O=c1occo1
VEZUQRBDRNJBJY-UHFFFAOYSA-N,2A,100-64-1,1,821,"Clear Stereo (ID: ClearStereo)
Wedge Clean (ID: WedgeClean)
Mesomerize (ID: Mesomerize)
Tautomerize (ID: Tautomerize)
Add Explicit Hydrogens (ID: AddExplicitH)
Neutralize (ID: Neutralize)
Clean 2D (ID: Clean2D)",,821,O=NC1CCCCC1
VFGRALUHHHDIQI-UHFFFAOYSA-N,1,7397-62-8,1,823,"Clear Stereo (ID: ClearStereo)
Wedge Clean (ID: WedgeClean)
Mesomerize (ID: Mesomerize)
Tautomerize (ID: Tautomerize)
Add Explicit Hydrogens (ID: AddExplicitH)
Neutralize (ID: Neutralize)
Clean 2D (ID: Clean2D)",,823,CCCCOC(=O)CO
VGRKMGBGMTUWFI-UHFFFAOYSA-L,2B,73037-34-0,1,826,"Dearomatize (ID: Dearomatize)
Clear Stereo (ID: ClearStereo)
Wedge Clean (ID: WedgeClean)
Mesomerize (ID: Mesomerize)
Tautomerize (ID: Tautomerize)
Aromatize (ID: Aromatize)
Add Explicit Hydrogens (ID: AddExplicitH)
Neutralize (ID: Neutralize)
Clean 2D (ID: Clean2D)",,826,Cc1cc(Oc2cc(C)cc(S(=O)(=O)O)c2)cc(S(=O)(=O)O)c1
VMOWKUTXPNPTEN-UHFFFAOYSA-N,1,996-35-0,1,834,"Clear Stereo (ID: ClearStereo)
Wedge Clean (ID: WedgeClean)
Mesomerize (ID: Mesomerize)
Tautomerize (ID: Tautomerize)
Add Explicit Hydrogens (ID: AddExplicitH)
Neutralize (ID: Neutralize)
Clean 2D (ID: Clean2D)",,834,CC(C)N(C)C
VNGOYPQMJFJDLV-UHFFFAOYSA-N,2A,1459-93-4,1,836,"Dearomatize (ID: Dearomatize)
Clear Stereo (ID: ClearStereo)
Wedge Clean (ID: WedgeClean)
Mesomerize (ID: Mesomerize)
Tautomerize (ID: Tautomerize)
Aromatize (ID: Aromatize)
Add Explicit Hydrogens (ID: AddExplicitH)
Neutralize (ID: Neutralize)
Clean 2D (ID: Clean2D)",,836,COC(=O)c1cccc(C(=O)OC)c1
VUDOFEJVAFMLEC-UHFFFAOYSA-N,2A,6156-18-9,1,843,"Dearomatize (ID: Dearomatize)
Clear Stereo (ID: ClearStereo)
Wedge Clean (ID: WedgeClean)
Mesomerize (ID: Mesomerize)
Tautomerize (ID: Tautomerize)
Aromatize (ID: Aromatize)
Add Explicit Hydrogens (ID: AddExplicitH)
Neutralize (ID: Neutralize)
Clean 2D (ID: Clean2D)",,843,NS(=O)(=O)c1ccc(NC(=S)Nc2ccc(F)cc2)cc1
VVJKKWFAADXIJK-UHFFFAOYSA-N,1,107-11-9,1,844,"Clear Stereo (ID: ClearStereo)
Wedge Clean (ID: WedgeClean)
Mesomerize (ID: Mesomerize)
Tautomerize (ID: Tautomerize)
Add Explicit Hydrogens (ID: AddExplicitH)
Neutralize (ID: Neutralize)
Clean 2D (ID: Clean2D)",,844,C=CCN
VXIVSQZSERGHQP-UHFFFAOYSA-N,2A,79-07-2,1,845,"Clear Stereo (ID: ClearStereo)
Wedge Clean (ID: WedgeClean)
Mesomerize (ID: Mesomerize)
Tautomerize (ID: Tautomerize)
Add Explicit Hydrogens (ID: AddExplicitH)
Neutralize (ID: Neutralize)
Clean 2D (ID: Clean2D)",,845,NC(=O)CCl
VZCYOOQTPOCHFL-OWOJBTEDSA-N,2A,110-17-8,1,847,"Clear Stereo (ID: ClearStereo)
Wedge Clean (ID: WedgeClean)
Mesomerize (ID: Mesomerize)
Tautomerize (ID: Tautomerize)
Add Explicit Hydrogens (ID: AddExplicitH)
Neutralize (ID: Neutralize)
Clean 2D (ID: Clean2D)",,847,O=C(O)C=CC(=O)O
WBIQQQGBSDOWNP-UHFFFAOYSA-N,2A,85536-14-7,1,851,"Dearomatize (ID: Dearomatize)
Clear Stereo (ID: ClearStereo)
Wedge Clean (ID: WedgeClean)
Mesomerize (ID: Mesomerize)
Tautomerize (ID: Tautomerize)
Aromatize (ID: Aromatize)
Add Explicit Hydrogens (ID: AddExplicitH)
Neutralize (ID: Neutralize)
Clean 2D (ID: Clean2D)",,851,CCCCCCCCCCCCc1ccccc1S(=O)(=O)O
WCVRQHFDJLLWFE-UHFFFAOYSA-N,2A,5343-92-0,1,855,"Clear Stereo (ID: ClearStereo)
Wedge Clean (ID: WedgeClean)
Mesomerize (ID: Mesomerize)
Tautomerize (ID: Tautomerize)
Add Explicit Hydrogens (ID: AddExplicitH)
Neutralize (ID: Neutralize)
Clean 2D (ID: Clean2D)",,855,CCCC(O)CO
WEFZXWJJPHGTTN-UHFFFAOYSA-N,2A,1174627-68-9,1,856,"Clear Stereo (ID: ClearStereo)
Wedge Clean (ID: WedgeClean)
Mesomerize (ID: Mesomerize)
Tautomerize (ID: Tautomerize)
Add Explicit Hydrogens (ID: AddExplicitH)
Neutralize (ID: Neutralize)
Clean 2D (ID: Clean2D)",,856,COC(=O)C(C)CCC(=O)N(C)C
WEVYAHXRMPXWCK-UHFFFAOYSA-N,2A,75-05-8,1,857,"Mesomerize (ID: Mesomerize)
Tautomerize (ID: Tautomerize)
Add Explicit Hydrogens (ID: AddExplicitH)
Neutralize (ID: Neutralize)
Clean 2D (ID: Clean2D)",,857,CC#N
WGTDLPBPQKAPMN-KTKRTIGZSA-N,1,95-38-5,1,858,"Clear Stereo (ID: ClearStereo)
Wedge Clean (ID: WedgeClean)
Mesomerize (ID: Mesomerize)
Tautomerize (ID: Tautomerize)
Add Explicit Hydrogens (ID: AddExplicitH)
Neutralize (ID: Neutralize)
Clean 2D (ID: Clean2D)",,858,CCCCCCCCC=CCCCCCCCC1=NCCN1CCO
WHGYBXFWUBPSRW-UHFFFAOYSA-N,2B,7585-39-9,1,859,"Clear Stereo (ID: ClearStereo)
Wedge Clean (ID: WedgeClean)
Mesomerize (ID: Mesomerize)
Tautomerize (ID: Tautomerize)
Add Explicit Hydrogens (ID: AddExplicitH)
Neutralize (ID: Neutralize)
Clean 2D (ID: Clean2D)",,859,OCC1OC2OC3C(CO)OC(OC4C(CO)OC(OC5C(CO)OC(OC6C(CO)OC(OC7C(CO)OC(OC8C(CO)OC(OC1C(O)C2O)C(O)C8O)C(O)C7O)C(O)C6O)C(O)C5O)C(O)C4O)C(O)C3O
WHIVNJATOVLWBW-SNAWJCMRSA-N,1,96-29-7,1,860,"Clear Stereo (ID: ClearStereo)
Wedge Clean (ID: WedgeClean)
Mesomerize (ID: Mesomerize)
Tautomerize (ID: Tautomerize)
Add Explicit Hydrogens (ID: AddExplicitH)
Neutralize (ID: Neutralize)
Clean 2D (ID: Clean2D)",,860,CCC(C)N=O
WPYMKLBDIGXBTP-UHFFFAOYSA-M,2B,532-32-1,1,876,"Dearomatize (ID: Dearomatize)
Clear Stereo (ID: ClearStereo)
Wedge Clean (ID: WedgeClean)
Mesomerize (ID: Mesomerize)
Tautomerize (ID: Tautomerize)
Aromatize (ID: Aromatize)
Add Explicit Hydrogens (ID: AddExplicitH)
Neutralize (ID: Neutralize)
Clean 2D (ID: Clean2D)",,876,O=C(O)c1ccccc1
WQOXQRCZOLPYPM-UHFFFAOYSA-N,2A,624-92-0,1,877,"Clear Stereo (ID: ClearStereo)
Wedge Clean (ID: WedgeClean)
Mesomerize (ID: Mesomerize)
Tautomerize (ID: Tautomerize)
Add Explicit Hydrogens (ID: AddExplicitH)
Neutralize (ID: Neutralize)
Clean 2D (ID: Clean2D)",,877,CSSC
WRECIMRULFAWHA-UHFFFAOYSA-N,2A,121-43-7,1,878,"Clear Stereo (ID: ClearStereo)
Wedge Clean (ID: WedgeClean)
Mesomerize (ID: Mesomerize)
Tautomerize (ID: Tautomerize)
Add Explicit Hydrogens (ID: AddExplicitH)
Neutralize (ID: Neutralize)
Clean 2D (ID: Clean2D)",,878,COB(OC)OC
WRQNANDWMGAFTP-UHFFFAOYSA-N,1,105-45-3,1,879,"Clear Stereo (ID: ClearStereo)
Wedge Clean (ID: WedgeClean)
Mesomerize (ID: Mesomerize)
Tautomerize (ID: Tautomerize)
Add Explicit Hydrogens (ID: AddExplicitH)
Neutralize (ID: Neutralize)
Clean 2D (ID: Clean2D)",,879,COC(=O)C=C(C)O
WSWCOQWTEOXDQX-MQQKCMAXSA-N,2A,110-44-1,1,880,"Clear Stereo (ID: ClearStereo)
Wedge Clean (ID: WedgeClean)
Mesomerize (ID: Mesomerize)
Tautomerize (ID: Tautomerize)
Add Explicit Hydrogens (ID: AddExplicitH)
Neutralize (ID: Neutralize)
Clean 2D (ID: Clean2D)",,880,CC=CC=CC(=O)O
WTLBZVNBAKMVDP-UHFFFAOYSA-N,2B,78-51-3,1,882,"Clear Stereo (ID: ClearStereo)
Wedge Clean (ID: WedgeClean)
Mesomerize (ID: Mesomerize)
Tautomerize (ID: Tautomerize)
Add Explicit Hydrogens (ID: AddExplicitH)
Neutralize (ID: Neutralize)
Clean 2D (ID: Clean2D)",,882,CCCCOCCOP(=O)(OCCOCCCC)OCCOCCCC
WTPYFJNYAMXZJG-UHFFFAOYSA-N,2B,104-38-1,1,883,"Dearomatize (ID: Dearomatize)
Clear Stereo (ID: ClearStereo)
Wedge Clean (ID: WedgeClean)
Mesomerize (ID: Mesomerize)
Tautomerize (ID: Tautomerize)
Aromatize (ID: Aromatize)
Add Explicit Hydrogens (ID: AddExplicitH)
Neutralize (ID: Neutralize)
Clean 2D (ID: Clean2D)",,883,OCCOc1ccc(OCCO)cc1
WTPYRCJDOZVZON-UHFFFAOYSA-N,2B,5435-64-3,1,884,"Clear Stereo (ID: ClearStereo)
Wedge Clean (ID: WedgeClean)
Mesomerize (ID: Mesomerize)
Tautomerize (ID: Tautomerize)
Add Explicit Hydrogens (ID: AddExplicitH)
Neutralize (ID: Neutralize)
Clean 2D (ID: Clean2D)",,884,CC(CC=O)CC(C)(C)C
WUOACPNHFRMFPN-UHFFFAOYSA-N,2A,8000-41-7,1,885,"Clear Stereo (ID: ClearStereo)
Wedge Clean (ID: WedgeClean)
Mesomerize (ID: Mesomerize)
Tautomerize (ID: Tautomerize)
Add Explicit Hydrogens (ID: AddExplicitH)
Neutralize (ID: Neutralize)
Clean 2D (ID: Clean2D)",,885,CC1=CCC(C(C)(C)O)CC1
WVRFSLWCFASCIS-UHFFFAOYSA-N,2A,1338-24-5,1,886,"Clear Stereo (ID: ClearStereo)
Wedge Clean (ID: WedgeClean)
Mesomerize (ID: Mesomerize)
Tautomerize (ID: Tautomerize)
Add Explicit Hydrogens (ID: AddExplicitH)
Neutralize (ID: Neutralize)
Clean 2D (ID: Clean2D)",,886,CCC1CCC(CCC(=O)O)C1
WVYWICLMDOOCFB-UHFFFAOYSA-N,2A,108-11-2,1,887,"Clear Stereo (ID: ClearStereo)
Wedge Clean (ID: WedgeClean)
Mesomerize (ID: Mesomerize)
Tautomerize (ID: Tautomerize)
Add Explicit Hydrogens (ID: AddExplicitH)
Neutralize (ID: Neutralize)
Clean 2D (ID: Clean2D)",,887,CC(C)CC(C)O
WXABJFUNSDXVNH-UHFFFAOYSA-N,2B,847565-09-7,1,888,"Dearomatize (ID: Dearomatize)
Clear Stereo (ID: ClearStereo)
Wedge Clean (ID: WedgeClean)
Mesomerize (ID: Mesomerize)
Tautomerize (ID: Tautomerize)
Aromatize (ID: Aromatize)
Add Explicit Hydrogens (ID: AddExplicitH)
Neutralize (ID: Neutralize)
Clean 2D (ID: Clean2D)",,888,CC1CCC(C(C)C)C(C(=O)NCCc2ccccn2)C1
WXEHBUMAEPOYKP-UHFFFAOYSA-N,2A,624-89-5,1,889,"Clear Stereo (ID: ClearStereo)
Wedge Clean (ID: WedgeClean)
Mesomerize (ID: Mesomerize)
Tautomerize (ID: Tautomerize)
Add Explicit Hydrogens (ID: AddExplicitH)
Neutralize (ID: Neutralize)
Clean 2D (ID: Clean2D)",,889,CCSC
WXWYJCSIHQKADM-ZNAKCYKMSA-N,2A,2224-33-1,1,890,"Clear Stereo (ID: ClearStereo)
Wedge Clean (ID: WedgeClean)
Mesomerize (ID: Mesomerize)
Tautomerize (ID: Tautomerize)
Add Explicit Hydrogens (ID: AddExplicitH)
Neutralize (ID: Neutralize)
Clean 2D (ID: Clean2D)",,890,C=C[Si](ON=C(C)CC)(ON=C(C)CC)ON=C(C)CC
WYTZZXDRDKSJID-UHFFFAOYSA-N,1,919-30-2,1,895,"Clear Stereo (ID: ClearStereo)
Wedge Clean (ID: WedgeClean)
Mesomerize (ID: Mesomerize)
Tautomerize (ID: Tautomerize)
Add Explicit Hydrogens (ID: AddExplicitH)
Neutralize (ID: Neutralize)
Clean 2D (ID: Clean2D)",,895,CCO[Si](CCCN)(OCC)OCC
WZCQRUWWHSTZEM-UHFFFAOYSA-N,2A,108-45-2,1,896,"Dearomatize (ID: Dearomatize)
Clear Stereo (ID: ClearStereo)
Wedge Clean (ID: WedgeClean)
Mesomerize (ID: Mesomerize)
Tautomerize (ID: Tautomerize)
Aromatize (ID: Aromatize)
Add Explicit Hydrogens (ID: AddExplicitH)
Neutralize (ID: Neutralize)
Clean 2D (ID: Clean2D)",,896,Nc1cccc(N)c1
WZRRRFSJFQTGGB-UHFFFAOYSA-M,2A,17766-26-6,1,897,"Dearomatize (ID: Dearomatize)
Clear Stereo (ID: ClearStereo)
Wedge Clean (ID: WedgeClean)
Mesomerize (ID: Mesomerize)
Tautomerize (ID: Tautomerize)
Add Explicit Hydrogens (ID: AddExplicitH)
Neutralize (ID: Neutralize)
Clean 2D (ID: Clean2D)",,897,S=c1[nH]c(=S)[nH]c(=S)[nH]1
XDTMQSROBMDMFD-UHFFFAOYSA-N,1,68411-76-7,1,902,"Clear Stereo (ID: ClearStereo)
Wedge Clean (ID: WedgeClean)
Mesomerize (ID: Mesomerize)
Tautomerize (ID: Tautomerize)
Add Explicit Hydrogens (ID: AddExplicitH)
Neutralize (ID: Neutralize)
Clean 2D (ID: Clean2D)",,902,C1CCCCC1
XESZUVZBAMCAEJ-UHFFFAOYSA-N,1,98-29-3,1,904,"Dearomatize (ID: Dearomatize)
Clear Stereo (ID: ClearStereo)
Wedge Clean (ID: WedgeClean)
Mesomerize (ID: Mesomerize)
Tautomerize (ID: Tautomerize)
Aromatize (ID: Aromatize)
Add Explicit Hydrogens (ID: AddExplicitH)
Neutralize (ID: Neutralize)
Clean 2D (ID: Clean2D)",,904,CC(C)(C)c1ccc(O)c(O)c1
XFNJVJPLKCPIBV-UHFFFAOYSA-N,1,109-76-2,1,906,"Clear Stereo (ID: ClearStereo)
Wedge Clean (ID: WedgeClean)
Mesomerize (ID: Mesomerize)
Tautomerize (ID: Tautomerize)
Add Explicit Hydrogens (ID: AddExplicitH)
Neutralize (ID: Neutralize)
Clean 2D (ID: Clean2D)",,906,NCCCN
XHXFXVLFKHQFAL-UHFFFAOYSA-N,1,10025-87-3,1,907,"Clear Stereo (ID: ClearStereo)
Wedge Clean (ID: WedgeClean)
Mesomerize (ID: Mesomerize)
Tautomerize (ID: Tautomerize)
Clean 2D (ID: Clean2D)",,907,O=P(Cl)(Cl)Cl
XITRBUPOXXBIJN-UHFFFAOYSA-N,2A,52829-07-9,1,909,"Clear Stereo (ID: ClearStereo)
Wedge Clean (ID: WedgeClean)
Mesomerize (ID: Mesomerize)
Tautomerize (ID: Tautomerize)
Add Explicit Hydrogens (ID: AddExplicitH)
Neutralize (ID: Neutralize)
Clean 2D (ID: Clean2D)",,909,CC1(C)CC(OC(=O)CCCCCCCCC(=O)OC2CC(C)(C)NC(C)(C)C2)CC(C)(C)N1
XNIGXYXNGOOKMT-UHFFFAOYSA-N,2B,117827-06-2,1,921,"Dearomatize (ID: Dearomatize)
Clear Stereo (ID: ClearStereo)
Wedge Clean (ID: WedgeClean)
Mesomerize (ID: Mesomerize)
Tautomerize (ID: Tautomerize)
Aromatize (ID: Aromatize)
Add Explicit Hydrogens (ID: AddExplicitH)
Neutralize (ID: Neutralize)
Clean 2D (ID: Clean2D)",,921,CCCCCCCCCCCCCCCC(=O)Nc1cc(Cl)c(CC)c(Cl)c1O
XNLICIUVMPYHGG-UHFFFAOYSA-N,2A,107-87-9,1,922,"Clear Stereo (ID: ClearStereo)
Wedge Clean (ID: WedgeClean)
Mesomerize (ID: Mesomerize)
Tautomerize (ID: Tautomerize)
Add Explicit Hydrogens (ID: AddExplicitH)
Neutralize (ID: Neutralize)
Clean 2D (ID: Clean2D)",,922,CCCC(C)=O
XNWFRZJHXBZDAG-UHFFFAOYSA-N,2B,109-86-4,1,923,"Clear Stereo (ID: ClearStereo)
Wedge Clean (ID: WedgeClean)
Mesomerize (ID: Mesomerize)
Tautomerize (ID: Tautomerize)
Add Explicit Hydrogens (ID: AddExplicitH)
Neutralize (ID: Neutralize)
Clean 2D (ID: Clean2D)",,923,COCCO
XPPKVPWEQAFLFU-UHFFFAOYSA-N,2A,66034-17-1,1,925,"Clear Stereo (ID: ClearStereo)
Wedge Clean (ID: WedgeClean)
Mesomerize (ID: Mesomerize)
Tautomerize (ID: Tautomerize)
Add Explicit Hydrogens (ID: AddExplicitH)
Neutralize (ID: Neutralize)
Clean 2D (ID: Clean2D)",,925,O=P(O)(O)OP(=O)(O)O
XRIBIDPMFSLGFS-UHFFFAOYSA-N,1,7005-47-2,1,931,"Clear Stereo (ID: ClearStereo)
Wedge Clean (ID: WedgeClean)
Mesomerize (ID: Mesomerize)
Tautomerize (ID: Tautomerize)
Add Explicit Hydrogens (ID: AddExplicitH)
Neutralize (ID: Neutralize)
Clean 2D (ID: Clean2D)",,931,CN(C)C(C)(C)CO
XSQUKJJJFZCRTK-UHFFFAOYSA-N,2B,57-13-6,1,934,"Clear Stereo (ID: ClearStereo)
Wedge Clean (ID: WedgeClean)
Mesomerize (ID: Mesomerize)
Tautomerize (ID: Tautomerize)
Add Explicit Hydrogens (ID: AddExplicitH)
Neutralize (ID: Neutralize)
Clean 2D (ID: Clean2D)",,934,NC(N)=O
XZMCDFZZKTWFGF-UHFFFAOYSA-N,1,156-62-7,1,946,"Mesomerize (ID: Mesomerize)
Tautomerize (ID: Tautomerize)
Add Explicit Hydrogens (ID: AddExplicitH)
Neutralize (ID: Neutralize)
Clean 2D (ID: Clean2D)",,946,N#CN
YAMHXTCMCPHKLN-UHFFFAOYSA-N,2A,120-93-4,1,948,"Clear Stereo (ID: ClearStereo)
Wedge Clean (ID: WedgeClean)
Mesomerize (ID: Mesomerize)
Tautomerize (ID: Tautomerize)
Add Explicit Hydrogens (ID: AddExplicitH)
Neutralize (ID: Neutralize)
Clean 2D (ID: Clean2D)",,948,O=C1NCCN1
YCOHHRPARVZBHK-UHFFFAOYSA-N,2A,128119-70-0,1,952,"Clear Stereo (ID: ClearStereo)
Wedge Clean (ID: WedgeClean)
Mesomerize (ID: Mesomerize)
Tautomerize (ID: Tautomerize)
Add Explicit Hydrogens (ID: AddExplicitH)
Neutralize (ID: Neutralize)
Clean 2D (ID: Clean2D)",,952,CC(CO)COC1CC2CCC1(C)C2(C)C
YDEDDFNFQOPRQJ-UHFFFAOYSA-N,1,87787-67-5,1,955,"Clear Stereo (ID: ClearStereo)
Wedge Clean (ID: WedgeClean)
Mesomerize (ID: Mesomerize)
Tautomerize (ID: Tautomerize)
Add Explicit Hydrogens (ID: AddExplicitH)
Neutralize (ID: Neutralize)
Clean 2D (ID: Clean2D)",,955,CC(C)(C)NCCOCCO
YEJRWHAVMIAJKC-UHFFFAOYSA-N,1,96-48-0,1,958,"Clear Stereo (ID: ClearStereo)
Wedge Clean (ID: WedgeClean)
Mesomerize (ID: Mesomerize)
Tautomerize (ID: Tautomerize)
Add Explicit Hydrogens (ID: AddExplicitH)
Neutralize (ID: Neutralize)
Clean 2D (ID: Clean2D)",,958,O=C1CCCO1
YFNKIDBQEZZDLK-UHFFFAOYSA-N,2B,112-49-2,1,961,"Clear Stereo (ID: ClearStereo)
Wedge Clean (ID: WedgeClean)
Mesomerize (ID: Mesomerize)
Tautomerize (ID: Tautomerize)
Add Explicit Hydrogens (ID: AddExplicitH)
Neutralize (ID: Neutralize)
Clean 2D (ID: Clean2D)",,961,COCCOCCOCCOC
YIMQCDZDWXUDCA-UHFFFAOYSA-N,2A,105-08-8,1,964,"Clear Stereo (ID: ClearStereo)
Wedge Clean (ID: WedgeClean)
Mesomerize (ID: Mesomerize)
Tautomerize (ID: Tautomerize)
Add Explicit Hydrogens (ID: AddExplicitH)
Neutralize (ID: Neutralize)
Clean 2D (ID: Clean2D)",,964,OCC1CCC(CO)CC1
YNOWBNNLZSSIHM-UHFFFAOYSA-N,2A,7237-83-4,1,970,"Dearomatize (ID: Dearomatize)
Clear Stereo (ID: ClearStereo)
Wedge Clean (ID: WedgeClean)
Mesomerize (ID: Mesomerize)
Tautomerize (ID: Tautomerize)
Aromatize (ID: Aromatize)
Add Explicit Hydrogens (ID: AddExplicitH)
Neutralize (ID: Neutralize)
Clean 2D (ID: Clean2D)",,970,O=C(OCC1CO1)c1ccc(C(=O)OCC2CO2)c(C(=O)OCC2CO2)c1
YODZTKMDCQEPHD-UHFFFAOYSA-N,2B,111-48-8,1,971,"Clear Stereo (ID: ClearStereo)
Wedge Clean (ID: WedgeClean)
Mesomerize (ID: Mesomerize)
Tautomerize (ID: Tautomerize)
Add Explicit Hydrogens (ID: AddExplicitH)
Neutralize (ID: Neutralize)
Clean 2D (ID: Clean2D)",,971,OCCSCCO
YOOSAIJKYCBPFW-UHFFFAOYSA-N,1,7300-34-7,1,973,"Clear Stereo (ID: ClearStereo)
Wedge Clean (ID: WedgeClean)
Mesomerize (ID: Mesomerize)
Tautomerize (ID: Tautomerize)
Add Explicit Hydrogens (ID: AddExplicitH)
Neutralize (ID: Neutralize)
Clean 2D (ID: Clean2D)",,973,NCCCOCCCCOCCCN
YSAANLSYLSUVHB-UHFFFAOYSA-N,1,1704-62-7,1,979,"Clear Stereo (ID: ClearStereo)
Wedge Clean (ID: WedgeClean)
Mesomerize (ID: Mesomerize)
Tautomerize (ID: Tautomerize)
Add Explicit Hydrogens (ID: AddExplicitH)
Neutralize (ID: Neutralize)
Clean 2D (ID: Clean2D)",,979,CN(C)CCOCCO
YVSNOTITPICPTB-UHFFFAOYSA-N,2A,63500-71-0,1,980,"Clear Stereo (ID: ClearStereo)
Wedge Clean (ID: WedgeClean)
Mesomerize (ID: Mesomerize)
Tautomerize (ID: Tautomerize)
Add Explicit Hydrogens (ID: AddExplicitH)
Neutralize (ID: Neutralize)
Clean 2D (ID: Clean2D)",,980,CC(C)CC1CC(C)(O)CCO1
YWWNNLPSZSEZNZ-UHFFFAOYSA-N,2A,1120-24-7,1,981,"Clear Stereo (ID: ClearStereo)
Wedge Clean (ID: WedgeClean)
Mesomerize (ID: Mesomerize)
Tautomerize (ID: Tautomerize)
Add Explicit Hydrogens (ID: AddExplicitH)
Neutralize (ID: Neutralize)
Clean 2D (ID: Clean2D)",,981,CCCCCCCCCCN(C)C
YXZZOMVBHPCKMM-UHFFFAOYSA-N,2B,15894-70-9,1,985,"Clear Stereo (ID: ClearStereo)
Wedge Clean (ID: WedgeClean)
Mesomerize (ID: Mesomerize)
Tautomerize (ID: Tautomerize)
Add Explicit Hydrogens (ID: AddExplicitH)
Neutralize (ID: Neutralize)
Clean 2D (ID: Clean2D)",,985,[H]/N=C(\NC#N)NCCCCCCN/C(=N/[H])NC#N
YYROPELSRYBVMQ-UHFFFAOYSA-N,1,98-59-9,1,986,"Dearomatize (ID: Dearomatize)
Clear Stereo (ID: ClearStereo)
Wedge Clean (ID: WedgeClean)
Mesomerize (ID: Mesomerize)
Tautomerize (ID: Tautomerize)
Aromatize (ID: Aromatize)
Add Explicit Hydrogens (ID: AddExplicitH)
Neutralize (ID: Neutralize)
Clean 2D (ID: Clean2D)",,986,Cc1ccc(S(=O)(=O)Cl)cc1
ZACVGCNKGYYQHA-UHFFFAOYSA-N,2A,16111-62-9,1,987,"Clear Stereo (ID: ClearStereo)
Wedge Clean (ID: WedgeClean)
Mesomerize (ID: Mesomerize)
Tautomerize (ID: Tautomerize)
Add Explicit Hydrogens (ID: AddExplicitH)
Neutralize (ID: Neutralize)
Clean 2D (ID: Clean2D)",,987,CCCCC(CC)COC(=O)OOC(=O)OCC(CC)CCCC
ZHNUHDYFZUAESO-UHFFFAOYSA-N,2B,75-12-7,1,1002,"Mesomerize (ID: Mesomerize)
Tautomerize (ID: Tautomerize)
Add Explicit Hydrogens (ID: AddExplicitH)
Neutralize (ID: Neutralize)
Clean 2D (ID: Clean2D)",,1002,NC=O
ZIUSEGSNTOUIPT-UHFFFAOYSA-N,2A,105-56-6,1,1003,"Clear Stereo (ID: ClearStereo)
Wedge Clean (ID: WedgeClean)
Mesomerize (ID: Mesomerize)
Tautomerize (ID: Tautomerize)
Add Explicit Hydrogens (ID: AddExplicitH)
Neutralize (ID: Neutralize)
Clean 2D (ID: Clean2D)",,1003,CCOC(=O)CC#N
ZMANZCXQSJIPKH-UHFFFAOYSA-N,1,121-44-8,1,1005,"Clear Stereo (ID: ClearStereo)
Wedge Clean (ID: WedgeClean)
Mesomerize (ID: Mesomerize)
Tautomerize (ID: Tautomerize)
Add Explicit Hydrogens (ID: AddExplicitH)
Neutralize (ID: Neutralize)
Clean 2D (ID: Clean2D)",,1005,CCN(CC)CC
ZMSQJSMSLXVTKN-UHFFFAOYSA-N,2A,6425-39-4,1,1007,"Clear Stereo (ID: ClearStereo)
Wedge Clean (ID: WedgeClean)
Mesomerize (ID: Mesomerize)
Tautomerize (ID: Tautomerize)
Add Explicit Hydrogens (ID: AddExplicitH)
Neutralize (ID: Neutralize)
Clean 2D (ID: Clean2D)",,1007,C1CN(CCOCCN2CCOCC2)CCO1
ZMZDMBWJUHKJPS-UHFFFAOYSA-M,2A,1762-95-4,1,1009,"Mesomerize (ID: Mesomerize)
Tautomerize (ID: Tautomerize)
Add Explicit Hydrogens (ID: AddExplicitH)
Neutralize (ID: Neutralize)
Clean 2D (ID: Clean2D)",,1009,N#CS
ZOOODBUHSVUZEM-UHFFFAOYSA-M,1,140-90-9,1,1014,"Clear Stereo (ID: ClearStereo)
Wedge Clean (ID: WedgeClean)
Mesomerize (ID: Mesomerize)
Tautomerize (ID: Tautomerize)
Add Explicit Hydrogens (ID: AddExplicitH)
Neutralize (ID: Neutralize)
Clean 2D (ID: Clean2D)",,1014,CCOC(=S)S
ZQXSMRAEXCEDJD-UHFFFAOYSA-N,1,13162-05-5,1,1019,"Clear Stereo (ID: ClearStereo)
Wedge Clean (ID: WedgeClean)
Mesomerize (ID: Mesomerize)
Tautomerize (ID: Tautomerize)
Add Explicit Hydrogens (ID: AddExplicitH)
Neutralize (ID: Neutralize)
Clean 2D (ID: Clean2D)",,1019,C=CNC=O
ZRALSGWEFCBTJO-UHFFFAOYSA-N,1,593-85-1,1,1021,"Clear Stereo (ID: ClearStereo)
Wedge Clean (ID: WedgeClean)
Mesomerize (ID: Mesomerize)
Tautomerize (ID: Tautomerize)
Add Explicit Hydrogens (ID: AddExplicitH)
Neutralize (ID: Neutralize)
Clean 2D (ID: Clean2D)",,1021,[H]N=C(N)N
ZSIAUFGUXNUGDI-UHFFFAOYSA-N,2A,111-27-3,1,1022,"Clear Stereo (ID: ClearStereo)
Wedge Clean (ID: WedgeClean)
Mesomerize (ID: Mesomerize)
Tautomerize (ID: Tautomerize)
Add Explicit Hydrogens (ID: AddExplicitH)
Neutralize (ID: Neutralize)
Clean 2D (ID: Clean2D)",,1022,CCCCCCO
ZTMADXFOCUXMJE-UHFFFAOYSA-N,1,608-25-3,1,1025,"Dearomatize (ID: Dearomatize)
Clear Stereo (ID: ClearStereo)
Wedge Clean (ID: WedgeClean)
Mesomerize (ID: Mesomerize)
Tautomerize (ID: Tautomerize)
Aromatize (ID: Aromatize)
Add Explicit Hydrogens (ID: AddExplicitH)
Neutralize (ID: Neutralize)
Clean 2D (ID: Clean2D)",,1025,Cc1c(O)cccc1O
ZUAURMBNZUCEAF-UHFFFAOYSA-N,1,104-68-7,1,1026,"Dearomatize (ID: Dearomatize)
Clear Stereo (ID: ClearStereo)
Wedge Clean (ID: WedgeClean)
Mesomerize (ID: Mesomerize)
Tautomerize (ID: Tautomerize)
Aromatize (ID: Aromatize)
Add Explicit Hydrogens (ID: AddExplicitH)
Neutralize (ID: Neutralize)
Clean 2D (ID: Clean2D)",,1026,OCCOCCOc1ccccc1
ZUHZZVMEUAUWHY-UHFFFAOYSA-N,1,926-63-6,1,1028,"Clear Stereo (ID: ClearStereo)
Wedge Clean (ID: WedgeClean)
Mesomerize (ID: Mesomerize)
Tautomerize (ID: Tautomerize)
Add Explicit Hydrogens (ID: AddExplicitH)
Neutralize (ID: Neutralize)
Clean 2D (ID: Clean2D)",,1028,CCCN(C)C
ZUVCYFMOHFTGDM-UHFFFAOYSA-M,1,19035-79-1,1,1029,"Clear Stereo (ID: ClearStereo)
Wedge Clean (ID: WedgeClean)
Mesomerize (ID: Mesomerize)
Tautomerize (ID: Tautomerize)
Add Explicit Hydrogens (ID: AddExplicitH)
Neutralize (ID: Neutralize)
Clean 2D (ID: Clean2D)",,1029,CCCCCCCCCCCCCCCCOP(=O)(O)O
ZVFDTKUVRCTHQE-UHFFFAOYSA-N,2B,68515-49-1,1,1030,"Dearomatize (ID: Dearomatize)
Clear Stereo (ID: ClearStereo)
Wedge Clean (ID: WedgeClean)
Mesomerize (ID: Mesomerize)
Tautomerize (ID: Tautomerize)
Aromatize (ID: Aromatize)
Add Explicit Hydrogens (ID: AddExplicitH)
Neutralize (ID: Neutralize)
Clean 2D (ID: Clean2D)",,1030,CC(C)CCCCCCCOC(=O)c1ccccc1C(=O)OCCCCCCCC(C)C
ZXDDPOHVAMWLBH-UHFFFAOYSA-N,2A,131-56-6,1,1031,"Dearomatize (ID: Dearomatize)
Clear Stereo (ID: ClearStereo)
Wedge Clean (ID: WedgeClean)
Mesomerize (ID: Mesomerize)
Tautomerize (ID: Tautomerize)
Aromatize (ID: Aromatize)
Add Explicit Hydrogens (ID: AddExplicitH)
Neutralize (ID: Neutralize)
Clean 2D (ID: Clean2D)",,1031,O=C(c1ccccc1)c1ccc(O)cc1O
ZXEKIIBDNHEJCQ-UHFFFAOYSA-N,1,78-83-1,1,1032,"Clear Stereo (ID: ClearStereo)
Wedge Clean (ID: WedgeClean)
Mesomerize (ID: Mesomerize)
Tautomerize (ID: Tautomerize)
Add Explicit Hydrogens (ID: AddExplicitH)
Neutralize (ID: Neutralize)
Clean 2D (ID: Clean2D)",,1032,CC(C)CO
ZYHMJXZULPZUED-UHFFFAOYSA-N,1,2312-35-8,1,1033,"Dearomatize (ID: Dearomatize)
Clear Stereo (ID: ClearStereo)
Wedge Clean (ID: WedgeClean)
Mesomerize (ID: Mesomerize)
Tautomerize (ID: Tautomerize)
Aromatize (ID: Aromatize)
Add Explicit Hydrogens (ID: AddExplicitH)
Neutralize (ID: Neutralize)
Clean 2D (ID: Clean2D)",,1033,C#CCOS(=O)OC1CCCCC1Oc1ccc(C(C)(C)C)cc1
"InChI=1S/C13H6Cl6O2/c14-6-2-8(16)12(20)4(10(6)18)1-5-11(19)7(15)3-9(17)13(5)21/h2-3,20-21H,1H2",,70-30-4,1,1041,"Dearomatize (ID: Dearomatize)
Clear Stereo (ID: ClearStereo)
Wedge Clean (ID: WedgeClean)
Mesomerize (ID: Mesomerize)
Tautomerize (ID: Tautomerize)
Aromatize (ID: Aromatize)
Add Explicit Hydrogens (ID: AddExplicitH)
Neutralize (ID: Neutralize)
Clean 2D (ID: Clean2D)",,1041,Oc1c(Cl)cc(Cl)c(Cl)c1Cc1c(O)c(Cl)cc(Cl)c1Cl
InChI=1S/C7H4ClNO/c8-6-1-3-7(4-2-6)9-5-10/h1-4H,,104-12-1,1,1045,"Dearomatize (ID: Dearomatize)
Clear Stereo (ID: ClearStereo)
Wedge Clean (ID: WedgeClean)
Mesomerize (ID: Mesomerize)
Tautomerize (ID: Tautomerize)
Aromatize (ID: Aromatize)
Add Explicit Hydrogens (ID: AddExplicitH)
Neutralize (ID: Neutralize)
Clean 2D (ID: Clean2D)",,1045,O=C=Nc1ccc(Cl)cc1
"InChI=1S/C10H20/c1-3-5-7-9-10-8-6-4-2/h3H,1,4-10H2,2H3",,872-05-9,1,1057,"Clear Stereo (ID: ClearStereo)
Wedge Clean (ID: WedgeClean)
Mesomerize (ID: Mesomerize)
Tautomerize (ID: Tautomerize)
Add Explicit Hydrogens (ID: AddExplicitH)
Neutralize (ID: Neutralize)
Clean 2D (ID: Clean2D)",,1057,C=CCCCCCCCC
"InChI=1S/C7H5N5O8/c1-8(12(19)20)7-5(10(15)16)2-4(9(13)14)3-6(7)11(17)18/h2-3H,1H3",,479-45-8,1,1061,"Dearomatize (ID: Dearomatize)
Clear Stereo (ID: ClearStereo)
Wedge Clean (ID: WedgeClean)
Mesomerize (ID: Mesomerize)
Tautomerize (ID: Tautomerize)
Aromatize (ID: Aromatize)
Add Explicit Hydrogens (ID: AddExplicitH)
Neutralize (ID: Neutralize)
Clean 2D (ID: Clean2D)",,1061,CN(c1c([N+](=O)[O-])cc([N+](=O)[O-])cc1[N+](=O)[O-])[N+](=O)[O-]
InChI=1S/C6H12Cl2O2/c7-1-3-9-5-6-10-4-2-8/h1-6H2,1,27252-69-3,1,1062,"Clear Stereo (ID: ClearStereo)
Wedge Clean (ID: WedgeClean)
Mesomerize (ID: Mesomerize)
Tautomerize (ID: Tautomerize)
Add Explicit Hydrogens (ID: AddExplicitH)
Neutralize (ID: Neutralize)
Clean 2D (ID: Clean2D)",,1062,ClCCOCCOCCCl
InChI=1S/C3H6O/c1-2-4-3-1/h1-3H2,,503-30-0,1,1064,"Clear Stereo (ID: ClearStereo)
Wedge Clean (ID: WedgeClean)
Mesomerize (ID: Mesomerize)
Tautomerize (ID: Tautomerize)
Add Explicit Hydrogens (ID: AddExplicitH)
Neutralize (ID: Neutralize)
Clean 2D (ID: Clean2D)",,1064,C1COC1
"InChI=1S/C14H10Cl4/c15-11-5-1-9(2-6-11)13(14(17)18)10-3-7-12(16)8-4-10/h1-8,13-14H",,72-54-8,1,1065,"Dearomatize (ID: Dearomatize)
Clear Stereo (ID: ClearStereo)
Wedge Clean (ID: WedgeClean)
Mesomerize (ID: Mesomerize)
Tautomerize (ID: Tautomerize)
Aromatize (ID: Aromatize)
Add Explicit Hydrogens (ID: AddExplicitH)
Neutralize (ID: Neutralize)
Clean 2D (ID: Clean2D)",,1065,Clc1ccc(C(c2ccc(Cl)cc2)C(Cl)Cl)cc1
"InChI=1S/C6H12NO4PS2/c1-7(5-8)6(9)4-14-12(13,10-2)11-3/h5H,4H2,1-3H3",,2540-82-1,1,1070,"Clear Stereo (ID: ClearStereo)
Wedge Clean (ID: WedgeClean)
Mesomerize (ID: Mesomerize)
Tautomerize (ID: Tautomerize)
Add Explicit Hydrogens (ID: AddExplicitH)
Neutralize (ID: Neutralize)
Clean 2D (ID: Clean2D)",,1070,COP(=S)(OC)SCC(=O)N(C)C=O
"InChI=1S/C6H13NO/c1-4-7(5-2)6(3)8/h4-5H2,1-3H3",,685-91-6,1,1076,"Clear Stereo (ID: ClearStereo)
Wedge Clean (ID: WedgeClean)
Mesomerize (ID: Mesomerize)
Tautomerize (ID: Tautomerize)
Add Explicit Hydrogens (ID: AddExplicitH)
Neutralize (ID: Neutralize)
Clean 2D (ID: Clean2D)",,1076,CCN(CC)C(C)=O
"InChI=1S/C6H13NO/c1-2-3-4-5-6(7)8/h2-5H2,1H3,(H2,7,8)",,628-02-4,1,1085,"Clear Stereo (ID: ClearStereo)
Wedge Clean (ID: WedgeClean)
Mesomerize (ID: Mesomerize)
Tautomerize (ID: Tautomerize)
Add Explicit Hydrogens (ID: AddExplicitH)
Neutralize (ID: Neutralize)
Clean 2D (ID: Clean2D)",,1085,CCCCCC(N)=O
"InChI=1S/C3H6O3/c4-2-1-3(5)6/h4H,1-2H2,(H,5,6)",,503-66-2,1,1088,"Clear Stereo (ID: ClearStereo)
Wedge Clean (ID: WedgeClean)
Mesomerize (ID: Mesomerize)
Tautomerize (ID: Tautomerize)
Add Explicit Hydrogens (ID: AddExplicitH)
Neutralize (ID: Neutralize)
Clean 2D (ID: Clean2D)",,1088,O=C(O)CCO
"InChI=1S/C4H8O/c1-4(2)3-5/h3-4H,1-2H3",2B,78-84-2,1,1093,"Clear Stereo (ID: ClearStereo)
Wedge Clean (ID: WedgeClean)
Mesomerize (ID: Mesomerize)
Tautomerize (ID: Tautomerize)
Add Explicit Hydrogens (ID: AddExplicitH)
Neutralize (ID: Neutralize)
Clean 2D (ID: Clean2D)",,1093,CC(C)C=O
"InChI=1S/C4H5NO2/c1-7-4(6)2-3-5/h2H2,1H3",2A,105-34-0,1,1096,"Clear Stereo (ID: ClearStereo)
Wedge Clean (ID: WedgeClean)
Mesomerize (ID: Mesomerize)
Tautomerize (ID: Tautomerize)
Add Explicit Hydrogens (ID: AddExplicitH)
Neutralize (ID: Neutralize)
Clean 2D (ID: Clean2D)",,1096,COC(=O)CC#N
"InChI=1S/C16H33NO3/c1-2-3-4-5-6-7-8-9-10-11-16(20)17(12-14-18)13-15-19/h18-19H,2-15H2,1H3",,120-40-1,1,1103,"Clear Stereo (ID: ClearStereo)
Wedge Clean (ID: WedgeClean)
Mesomerize (ID: Mesomerize)
Tautomerize (ID: Tautomerize)
Add Explicit Hydrogens (ID: AddExplicitH)
Neutralize (ID: Neutralize)
Clean 2D (ID: Clean2D)",,1103,CCCCCCCCCCCC(=O)N(CCO)CCO
"InChI=1S/C15H13Cl2F3N2O4/c1-3-24-11(23)6-25-10-4-7(9(18)5-8(10)16)13-12(17)14(22(2)21-13)26-15(19)20/h4-5,15H,3,6H2,1-2H3",,129630-19-9,1,1109,"Dearomatize (ID: Dearomatize)
Clear Stereo (ID: ClearStereo)
Wedge Clean (ID: WedgeClean)
Mesomerize (ID: Mesomerize)
Tautomerize (ID: Tautomerize)
Aromatize (ID: Aromatize)
Add Explicit Hydrogens (ID: AddExplicitH)
Neutralize (ID: Neutralize)
Clean 2D (ID: Clean2D)",,1109,CCOC(=O)COc1cc(-c2nn(C)c(OC(F)F)c2Cl)c(F)cc1Cl
InChI=1S/CBrN/c2-1-3,,506-68-3,1,1127,"Mesomerize (ID: Mesomerize)
Tautomerize (ID: Tautomerize)
Clean 2D (ID: Clean2D)",,1127,N#CBr
"InChI=1S/C2H5NO/c1-3-2-4/h2H,1H3,(H,3,4)",,123-39-7,1,1128,"Clear Stereo (ID: ClearStereo)
Wedge Clean (ID: WedgeClean)
Mesomerize (ID: Mesomerize)
Tautomerize (ID: Tautomerize)
Add Explicit Hydrogens (ID: AddExplicitH)
Neutralize (ID: Neutralize)
Clean 2D (ID: Clean2D)",,1128,CNC=O
"InChI=1S/C9H12/c1-7-4-8(2)6-9(3)5-7/h4-6H,1-3H3",,108-67-8,1,1131,"Dearomatize (ID: Dearomatize)
Clear Stereo (ID: ClearStereo)
Wedge Clean (ID: WedgeClean)
Mesomerize (ID: Mesomerize)
Tautomerize (ID: Tautomerize)
Aromatize (ID: Aromatize)
Add Explicit Hydrogens (ID: AddExplicitH)
Neutralize (ID: Neutralize)
Clean 2D (ID: Clean2D)",,1131,Cc1cc(C)cc(C)c1
InChI=1S/C7H3Cl3O/c8-5-1-2-6(9)7(10)4(5)3-11/h1-3H,,4659-47-6,1,1133,"Dearomatize (ID: Dearomatize)
Clear Stereo (ID: ClearStereo)
Wedge Clean (ID: WedgeClean)
Mesomerize (ID: Mesomerize)
Tautomerize (ID: Tautomerize)
Aromatize (ID: Aromatize)
Add Explicit Hydrogens (ID: AddExplicitH)
Neutralize (ID: Neutralize)
Clean 2D (ID: Clean2D)",,1133,O=Cc1c(Cl)ccc(Cl)c1Cl
"InChI=1S/C8H8O/c1-2-4-7(5-3-1)8-6-9-8/h1-5,8H,6H2",,96-09-3,1,1141,"Dearomatize (ID: Dearomatize)
Clear Stereo (ID: ClearStereo)
Wedge Clean (ID: WedgeClean)
Mesomerize (ID: Mesomerize)
Tautomerize (ID: Tautomerize)
Aromatize (ID: Aromatize)
Add Explicit Hydrogens (ID: AddExplicitH)
Neutralize (ID: Neutralize)
Clean 2D (ID: Clean2D)",,1141,c1ccc(C2CO2)cc1
"InChI=1S/C4H8N2S4/c7-3(8)5-1-2-6-4(9)10/h1-2H2,(H2,5,7,8)(H2,6,9,10)",,142-59-6 12427-38-2,1,1142,"Clear Stereo (ID: ClearStereo)
Wedge Clean (ID: WedgeClean)
Mesomerize (ID: Mesomerize)
Tautomerize (ID: Tautomerize)
Add Explicit Hydrogens (ID: AddExplicitH)
Neutralize (ID: Neutralize)
Clean 2D (ID: Clean2D)",,1142,S=C(S)NCCNC(=S)S
"InChI=1S/C5H4O3/c1-3-2-4(6)8-5(3)7/h2H,1H3",,616-02-4,1,1146,"Clear Stereo (ID: ClearStereo)
Wedge Clean (ID: WedgeClean)
Mesomerize (ID: Mesomerize)
Tautomerize (ID: Tautomerize)
Add Explicit Hydrogens (ID: AddExplicitH)
Neutralize (ID: Neutralize)
Clean 2D (ID: Clean2D)",,1146,CC1=CC(=O)OC1=O
"InChI=1S/C9H18O2/c1-4-5-6-11-9(10)7-8(2)3/h8H,4-7H2,1-3H3",,109-19-3,1,1147,"Clear Stereo (ID: ClearStereo)
Wedge Clean (ID: WedgeClean)
Mesomerize (ID: Mesomerize)
Tautomerize (ID: Tautomerize)
Add Explicit Hydrogens (ID: AddExplicitH)
Neutralize (ID: Neutralize)
Clean 2D (ID: Clean2D)",,1147,CCCCOC(=O)CC(C)C
InChI=1S/C6H4O2/c7-5-1-2-6(8)4-3-5/h1-4H,,106-51-4,1,1148,"Clear Stereo (ID: ClearStereo)
Wedge Clean (ID: WedgeClean)
Mesomerize (ID: Mesomerize)
Tautomerize (ID: Tautomerize)
Add Explicit Hydrogens (ID: AddExplicitH)
Neutralize (ID: Neutralize)
Clean 2D (ID: Clean2D)",,1148,O=C1C=CC(=O)C=C1
"InChI=1S/C20H8Br4O5/c21-11-5-9-13(7-3-1-2-4-8(7)20(27)28)10-6-12(22)17(26)15(24)19(10)29-18(9)14(23)16(11)25/h1-6,25H,(H,27,28)",,548-26-5,1,1149,"Dearomatize (ID: Dearomatize)
Clear Stereo (ID: ClearStereo)
Wedge Clean (ID: WedgeClean)
Mesomerize (ID: Mesomerize)
Tautomerize (ID: Tautomerize)
Aromatize (ID: Aromatize)
Add Explicit Hydrogens (ID: AddExplicitH)
Neutralize (ID: Neutralize)
Clean 2D (ID: Clean2D)",,1149,O=C(O)c1ccccc1-c1c2cc(Br)c(=O)c(Br)c-2oc2c(Br)c(O)c(Br)cc12
"InChI=1S/C4H6O2/c1-3-4(5)6-2/h3H,1H2,2H3",,96-33-3,1,1152,"Clear Stereo (ID: ClearStereo)
Wedge Clean (ID: WedgeClean)
Mesomerize (ID: Mesomerize)
Tautomerize (ID: Tautomerize)
Add Explicit Hydrogens (ID: AddExplicitH)
Neutralize (ID: Neutralize)
Clean 2D (ID: Clean2D)",,1152,C=CC(=O)OC
"InChI=1S/CH5N/c1-2/h2H2,1H3",,74-89-5,1,1155,"Mesomerize (ID: Mesomerize)
Tautomerize (ID: Tautomerize)
Add Explicit Hydrogens (ID: AddExplicitH)
Neutralize (ID: Neutralize)
Clean 2D (ID: Clean2D)",,1155,CN
InChI=1S/C7H3Cl5O/c1-13-7-5(11)3(9)2(8)4(10)6(7)12/h1H3,,1825-21-4,1,1157,"Dearomatize (ID: Dearomatize)
Clear Stereo (ID: ClearStereo)
Wedge Clean (ID: WedgeClean)
Mesomerize (ID: Mesomerize)
Tautomerize (ID: Tautomerize)
Aromatize (ID: Aromatize)
Add Explicit Hydrogens (ID: AddExplicitH)
Neutralize (ID: Neutralize)
Clean 2D (ID: Clean2D)",,1157,COc1c(Cl)c(Cl)c(Cl)c(Cl)c1Cl
"InChI=1S/C17H14N2O2/c1-21-16-9-5-4-8-14(16)18-19-17-13-7-3-2-6-12(13)10-11-15(17)20/h2-11,18H,1H3",,1229-55-6,1,1158,"Dearomatize (ID: Dearomatize)
Clear Stereo (ID: ClearStereo)
Wedge Clean (ID: WedgeClean)
Mesomerize (ID: Mesomerize)
Tautomerize (ID: Tautomerize)
Aromatize (ID: Aromatize)
Add Explicit Hydrogens (ID: AddExplicitH)
Neutralize (ID: Neutralize)
Clean 2D (ID: Clean2D)",,1158,COc1ccccc1NN=C1C(=O)C=Cc2ccccc21
InChI=1S/C16H10/c1-3-11-7-9-13-5-2-6-14-10-8-12(4-1)15(11)16(13)14/h1-10H,,129-00-0,1,1159,"Dearomatize (ID: Dearomatize)
Clear Stereo (ID: ClearStereo)
Wedge Clean (ID: WedgeClean)
Mesomerize (ID: Mesomerize)
Tautomerize (ID: Tautomerize)
Aromatize (ID: Aromatize)
Add Explicit Hydrogens (ID: AddExplicitH)
Neutralize (ID: Neutralize)
Clean 2D (ID: Clean2D)",,1159,c1cc2ccc3cccc4ccc(c1)c2c34
"InChI=1S/C7H16O/c1-2-3-4-5-6-7-8/h8H,2-7H2,1H3",,111-70-6,1,1160,"Clear Stereo (ID: ClearStereo)
Wedge Clean (ID: WedgeClean)
Mesomerize (ID: Mesomerize)
Tautomerize (ID: Tautomerize)
Add Explicit Hydrogens (ID: AddExplicitH)
Neutralize (ID: Neutralize)
Clean 2D (ID: Clean2D)",,1160,CCCCCCCO
"InChI=1S/C6H15O3P/c1-4-7-10(8-5-2)9-6-3/h4-6H2,1-3H3",,122-52-1,1,1170,"Clear Stereo (ID: ClearStereo)
Wedge Clean (ID: WedgeClean)
Mesomerize (ID: Mesomerize)
Tautomerize (ID: Tautomerize)
Add Explicit Hydrogens (ID: AddExplicitH)
Neutralize (ID: Neutralize)
Clean 2D (ID: Clean2D)",,1170,CCOP(OCC)OCC
"InChI=1S/C4H5NOS/c1-5-4(6)2-3-7-5/h2-3H,1H3",,2682-20-4,1,1171,"Dearomatize (ID: Dearomatize)
Clear Stereo (ID: ClearStereo)
Wedge Clean (ID: WedgeClean)
Mesomerize (ID: Mesomerize)
Tautomerize (ID: Tautomerize)
Add Explicit Hydrogens (ID: AddExplicitH)
Neutralize (ID: Neutralize)
Clean 2D (ID: Clean2D)",,1171,Cn1sccc1=O
"InChI=1S/C6H15NO/c1-3-7(4-2)5-6-8/h8H,3-6H2,1-2H3",1,100-37-8,1,1176,"Clear Stereo (ID: ClearStereo)
Wedge Clean (ID: WedgeClean)
Mesomerize (ID: Mesomerize)
Tautomerize (ID: Tautomerize)
Add Explicit Hydrogens (ID: AddExplicitH)
Neutralize (ID: Neutralize)
Clean 2D (ID: Clean2D)",,1176,CCN(CC)CCO
"InChI=1S/C4H4N2O2/c7-3-1-2-4(8)6-5-3/h1-2H,(H,5,7)(H,6,8)",,123-33-1,1,1183,"Dearomatize (ID: Dearomatize)
Clear Stereo (ID: ClearStereo)
Wedge Clean (ID: WedgeClean)
Mesomerize (ID: Mesomerize)
Tautomerize (ID: Tautomerize)
Add Explicit Hydrogens (ID: AddExplicitH)
Neutralize (ID: Neutralize)
Clean 2D (ID: Clean2D)",,1183,O=c1ccc(=O)[nH][nH]1
"InChI=1S/C15H10ClF3N2O6S/c1-28(25,26)20-14(22)10-7-9(3-4-12(10)21(23)24)27-13-5-2-8(6-11(13)16)15(17,18)19/h2-7H,1H3,(H,20,22)",,72178-02-0,1,1186,"Dearomatize (ID: Dearomatize)
Clear Stereo (ID: ClearStereo)
Wedge Clean (ID: WedgeClean)
Mesomerize (ID: Mesomerize)
Tautomerize (ID: Tautomerize)
Aromatize (ID: Aromatize)
Add Explicit Hydrogens (ID: AddExplicitH)
Neutralize (ID: Neutralize)
Clean 2D (ID: Clean2D)",,1186,CS(=O)(=O)NC(=O)c1cc(Oc2ccc(C(F)(F)F)cc2Cl)ccc1[N+](=O)[O-]
"InChI=1S/C7H9NO/c1-9-7-4-2-6(8)3-5-7/h2-5H,8H2,1H3",,104-94-9,1,1187,"Dearomatize (ID: Dearomatize)
Clear Stereo (ID: ClearStereo)
Wedge Clean (ID: WedgeClean)
Mesomerize (ID: Mesomerize)
Tautomerize (ID: Tautomerize)
Aromatize (ID: Aromatize)
Add Explicit Hydrogens (ID: AddExplicitH)
Neutralize (ID: Neutralize)
Clean 2D (ID: Clean2D)",,1187,COc1ccc(N)cc1
"InChI=1S/C4H6O5/c5-2(4(8)9)1-3(6)7/h2,5H,1H2,(H,6,7)(H,8,9)",,6915-15-7,1,1192,"Clear Stereo (ID: ClearStereo)
Wedge Clean (ID: WedgeClean)
Mesomerize (ID: Mesomerize)
Tautomerize (ID: Tautomerize)
Add Explicit Hydrogens (ID: AddExplicitH)
Neutralize (ID: Neutralize)
Clean 2D (ID: Clean2D)",,1192,O=C(O)CC(O)C(=O)O
"InChI=1S/C10H12O2/c1-3-4-8-5-6-9(11)10(7-8)12-2/h3-7,11H,1-2H3",,97-54-1,1,1194,"Dearomatize (ID: Dearomatize)
Clear Stereo (ID: ClearStereo)
Wedge Clean (ID: WedgeClean)
Mesomerize (ID: Mesomerize)
Tautomerize (ID: Tautomerize)
Aromatize (ID: Aromatize)
Add Explicit Hydrogens (ID: AddExplicitH)
Neutralize (ID: Neutralize)
Clean 2D (ID: Clean2D)",,1194,CC=Cc1ccc(O)c(OC)c1
"InChI=1S/C9H20/c1-3-5-7-9-8-6-4-2/h3-9H2,1-2H3",,111-84-2,1,1196,"Clear Stereo (ID: ClearStereo)
Wedge Clean (ID: WedgeClean)
Mesomerize (ID: Mesomerize)
Tautomerize (ID: Tautomerize)
Add Explicit Hydrogens (ID: AddExplicitH)
Neutralize (ID: Neutralize)
Clean 2D (ID: Clean2D)",,1196,CCCCCCCCC
"InChI=1S/C21H14N2O6S/c24-19-16(21(25)26)11-13-6-2-3-7-14(13)18(19)23-22-17-10-9-12-5-1-4-8-15(12)20(17)30(27,28)29/h1-11,22H,(H,25,26)(H,27,28,29)",,6417-83-0,1,1197,"Dearomatize (ID: Dearomatize)
Clear Stereo (ID: ClearStereo)
Wedge Clean (ID: WedgeClean)
Mesomerize (ID: Mesomerize)
Tautomerize (ID: Tautomerize)
Aromatize (ID: Aromatize)
Add Explicit Hydrogens (ID: AddExplicitH)
Neutralize (ID: Neutralize)
Clean 2D (ID: Clean2D)",,1197,O=C(O)C1=Cc2ccccc2C(=NNc2ccc3ccccc3c2S(=O)(=O)O)C1=O
"InChI=1S/C5H6N2O/c6-5-4(8)2-1-3-7-5/h1-3,8H,(H2,6,7)",2A,16867-03-1,1,1206,"Dearomatize (ID: Dearomatize)
Clear Stereo (ID: ClearStereo)
Wedge Clean (ID: WedgeClean)
Mesomerize (ID: Mesomerize)
Tautomerize (ID: Tautomerize)
Aromatize (ID: Aromatize)
Add Explicit Hydrogens (ID: AddExplicitH)
Neutralize (ID: Neutralize)
Clean 2D (ID: Clean2D)",,1206,Nc1ncccc1O
"InChI=1S/C10H8O2/c11-9-5-1-3-7-8(9)4-2-6-10(7)12/h1-6,11-12H",2A,83-56-7,1,1211,"Dearomatize (ID: Dearomatize)
Clear Stereo (ID: ClearStereo)
Wedge Clean (ID: WedgeClean)
Mesomerize (ID: Mesomerize)
Tautomerize (ID: Tautomerize)
Aromatize (ID: Aromatize)
Add Explicit Hydrogens (ID: AddExplicitH)
Neutralize (ID: Neutralize)
Clean 2D (ID: Clean2D)",,1211,Oc1cccc2c(O)cccc12
"InChI=1S/C9H11NO/c1-7-5-3-4-6-9(7)10-8(2)11/h3-6H,1-2H3,(H,10,11)",,120-66-1,1,1216,"Dearomatize (ID: Dearomatize)
Clear Stereo (ID: ClearStereo)
Wedge Clean (ID: WedgeClean)
Mesomerize (ID: Mesomerize)
Tautomerize (ID: Tautomerize)
Aromatize (ID: Aromatize)
Add Explicit Hydrogens (ID: AddExplicitH)
Neutralize (ID: Neutralize)
Clean 2D (ID: Clean2D)",,1216,CC(=O)Nc1ccccc1C
"InChI=1S/C8H10O3S/c1-2-7-3-5-8(6-4-7)12(9,10)11/h3-6H,2H2,1H3,(H,9,10,11)",,98-69-1,1,1223,"Dearomatize (ID: Dearomatize)
Clear Stereo (ID: ClearStereo)
Wedge Clean (ID: WedgeClean)
Mesomerize (ID: Mesomerize)
Tautomerize (ID: Tautomerize)
Aromatize (ID: Aromatize)
Add Explicit Hydrogens (ID: AddExplicitH)
Neutralize (ID: Neutralize)
Clean 2D (ID: Clean2D)",,1223,CCc1ccc(S(=O)(=O)O)cc1
"InChI=1S/C16H12N2O7S2/c19-15-8-1-10-9-13(27(23,24)25)6-7-14(10)16(15)18-17-11-2-4-12(5-3-11)26(20,21)22/h1-9,17H,(H,20,21,22)(H,23,24,25)",,2783-94-0,1,1225,"Dearomatize (ID: Dearomatize)
Clear Stereo (ID: ClearStereo)
Wedge Clean (ID: WedgeClean)
Mesomerize (ID: Mesomerize)
Tautomerize (ID: Tautomerize)
Aromatize (ID: Aromatize)
Add Explicit Hydrogens (ID: AddExplicitH)
Neutralize (ID: Neutralize)
Clean 2D (ID: Clean2D)",,1225,O=C1C=Cc2cc(S(=O)(=O)O)ccc2C1=NNc1ccc(S(=O)(=O)O)cc1
"InChI=1S/C9H18O/c1-7-4-8(10)6-9(2,3)5-7/h7-8,10H,4-6H2,1-3H3",,116-02-9,1,1226,"Clear Stereo (ID: ClearStereo)
Wedge Clean (ID: WedgeClean)
Mesomerize (ID: Mesomerize)
Tautomerize (ID: Tautomerize)
Add Explicit Hydrogens (ID: AddExplicitH)
Neutralize (ID: Neutralize)
Clean 2D (ID: Clean2D)",,1226,CC1CC(O)CC(C)(C)C1
"InChI=1S/C6H7N/c1-6-4-2-3-5-7-6/h2-5H,1H3",,109-06-8,1,1227,"Dearomatize (ID: Dearomatize)
Clear Stereo (ID: ClearStereo)
Wedge Clean (ID: WedgeClean)
Mesomerize (ID: Mesomerize)
Tautomerize (ID: Tautomerize)
Aromatize (ID: Aromatize)
Add Explicit Hydrogens (ID: AddExplicitH)
Neutralize (ID: Neutralize)
Clean 2D (ID: Clean2D)",,1227,Cc1ccccn1
"InChI=1S/C4H10O/c1-3-4(2)5/h4-5H,3H2,1-2H3",,78-92-2,1,1228,"Clear Stereo (ID: ClearStereo)
Wedge Clean (ID: WedgeClean)
Mesomerize (ID: Mesomerize)
Tautomerize (ID: Tautomerize)
Add Explicit Hydrogens (ID: AddExplicitH)
Neutralize (ID: Neutralize)
Clean 2D (ID: Clean2D)",,1228,CCC(C)O
InChI=1S/C6H8N2/c7-5-3-1-2-4-6-8/h1-4H2,,111-69-3,1,1230,"Clear Stereo (ID: ClearStereo)
Wedge Clean (ID: WedgeClean)
Mesomerize (ID: Mesomerize)
Tautomerize (ID: Tautomerize)
Add Explicit Hydrogens (ID: AddExplicitH)
Neutralize (ID: Neutralize)
Clean 2D (ID: Clean2D)",,1230,N#CCCCCC#N
"InChI=1S/C3H5ClO/c1-3(5)2-4/h2H2,1H3",,78-95-5,1,1235,"Clear Stereo (ID: ClearStereo)
Wedge Clean (ID: WedgeClean)
Mesomerize (ID: Mesomerize)
Tautomerize (ID: Tautomerize)
Add Explicit Hydrogens (ID: AddExplicitH)
Neutralize (ID: Neutralize)
Clean 2D (ID: Clean2D)",,1235,CC(=O)CCl
"InChI=1S/C7H17O2PS3/c1-4-8-10(11,9-5-2)13-7-12-6-3/h4-7H2,1-3H3",,298-02-2,1,1236,"Clear Stereo (ID: ClearStereo)
Wedge Clean (ID: WedgeClean)
Mesomerize (ID: Mesomerize)
Tautomerize (ID: Tautomerize)
Add Explicit Hydrogens (ID: AddExplicitH)
Neutralize (ID: Neutralize)
Clean 2D (ID: Clean2D)",,1236,CCOP(=S)(OCC)SCSCC
"InChI=1S/C4H7Br2Cl2O4P/c1-10-13(9,11-2)12-3(5)4(6,7)8/h3H,1-2H3",,300-76-5,1,1237,"Clear Stereo (ID: ClearStereo)
Wedge Clean (ID: WedgeClean)
Mesomerize (ID: Mesomerize)
Tautomerize (ID: Tautomerize)
Add Explicit Hydrogens (ID: AddExplicitH)
Neutralize (ID: Neutralize)
Clean 2D (ID: Clean2D)",,1237,COP(=O)(OC)OC(Br)C(Cl)(Cl)Br
"InChI=1S/C8H14O6/c1-5(2)11-7(9)13-14-8(10)12-6(3)4/h5-6H,1-4H3",,105-64-6,1,1238,"Clear Stereo (ID: ClearStereo)
Wedge Clean (ID: WedgeClean)
Mesomerize (ID: Mesomerize)
Tautomerize (ID: Tautomerize)
Add Explicit Hydrogens (ID: AddExplicitH)
Neutralize (ID: Neutralize)
Clean 2D (ID: Clean2D)",,1238,CC(C)OC(=O)OOC(=O)OC(C)C
"InChI=1S/C4H8O3/c1-4(2,7)3(5)6/h7H,1-2H3,(H,5,6)",1,594-61-6,1,1239,"Clear Stereo (ID: ClearStereo)
Wedge Clean (ID: WedgeClean)
Mesomerize (ID: Mesomerize)
Tautomerize (ID: Tautomerize)
Add Explicit Hydrogens (ID: AddExplicitH)
Neutralize (ID: Neutralize)
Clean 2D (ID: Clean2D)",,1239,CC(C)(O)C(=O)O
"InChI=1S/C6H7ClN2/c7-4-1-2-5(8)6(9)3-4/h1-3H,8-9H2",,95-83-0,1,1243,"Dearomatize (ID: Dearomatize)
Clear Stereo (ID: ClearStereo)
Wedge Clean (ID: WedgeClean)
Mesomerize (ID: Mesomerize)
Tautomerize (ID: Tautomerize)
Aromatize (ID: Aromatize)
Add Explicit Hydrogens (ID: AddExplicitH)
Neutralize (ID: Neutralize)
Clean 2D (ID: Clean2D)",,1243,Nc1ccc(Cl)cc1N
"InChI=1S/C14H16ClO5PS/c1-4-17-21(22,18-5-2)20-10-6-7-11-9(3)13(15)14(16)19-12(11)8-10/h6-8H,4-5H2,1-3H3",,56-72-4,1,1244,"Dearomatize (ID: Dearomatize)
Clear Stereo (ID: ClearStereo)
Wedge Clean (ID: WedgeClean)
Mesomerize (ID: Mesomerize)
Tautomerize (ID: Tautomerize)
Aromatize (ID: Aromatize)
Add Explicit Hydrogens (ID: AddExplicitH)
Neutralize (ID: Neutralize)
Clean 2D (ID: Clean2D)",,1244,CCOP(=S)(OCC)Oc1ccc2c(C)c(Cl)c(=O)oc2c1
"InChI=1S/C12H8Cl2O2/c13-8-1-4-10(5-2-8)16-12-6-3-9(14)7-11(12)15/h1-7,15H",1,3380-30-1,1,1248,"Dearomatize (ID: Dearomatize)
Clear Stereo (ID: ClearStereo)
Wedge Clean (ID: WedgeClean)
Mesomerize (ID: Mesomerize)
Tautomerize (ID: Tautomerize)
Aromatize (ID: Aromatize)
Add Explicit Hydrogens (ID: AddExplicitH)
Neutralize (ID: Neutralize)
Clean 2D (ID: Clean2D)",,1248,Oc1cc(Cl)ccc1Oc1ccc(Cl)cc1
"InChI=1S/C4H6N4O3S2/c1-2(9)6-3-7-8-4(12-3)13(5,10)11/h1H3,(H2,5,10,11)(H,6,7,9)",,59-66-5,1,1251,"Dearomatize (ID: Dearomatize)
Clear Stereo (ID: ClearStereo)
Wedge Clean (ID: WedgeClean)
Mesomerize (ID: Mesomerize)
Tautomerize (ID: Tautomerize)
Aromatize (ID: Aromatize)
Add Explicit Hydrogens (ID: AddExplicitH)
Neutralize (ID: Neutralize)
Clean 2D (ID: Clean2D)",,1251,CC(=O)Nc1nnc(S(N)(=O)=O)s1
"InChI=1S/C4H5ClO2/c1-2-3-7-4(5)6/h2H,1,3H2",,2937-50-0,1,1254,"Clear Stereo (ID: ClearStereo)
Wedge Clean (ID: WedgeClean)
Mesomerize (ID: Mesomerize)
Tautomerize (ID: Tautomerize)
Add Explicit Hydrogens (ID: AddExplicitH)
Neutralize (ID: Neutralize)
Clean 2D (ID: Clean2D)",,1254,C=CCOC(=O)Cl
"InChI=1S/C4H8N2O3/c1-3-9-4(7)6(2)5-8/h3H2,1-2H3",,615-53-2,1,1256,"Clear Stereo (ID: ClearStereo)
Wedge Clean (ID: WedgeClean)
Mesomerize (ID: Mesomerize)
Tautomerize (ID: Tautomerize)
Add Explicit Hydrogens (ID: AddExplicitH)
Neutralize (ID: Neutralize)
Clean 2D (ID: Clean2D)",,1256,CCOC(=O)N(C)N=O
"InChI=1S/C6H8N2/c7-5-1-2-6(8)4-3-5/h1-4H,7-8H2",,106-50-3,1,1257,"Dearomatize (ID: Dearomatize)
Clear Stereo (ID: ClearStereo)
Wedge Clean (ID: WedgeClean)
Mesomerize (ID: Mesomerize)
Tautomerize (ID: Tautomerize)
Aromatize (ID: Aromatize)
Add Explicit Hydrogens (ID: AddExplicitH)
Neutralize (ID: Neutralize)
Clean 2D (ID: Clean2D)",,1257,Nc1ccc(N)cc1
"InChI=1S/C5H12N2O/c1-3-4(2)7-5(6)8/h4H,3H2,1-2H3,(H3,6,7,8)",,689-11-2,1,1261,"Clear Stereo (ID: ClearStereo)
Wedge Clean (ID: WedgeClean)
Mesomerize (ID: Mesomerize)
Tautomerize (ID: Tautomerize)
Add Explicit Hydrogens (ID: AddExplicitH)
Neutralize (ID: Neutralize)
Clean 2D (ID: Clean2D)",,1261,CCC(C)NC(N)=O
InChI=1S/C2H2O/c1-2-3/h1H2,,463-51-4,1,1265,"Mesomerize (ID: Mesomerize)
Tautomerize (ID: Tautomerize)
Add Explicit Hydrogens (ID: AddExplicitH)
Neutralize (ID: Neutralize)
Clean 2D (ID: Clean2D)",,1265,C=C=O
"InChI=1S/C2H6O3S/c1-2-6(3,4)5/h2H2,1H3,(H,3,4,5)",,594-45-6,1,1266,"Clear Stereo (ID: ClearStereo)
Wedge Clean (ID: WedgeClean)
Mesomerize (ID: Mesomerize)
Tautomerize (ID: Tautomerize)
Add Explicit Hydrogens (ID: AddExplicitH)
Neutralize (ID: Neutralize)
Clean 2D (ID: Clean2D)",,1266,CCS(=O)(=O)O
"InChI=1S/C21H43N5O7/c1-9(25-3)13-6-5-10(22)19(31-13)32-16-11(23)7-12(24)17(14(16)27)33-20-15(28)18(26-4)21(2,29)8-30-20/h9-20,25-29H,5-8,22-24H2,1-4H3",,1403-66-3,1,1272,"Clear Stereo (ID: ClearStereo)
Wedge Clean (ID: WedgeClean)
Mesomerize (ID: Mesomerize)
Tautomerize (ID: Tautomerize)
Add Explicit Hydrogens (ID: AddExplicitH)
Neutralize (ID: Neutralize)
Clean 2D (ID: Clean2D)",,1272,CNC(C)C1CCC(N)C(OC2C(N)CC(N)C(OC3OCC(C)(O)C(NC)C3O)C2O)O1
"InChI=1S/C7H16O/c1-3-4-5-6-7(2)8/h7-8H,3-6H2,1-2H3",,543-49-7,1,1275,"Clear Stereo (ID: ClearStereo)
Wedge Clean (ID: WedgeClean)
Mesomerize (ID: Mesomerize)
Tautomerize (ID: Tautomerize)
Add Explicit Hydrogens (ID: AddExplicitH)
Neutralize (ID: Neutralize)
Clean 2D (ID: Clean2D)",,1275,CCCCCC(C)O
"InChI=1S/C7H7ClO/c1-5-4-6(9)2-3-7(5)8/h2-4,9H,1H3",,59-50-7,1,1278,"Dearomatize (ID: Dearomatize)
Clear Stereo (ID: ClearStereo)
Wedge Clean (ID: WedgeClean)
Mesomerize (ID: Mesomerize)
Tautomerize (ID: Tautomerize)
Aromatize (ID: Aromatize)
Add Explicit Hydrogens (ID: AddExplicitH)
Neutralize (ID: Neutralize)
Clean 2D (ID: Clean2D)",,1278,Cc1cc(O)ccc1Cl
"InChI=1S/C7H12O2/c1-4-7(8)9-5-6(2)3/h4,6H,1,5H2,2-3H3",,106-63-8,1,1281,"Clear Stereo (ID: ClearStereo)
Wedge Clean (ID: WedgeClean)
Mesomerize (ID: Mesomerize)
Tautomerize (ID: Tautomerize)
Add Explicit Hydrogens (ID: AddExplicitH)
Neutralize (ID: Neutralize)
Clean 2D (ID: Clean2D)",,1281,C=CC(=O)OCC(C)C
"InChI=1S/C13H19N3O4/c1-5-10(6-2)14-12-11(15(17)18)7-8(3)9(4)13(12)16(19)20/h7,10,14H,5-6H2,1-4H3",,40487-42-1,1,1283,"Dearomatize (ID: Dearomatize)
Clear Stereo (ID: ClearStereo)
Wedge Clean (ID: WedgeClean)
Mesomerize (ID: Mesomerize)
Tautomerize (ID: Tautomerize)
Aromatize (ID: Aromatize)
Add Explicit Hydrogens (ID: AddExplicitH)
Neutralize (ID: Neutralize)
Clean 2D (ID: Clean2D)",,1283,CCC(CC)Nc1c([N+](=O)[O-])cc(C)c(C)c1[N+](=O)[O-]
"InChI=1S/C32H68N/c1-5-9-13-17-21-25-29-33(30-26-22-18-14-10-6-2,31-27-23-19-15-11-7-3)32-28-24-20-16-12-8-4/h5-32H2,1-4H3/q+1",1,14866-33-2,1,1287,"Clear Stereo (ID: ClearStereo)
Wedge Clean (ID: WedgeClean)
Mesomerize (ID: Mesomerize)
Tautomerize (ID: Tautomerize)
Add Explicit Hydrogens (ID: AddExplicitH)
Clean 2D (ID: Clean2D)",,1287,CCCCCCCC[N+](CCCCCCCC)(CCCCCCCC)CCCCCCCC
"InChI=1S/C14H13N3/c1-3-7-13-10-11(2)15-14(17-13)16-12-8-5-4-6-9-12/h4-6,8-10H,1-2H3,(H,15,16,17)",,110235-47-7,1,1289,"Dearomatize (ID: Dearomatize)
Clear Stereo (ID: ClearStereo)
Wedge Clean (ID: WedgeClean)
Mesomerize (ID: Mesomerize)
Tautomerize (ID: Tautomerize)
Aromatize (ID: Aromatize)
Add Explicit Hydrogens (ID: AddExplicitH)
Neutralize (ID: Neutralize)
Clean 2D (ID: Clean2D)",,1289,CC#Cc1cc(C)nc(Nc2ccccc2)n1
"InChI=1S/C4H10O2/c1-4(2,3)6-5/h5H,1-3H3",1,75-91-2,1,1290,"Clear Stereo (ID: ClearStereo)
Wedge Clean (ID: WedgeClean)
Mesomerize (ID: Mesomerize)
Tautomerize (ID: Tautomerize)
Add Explicit Hydrogens (ID: AddExplicitH)
Neutralize (ID: Neutralize)
Clean 2D (ID: Clean2D)",,1290,CC(C)(C)OO
"InChI=1S/C10H12N3O3PS2/c1-15-17(18,16-2)19-7-13-10(14)8-5-3-4-6-9(8)11-12-13/h3-6H,7H2,1-2H3",,86-50-0,1,1294,"Dearomatize (ID: Dearomatize)
Clear Stereo (ID: ClearStereo)
Wedge Clean (ID: WedgeClean)
Mesomerize (ID: Mesomerize)
Tautomerize (ID: Tautomerize)
Aromatize (ID: Aromatize)
Add Explicit Hydrogens (ID: AddExplicitH)
Neutralize (ID: Neutralize)
Clean 2D (ID: Clean2D)",,1294,COP(=S)(OC)SCn1nnc2ccccc2c1=O
"InChI=1S/C22H17N3O6S/c1-11(26)24-12-6-8-13(9-7-12)25-16-10-17(32(29,30)31)20(23)19-18(16)21(27)14-4-2-3-5-15(14)22(19)28/h2-10,25H,23H2,1H3,(H,24,26)(H,29,30,31)",1,6424-85-7,1,1296,"Dearomatize (ID: Dearomatize)
Clear Stereo (ID: ClearStereo)
Wedge Clean (ID: WedgeClean)
Mesomerize (ID: Mesomerize)
Tautomerize (ID: Tautomerize)
Aromatize (ID: Aromatize)
Add Explicit Hydrogens (ID: AddExplicitH)
Neutralize (ID: Neutralize)
Clean 2D (ID: Clean2D)",,1296,CC(=O)Nc1ccc(Nc2cc(S(=O)(=O)O)c(N)c3c2C(=O)c2ccccc2C3=O)cc1
"InChI=1S/C22H41NO3/c1-2-3-4-5-6-7-8-9-10-11-12-13-14-15-16-17-22(26)23(18-20-24)19-21-25/h6-7,9-10,24-25H,2-5,8,11-21H2,1H3",,56863-02-6,1,1297,"Clear Stereo (ID: ClearStereo)
Wedge Clean (ID: WedgeClean)
Mesomerize (ID: Mesomerize)
Tautomerize (ID: Tautomerize)
Add Explicit Hydrogens (ID: AddExplicitH)
Neutralize (ID: Neutralize)
Clean 2D (ID: Clean2D)",,1297,CCCCCC=CCC=CCCCCCCCC(=O)N(CCO)CCO
"InChI=1S/C8H10N2O/c1-10(2)8-5-3-7(9-11)4-6-8/h3-6H,1-2H3",,138-89-6,1,1299,"Dearomatize (ID: Dearomatize)
Clear Stereo (ID: ClearStereo)
Wedge Clean (ID: WedgeClean)
Mesomerize (ID: Mesomerize)
Tautomerize (ID: Tautomerize)
Aromatize (ID: Aromatize)
Add Explicit Hydrogens (ID: AddExplicitH)
Neutralize (ID: Neutralize)
Clean 2D (ID: Clean2D)",,1299,CN(C)c1ccc(N=O)cc1
"InChI=1S/C6H12S/c7-6-4-2-1-3-5-6/h6-7H,1-5H2",,1569-69-3,1,1302,"Clear Stereo (ID: ClearStereo)
Wedge Clean (ID: WedgeClean)
Mesomerize (ID: Mesomerize)
Tautomerize (ID: Tautomerize)
Add Explicit Hydrogens (ID: AddExplicitH)
Neutralize (ID: Neutralize)
Clean 2D (ID: Clean2D)",,1302,SC1CCCCC1
"InChI=1S/C14H14O3/c1-9(14(15)16)10-3-4-12-8-13(17-2)6-5-11(12)7-10/h3-9H,1-2H3,(H,15,16)",,22204-53-1,1,1303,"Dearomatize (ID: Dearomatize)
Clear Stereo (ID: ClearStereo)
Wedge Clean (ID: WedgeClean)
Mesomerize (ID: Mesomerize)
Tautomerize (ID: Tautomerize)
Aromatize (ID: Aromatize)
Add Explicit Hydrogens (ID: AddExplicitH)
Neutralize (ID: Neutralize)
Clean 2D (ID: Clean2D)",,1303,COc1ccc2cc(C(C)C(=O)O)ccc2c1
"InChI=1S/C16H10N2O2/c19-15-9-5-1-3-7-11(9)17-13(15)14-16(20)10-6-2-4-8-12(10)18-14/h1-8,17-18H",,482-89-3,1,1306,"Dearomatize (ID: Dearomatize)
Clear Stereo (ID: ClearStereo)
Wedge Clean (ID: WedgeClean)
Mesomerize (ID: Mesomerize)
Tautomerize (ID: Tautomerize)
Aromatize (ID: Aromatize)
Add Explicit Hydrogens (ID: AddExplicitH)
Neutralize (ID: Neutralize)
Clean 2D (ID: Clean2D)",,1306,O=C1C(=C2Nc3ccccc3C2=O)Nc2ccccc21
"InChI=1S/C8H16O2/c1-6(2)5-7(3)10-8(4)9/h6-7H,5H2,1-4H3",,108-84-9,1,1309,"Clear Stereo (ID: ClearStereo)
Wedge Clean (ID: WedgeClean)
Mesomerize (ID: Mesomerize)
Tautomerize (ID: Tautomerize)
Add Explicit Hydrogens (ID: AddExplicitH)
Neutralize (ID: Neutralize)
Clean 2D (ID: Clean2D)",,1309,CC(=O)OC(C)CC(C)C
"InChI=1S/C7H12O2/c1-3-5-6-9-7(8)4-2/h4H,2-3,5-6H2,1H3",,141-32-2,1,1312,"Clear Stereo (ID: ClearStereo)
Wedge Clean (ID: WedgeClean)
Mesomerize (ID: Mesomerize)
Tautomerize (ID: Tautomerize)
Add Explicit Hydrogens (ID: AddExplicitH)
Neutralize (ID: Neutralize)
Clean 2D (ID: Clean2D)",,1312,C=CC(=O)OCCCC
"InChI=1S/C10H16/c1-7-8-4-5-9(6-8)10(7,2)3/h8-9H,1,4-6H2,2-3H3",2B,79-92-5,1,1316,"Clear Stereo (ID: ClearStereo)
Wedge Clean (ID: WedgeClean)
Mesomerize (ID: Mesomerize)
Tautomerize (ID: Tautomerize)
Add Explicit Hydrogens (ID: AddExplicitH)
Neutralize (ID: Neutralize)
Clean 2D (ID: Clean2D)",,1316,C=C1C2CCC(C2)C1(C)C
InChI=1S/C8Cl4N2/c9-5-3(1-13)6(10)8(12)7(11)4(5)2-14,,1897-45-6,1,1317,"Dearomatize (ID: Dearomatize)
Clear Stereo (ID: ClearStereo)
Wedge Clean (ID: WedgeClean)
Mesomerize (ID: Mesomerize)
Tautomerize (ID: Tautomerize)
Aromatize (ID: Aromatize)
Clean 2D (ID: Clean2D)",,1317,N#Cc1c(Cl)c(Cl)c(Cl)c(C#N)c1Cl
"InChI=1S/C5H12/c1-5(2,3)4/h1-4H3",,463-82-1,1,1318,"Clear Stereo (ID: ClearStereo)
Wedge Clean (ID: WedgeClean)
Mesomerize (ID: Mesomerize)
Tautomerize (ID: Tautomerize)
Add Explicit Hydrogens (ID: AddExplicitH)
Neutralize (ID: Neutralize)
Clean 2D (ID: Clean2D)",,1318,CC(C)(C)C
InChI=1S/C3H6O/c1-3(2)4/h1-2H3,2A,67-64-1  67-64-1,1,1319,"Clear Stereo (ID: ClearStereo)
Wedge Clean (ID: WedgeClean)
Mesomerize (ID: Mesomerize)
Tautomerize (ID: Tautomerize)
Add Explicit Hydrogens (ID: AddExplicitH)
Neutralize (ID: Neutralize)
Clean 2D (ID: Clean2D)",,1319,CC(C)=O
"InChI=1S/C10H6O3/c11-8-5-9(12)10(13)7-4-2-1-3-6(7)8/h1-5,11H",2B,83-72-7,1,1321,"Dearomatize (ID: Dearomatize)
Clear Stereo (ID: ClearStereo)
Wedge Clean (ID: WedgeClean)
Mesomerize (ID: Mesomerize)
Tautomerize (ID: Tautomerize)
Aromatize (ID: Aromatize)
Add Explicit Hydrogens (ID: AddExplicitH)
Neutralize (ID: Neutralize)
Clean 2D (ID: Clean2D)",,1321,O=C1C=C(O)c2ccccc2C1=O
"InChI=1S/C6H5ClO2S/c7-10(8,9)6-4-2-1-3-5-6/h1-5H",1,98-09-9,1,1322,"Dearomatize (ID: Dearomatize)
Clear Stereo (ID: ClearStereo)
Wedge Clean (ID: WedgeClean)
Mesomerize (ID: Mesomerize)
Tautomerize (ID: Tautomerize)
Aromatize (ID: Aromatize)
Add Explicit Hydrogens (ID: AddExplicitH)
Neutralize (ID: Neutralize)
Clean 2D (ID: Clean2D)",,1322,O=S(=O)(Cl)c1ccccc1
"InChI=1S/C8H10/c1-7-5-3-4-6-8(7)2/h3-6H,1-2H3",,95-47-6  95-47-6,1,1324,"Dearomatize (ID: Dearomatize)
Clear Stereo (ID: ClearStereo)
Wedge Clean (ID: WedgeClean)
Mesomerize (ID: Mesomerize)
Tautomerize (ID: Tautomerize)
Aromatize (ID: Aromatize)
Add Explicit Hydrogens (ID: AddExplicitH)
Neutralize (ID: Neutralize)
Clean 2D (ID: Clean2D)",,1324,Cc1ccccc1C
"InChI=1S/C12H11NO2/c1-13-12(14)15-11-8-4-6-9-5-2-3-7-10(9)11/h2-8H,1H3,(H,13,14)",,63-25-2,1,1330,"Dearomatize (ID: Dearomatize)
Clear Stereo (ID: ClearStereo)
Wedge Clean (ID: WedgeClean)
Mesomerize (ID: Mesomerize)
Tautomerize (ID: Tautomerize)
Aromatize (ID: Aromatize)
Add Explicit Hydrogens (ID: AddExplicitH)
Neutralize (ID: Neutralize)
Clean 2D (ID: Clean2D)",,1330,CNC(=O)Oc1cccc2ccccc12
"InChI=1S/C12H10/c1-3-9-4-2-6-11-8-7-10(5-1)12(9)11/h1-6H,7-8H2",,83-32-9,1,1334,"Dearomatize (ID: Dearomatize)
Clear Stereo (ID: ClearStereo)
Wedge Clean (ID: WedgeClean)
Mesomerize (ID: Mesomerize)
Tautomerize (ID: Tautomerize)
Aromatize (ID: Aromatize)
Add Explicit Hydrogens (ID: AddExplicitH)
Neutralize (ID: Neutralize)
Clean 2D (ID: Clean2D)",,1334,c1cc2c3c(cccc3c1)CC2
"InChI=1S/C13H18FNO/c1-15-7-6-13(11(8-15)9-16)10-2-4-12(14)5-3-10/h2-5,11,13,16H,6-9H2,1H3",1,105812-81-5,1,1338,"Dearomatize (ID: Dearomatize)
Clear Stereo (ID: ClearStereo)
Wedge Clean (ID: WedgeClean)
Mesomerize (ID: Mesomerize)
Tautomerize (ID: Tautomerize)
Aromatize (ID: Aromatize)
Add Explicit Hydrogens (ID: AddExplicitH)
Neutralize (ID: Neutralize)
Clean 2D (ID: Clean2D)",,1338,CN1CCC(c2ccc(F)cc2)C(CO)C1
"InChI=1S/C10H12/c1-2-6-10-8-4-3-7-9(10)5-1/h1-2,5-6H,3-4,7-8H2",,119-64-2,1,1340,"Dearomatize (ID: Dearomatize)
Clear Stereo (ID: ClearStereo)
Wedge Clean (ID: WedgeClean)
Mesomerize (ID: Mesomerize)
Tautomerize (ID: Tautomerize)
Aromatize (ID: Aromatize)
Add Explicit Hydrogens (ID: AddExplicitH)
Neutralize (ID: Neutralize)
Clean 2D (ID: Clean2D)",,1340,c1ccc2c(c1)CCCC2
"InChI=1S/C3H7Br/c1-2-3-4/h2-3H2,1H3",,106-94-5,1,1342,"Clear Stereo (ID: ClearStereo)
Wedge Clean (ID: WedgeClean)
Mesomerize (ID: Mesomerize)
Tautomerize (ID: Tautomerize)
Add Explicit Hydrogens (ID: AddExplicitH)
Neutralize (ID: Neutralize)
Clean 2D (ID: Clean2D)",,1342,CCCBr
InChI=1S/C3H9O3P/c1-4-7(5-2)6-3/h1-3H3,,121-45-9,1,1343,"Clear Stereo (ID: ClearStereo)
Wedge Clean (ID: WedgeClean)
Mesomerize (ID: Mesomerize)
Tautomerize (ID: Tautomerize)
Add Explicit Hydrogens (ID: AddExplicitH)
Neutralize (ID: Neutralize)
Clean 2D (ID: Clean2D)",,1343,COP(OC)OC
InChI=1S/C6H4ClNO2/c7-5-1-3-6(4-2-5)8(9)10/h1-4H,,100-00-5,1,1346,"Dearomatize (ID: Dearomatize)
Clear Stereo (ID: ClearStereo)
Wedge Clean (ID: WedgeClean)
Mesomerize (ID: Mesomerize)
Tautomerize (ID: Tautomerize)
Aromatize (ID: Aromatize)
Add Explicit Hydrogens (ID: AddExplicitH)
Neutralize (ID: Neutralize)
Clean 2D (ID: Clean2D)",,1346,O=[N+]([O-])c1ccc(Cl)cc1
"InChI=1S/C20H8Br4O5/c21-11-5-9-17(13(23)15(11)25)28-18-10(6-12(22)16(26)14(18)24)20(9)8-4-2-1-3-7(8)19(27)29-20/h1-6,25-26H",,15086-94-9,1,1352,"Dearomatize (ID: Dearomatize)
Clear Stereo (ID: ClearStereo)
Wedge Clean (ID: WedgeClean)
Mesomerize (ID: Mesomerize)
Tautomerize (ID: Tautomerize)
Aromatize (ID: Aromatize)
Add Explicit Hydrogens (ID: AddExplicitH)
Neutralize (ID: Neutralize)
Clean 2D (ID: Clean2D)",,1352,O=C1OC2(c3ccccc31)c1cc(Br)c(O)c(Br)c1Oc1c2cc(Br)c(O)c1Br
"InChI=1S/C7H10O/c8-6-7-4-2-1-3-5-7/h1-2,6-7H,3-5H2",,100-50-5,1,1353,"Clear Stereo (ID: ClearStereo)
Wedge Clean (ID: WedgeClean)
Mesomerize (ID: Mesomerize)
Tautomerize (ID: Tautomerize)
Add Explicit Hydrogens (ID: AddExplicitH)
Neutralize (ID: Neutralize)
Clean 2D (ID: Clean2D)",,1353,O=CC1CC=CCC1
"InChI=1S/C6H12O2/c1-4-5(2)8-6(3)7/h5H,4H2,1-3H3",,105-46-4,1,1354,"Clear Stereo (ID: ClearStereo)
Wedge Clean (ID: WedgeClean)
Mesomerize (ID: Mesomerize)
Tautomerize (ID: Tautomerize)
Add Explicit Hydrogens (ID: AddExplicitH)
Neutralize (ID: Neutralize)
Clean 2D (ID: Clean2D)",,1354,CCC(C)OC(C)=O
"InChI=1S/C11H22/c1-3-5-7-9-11-10-8-6-4-2/h3H,1,4-11H2,2H3",,821-95-4,1,1356,"Clear Stereo (ID: ClearStereo)
Wedge Clean (ID: WedgeClean)
Mesomerize (ID: Mesomerize)
Tautomerize (ID: Tautomerize)
Add Explicit Hydrogens (ID: AddExplicitH)
Neutralize (ID: Neutralize)
Clean 2D (ID: Clean2D)",,1356,C=CCCCCCCCCC
"InChI=1S/C8H10O3/c1-5(2)7(9)11-8(10)6(3)4/h1,3H2,2,4H3",,760-93-0,1,1357,"Clear Stereo (ID: ClearStereo)
Wedge Clean (ID: WedgeClean)
Mesomerize (ID: Mesomerize)
Tautomerize (ID: Tautomerize)
Add Explicit Hydrogens (ID: AddExplicitH)
Neutralize (ID: Neutralize)
Clean 2D (ID: Clean2D)",,1357,C=C(C)C(=O)OC(=O)C(=C)C
"InChI=1S/C9H17NOS/c1-2-12-9(11)10-7-5-3-4-6-8-10/h2-8H2,1H3",,2212-67-1,1,1362,"Clear Stereo (ID: ClearStereo)
Wedge Clean (ID: WedgeClean)
Mesomerize (ID: Mesomerize)
Tautomerize (ID: Tautomerize)
Add Explicit Hydrogens (ID: AddExplicitH)
Neutralize (ID: Neutralize)
Clean 2D (ID: Clean2D)",,1362,CCSC(=O)N1CCCCCC1
"InChI=1S/C3H6Cl2O/c4-1-3(6)2-5/h3,6H,1-2H2",,96-23-1,1,1365,"Clear Stereo (ID: ClearStereo)
Wedge Clean (ID: WedgeClean)
Mesomerize (ID: Mesomerize)
Tautomerize (ID: Tautomerize)
Add Explicit Hydrogens (ID: AddExplicitH)
Neutralize (ID: Neutralize)
Clean 2D (ID: Clean2D)",,1365,OC(CCl)CCl
"InChI=1S/C11H21NOS/c1-3-12(11(13)14-4-2)10-8-6-5-7-9-10/h10H,3-9H2,1-2H3",,1134-23-2,1,1366,"Clear Stereo (ID: ClearStereo)
Wedge Clean (ID: WedgeClean)
Mesomerize (ID: Mesomerize)
Tautomerize (ID: Tautomerize)
Add Explicit Hydrogens (ID: AddExplicitH)
Neutralize (ID: Neutralize)
Clean 2D (ID: Clean2D)",,1366,CCSC(=O)N(CC)C1CCCCC1
"InChI=1S/C10H8O2/c11-9-3-1-7-2-4-10(12)6-8(7)5-9/h1-6,11-12H",1,582-17-2,1,1368,"Dearomatize (ID: Dearomatize)
Clear Stereo (ID: ClearStereo)
Wedge Clean (ID: WedgeClean)
Mesomerize (ID: Mesomerize)
Tautomerize (ID: Tautomerize)
Aromatize (ID: Aromatize)
Add Explicit Hydrogens (ID: AddExplicitH)
Neutralize (ID: Neutralize)
Clean 2D (ID: Clean2D)",,1368,Oc1ccc2ccc(O)cc2c1
InChI=1S/C7H5NO/c9-6-8-7-4-2-1-3-5-7/h1-5H,,103-71-9,1,1372,"Dearomatize (ID: Dearomatize)
Clear Stereo (ID: ClearStereo)
Wedge Clean (ID: WedgeClean)
Mesomerize (ID: Mesomerize)
Tautomerize (ID: Tautomerize)
Aromatize (ID: Aromatize)
Add Explicit Hydrogens (ID: AddExplicitH)
Neutralize (ID: Neutralize)
Clean 2D (ID: Clean2D)",,1372,O=C=Nc1ccccc1
"InChI=1S/C2H6OS/c3-1-2-4/h3-4H,1-2H2",,60-24-2,1,1373,"Clear Stereo (ID: ClearStereo)
Wedge Clean (ID: WedgeClean)
Mesomerize (ID: Mesomerize)
Tautomerize (ID: Tautomerize)
Add Explicit Hydrogens (ID: AddExplicitH)
Neutralize (ID: Neutralize)
Clean 2D (ID: Clean2D)",,1373,OCCS
"InChI=1S/C2H5NO2/c3-1-2(4)5/h1,3H2,(H,4,5)",,56-40-6,1,1376,"Clear Stereo (ID: ClearStereo)
Wedge Clean (ID: WedgeClean)
Mesomerize (ID: Mesomerize)
Tautomerize (ID: Tautomerize)
Add Explicit Hydrogens (ID: AddExplicitH)
Neutralize (ID: Neutralize)
Clean 2D (ID: Clean2D)",,1376,NCC(=O)O
"InChI=1S/C4H4ClNOS/c1-6-4(7)2-3(5)8-6/h2H,1H3",,26172-55-4,1,1377,"Dearomatize (ID: Dearomatize)
Clear Stereo (ID: ClearStereo)
Wedge Clean (ID: WedgeClean)
Mesomerize (ID: Mesomerize)
Tautomerize (ID: Tautomerize)
Add Explicit Hydrogens (ID: AddExplicitH)
Neutralize (ID: Neutralize)
Clean 2D (ID: Clean2D)",,1377,Cn1sc(Cl)cc1=O
"InChI=1S/C6H6Br2N2/c7-4-6(8,5-10)2-1-3-9/h1-2,4H2",,35691-65-7,1,1380,"Clear Stereo (ID: ClearStereo)
Wedge Clean (ID: WedgeClean)
Mesomerize (ID: Mesomerize)
Tautomerize (ID: Tautomerize)
Add Explicit Hydrogens (ID: AddExplicitH)
Neutralize (ID: Neutralize)
Clean 2D (ID: Clean2D)",,1380,N#CCCC(Br)(C#N)CBr
"InChI=1S/C3H5BrO2/c4-2-1-3(5)6/h1-2H2,(H,5,6)",,590-92-1,1,1381,"Clear Stereo (ID: ClearStereo)
Wedge Clean (ID: WedgeClean)
Mesomerize (ID: Mesomerize)
Tautomerize (ID: Tautomerize)
Add Explicit Hydrogens (ID: AddExplicitH)
Neutralize (ID: Neutralize)
Clean 2D (ID: Clean2D)",,1381,O=C(O)CCBr
"InChI=1S/C14H22O/c1-13(2,3)10-8-7-9-11(12(10)15)14(4,5)6/h7-9,15H,1-6H3",,128-39-2,1,1383,"Dearomatize (ID: Dearomatize)
Clear Stereo (ID: ClearStereo)
Wedge Clean (ID: WedgeClean)
Mesomerize (ID: Mesomerize)
Tautomerize (ID: Tautomerize)
Aromatize (ID: Aromatize)
Add Explicit Hydrogens (ID: AddExplicitH)
Neutralize (ID: Neutralize)
Clean 2D (ID: Clean2D)",,1383,CC(C)(C)c1cccc(C(C)(C)C)c1O
"InChI=1S/C4H10O/c1-4(2,3)5/h5H,1-3H3",,75-65-0,1,1384,"Clear Stereo (ID: ClearStereo)
Wedge Clean (ID: WedgeClean)
Mesomerize (ID: Mesomerize)
Tautomerize (ID: Tautomerize)
Add Explicit Hydrogens (ID: AddExplicitH)
Neutralize (ID: Neutralize)
Clean 2D (ID: Clean2D)",,1384,CC(C)(C)O
"InChI=1S/C8H8O3/c1-5-2-3-7(9)6(4-5)8(10)11/h2-4,9H,1H3,(H,10,11)",,89-56-5,1,1390,"Dearomatize (ID: Dearomatize)
Clear Stereo (ID: ClearStereo)
Wedge Clean (ID: WedgeClean)
Mesomerize (ID: Mesomerize)
Tautomerize (ID: Tautomerize)
Aromatize (ID: Aromatize)
Add Explicit Hydrogens (ID: AddExplicitH)
Neutralize (ID: Neutralize)
Clean 2D (ID: Clean2D)",,1390,Cc1ccc(O)c(C(=O)O)c1
"InChI=1S/C12H11N/c1-3-7-11(8-4-1)13-12-9-5-2-6-10-12/h1-10,13H",,122-39-4,1,1393,"Dearomatize (ID: Dearomatize)
Clear Stereo (ID: ClearStereo)
Wedge Clean (ID: WedgeClean)
Mesomerize (ID: Mesomerize)
Tautomerize (ID: Tautomerize)
Aromatize (ID: Aromatize)
Add Explicit Hydrogens (ID: AddExplicitH)
Neutralize (ID: Neutralize)
Clean 2D (ID: Clean2D)",,1393,c1ccc(Nc2ccccc2)cc1
"InChI=1S/C7H6Cl2/c1-5-6(8)3-2-4-7(5)9/h2-4H,1H3",,118-69-4,1,1395,"Dearomatize (ID: Dearomatize)
Clear Stereo (ID: ClearStereo)
Wedge Clean (ID: WedgeClean)
Mesomerize (ID: Mesomerize)
Tautomerize (ID: Tautomerize)
Aromatize (ID: Aromatize)
Add Explicit Hydrogens (ID: AddExplicitH)
Neutralize (ID: Neutralize)
Clean 2D (ID: Clean2D)",,1395,Cc1c(Cl)cccc1Cl
InChI=1S/C12H10N2/c1-3-7-11(8-4-1)13-14-12-9-5-2-6-10-12/h1-10H,,103-33-3,1,1396,"Dearomatize (ID: Dearomatize)
Clear Stereo (ID: ClearStereo)
Wedge Clean (ID: WedgeClean)
Mesomerize (ID: Mesomerize)
Tautomerize (ID: Tautomerize)
Aromatize (ID: Aromatize)
Add Explicit Hydrogens (ID: AddExplicitH)
Neutralize (ID: Neutralize)
Clean 2D (ID: Clean2D)",,1396,c1ccc(N=Nc2ccccc2)cc1
"InChI=1S/C7H5NOS/c9-7-5-3-1-2-4-6(5)10-8-7/h1-4H,(H,8,9)",1,2634-33-5,1,1397,"Dearomatize (ID: Dearomatize)
Clear Stereo (ID: ClearStereo)
Wedge Clean (ID: WedgeClean)
Mesomerize (ID: Mesomerize)
Tautomerize (ID: Tautomerize)
Aromatize (ID: Aromatize)
Add Explicit Hydrogens (ID: AddExplicitH)
Neutralize (ID: Neutralize)
Clean 2D (ID: Clean2D)",,1397,O=c1[nH]sc2ccccc12
"InChI=1S/C2H6S/c1-2-3/h3H,2H2,1H3",,75-08-1,1,1400,"Mesomerize (ID: Mesomerize)
Tautomerize (ID: Tautomerize)
Add Explicit Hydrogens (ID: AddExplicitH)
Neutralize (ID: Neutralize)
Clean 2D (ID: Clean2D)",,1400,CCS
"InChI=1S/C4H7ClO/c1-2-6-4-3-5/h2H,1,3-4H2",,110-75-8,1,1401,"Clear Stereo (ID: ClearStereo)
Wedge Clean (ID: WedgeClean)
Mesomerize (ID: Mesomerize)
Tautomerize (ID: Tautomerize)
Add Explicit Hydrogens (ID: AddExplicitH)
Neutralize (ID: Neutralize)
Clean 2D (ID: Clean2D)",,1401,C=COCCCl
"InChI=1S/C8H19O2PS3/c1-4-9-11(12,10-5-2)14-8-7-13-6-3/h4-8H2,1-3H3",,298-04-4,1,1403,"Clear Stereo (ID: ClearStereo)
Wedge Clean (ID: WedgeClean)
Mesomerize (ID: Mesomerize)
Tautomerize (ID: Tautomerize)
Add Explicit Hydrogens (ID: AddExplicitH)
Neutralize (ID: Neutralize)
Clean 2D (ID: Clean2D)",,1403,CCOP(=S)(OCC)SCCSCC
"InChI=1S/C3Cl6O/c4-2(5,6)1(10)3(7,8)9",,116-16-5,1,1404,"Clear Stereo (ID: ClearStereo)
Wedge Clean (ID: WedgeClean)
Mesomerize (ID: Mesomerize)
Tautomerize (ID: Tautomerize)
Clean 2D (ID: Clean2D)",,1404,O=C(C(Cl)(Cl)Cl)C(Cl)(Cl)Cl
"InChI=1S/C12H20O7/c1-4-17-9(13)7-12(16,11(15)19-6-3)8-10(14)18-5-2/h16H,4-8H2,1-3H3",,77-93-0,1,1407,"Clear Stereo (ID: ClearStereo)
Wedge Clean (ID: WedgeClean)
Mesomerize (ID: Mesomerize)
Tautomerize (ID: Tautomerize)
Add Explicit Hydrogens (ID: AddExplicitH)
Neutralize (ID: Neutralize)
Clean 2D (ID: Clean2D)",,1407,CCOC(=O)CC(O)(CC(=O)OCC)C(=O)OCC
"InChI=1S/C6H6N2O2/c7-5-3-1-2-4-6(5)8(9)10/h1-4H,7H2",,88-74-4,1,1410,"Dearomatize (ID: Dearomatize)
Clear Stereo (ID: ClearStereo)
Wedge Clean (ID: WedgeClean)
Mesomerize (ID: Mesomerize)
Tautomerize (ID: Tautomerize)
Aromatize (ID: Aromatize)
Add Explicit Hydrogens (ID: AddExplicitH)
Neutralize (ID: Neutralize)
Clean 2D (ID: Clean2D)",,1410,Nc1ccccc1[N+](=O)[O-]
"InChI=1S/C6H10O3/c1-4-6(7)9-5(2)8-3/h4-5H,1H2,2-3H3",,,1,1414,"Clear Stereo (ID: ClearStereo)
Wedge Clean (ID: WedgeClean)
Mesomerize (ID: Mesomerize)
Tautomerize (ID: Tautomerize)
Add Explicit Hydrogens (ID: AddExplicitH)
Neutralize (ID: Neutralize)
Clean 2D (ID: Clean2D)",,1414,C=CC(=O)OC(C)OC
"InChI=1S/C20H10I2O5/c21-15-13(23)7-5-11-17(15)26-18-12(6-8-14(24)16(18)22)20(11)10-4-2-1-3-9(10)19(25)27-20/h1-8,23-24H",,38577-97-8,1,1420,"Dearomatize (ID: Dearomatize)
Clear Stereo (ID: ClearStereo)
Wedge Clean (ID: WedgeClean)
Mesomerize (ID: Mesomerize)
Tautomerize (ID: Tautomerize)
Aromatize (ID: Aromatize)
Add Explicit Hydrogens (ID: AddExplicitH)
Neutralize (ID: Neutralize)
Clean 2D (ID: Clean2D)",,1420,O=C1OC2(c3ccccc31)c1ccc(O)c(I)c1Oc1c2ccc(O)c1I
"InChI=1S/C16H32O/c1-2-3-4-5-6-7-8-9-10-11-12-13-14-16-15-17-16/h16H,2-15H2,1H3",,7320-37-8,1,1421,"Clear Stereo (ID: ClearStereo)
Wedge Clean (ID: WedgeClean)
Mesomerize (ID: Mesomerize)
Tautomerize (ID: Tautomerize)
Add Explicit Hydrogens (ID: AddExplicitH)
Neutralize (ID: Neutralize)
Clean 2D (ID: Clean2D)",,1421,CCCCCCCCCCCCCCC1CO1
"InChI=1S/C11H9NO3/c13-10-8-3-1-2-4-9(8)11(14)12(10)5-7-6-15-7/h1-4,7H,5-6H2",,5455-98-1,1,1427,"Dearomatize (ID: Dearomatize)
Clear Stereo (ID: ClearStereo)
Wedge Clean (ID: WedgeClean)
Mesomerize (ID: Mesomerize)
Tautomerize (ID: Tautomerize)
Aromatize (ID: Aromatize)
Add Explicit Hydrogens (ID: AddExplicitH)
Neutralize (ID: Neutralize)
Clean 2D (ID: Clean2D)",,1427,O=C1c2ccccc2C(=O)N1CC1CO1
"InChI=1S/C9H6N2O2/c1-7-2-3-8(10-5-12)4-9(7)11-6-13/h2-4H,1H3",,584-84-9,1,1430,"Dearomatize (ID: Dearomatize)
Clear Stereo (ID: ClearStereo)
Wedge Clean (ID: WedgeClean)
Mesomerize (ID: Mesomerize)
Tautomerize (ID: Tautomerize)
Aromatize (ID: Aromatize)
Add Explicit Hydrogens (ID: AddExplicitH)
Neutralize (ID: Neutralize)
Clean 2D (ID: Clean2D)",,1430,Cc1ccc(N=C=O)cc1N=C=O
"InChI=1S/C19H25ClN2OS/c1-18(2,3)14-9-7-13(8-10-14)12-24-15-11-21-22(19(4,5)6)17(23)16(15)20/h7-11H,12H2,1-6H3",,96489-71-3,1,1432,"Dearomatize (ID: Dearomatize)
Clear Stereo (ID: ClearStereo)
Wedge Clean (ID: WedgeClean)
Mesomerize (ID: Mesomerize)
Tautomerize (ID: Tautomerize)
Aromatize (ID: Aromatize)
Add Explicit Hydrogens (ID: AddExplicitH)
Neutralize (ID: Neutralize)
Clean 2D (ID: Clean2D)",,1432,CC(C)(C)c1ccc(CSc2cnn(C(C)(C)C)c(=O)c2Cl)cc1
"InChI=1S/C30H32Cl3NO/c1-3-5-13-34(14-6-4-2)19-29(35)28-18-23(33)17-27-25(15-20-7-9-21(31)10-8-20)26-16-22(32)11-12-24(26)30(27)28/h7-12,15-18,29,35H,3-6,13-14,19H2,1-2H3",,82186-77-4,1,1439,"Dearomatize (ID: Dearomatize)
Clear Stereo (ID: ClearStereo)
Wedge Clean (ID: WedgeClean)
Mesomerize (ID: Mesomerize)
Tautomerize (ID: Tautomerize)
Aromatize (ID: Aromatize)
Add Explicit Hydrogens (ID: AddExplicitH)
Neutralize (ID: Neutralize)
Clean 2D (ID: Clean2D)",,1439,CCCCN(CCCC)CC(O)c1cc(Cl)cc2c1-c1ccc(Cl)cc1C2=Cc1ccc(Cl)cc1
"InChI=1S/C6H6N2O2/c9-7-5-1-2-6(8-10)4-3-5/h1-4,7,9H",,105-11-3,1,1441,"Dearomatize (ID: Dearomatize)
Clear Stereo (ID: ClearStereo)
Wedge Clean (ID: WedgeClean)
Mesomerize (ID: Mesomerize)
Tautomerize (ID: Tautomerize)
Aromatize (ID: Aromatize)
Add Explicit Hydrogens (ID: AddExplicitH)
Neutralize (ID: Neutralize)
Clean 2D (ID: Clean2D)",,1441,O=Nc1ccc(NO)cc1
"InChI=1S/C25H30N2O4/c1-5-20(26(10-22-14-28-22)11-23-15-29-23)6-2-18(1)9-19-3-7-21(8-4-19)27(12-24-16-30-24)13-25-17-31-25/h1-8,22-25H,9-17H2",1,28768-32-3,1,1448,"Dearomatize (ID: Dearomatize)
Clear Stereo (ID: ClearStereo)
Wedge Clean (ID: WedgeClean)
Mesomerize (ID: Mesomerize)
Tautomerize (ID: Tautomerize)
Aromatize (ID: Aromatize)
Add Explicit Hydrogens (ID: AddExplicitH)
Neutralize (ID: Neutralize)
Clean 2D (ID: Clean2D)",,1448,c1cc(N(CC2CO2)CC2CO2)ccc1Cc1ccc(N(CC2CO2)CC2CO2)cc1
"InChI=1S/C7H10O2/c1-4-5-9-7(8)6(2)3/h4H,1-2,5H2,3H3",,96-05-9,1,1449,"Clear Stereo (ID: ClearStereo)
Wedge Clean (ID: WedgeClean)
Mesomerize (ID: Mesomerize)
Tautomerize (ID: Tautomerize)
Add Explicit Hydrogens (ID: AddExplicitH)
Neutralize (ID: Neutralize)
Clean 2D (ID: Clean2D)",,1449,C=CCOC(=O)C(=C)C
"InChI=1S/C9H18O2/c1-2-3-4-5-6-7-8-9(10)11/h2-8H2,1H3,(H,10,11)",,112-05-0,1,1452,"Clear Stereo (ID: ClearStereo)
Wedge Clean (ID: WedgeClean)
Mesomerize (ID: Mesomerize)
Tautomerize (ID: Tautomerize)
Add Explicit Hydrogens (ID: AddExplicitH)
Neutralize (ID: Neutralize)
Clean 2D (ID: Clean2D)",,1452,CCCCCCCCC(=O)O
"InChI=1S/C10H6N2O8S/c13-10-7-3-5(21(18,19)20)1-2-6(7)8(11(14)15)4-9(10)12(16)17/h1-4,13H,(H,18,19,20)",,846-70-8,1,1453,"Dearomatize (ID: Dearomatize)
Clear Stereo (ID: ClearStereo)
Wedge Clean (ID: WedgeClean)
Mesomerize (ID: Mesomerize)
Tautomerize (ID: Tautomerize)
Aromatize (ID: Aromatize)
Add Explicit Hydrogens (ID: AddExplicitH)
Neutralize (ID: Neutralize)
Clean 2D (ID: Clean2D)",,1453,O=[N+]([O-])c1cc([N+](=O)[O-])c2ccc(S(=O)(=O)O)cc2c1O
"InChI=1S/C6H6O4S/c7-5-1-3-6(4-2-5)11(8,9)10/h1-4,7H,(H,8,9,10)",,98-67-9,1,1456,"Dearomatize (ID: Dearomatize)
Clear Stereo (ID: ClearStereo)
Wedge Clean (ID: WedgeClean)
Mesomerize (ID: Mesomerize)
Tautomerize (ID: Tautomerize)
Aromatize (ID: Aromatize)
Add Explicit Hydrogens (ID: AddExplicitH)
Neutralize (ID: Neutralize)
Clean 2D (ID: Clean2D)",,1456,O=S(=O)(O)c1ccc(O)cc1
"InChI=1S/C8H10N2O3S/c1-7-3-5-8(6-4-7)14(12,13)10(2)9-11/h3-6H,1-2H3",,80-11-5,1,1462,"Dearomatize (ID: Dearomatize)
Clear Stereo (ID: ClearStereo)
Wedge Clean (ID: WedgeClean)
Mesomerize (ID: Mesomerize)
Tautomerize (ID: Tautomerize)
Aromatize (ID: Aromatize)
Add Explicit Hydrogens (ID: AddExplicitH)
Neutralize (ID: Neutralize)
Clean 2D (ID: Clean2D)",,1462,Cc1ccc(S(=O)(=O)N(C)N=O)cc1
"InChI=1S/C3H7NO2/c1-3(2)4(5)6/h3H,1-2H3",,79-46-9,1,1463,"Clear Stereo (ID: ClearStereo)
Wedge Clean (ID: WedgeClean)
Mesomerize (ID: Mesomerize)
Tautomerize (ID: Tautomerize)
Add Explicit Hydrogens (ID: AddExplicitH)
Neutralize (ID: Neutralize)
Clean 2D (ID: Clean2D)",,1463,CC(C)[N+](=O)[O-]
"InChI=1S/C14H10O3/c15-13(10-6-2-1-3-7-10)11-8-4-5-9-12(11)14(16)17/h1-9H,(H,16,17)",,85-52-9,1,1464,"Dearomatize (ID: Dearomatize)
Clear Stereo (ID: ClearStereo)
Wedge Clean (ID: WedgeClean)
Mesomerize (ID: Mesomerize)
Tautomerize (ID: Tautomerize)
Aromatize (ID: Aromatize)
Add Explicit Hydrogens (ID: AddExplicitH)
Neutralize (ID: Neutralize)
Clean 2D (ID: Clean2D)",,1464,O=C(O)c1ccccc1C(=O)c1ccccc1
"InChI=1S/C12H21N2O3PS/c1-6-15-18(19,16-7-2)17-11-8-10(5)13-12(14-11)9(3)4/h8-9H,6-7H2,1-5H3",,333-41-5,1,1467,"Dearomatize (ID: Dearomatize)
Clear Stereo (ID: ClearStereo)
Wedge Clean (ID: WedgeClean)
Mesomerize (ID: Mesomerize)
Tautomerize (ID: Tautomerize)
Aromatize (ID: Aromatize)
Add Explicit Hydrogens (ID: AddExplicitH)
Neutralize (ID: Neutralize)
Clean 2D (ID: Clean2D)",,1467,CCOP(=S)(OCC)Oc1cc(C)nc(C(C)C)n1
"InChI=1S/C12H18O4/c1-3-11(13)15-9-7-5-6-8-10-16-12(14)4-2/h3-4H,1-2,5-10H2",,13048-33-4,1,1470,"Clear Stereo (ID: ClearStereo)
Wedge Clean (ID: WedgeClean)
Mesomerize (ID: Mesomerize)
Tautomerize (ID: Tautomerize)
Add Explicit Hydrogens (ID: AddExplicitH)
Neutralize (ID: Neutralize)
Clean 2D (ID: Clean2D)",,1470,C=CC(=O)OCCCCCCOC(=O)C=C
InChI=1S/CHBrCl2/c2-1(3)4/h1H,,75-27-4,1,1481,"Clear Stereo (ID: ClearStereo)
Wedge Clean (ID: WedgeClean)
Mesomerize (ID: Mesomerize)
Tautomerize (ID: Tautomerize)
Add Explicit Hydrogens (ID: AddExplicitH)
Neutralize (ID: Neutralize)
Clean 2D (ID: Clean2D)",,1481,ClC(Cl)Br
"InChI=1S/C7H12O3/c1-4-10-7(9)5(2)6(3)8/h8H,4H2,1-3H3",2B,609-14-3  609-14-3,1,1482,"Clear Stereo (ID: ClearStereo)
Wedge Clean (ID: WedgeClean)
Mesomerize (ID: Mesomerize)
Tautomerize (ID: Tautomerize)
Add Explicit Hydrogens (ID: AddExplicitH)
Neutralize (ID: Neutralize)
Clean 2D (ID: Clean2D)",,1482,CCOC(=O)C(C)=C(C)O
"InChI=1S/C2H3ClO2/c3-1-2(4)5/h1H2,(H,4,5)",2B,79-11-8 3926-62-3,1,1488,"Clear Stereo (ID: ClearStereo)
Wedge Clean (ID: WedgeClean)
Mesomerize (ID: Mesomerize)
Tautomerize (ID: Tautomerize)
Add Explicit Hydrogens (ID: AddExplicitH)
Neutralize (ID: Neutralize)
Clean 2D (ID: Clean2D)",,1488,O=C(O)CCl
InChI=1S/C7H5ClO/c8-7-4-2-1-3-6(7)5-9/h1-5H,,89-98-5,1,1495,"Dearomatize (ID: Dearomatize)
Clear Stereo (ID: ClearStereo)
Wedge Clean (ID: WedgeClean)
Mesomerize (ID: Mesomerize)
Tautomerize (ID: Tautomerize)
Aromatize (ID: Aromatize)
Add Explicit Hydrogens (ID: AddExplicitH)
Neutralize (ID: Neutralize)
Clean 2D (ID: Clean2D)",,1495,O=Cc1ccccc1Cl
"InChI=1S/C4H6Cl2/c5-3-1-2-4-6/h1-2H,3-4H2",,1476-11-5 110-57-6,1,1496,"Clear Stereo (ID: ClearStereo)
Wedge Clean (ID: WedgeClean)
Mesomerize (ID: Mesomerize)
Tautomerize (ID: Tautomerize)
Add Explicit Hydrogens (ID: AddExplicitH)
Neutralize (ID: Neutralize)
Clean 2D (ID: Clean2D)",,1496,ClCC=CCCl
"InChI=1S/C9H10O2/c1-2-4-8(5-3-1)10-6-9-7-11-9/h1-5,9H,6-7H2",,122-60-1,1,1499,"Dearomatize (ID: Dearomatize)
Clear Stereo (ID: ClearStereo)
Wedge Clean (ID: WedgeClean)
Mesomerize (ID: Mesomerize)
Tautomerize (ID: Tautomerize)
Aromatize (ID: Aromatize)
Add Explicit Hydrogens (ID: AddExplicitH)
Neutralize (ID: Neutralize)
Clean 2D (ID: Clean2D)",,1499,c1ccc(OCC2CO2)cc1
"InChI=1S/C10H5Cl7/c11-4-2-1-3-5(4)9(15)7(13)6(12)8(3,14)10(9,16)17/h1-5H",,76-44-8,1,1500,"Clear Stereo (ID: ClearStereo)
Wedge Clean (ID: WedgeClean)
Mesomerize (ID: Mesomerize)
Tautomerize (ID: Tautomerize)
Add Explicit Hydrogens (ID: AddExplicitH)
Neutralize (ID: Neutralize)
Clean 2D (ID: Clean2D)",,1500,ClC1=C(Cl)C2(Cl)C3C(Cl)C=CC3C1(Cl)C2(Cl)Cl
"InChI=1S/C7H6Cl2/c1-5-2-3-6(8)4-7(5)9/h2-4H,1H3",,95-73-8,1,1509,"Dearomatize (ID: Dearomatize)
Clear Stereo (ID: ClearStereo)
Wedge Clean (ID: WedgeClean)
Mesomerize (ID: Mesomerize)
Tautomerize (ID: Tautomerize)
Aromatize (ID: Aromatize)
Add Explicit Hydrogens (ID: AddExplicitH)
Neutralize (ID: Neutralize)
Clean 2D (ID: Clean2D)",,1509,Cc1ccc(Cl)cc1Cl
"InChI=1S/C4H6O/c1-3-4(2)5/h3H,1H2,2H3",,78-94-4,1,1511,"Clear Stereo (ID: ClearStereo)
Wedge Clean (ID: WedgeClean)
Mesomerize (ID: Mesomerize)
Tautomerize (ID: Tautomerize)
Add Explicit Hydrogens (ID: AddExplicitH)
Neutralize (ID: Neutralize)
Clean 2D (ID: Clean2D)",,1511,C=CC(C)=O
"InChI=1S/C3H5N/c1-2-3-4/h2H2,1H3",,107-12-0,1,1512,"Clear Stereo (ID: ClearStereo)
Wedge Clean (ID: WedgeClean)
Mesomerize (ID: Mesomerize)
Tautomerize (ID: Tautomerize)
Add Explicit Hydrogens (ID: AddExplicitH)
Neutralize (ID: Neutralize)
Clean 2D (ID: Clean2D)",,1512,CCC#N
"InChI=1S/C15H18/c1-10(2)13-7-5-11(3)14-8-6-12(4)15(14)9-13/h5-10H,1-4H3",,489-84-9,1,1514,"Dearomatize (ID: Dearomatize)
Clear Stereo (ID: ClearStereo)
Wedge Clean (ID: WedgeClean)
Mesomerize (ID: Mesomerize)
Tautomerize (ID: Tautomerize)
Aromatize (ID: Aromatize)
Add Explicit Hydrogens (ID: AddExplicitH)
Neutralize (ID: Neutralize)
Clean 2D (ID: Clean2D)",,1514,Cc1ccc(C(C)C)cc2c(C)ccc1-2
"InChI=1S/C13H24O2/c1-3-5-6-7-8-9-10-11-12-15-13(14)4-2/h4H,2-3,5-12H2,1H3",,2156-96-9,1,1515,"Clear Stereo (ID: ClearStereo)
Wedge Clean (ID: WedgeClean)
Mesomerize (ID: Mesomerize)
Tautomerize (ID: Tautomerize)
Add Explicit Hydrogens (ID: AddExplicitH)
Neutralize (ID: Neutralize)
Clean 2D (ID: Clean2D)",,1515,C=CC(=O)OCCCCCCCCCC
"InChI=1S/C5H8O2/c1-3-4-7-5(2)6/h3H,1,4H2,2H3",,591-87-7,1,1516,"Clear Stereo (ID: ClearStereo)
Wedge Clean (ID: WedgeClean)
Mesomerize (ID: Mesomerize)
Tautomerize (ID: Tautomerize)
Add Explicit Hydrogens (ID: AddExplicitH)
Neutralize (ID: Neutralize)
Clean 2D (ID: Clean2D)",,1516,C=CCOC(C)=O
InChI=1S/C6H4N2O4/c9-7(10)5-1-2-6(4-3-5)8(11)12/h1-4H,,100-25-4,1,1520,"Dearomatize (ID: Dearomatize)
Clear Stereo (ID: ClearStereo)
Wedge Clean (ID: WedgeClean)
Mesomerize (ID: Mesomerize)
Tautomerize (ID: Tautomerize)
Aromatize (ID: Aromatize)
Add Explicit Hydrogens (ID: AddExplicitH)
Neutralize (ID: Neutralize)
Clean 2D (ID: Clean2D)",,1520,O=[N+]([O-])c1ccc([N+](=O)[O-])cc1
"InChI=1S/C2H5NO/c1-2-3-4/h2H2,1H3",,107-29-9,1,1525,"Clear Stereo (ID: ClearStereo)
Wedge Clean (ID: WedgeClean)
Mesomerize (ID: Mesomerize)
Tautomerize (ID: Tautomerize)
Add Explicit Hydrogens (ID: AddExplicitH)
Neutralize (ID: Neutralize)
Clean 2D (ID: Clean2D)",,1525,CCN=O
"InChI=1S/C9H16ClN5/c1-5-11-7-12-6(10)13-8(14-7)15-9(2,3)4/h5H2,1-4H3,(H2,11,12,13,14,15)",,5915-41-3,1,1527,"Dearomatize (ID: Dearomatize)
Clear Stereo (ID: ClearStereo)
Wedge Clean (ID: WedgeClean)
Mesomerize (ID: Mesomerize)
Tautomerize (ID: Tautomerize)
Aromatize (ID: Aromatize)
Add Explicit Hydrogens (ID: AddExplicitH)
Neutralize (ID: Neutralize)
Clean 2D (ID: Clean2D)",,1527,CCNc1nc(Cl)nc(NC(C)(C)C)n1
"InChI=1S/C36H62O11/c1-10-34(31-20(3)16-26(43-31)28-19(2)15-21(4)36(41,18-37)46-28)12-11-27(44-34)33(8)13-14-35(47-33)17-25(38)22(5)30(45-35)23(6)29(42-9)24(7)32(39)40/h19-31,37-38,41H,10-18H2,1-9H3,(H,39,40)",,17090-79-8,1,1528,"Clear Stereo (ID: ClearStereo)
Wedge Clean (ID: WedgeClean)
Mesomerize (ID: Mesomerize)
Tautomerize (ID: Tautomerize)
Add Explicit Hydrogens (ID: AddExplicitH)
Neutralize (ID: Neutralize)
Clean 2D (ID: Clean2D)",,1528,CCC1(C2OC(C3OC(O)(CO)C(C)CC3C)CC2C)CCC(C2(C)CCC3(CC(O)C(C)C(C(C)C(OC)C(C)C(=O)O)O3)O2)O1
"InChI=1S/C4H9ClS/c1-2-6-4-3-5/h2-4H2,1H3",,693-07-2,1,1531,"Clear Stereo (ID: ClearStereo)
Wedge Clean (ID: WedgeClean)
Mesomerize (ID: Mesomerize)
Tautomerize (ID: Tautomerize)
Add Explicit Hydrogens (ID: AddExplicitH)
Neutralize (ID: Neutralize)
Clean 2D (ID: Clean2D)",,1531,CCSCCCl
"InChI=1S/C6H12O3/c1-4-9-5(7)6(2,3)8/h8H,4H2,1-3H3",1,80-55-7,1,1547,"Clear Stereo (ID: ClearStereo)
Wedge Clean (ID: WedgeClean)
Mesomerize (ID: Mesomerize)
Tautomerize (ID: Tautomerize)
Add Explicit Hydrogens (ID: AddExplicitH)
Neutralize (ID: Neutralize)
Clean 2D (ID: Clean2D)",,1547,CCOC(=O)C(C)(C)O
"InChI=1S/C8H8ClNO/c1-6(11)10-8-4-2-7(9)3-5-8/h2-5H,1H3,(H,10,11)",,539-03-7,1,1551,"Dearomatize (ID: Dearomatize)
Clear Stereo (ID: ClearStereo)
Wedge Clean (ID: WedgeClean)
Mesomerize (ID: Mesomerize)
Tautomerize (ID: Tautomerize)
Aromatize (ID: Aromatize)
Add Explicit Hydrogens (ID: AddExplicitH)
Neutralize (ID: Neutralize)
Clean 2D (ID: Clean2D)",,1551,CC(=O)Nc1ccc(Cl)cc1
"InChI=1S/C5H8O/c1-2-4-5(3-1)6-4/h4-5H,1-3H2",,285-67-6,1,1557,"Clear Stereo (ID: ClearStereo)
Wedge Clean (ID: WedgeClean)
Mesomerize (ID: Mesomerize)
Tautomerize (ID: Tautomerize)
Add Explicit Hydrogens (ID: AddExplicitH)
Neutralize (ID: Neutralize)
Clean 2D (ID: Clean2D)",,1557,C1CC2OC2C1
"InChI=1S/C13H10O3/c14-11-8-6-10(7-9-11)13(15)16-12-4-2-1-3-5-12/h1-9,14H",,17696-62-7,1,1559,"Dearomatize (ID: Dearomatize)
Clear Stereo (ID: ClearStereo)
Wedge Clean (ID: WedgeClean)
Mesomerize (ID: Mesomerize)
Tautomerize (ID: Tautomerize)
Aromatize (ID: Aromatize)
Add Explicit Hydrogens (ID: AddExplicitH)
Neutralize (ID: Neutralize)
Clean 2D (ID: Clean2D)",,1559,O=C(Oc1ccccc1)c1ccc(O)cc1
"InChI=1S/C8H16O4/c1-5-9-6(2)11-8(4)12-7(3)10-5/h5-8H,1-4H3",,108-62-3,1,1564,"Clear Stereo (ID: ClearStereo)
Wedge Clean (ID: WedgeClean)
Mesomerize (ID: Mesomerize)
Tautomerize (ID: Tautomerize)
Add Explicit Hydrogens (ID: AddExplicitH)
Neutralize (ID: Neutralize)
Clean 2D (ID: Clean2D)",,1564,CC1OC(C)OC(C)OC(C)O1
"InChI=1S/C14H17Cl3O4/c1-2-3-4-19-5-6-20-14(18)9-21-13-8-11(16)10(15)7-12(13)17/h7-8H,2-6,9H2,1H3",,2545-59-7,1,1567,"Dearomatize (ID: Dearomatize)
Clear Stereo (ID: ClearStereo)
Wedge Clean (ID: WedgeClean)
Mesomerize (ID: Mesomerize)
Tautomerize (ID: Tautomerize)
Aromatize (ID: Aromatize)
Add Explicit Hydrogens (ID: AddExplicitH)
Neutralize (ID: Neutralize)
Clean 2D (ID: Clean2D)",,1567,CCCCOCCOC(=O)COc1cc(Cl)c(Cl)cc1Cl
"InChI=1S/C16H30O2/c1-4-5-6-7-8-9-10-11-12-13-14-18-16(17)15(2)3/h2,4-14H2,1,3H3",,142-90-5,1,1571,"Clear Stereo (ID: ClearStereo)
Wedge Clean (ID: WedgeClean)
Mesomerize (ID: Mesomerize)
Tautomerize (ID: Tautomerize)
Add Explicit Hydrogens (ID: AddExplicitH)
Neutralize (ID: Neutralize)
Clean 2D (ID: Clean2D)",,1571,C=C(C)C(=O)OCCCCCCCCCCCC
InChI=1S/C3H4ClN/c4-2-1-3-5/h1-2H2,2B,542-76-7,1,1574,"Clear Stereo (ID: ClearStereo)
Wedge Clean (ID: WedgeClean)
Mesomerize (ID: Mesomerize)
Tautomerize (ID: Tautomerize)
Add Explicit Hydrogens (ID: AddExplicitH)
Neutralize (ID: Neutralize)
Clean 2D (ID: Clean2D)",,1574,N#CCCCl
"InChI=1S/C3H6O/c1-3-2-4-3/h3H,2H2,1H3",,75-56-9,1,1578,"Clear Stereo (ID: ClearStereo)
Wedge Clean (ID: WedgeClean)
Mesomerize (ID: Mesomerize)
Tautomerize (ID: Tautomerize)
Add Explicit Hydrogens (ID: AddExplicitH)
Neutralize (ID: Neutralize)
Clean 2D (ID: Clean2D)",,1578,CC1CO1
"InChI=1S/C8H6O3/c9-5-6-1-3-7(4-2-6)8(10)11/h1-5H,(H,10,11)",2A,619-66-9  619-66-9,1,1580,"Dearomatize (ID: Dearomatize)
Clear Stereo (ID: ClearStereo)
Wedge Clean (ID: WedgeClean)
Mesomerize (ID: Mesomerize)
Tautomerize (ID: Tautomerize)
Aromatize (ID: Aromatize)
Add Explicit Hydrogens (ID: AddExplicitH)
Neutralize (ID: Neutralize)
Clean 2D (ID: Clean2D)",,1580,O=Cc1ccc(C(=O)O)cc1
"InChI=1S/C11H20O2/c1-4-7-8-10(5-2)9-13-11(12)6-3/h6,10H,3-5,7-9H2,1-2H3",,103-11-7,1,1581,"Clear Stereo (ID: ClearStereo)
Wedge Clean (ID: WedgeClean)
Mesomerize (ID: Mesomerize)
Tautomerize (ID: Tautomerize)
Add Explicit Hydrogens (ID: AddExplicitH)
Neutralize (ID: Neutralize)
Clean 2D (ID: Clean2D)",,1581,C=CC(=O)OCC(CC)CCCC
"InChI=1S/C25H36O2/c1-9-16-11-18(22(26)20(13-16)24(3,4)5)15-19-12-17(10-2)14-21(23(19)27)25(6,7)8/h11-14,26-27H,9-10,15H2,1-8H3",,88-24-4,1,1582,"Dearomatize (ID: Dearomatize)
Clear Stereo (ID: ClearStereo)
Wedge Clean (ID: WedgeClean)
Mesomerize (ID: Mesomerize)
Tautomerize (ID: Tautomerize)
Aromatize (ID: Aromatize)
Add Explicit Hydrogens (ID: AddExplicitH)
Neutralize (ID: Neutralize)
Clean 2D (ID: Clean2D)",,1582,CCc1cc(Cc2cc(CC)cc(C(C)(C)C)c2O)c(O)c(C(C)(C)C)c1
"InChI=1S/C10H28N2OSi2/c1-14(2,9-5-7-11)13-15(3,4)10-6-8-12/h5-12H2,1-4H3",1,2469-55-8,1,1589,"Clear Stereo (ID: ClearStereo)
Wedge Clean (ID: WedgeClean)
Mesomerize (ID: Mesomerize)
Tautomerize (ID: Tautomerize)
Add Explicit Hydrogens (ID: AddExplicitH)
Neutralize (ID: Neutralize)
Clean 2D (ID: Clean2D)",,1589,C[Si](C)(CCCN)O[Si](C)(C)CCCN
"InChI=1S/C20H18N4O5S/c1-12-3-8-16(13(2)11-12)22-24-19-18(25)10-9-17(20(19)26)23-21-14-4-6-15(7-5-14)30(27,28)29/h3-11,21-22H,1-2H3,(H,27,28,29)",,1320-07-6,1,1591,"Dearomatize (ID: Dearomatize)
Clear Stereo (ID: ClearStereo)
Wedge Clean (ID: WedgeClean)
Mesomerize (ID: Mesomerize)
Tautomerize (ID: Tautomerize)
Aromatize (ID: Aromatize)
Add Explicit Hydrogens (ID: AddExplicitH)
Neutralize (ID: Neutralize)
Clean 2D (ID: Clean2D)",,1591,Cc1ccc(NN=c2c(=O)ccc(=NNc3ccc(S(=O)(=O)O)cc3)c2=O)c(C)c1
"InChI=1S/C8H8ClNO3S/c1-6(11)10-7-2-4-8(5-3-7)14(9,12)13/h2-5H,1H3,(H,10,11)",,121-60-8,1,1593,"Dearomatize (ID: Dearomatize)
Clear Stereo (ID: ClearStereo)
Wedge Clean (ID: WedgeClean)
Mesomerize (ID: Mesomerize)
Tautomerize (ID: Tautomerize)
Aromatize (ID: Aromatize)
Add Explicit Hydrogens (ID: AddExplicitH)
Neutralize (ID: Neutralize)
Clean 2D (ID: Clean2D)",,1593,CC(=O)Nc1ccc(S(=O)(=O)Cl)cc1
"InChI=1S/C10H16/c1-7-4-5-8-6-9(7)10(8,2)3/h4,8-9H,5-6H2,1-3H3",,80-56-8,1,1594,"Clear Stereo (ID: ClearStereo)
Wedge Clean (ID: WedgeClean)
Mesomerize (ID: Mesomerize)
Tautomerize (ID: Tautomerize)
Add Explicit Hydrogens (ID: AddExplicitH)
Neutralize (ID: Neutralize)
Clean 2D (ID: Clean2D)",,1594,CC1=CCC2CC1C2(C)C
"InChI=1S/C13H25N/c1-14(12-8-4-2-5-9-12)13-10-6-3-7-11-13/h12-13H,2-11H2,1H3",,7560-83-0,1,1596,"Clear Stereo (ID: ClearStereo)
Wedge Clean (ID: WedgeClean)
Mesomerize (ID: Mesomerize)
Tautomerize (ID: Tautomerize)
Add Explicit Hydrogens (ID: AddExplicitH)
Neutralize (ID: Neutralize)
Clean 2D (ID: Clean2D)",,1596,CN(C1CCCCC1)C1CCCCC1
"InChI=1S/C2H5NO2/c1-5-2(3)4/h1H3,(H2,3,4)",,598-55-0,1,1600,"Clear Stereo (ID: ClearStereo)
Wedge Clean (ID: WedgeClean)
Mesomerize (ID: Mesomerize)
Tautomerize (ID: Tautomerize)
Add Explicit Hydrogens (ID: AddExplicitH)
Neutralize (ID: Neutralize)
Clean 2D (ID: Clean2D)",,1600,COC(N)=O
"InChI=1S/C9H19NOS/c1-4-7-10(8-5-2)9(11)12-6-3/h4-8H2,1-3H3",,759-94-4,1,1606,"Clear Stereo (ID: ClearStereo)
Wedge Clean (ID: WedgeClean)
Mesomerize (ID: Mesomerize)
Tautomerize (ID: Tautomerize)
Add Explicit Hydrogens (ID: AddExplicitH)
Neutralize (ID: Neutralize)
Clean 2D (ID: Clean2D)",,1606,CCCN(CCC)C(=O)SCC
"InChI=1S/C7H12O3/c1-5(2)10-7(9)4-6(3)8/h4-5,8H,1-3H3",2B,542-08-5,1,1608,"Clear Stereo (ID: ClearStereo)
Wedge Clean (ID: WedgeClean)
Mesomerize (ID: Mesomerize)
Tautomerize (ID: Tautomerize)
Add Explicit Hydrogens (ID: AddExplicitH)
Neutralize (ID: Neutralize)
Clean 2D (ID: Clean2D)",,1608,CC(O)=CC(=O)OC(C)C
"InChI=1S/C6H12N2O2/c7-5(9)3-1-2-4-6(8)10/h1-4H2,(H2,7,9)(H2,8,10)",,628-94-4,1,1610,"Clear Stereo (ID: ClearStereo)
Wedge Clean (ID: WedgeClean)
Mesomerize (ID: Mesomerize)
Tautomerize (ID: Tautomerize)
Add Explicit Hydrogens (ID: AddExplicitH)
Neutralize (ID: Neutralize)
Clean 2D (ID: Clean2D)",,1610,NC(=O)CCCCC(N)=O
"InChI=1S/C10Cl12/c11-1-2(12)7(17)4(14)3(13,5(1,15)9(7,19)20)6(1,16)10(21,22)8(2,4)18",,2385-85-5,1,1613,"Clear Stereo (ID: ClearStereo)
Wedge Clean (ID: WedgeClean)
Mesomerize (ID: Mesomerize)
Tautomerize (ID: Tautomerize)
Clean 2D (ID: Clean2D)",,1613,ClC1(Cl)C2(Cl)C3(Cl)C4(Cl)C(Cl)(Cl)C5(Cl)C3(Cl)C1(Cl)C5(Cl)C24Cl
"InChI=1S/C4H6O/c1-2-4-3-5-4/h2,4H,1,3H2",,930-22-3,1,1615,"Clear Stereo (ID: ClearStereo)
Wedge Clean (ID: WedgeClean)
Mesomerize (ID: Mesomerize)
Tautomerize (ID: Tautomerize)
Add Explicit Hydrogens (ID: AddExplicitH)
Neutralize (ID: Neutralize)
Clean 2D (ID: Clean2D)",,1615,C=CC1CO1
"InChI=1S/C8H10O5/c9-7(10)5-3-1-2-4(13-3)6(5)8(11)12/h3-6H,1-2H2,(H,9,10)(H,11,12)",,145-73-3,1,1617,"Clear Stereo (ID: ClearStereo)
Wedge Clean (ID: WedgeClean)
Mesomerize (ID: Mesomerize)
Tautomerize (ID: Tautomerize)
Add Explicit Hydrogens (ID: AddExplicitH)
Neutralize (ID: Neutralize)
Clean 2D (ID: Clean2D)",,1617,O=C(O)C1C2CCC(O2)C1C(=O)O
"InChI=1S/C5H11NO2/c1-3-6-5(7)8-4-2/h3-4H2,1-2H3,(H,6,7)",,623-78-9,1,1627,"Clear Stereo (ID: ClearStereo)
Wedge Clean (ID: WedgeClean)
Mesomerize (ID: Mesomerize)
Tautomerize (ID: Tautomerize)
Add Explicit Hydrogens (ID: AddExplicitH)
Neutralize (ID: Neutralize)
Clean 2D (ID: Clean2D)",,1627,CCNC(=O)OCC
InChI=1S/C2H3NO/c1-3-2-4/h1H3,,624-83-9,1,1628,"Clear Stereo (ID: ClearStereo)
Wedge Clean (ID: WedgeClean)
Mesomerize (ID: Mesomerize)
Tautomerize (ID: Tautomerize)
Add Explicit Hydrogens (ID: AddExplicitH)
Neutralize (ID: Neutralize)
Clean 2D (ID: Clean2D)",,1628,CN=C=O
"InChI=1S/C4H4N2S/c7-4-5-2-1-3-6-4/h1-3H,(H,5,6,7)",,1450-85-7,1,1631,"Dearomatize (ID: Dearomatize)
Clear Stereo (ID: ClearStereo)
Wedge Clean (ID: WedgeClean)
Mesomerize (ID: Mesomerize)
Tautomerize (ID: Tautomerize)
Add Explicit Hydrogens (ID: AddExplicitH)
Neutralize (ID: Neutralize)
Clean 2D (ID: Clean2D)",,1631,S=c1nccc[nH]1
"InChI=1S/C14H22O7/c1-3-13(15)20-11-9-18-7-5-17-6-8-19-10-12-21-14(16)4-2/h3-4H,1-2,5-12H2",1,17831-71-9,1,1635,"Clear Stereo (ID: ClearStereo)
Wedge Clean (ID: WedgeClean)
Mesomerize (ID: Mesomerize)
Tautomerize (ID: Tautomerize)
Add Explicit Hydrogens (ID: AddExplicitH)
Neutralize (ID: Neutralize)
Clean 2D (ID: Clean2D)",,1635,C=CC(=O)OCCOCCOCCOCCOC(=O)C=C
"InChI=1S/C2Cl4O2/c3-1(7)8-2(4,5)6",,503-38-8,1,1636,"Clear Stereo (ID: ClearStereo)
Wedge Clean (ID: WedgeClean)
Mesomerize (ID: Mesomerize)
Tautomerize (ID: Tautomerize)
Clean 2D (ID: Clean2D)",,1636,O=C(Cl)OC(Cl)(Cl)Cl
"InChI=1S/C14H15O4P/c15-19(16,17-11-13-7-3-1-4-8-13)18-12-14-9-5-2-6-10-14/h1-10H,11-12H2,(H,15,16)",2A,1623-08-1,1,1639,"Dearomatize (ID: Dearomatize)
Clear Stereo (ID: ClearStereo)
Wedge Clean (ID: WedgeClean)
Mesomerize (ID: Mesomerize)
Tautomerize (ID: Tautomerize)
Aromatize (ID: Aromatize)
Add Explicit Hydrogens (ID: AddExplicitH)
Neutralize (ID: Neutralize)
Clean 2D (ID: Clean2D)",,1639,O=P(O)(OCc1ccccc1)OCc1ccccc1
"InChI=1S/C6H7NO2/c1-2-7-5(8)3-4-6(7)9/h3-4H,2H2,1H3",,128-53-0,1,1640,"Clear Stereo (ID: ClearStereo)
Wedge Clean (ID: WedgeClean)
Mesomerize (ID: Mesomerize)
Tautomerize (ID: Tautomerize)
Add Explicit Hydrogens (ID: AddExplicitH)
Neutralize (ID: Neutralize)
Clean 2D (ID: Clean2D)",,1640,CCN1C(=O)C=CC1=O
"InChI=1S/C10H12/c1-2-9-7-4-5-8(6-7)10(9)3-1/h1-2,4-5,7-10H,3,6H2",,77-73-6,1,1646,"Clear Stereo (ID: ClearStereo)
Wedge Clean (ID: WedgeClean)
Mesomerize (ID: Mesomerize)
Tautomerize (ID: Tautomerize)
Add Explicit Hydrogens (ID: AddExplicitH)
Neutralize (ID: Neutralize)
Clean 2D (ID: Clean2D)",,1646,C1=CC2C3C=CC(C3)C2C1
"InChI=1S/C12H12N2/c13-11-5-1-9(2-6-11)10-3-7-12(14)8-4-10/h1-8H,13-14H2",,92-87-5,1,1648,"Dearomatize (ID: Dearomatize)
Clear Stereo (ID: ClearStereo)
Wedge Clean (ID: WedgeClean)
Mesomerize (ID: Mesomerize)
Tautomerize (ID: Tautomerize)
Aromatize (ID: Aromatize)
Add Explicit Hydrogens (ID: AddExplicitH)
Neutralize (ID: Neutralize)
Clean 2D (ID: Clean2D)",,1648,Nc1ccc(-c2ccc(N)cc2)cc1
"InChI=1S/C5H10O/c1-2-3-4-5-6/h5H,2-4H2,1H3",,110-62-3,1,1653,"Clear Stereo (ID: ClearStereo)
Wedge Clean (ID: WedgeClean)
Mesomerize (ID: Mesomerize)
Tautomerize (ID: Tautomerize)
Add Explicit Hydrogens (ID: AddExplicitH)
Neutralize (ID: Neutralize)
Clean 2D (ID: Clean2D)",,1653,CCCCC=O
"InChI=1S/C6H10/c1-2-4-6-5-3-1/h1-2H,3-6H2",,110-83-8,1,1654,"Clear Stereo (ID: ClearStereo)
Wedge Clean (ID: WedgeClean)
Mesomerize (ID: Mesomerize)
Tautomerize (ID: Tautomerize)
Add Explicit Hydrogens (ID: AddExplicitH)
Neutralize (ID: Neutralize)
Clean 2D (ID: Clean2D)",,1654,C1=CCCCC1
"InChI=1S/C3H4O/c1-2-3-4/h2-3H,1H2",,107-02-8,1,1655,"Clear Stereo (ID: ClearStereo)
Wedge Clean (ID: WedgeClean)
Mesomerize (ID: Mesomerize)
Tautomerize (ID: Tautomerize)
Add Explicit Hydrogens (ID: AddExplicitH)
Neutralize (ID: Neutralize)
Clean 2D (ID: Clean2D)",,1655,C=CC=O
InChI=1S/C12H4Cl4O2/c13-5-1-9-10(2-6(5)14)18-12-4-8(16)7(15)3-11(12)17-9/h1-4H,,1746-01-6,1,1656,"Dearomatize (ID: Dearomatize)
Clear Stereo (ID: ClearStereo)
Wedge Clean (ID: WedgeClean)
Mesomerize (ID: Mesomerize)
Tautomerize (ID: Tautomerize)
Aromatize (ID: Aromatize)
Add Explicit Hydrogens (ID: AddExplicitH)
Neutralize (ID: Neutralize)
Clean 2D (ID: Clean2D)",,1656,Clc1cc2c(cc1Cl)Oc1cc(Cl)c(Cl)cc1O2
"InChI=1S/C17H20N6O7S/c1-23(2)15(25)10-6-5-7-11(18-9-24)14(10)31(27,28)22-17(26)21-16-19-12(29-3)8-13(20-16)30-4/h5-9H,1-4H3,(H,18,24)(H2,19,20,21,22,26)",,173159-57-4,1,1659,"Dearomatize (ID: Dearomatize)
Clear Stereo (ID: ClearStereo)
Wedge Clean (ID: WedgeClean)
Mesomerize (ID: Mesomerize)
Tautomerize (ID: Tautomerize)
Aromatize (ID: Aromatize)
Add Explicit Hydrogens (ID: AddExplicitH)
Neutralize (ID: Neutralize)
Clean 2D (ID: Clean2D)",,1659,COc1cc(OC)nc(NC(=O)NS(=O)(=O)c2c(NC=O)cccc2C(=O)N(C)C)n1
"InChI=1S/C12H20O2/c1-10(2)6-5-7-11(3)8-9-14-12(4)13/h6,8H,5,7,9H2,1-4H3",,105-87-3,1,1661,"Clear Stereo (ID: ClearStereo)
Wedge Clean (ID: WedgeClean)
Mesomerize (ID: Mesomerize)
Tautomerize (ID: Tautomerize)
Add Explicit Hydrogens (ID: AddExplicitH)
Neutralize (ID: Neutralize)
Clean 2D (ID: Clean2D)",,1661,CC(=O)OCC=C(C)CCC=C(C)C
"InChI=1S/C3H3Cl3/c4-1-3(6)2-5/h1H,2H2",,96-19-5,1,1662,"Clear Stereo (ID: ClearStereo)
Wedge Clean (ID: WedgeClean)
Mesomerize (ID: Mesomerize)
Tautomerize (ID: Tautomerize)
Add Explicit Hydrogens (ID: AddExplicitH)
Neutralize (ID: Neutralize)
Clean 2D (ID: Clean2D)",,1662,ClC=C(Cl)CCl
"InChI=1S/C13H10O2/c14-12-9-5-4-8-11(12)13(15)10-6-2-1-3-7-10/h1-9,14H",,117-99-7,1,1663,"Dearomatize (ID: Dearomatize)
Clear Stereo (ID: ClearStereo)
Wedge Clean (ID: WedgeClean)
Mesomerize (ID: Mesomerize)
Tautomerize (ID: Tautomerize)
Aromatize (ID: Aromatize)
Add Explicit Hydrogens (ID: AddExplicitH)
Neutralize (ID: Neutralize)
Clean 2D (ID: Clean2D)",,1663,O=C(c1ccccc1)c1ccccc1O
"InChI=1S/C6H8N2/c7-8-6-4-2-1-3-5-6/h1-5,8H,7H2",,100-63-0,1,1669,"Dearomatize (ID: Dearomatize)
Clear Stereo (ID: ClearStereo)
Wedge Clean (ID: WedgeClean)
Mesomerize (ID: Mesomerize)
Tautomerize (ID: Tautomerize)
Aromatize (ID: Aromatize)
Add Explicit Hydrogens (ID: AddExplicitH)
Neutralize (ID: Neutralize)
Clean 2D (ID: Clean2D)",,1669,NNc1ccccc1
"InChI=1S/C7H16O/c1-5-6(8)7(2,3)4/h6,8H,5H2,1-4H3",,3970-62-5  3970-62-5,1,1676,"Clear Stereo (ID: ClearStereo)
Wedge Clean (ID: WedgeClean)
Mesomerize (ID: Mesomerize)
Tautomerize (ID: Tautomerize)
Add Explicit Hydrogens (ID: AddExplicitH)
Neutralize (ID: Neutralize)
Clean 2D (ID: Clean2D)",,1676,CCC(O)C(C)(C)C
"InChI=1S/C6H5ClO/c7-5-2-1-3-6(8)4-5/h1-4,8H",,108-43-0,1,1681,"Dearomatize (ID: Dearomatize)
Clear Stereo (ID: ClearStereo)
Wedge Clean (ID: WedgeClean)
Mesomerize (ID: Mesomerize)
Tautomerize (ID: Tautomerize)
Aromatize (ID: Aromatize)
Add Explicit Hydrogens (ID: AddExplicitH)
Neutralize (ID: Neutralize)
Clean 2D (ID: Clean2D)",,1681,Oc1cccc(Cl)c1
"InChI=1S/C18H32O2/c1-2-3-4-5-6-9-12-16-15-17(16)13-10-7-8-11-14-18(19)20/h2-15H2,1H3,(H,19,20)",,503-05-9,1,1688,"Clear Stereo (ID: ClearStereo)
Wedge Clean (ID: WedgeClean)
Mesomerize (ID: Mesomerize)
Tautomerize (ID: Tautomerize)
Add Explicit Hydrogens (ID: AddExplicitH)
Neutralize (ID: Neutralize)
Clean 2D (ID: Clean2D)",,1688,CCCCCCCCC1=C(CCCCCCC(=O)O)C1
"InChI=1S/C4H11N/c1-2-3-4-5/h2-5H2,1H3",,109-73-9,1,1689,"Clear Stereo (ID: ClearStereo)
Wedge Clean (ID: WedgeClean)
Mesomerize (ID: Mesomerize)
Tautomerize (ID: Tautomerize)
Add Explicit Hydrogens (ID: AddExplicitH)
Neutralize (ID: Neutralize)
Clean 2D (ID: Clean2D)",,1689,CCCCN
"InChI=1S/C7H7Cl3NO3PS/c1-12-15(16,13-2)14-7-5(9)3-4(8)6(10)11-7/h3H,1-2H3",,5598-13-0,1,1692,"Dearomatize (ID: Dearomatize)
Clear Stereo (ID: ClearStereo)
Wedge Clean (ID: WedgeClean)
Mesomerize (ID: Mesomerize)
Tautomerize (ID: Tautomerize)
Aromatize (ID: Aromatize)
Add Explicit Hydrogens (ID: AddExplicitH)
Neutralize (ID: Neutralize)
Clean 2D (ID: Clean2D)",,1692,COP(=S)(OC)Oc1nc(Cl)c(Cl)cc1Cl
InChI=1S/C2H4Cl2O/c3-1-5-2-4/h1-2H2,,542-88-1,1,1693,"Clear Stereo (ID: ClearStereo)
Wedge Clean (ID: WedgeClean)
Mesomerize (ID: Mesomerize)
Tautomerize (ID: Tautomerize)
Add Explicit Hydrogens (ID: AddExplicitH)
Neutralize (ID: Neutralize)
Clean 2D (ID: Clean2D)",,1693,ClCOCCl
"InChI=1S/C2H5Cl/c1-2-3/h2H2,1H3",,75-00-3,1,1695,"Mesomerize (ID: Mesomerize)
Tautomerize (ID: Tautomerize)
Add Explicit Hydrogens (ID: AddExplicitH)
Neutralize (ID: Neutralize)
Clean 2D (ID: Clean2D)",,1695,CCCl
InChI=1S/C17H10O/c18-17-14-8-2-1-7-12(14)13-9-3-5-11-6-4-10-15(17)16(11)13/h1-10H,,82-05-3,1,1703,"Dearomatize (ID: Dearomatize)
Clear Stereo (ID: ClearStereo)
Wedge Clean (ID: WedgeClean)
Mesomerize (ID: Mesomerize)
Tautomerize (ID: Tautomerize)
Aromatize (ID: Aromatize)
Add Explicit Hydrogens (ID: AddExplicitH)
Neutralize (ID: Neutralize)
Clean 2D (ID: Clean2D)",,1703,O=C1c2ccccc2-c2cccc3cccc1c23
"InChI=1S/C5H13NO2/c1-6-4-5(7-2)8-3/h5-6H,4H2,1-3H3",,122-07-6,1,1704,"Clear Stereo (ID: ClearStereo)
Wedge Clean (ID: WedgeClean)
Mesomerize (ID: Mesomerize)
Tautomerize (ID: Tautomerize)
Add Explicit Hydrogens (ID: AddExplicitH)
Neutralize (ID: Neutralize)
Clean 2D (ID: Clean2D)",,1704,CNCC(OC)OC
"InChI=1S/C12H10Cl2N2/c13-9-5-7(1-3-11(9)15)8-2-4-12(16)10(14)6-8/h1-6H,15-16H2",,91-94-1,1,1708,"Dearomatize (ID: Dearomatize)
Clear Stereo (ID: ClearStereo)
Wedge Clean (ID: WedgeClean)
Mesomerize (ID: Mesomerize)
Tautomerize (ID: Tautomerize)
Aromatize (ID: Aromatize)
Add Explicit Hydrogens (ID: AddExplicitH)
Neutralize (ID: Neutralize)
Clean 2D (ID: Clean2D)",,1708,Nc1ccc(-c2ccc(N)c(Cl)c2)cc1Cl
"InChI=1S/C6H7NO3S/c7-5-1-3-6(4-2-5)11(8,9)10/h1-4H,7H2,(H,8,9,10)",,121-57-3,1,1710,"Dearomatize (ID: Dearomatize)
Clear Stereo (ID: ClearStereo)
Wedge Clean (ID: WedgeClean)
Mesomerize (ID: Mesomerize)
Tautomerize (ID: Tautomerize)
Aromatize (ID: Aromatize)
Add Explicit Hydrogens (ID: AddExplicitH)
Neutralize (ID: Neutralize)
Clean 2D (ID: Clean2D)",,1710,Nc1ccc(S(=O)(=O)O)cc1
"InChI=1S/C6H13NO/c1-2-7-3-5-8-6-4-7/h2-6H2,1H3",,100-74-3,1,1711,"Clear Stereo (ID: ClearStereo)
Wedge Clean (ID: WedgeClean)
Mesomerize (ID: Mesomerize)
Tautomerize (ID: Tautomerize)
Add Explicit Hydrogens (ID: AddExplicitH)
Neutralize (ID: Neutralize)
Clean 2D (ID: Clean2D)",,1711,CCN1CCOCC1
"InChI=1S/C11H14O2/c1-2-11(12)13-9-8-10-6-4-3-5-7-10/h3-7H,2,8-9H2,1H3",,122-70-3,1,1713,"Dearomatize (ID: Dearomatize)
Clear Stereo (ID: ClearStereo)
Wedge Clean (ID: WedgeClean)
Mesomerize (ID: Mesomerize)
Tautomerize (ID: Tautomerize)
Aromatize (ID: Aromatize)
Add Explicit Hydrogens (ID: AddExplicitH)
Neutralize (ID: Neutralize)
Clean 2D (ID: Clean2D)",,1713,CCC(=O)OCCc1ccccc1
InChI=1S/C4H8O2S/c5-7(6)3-1-2-4-7/h1-4H2,,126-33-0,1,1719,"Clear Stereo (ID: ClearStereo)
Wedge Clean (ID: WedgeClean)
Mesomerize (ID: Mesomerize)
Tautomerize (ID: Tautomerize)
Add Explicit Hydrogens (ID: AddExplicitH)
Neutralize (ID: Neutralize)
Clean 2D (ID: Clean2D)",,1719,O=S1(=O)CCCC1
"InChI=1S/C3H9NO/c1-3(5)2-4/h3,5H,2,4H2,1H3",,78-96-6,1,1720,"Clear Stereo (ID: ClearStereo)
Wedge Clean (ID: WedgeClean)
Mesomerize (ID: Mesomerize)
Tautomerize (ID: Tautomerize)
Add Explicit Hydrogens (ID: AddExplicitH)
Neutralize (ID: Neutralize)
Clean 2D (ID: Clean2D)",,1720,CC(O)CN
"InChI=1S/C10H13Cl2FN2O2S2/c1-8-4-6-9(7-5-8)15(18-10(11,12)13)19(16,17)14(2)3/h4-7H,1-3H3",,731-27-1,1,1728,"Dearomatize (ID: Dearomatize)
Clear Stereo (ID: ClearStereo)
Wedge Clean (ID: WedgeClean)
Mesomerize (ID: Mesomerize)
Tautomerize (ID: Tautomerize)
Aromatize (ID: Aromatize)
Add Explicit Hydrogens (ID: AddExplicitH)
Neutralize (ID: Neutralize)
Clean 2D (ID: Clean2D)",,1728,Cc1ccc(N(SC(F)(Cl)Cl)S(=O)(=O)N(C)C)cc1
"InChI=1S/C16H15Cl3O2/c1-20-13-7-3-11(4-8-13)15(16(17,18)19)12-5-9-14(21-2)10-6-12/h3-10,15H,1-2H3",,72-43-5,1,1734,"Dearomatize (ID: Dearomatize)
Clear Stereo (ID: ClearStereo)
Wedge Clean (ID: WedgeClean)
Mesomerize (ID: Mesomerize)
Tautomerize (ID: Tautomerize)
Aromatize (ID: Aromatize)
Add Explicit Hydrogens (ID: AddExplicitH)
Neutralize (ID: Neutralize)
Clean 2D (ID: Clean2D)",,1734,COc1ccc(C(c2ccc(OC)cc2)C(Cl)(Cl)Cl)cc1
"InChI=1S/C8H11NO6S2/c9-7-1-3-8(4-2-7)16(10,11)6-5-15-17(12,13)14/h1-4H,5-6,9H2,(H,12,13,14)",1,2494-89-5,1,1735,"Dearomatize (ID: Dearomatize)
Clear Stereo (ID: ClearStereo)
Wedge Clean (ID: WedgeClean)
Mesomerize (ID: Mesomerize)
Tautomerize (ID: Tautomerize)
Aromatize (ID: Aromatize)
Add Explicit Hydrogens (ID: AddExplicitH)
Neutralize (ID: Neutralize)
Clean 2D (ID: Clean2D)",,1735,Nc1ccc(S(=O)(=O)CCOS(=O)(=O)O)cc1
InChI=1S/C5H10Br2/c6-4-2-1-3-5-7/h1-5H2,,111-24-0  111-24-0,1,1740,"Clear Stereo (ID: ClearStereo)
Wedge Clean (ID: WedgeClean)
Mesomerize (ID: Mesomerize)
Tautomerize (ID: Tautomerize)
Add Explicit Hydrogens (ID: AddExplicitH)
Neutralize (ID: Neutralize)
Clean 2D (ID: Clean2D)",,1740,BrCCCCCBr
"InChI=1S/C18H16O7/c1-6-14(22)12(8(3)20)16-13(15(6)23)18(4)10(25-16)5-9(21)11(7(2)19)17(18)24/h5,22-24H,1-4H3",,7562-61-0,1,1744,"Dearomatize (ID: Dearomatize)
Clear Stereo (ID: ClearStereo)
Wedge Clean (ID: WedgeClean)
Mesomerize (ID: Mesomerize)
Tautomerize (ID: Tautomerize)
Aromatize (ID: Aromatize)
Add Explicit Hydrogens (ID: AddExplicitH)
Neutralize (ID: Neutralize)
Clean 2D (ID: Clean2D)",,1744,CC(=O)C1=C(O)C2(C)C(=CC1=O)Oc1c(C(C)=O)c(O)c(C)c(O)c12
"InChI=1S/C8H20O7P2/c1-5-11-16(9,12-6-2)15-17(10,13-7-3)14-8-4/h5-8H2,1-4H3",,107-49-3,1,1747,"Clear Stereo (ID: ClearStereo)
Wedge Clean (ID: WedgeClean)
Mesomerize (ID: Mesomerize)
Tautomerize (ID: Tautomerize)
Add Explicit Hydrogens (ID: AddExplicitH)
Neutralize (ID: Neutralize)
Clean 2D (ID: Clean2D)",,1747,CCOP(=O)(OCC)OP(=O)(OCC)OCC
"InChI=1S/CH4N4O2/c2-1(3)4-5(6)7/h(H4,2,3,4)",,556-88-7,1,1748,"Clear Stereo (ID: ClearStereo)
Wedge Clean (ID: WedgeClean)
Mesomerize (ID: Mesomerize)
Tautomerize (ID: Tautomerize)
Add Explicit Hydrogens (ID: AddExplicitH)
Neutralize (ID: Neutralize)
Clean 2D (ID: Clean2D)",,1748,[H]/N=C(\N)N[N+](=O)[O-]
"InChI=1S/C7H5BrO3/c8-4-1-2-6(9)5(3-4)7(10)11/h1-3,9H,(H,10,11)",,89-55-4,1,1754,"Dearomatize (ID: Dearomatize)
Clear Stereo (ID: ClearStereo)
Wedge Clean (ID: WedgeClean)
Mesomerize (ID: Mesomerize)
Tautomerize (ID: Tautomerize)
Aromatize (ID: Aromatize)
Add Explicit Hydrogens (ID: AddExplicitH)
Neutralize (ID: Neutralize)
Clean 2D (ID: Clean2D)",,1754,O=C(O)c1cc(Br)ccc1O
"InChI=1S/C10H8Cl2FNO3/c1-2-17-8(16)4-7(15)5-3-6(13)10(12)14-9(5)11/h3-4,15H,2H2,1H3",2B,96568-04-6,1,1756,"Dearomatize (ID: Dearomatize)
Clear Stereo (ID: ClearStereo)
Wedge Clean (ID: WedgeClean)
Mesomerize (ID: Mesomerize)
Tautomerize (ID: Tautomerize)
Aromatize (ID: Aromatize)
Add Explicit Hydrogens (ID: AddExplicitH)
Neutralize (ID: Neutralize)
Clean 2D (ID: Clean2D)",,1756,CCOC(=O)C=C(O)c1cc(F)c(Cl)nc1Cl
"InChI=1S/C37H36N2O10S3/c1-3-38(24-26-7-5-9-33(21-26)50(41,42)43)30-15-11-28(12-16-30)37(35-20-19-32(40)23-36(35)52(47,48)49)29-13-17-31(18-14-29)39(4-2)25-27-8-6-10-34(22-27)51(44,45)46/h5-23H,3-4,24-25H2,1-2H3,(H3-,40,41,42,43,44,45,46,47,48,49)/p+1",,2353-45-9,1,1759,"Dearomatize (ID: Dearomatize)
Clear Stereo (ID: ClearStereo)
Wedge Clean (ID: WedgeClean)
Mesomerize (ID: Mesomerize)
Tautomerize (ID: Tautomerize)
Aromatize (ID: Aromatize)
Add Explicit Hydrogens (ID: AddExplicitH)
Clean 2D (ID: Clean2D)",,1759,CCN(Cc1cccc(S(=O)(=O)O)c1)c1ccc([C+](c2ccc(N(CC)Cc3cccc(S(=O)(=O)O)c3)cc2)c2ccc(O)cc2S(=O)(=O)O)cc1
"InChI=1S/C15H16O2/c1-15(2,11-3-7-13(16)8-4-11)12-5-9-14(17)10-6-12/h3-10,16-17H,1-2H3",,80-05-7,1,1765,"Dearomatize (ID: Dearomatize)
Clear Stereo (ID: ClearStereo)
Wedge Clean (ID: WedgeClean)
Mesomerize (ID: Mesomerize)
Tautomerize (ID: Tautomerize)
Aromatize (ID: Aromatize)
Add Explicit Hydrogens (ID: AddExplicitH)
Neutralize (ID: Neutralize)
Clean 2D (ID: Clean2D)",,1765,CC(C)(c1ccc(O)cc1)c1ccc(O)cc1
"InChI=1S/C8H6N2O/c11-8-7-4-2-1-3-6(7)5-9-10-8/h1-5H,(H,10,11)",,119-39-1,1,1768,"Dearomatize (ID: Dearomatize)
Clear Stereo (ID: ClearStereo)
Wedge Clean (ID: WedgeClean)
Mesomerize (ID: Mesomerize)
Tautomerize (ID: Tautomerize)
Aromatize (ID: Aromatize)
Add Explicit Hydrogens (ID: AddExplicitH)
Neutralize (ID: Neutralize)
Clean 2D (ID: Clean2D)",,1768,O=c1[nH]ncc2ccccc12
"InChI=1S/C8H7ClO/c9-6-8(10)7-4-2-1-3-5-7/h1-5H,6H2",,532-27-4,1,1778,"Dearomatize (ID: Dearomatize)
Clear Stereo (ID: ClearStereo)
Wedge Clean (ID: WedgeClean)
Mesomerize (ID: Mesomerize)
Tautomerize (ID: Tautomerize)
Aromatize (ID: Aromatize)
Add Explicit Hydrogens (ID: AddExplicitH)
Neutralize (ID: Neutralize)
Clean 2D (ID: Clean2D)",,1778,O=C(CCl)c1ccccc1
"InChI=1S/C12H27N/c1-4-7-10-13(11-8-5-2)12-9-6-3/h4-12H2,1-3H3",,102-82-9,1,1779,"Clear Stereo (ID: ClearStereo)
Wedge Clean (ID: WedgeClean)
Mesomerize (ID: Mesomerize)
Tautomerize (ID: Tautomerize)
Add Explicit Hydrogens (ID: AddExplicitH)
Neutralize (ID: Neutralize)
Clean 2D (ID: Clean2D)",,1779,CCCCN(CCCC)CCCC
"InChI=1S/C9H5Cl3N4/c10-5-3-1-2-4-6(5)13-9-15-7(11)14-8(12)16-9/h1-4H,(H,13,14,15,16)",,101-05-3,1,1780,"Dearomatize (ID: Dearomatize)
Clear Stereo (ID: ClearStereo)
Wedge Clean (ID: WedgeClean)
Mesomerize (ID: Mesomerize)
Tautomerize (ID: Tautomerize)
Aromatize (ID: Aromatize)
Add Explicit Hydrogens (ID: AddExplicitH)
Neutralize (ID: Neutralize)
Clean 2D (ID: Clean2D)",,1780,Clc1nc(Cl)nc(Nc2ccccc2Cl)n1
"InChI=1S/C7H16/c1-3-5-7-6-4-2/h3-7H2,1-2H3",,142-82-5,1,1781,"Clear Stereo (ID: ClearStereo)
Wedge Clean (ID: WedgeClean)
Mesomerize (ID: Mesomerize)
Tautomerize (ID: Tautomerize)
Add Explicit Hydrogens (ID: AddExplicitH)
Neutralize (ID: Neutralize)
Clean 2D (ID: Clean2D)",,1781,CCCCCCC
"InChI=1S/C2H3Br/c1-2-3/h2H,1H2",,593-60-2,1,1787,"Mesomerize (ID: Mesomerize)
Tautomerize (ID: Tautomerize)
Add Explicit Hydrogens (ID: AddExplicitH)
Neutralize (ID: Neutralize)
Clean 2D (ID: Clean2D)",,1787,C=CBr
InChI=1S/C7H5NS/c1-2-4-7-6(3-1)8-5-9-7/h1-5H,,95-16-9,1,1789,"Dearomatize (ID: Dearomatize)
Clear Stereo (ID: ClearStereo)
Wedge Clean (ID: WedgeClean)
Mesomerize (ID: Mesomerize)
Tautomerize (ID: Tautomerize)
Aromatize (ID: Aromatize)
Add Explicit Hydrogens (ID: AddExplicitH)
Neutralize (ID: Neutralize)
Clean 2D (ID: Clean2D)",,1789,c1ccc2scnc2c1
"InChI=1S/C6H5NO3/c8-6-4-2-1-3-5(6)7(9)10/h1-4,8H",,88-75-5,1,1795,"Dearomatize (ID: Dearomatize)
Clear Stereo (ID: ClearStereo)
Wedge Clean (ID: WedgeClean)
Mesomerize (ID: Mesomerize)
Tautomerize (ID: Tautomerize)
Aromatize (ID: Aromatize)
Add Explicit Hydrogens (ID: AddExplicitH)
Neutralize (ID: Neutralize)
Clean 2D (ID: Clean2D)",,1795,O=[N+]([O-])c1ccccc1O
"InChI=1S/C6H6N2O3/c7-5-2-1-4(9)3-6(5)8(10)11/h1-3,9H,7H2",2A,610-81-1,1,1796,"Dearomatize (ID: Dearomatize)
Clear Stereo (ID: ClearStereo)
Wedge Clean (ID: WedgeClean)
Mesomerize (ID: Mesomerize)
Tautomerize (ID: Tautomerize)
Aromatize (ID: Aromatize)
Add Explicit Hydrogens (ID: AddExplicitH)
Neutralize (ID: Neutralize)
Clean 2D (ID: Clean2D)",,1796,Nc1ccc(O)cc1[N+](=O)[O-]
"InChI=1S/C9H13N5O4/c10-9-12-7-6(8(17)13-9)11-3-14(7)4-18-5(1-15)2-16/h3,5,15-16H,1-2,4H2,(H3,10,12,13,17)",,82410-32-0,1,1798,"Dearomatize (ID: Dearomatize)
Clear Stereo (ID: ClearStereo)
Wedge Clean (ID: WedgeClean)
Mesomerize (ID: Mesomerize)
Tautomerize (ID: Tautomerize)
Aromatize (ID: Aromatize)
Add Explicit Hydrogens (ID: AddExplicitH)
Neutralize (ID: Neutralize)
Clean 2D (ID: Clean2D)",,1798,Nc1nc2c(ncn2COC(CO)CO)c(=O)[nH]1
"InChI=1S/C10H19N5O/c1-6(2)11-8-13-9(12-7(3)4)15-10(14-8)16-5/h6-7H,1-5H3,(H2,11,12,13,14,15)",,1610-18-0,1,1801,"Dearomatize (ID: Dearomatize)
Clear Stereo (ID: ClearStereo)
Wedge Clean (ID: WedgeClean)
Mesomerize (ID: Mesomerize)
Tautomerize (ID: Tautomerize)
Aromatize (ID: Aromatize)
Add Explicit Hydrogens (ID: AddExplicitH)
Neutralize (ID: Neutralize)
Clean 2D (ID: Clean2D)",,1801,COc1nc(NC(C)C)nc(NC(C)C)n1
"InChI=1S/C11H15Cl2N5/c1-6(2)16-10(14)18-11(15)17-7-3-4-8(12)9(13)5-7/h3-6H,1-2H3,(H5,14,15,16,17,18)",1,537-21-3,1,1807,"Dearomatize (ID: Dearomatize)
Clear Stereo (ID: ClearStereo)
Wedge Clean (ID: WedgeClean)
Mesomerize (ID: Mesomerize)
Tautomerize (ID: Tautomerize)
Aromatize (ID: Aromatize)
Add Explicit Hydrogens (ID: AddExplicitH)
Neutralize (ID: Neutralize)
Clean 2D (ID: Clean2D)",,1807,[H]/N=C(\N/C(=N\[H])NC(C)C)Nc1ccc(Cl)c(Cl)c1
"InChI=1S/C14H16F3N3O4/c1-2-5-18(8-9-3-4-9)13-11(19(21)22)6-10(14(15,16)17)7-12(13)20(23)24/h6-7,9H,2-5,8H2,1H3",,26399-36-0,1,1808,"Dearomatize (ID: Dearomatize)
Clear Stereo (ID: ClearStereo)
Wedge Clean (ID: WedgeClean)
Mesomerize (ID: Mesomerize)
Tautomerize (ID: Tautomerize)
Aromatize (ID: Aromatize)
Add Explicit Hydrogens (ID: AddExplicitH)
Neutralize (ID: Neutralize)
Clean 2D (ID: Clean2D)",,1808,CCCN(CC1CC1)c1c([N+](=O)[O-])cc(C(F)(F)F)cc1[N+](=O)[O-]
"InChI=1S/C15H15ClN2O2/c1-18(2)15(19)17-12-5-9-14(10-6-12)20-13-7-3-11(16)4-8-13/h3-10H,1-2H3,(H,17,19)",,1982-47-4,1,1818,"Dearomatize (ID: Dearomatize)
Clear Stereo (ID: ClearStereo)
Wedge Clean (ID: WedgeClean)
Mesomerize (ID: Mesomerize)
Tautomerize (ID: Tautomerize)
Aromatize (ID: Aromatize)
Add Explicit Hydrogens (ID: AddExplicitH)
Neutralize (ID: Neutralize)
Clean 2D (ID: Clean2D)",,1818,CN(C)C(=O)Nc1ccc(Oc2ccc(Cl)cc2)cc1
"InChI=1S/C8H6N4O8/c13-1-7(19,2(14)10-5(17)9-1)8(20)3(15)11-6(18)12-4(8)16/h19-20H,(H2,9,10,13,14,17)(H2,11,12,15,16,18)",,76-24-4,1,1820,"Clear Stereo (ID: ClearStereo)
Wedge Clean (ID: WedgeClean)
Mesomerize (ID: Mesomerize)
Tautomerize (ID: Tautomerize)
Add Explicit Hydrogens (ID: AddExplicitH)
Neutralize (ID: Neutralize)
Clean 2D (ID: Clean2D)",,1820,O=C1NC(=O)C(O)(C2(O)C(=O)NC(=O)NC2=O)C(=O)N1
"InChI=1S/C8H6Cl2O3/c1-13-7-5(10)3-2-4(9)6(7)8(11)12/h2-3H,1H3,(H,11,12)",,1918-00-9,1,1821,"Dearomatize (ID: Dearomatize)
Clear Stereo (ID: ClearStereo)
Wedge Clean (ID: WedgeClean)
Mesomerize (ID: Mesomerize)
Tautomerize (ID: Tautomerize)
Aromatize (ID: Aromatize)
Add Explicit Hydrogens (ID: AddExplicitH)
Neutralize (ID: Neutralize)
Clean 2D (ID: Clean2D)",,1821,COc1c(Cl)ccc(Cl)c1C(=O)O
"InChI=1S/C3H4O2/c4-1-3-2-5-3/h1,3H,2H2",,765-34-4,1,1824,"Clear Stereo (ID: ClearStereo)
Wedge Clean (ID: WedgeClean)
Mesomerize (ID: Mesomerize)
Tautomerize (ID: Tautomerize)
Add Explicit Hydrogens (ID: AddExplicitH)
Neutralize (ID: Neutralize)
Clean 2D (ID: Clean2D)",,1824,O=CC1CO1
"InChI=1S/C41H60N8O10/c1-8-31-38(54)48-34(40(57)58)26(5)36(52)46-29(15-12-20-44-41(42)43)37(53)45-28(25(4)35(51)47-30(39(55)56)18-19-33(50)49(31)6)17-16-23(2)21-24(3)32(59-7)22-27-13-10-9-11-14-27/h8-11,13-14,16-17,21,24-26,28-30,32,34H,12,15,18-20,22H2,1-7H3,(H,45,53)(H,46,52)(H,47,51)(H,48,54)(H,55,56)(H,57,58)(H4,42,43,44)",,118399-22-7,1,1825,"Dearomatize (ID: Dearomatize)
Clear Stereo (ID: ClearStereo)
Wedge Clean (ID: WedgeClean)
Mesomerize (ID: Mesomerize)
Tautomerize (ID: Tautomerize)
Aromatize (ID: Aromatize)
Add Explicit Hydrogens (ID: AddExplicitH)
Neutralize (ID: Neutralize)
Clean 2D (ID: Clean2D)",,1825,[H]/N=C(/N)NCCCC1NC(=O)C(C)C(C(=O)O)NC(=O)C(=CC)N(C)C(=O)CCC(C(=O)O)NC(=O)C(C)C(C=CC(C)=CC(C)C(Cc2ccccc2)OC)NC1=O
"InChI=1S/C13H19NO2S/c1-12(2)9-4-5-13(12,3)10(6-9)16-11(15)7-17-8-14/h9-10H,4-7H2,1-3H3",,115-31-1,1,1826,"Clear Stereo (ID: ClearStereo)
Wedge Clean (ID: WedgeClean)
Mesomerize (ID: Mesomerize)
Tautomerize (ID: Tautomerize)
Add Explicit Hydrogens (ID: AddExplicitH)
Neutralize (ID: Neutralize)
Clean 2D (ID: Clean2D)",,1826,CC1(C)C2CCC1(C)C(OC(=O)CSC#N)C2
InChI=1S/C3H4/c1-3-2/h1-2H2,,463-49-0,1,1830,"Mesomerize (ID: Mesomerize)
Tautomerize (ID: Tautomerize)
Add Explicit Hydrogens (ID: AddExplicitH)
Neutralize (ID: Neutralize)
Clean 2D (ID: Clean2D)",,1830,C=C=C
"InChI=1S/C22H42O6/c1-2-3-4-5-6-7-8-9-10-11-12-13-14-15-20(25)27-17-19(24)22-21(26)18(23)16-28-22/h18-19,21-24,26H,2-17H2,1H3",,26266-57-9,1,1831,"Clear Stereo (ID: ClearStereo)
Wedge Clean (ID: WedgeClean)
Mesomerize (ID: Mesomerize)
Tautomerize (ID: Tautomerize)
Add Explicit Hydrogens (ID: AddExplicitH)
Neutralize (ID: Neutralize)
Clean 2D (ID: Clean2D)",,1831,CCCCCCCCCCCCCCCC(=O)OCC(O)C1OCC(O)C1O
"InChI=1S/C18H11NO2/c20-17-12-6-2-3-7-13(12)18(21)16(17)15-10-9-11-5-1-4-8-14(11)19-15/h1-10,16H",,8003-22-3,1,1835,"Dearomatize (ID: Dearomatize)
Clear Stereo (ID: ClearStereo)
Wedge Clean (ID: WedgeClean)
Mesomerize (ID: Mesomerize)
Tautomerize (ID: Tautomerize)
Aromatize (ID: Aromatize)
Add Explicit Hydrogens (ID: AddExplicitH)
Neutralize (ID: Neutralize)
Clean 2D (ID: Clean2D)",,1835,O=C1c2ccccc2C(=O)C1c1ccc2ccccc2n1
InChI=1S/C6HCl5O/c7-1-2(8)4(10)6(12)5(11)3(1)9/h12H,,87-86-5,1,1837,"Dearomatize (ID: Dearomatize)
Clear Stereo (ID: ClearStereo)
Wedge Clean (ID: WedgeClean)
Mesomerize (ID: Mesomerize)
Tautomerize (ID: Tautomerize)
Aromatize (ID: Aromatize)
Add Explicit Hydrogens (ID: AddExplicitH)
Neutralize (ID: Neutralize)
Clean 2D (ID: Clean2D)",,1837,Oc1c(Cl)c(Cl)c(Cl)c(Cl)c1Cl
"InChI=1S/C17H37NO3S/c1-4-5-6-7-8-9-10-11-12-13-15-18(2,3)16-14-17-22(19,20)21/h4-17H2,1-3H3/p+1",2A,14933-08-5,1,1838,"Clear Stereo (ID: ClearStereo)
Wedge Clean (ID: WedgeClean)
Mesomerize (ID: Mesomerize)
Tautomerize (ID: Tautomerize)
Add Explicit Hydrogens (ID: AddExplicitH)
Clean 2D (ID: Clean2D)",,1838,CCCCCCCCCCCC[N+](C)(C)CCCS(=O)(=O)O
"InChI=1S/C10H23N/c1-3-5-7-9-11-10-8-6-4-2/h11H,3-10H2,1-2H3",,2050-92-2,1,1839,"Clear Stereo (ID: ClearStereo)
Wedge Clean (ID: WedgeClean)
Mesomerize (ID: Mesomerize)
Tautomerize (ID: Tautomerize)
Add Explicit Hydrogens (ID: AddExplicitH)
Neutralize (ID: Neutralize)
Clean 2D (ID: Clean2D)",,1839,CCCCCNCCCCC
"InChI=1S/C6H12O/c1-2-3-4-5-6-7/h6H,2-5H2,1H3",,66-25-1,1,1841,"Clear Stereo (ID: ClearStereo)
Wedge Clean (ID: WedgeClean)
Mesomerize (ID: Mesomerize)
Tautomerize (ID: Tautomerize)
Add Explicit Hydrogens (ID: AddExplicitH)
Neutralize (ID: Neutralize)
Clean 2D (ID: Clean2D)",,1841,CCCCCC=O
"InChI=1S/C12H9N3/c13-11-9-5-7-3-1-2-4-8(7)6-10(9)12(14)15-11/h1-6H,(H3,13,14,15)",1,65558-69-2,1,1843,"Dearomatize (ID: Dearomatize)
Clear Stereo (ID: ClearStereo)
Wedge Clean (ID: WedgeClean)
Mesomerize (ID: Mesomerize)
Tautomerize (ID: Tautomerize)
Aromatize (ID: Aromatize)
Add Explicit Hydrogens (ID: AddExplicitH)
Neutralize (ID: Neutralize)
Clean 2D (ID: Clean2D)",,1843,[H]/N=C1\N/C(=N/[H])c2cc3ccccc3cc21
"InChI=1S/C8H11NO4S/c1-5-3-6(9)7(13-2)4-8(5)14(10,11)12/h3-4H,9H2,1-2H3,(H,10,11,12)",1,6471-78-9,1,1845,"Dearomatize (ID: Dearomatize)
Clear Stereo (ID: ClearStereo)
Wedge Clean (ID: WedgeClean)
Mesomerize (ID: Mesomerize)
Tautomerize (ID: Tautomerize)
Aromatize (ID: Aromatize)
Add Explicit Hydrogens (ID: AddExplicitH)
Neutralize (ID: Neutralize)
Clean 2D (ID: Clean2D)",,1845,COc1cc(S(=O)(=O)O)c(C)cc1N
"InChI=1S/C10H9N/c11-10-6-5-8-3-1-2-4-9(8)7-10/h1-7H,11H2",,91-59-8,1,1847,"Dearomatize (ID: Dearomatize)
Clear Stereo (ID: ClearStereo)
Wedge Clean (ID: WedgeClean)
Mesomerize (ID: Mesomerize)
Tautomerize (ID: Tautomerize)
Aromatize (ID: Aromatize)
Add Explicit Hydrogens (ID: AddExplicitH)
Neutralize (ID: Neutralize)
Clean 2D (ID: Clean2D)",,1847,Nc1ccc2ccccc2c1
"InChI=1S/C6H11NO/c8-6-4-2-1-3-5-7-6/h1-5H2,(H,7,8)",,105-60-2,1,1849,"Clear Stereo (ID: ClearStereo)
Wedge Clean (ID: WedgeClean)
Mesomerize (ID: Mesomerize)
Tautomerize (ID: Tautomerize)
Add Explicit Hydrogens (ID: AddExplicitH)
Neutralize (ID: Neutralize)
Clean 2D (ID: Clean2D)",,1849,O=C1CCCCCN1
InChI=1S/C7H3Cl3O/c8-4-2-1-3-5(9)6(4)7(10)11/h1-3H,2A,4659-45-4  4659-45-4,1,1850,"Dearomatize (ID: Dearomatize)
Clear Stereo (ID: ClearStereo)
Wedge Clean (ID: WedgeClean)
Mesomerize (ID: Mesomerize)
Tautomerize (ID: Tautomerize)
Aromatize (ID: Aromatize)
Add Explicit Hydrogens (ID: AddExplicitH)
Neutralize (ID: Neutralize)
Clean 2D (ID: Clean2D)",,1850,O=C(Cl)c1c(Cl)cccc1Cl
"InChI=1S/C19H15Cl/c20-19(16-10-4-1-5-11-16,17-12-6-2-7-13-17)18-14-8-3-9-15-18/h1-15H",,76-83-5,1,1852,"Dearomatize (ID: Dearomatize)
Clear Stereo (ID: ClearStereo)
Wedge Clean (ID: WedgeClean)
Mesomerize (ID: Mesomerize)
Tautomerize (ID: Tautomerize)
Aromatize (ID: Aromatize)
Add Explicit Hydrogens (ID: AddExplicitH)
Neutralize (ID: Neutralize)
Clean 2D (ID: Clean2D)",,1852,ClC(c1ccccc1)(c1ccccc1)c1ccccc1
"InChI=1S/C14H15N3/c1-17(2)14-10-8-13(9-11-14)16-15-12-6-4-3-5-7-12/h3-11H,1-2H3",,60-11-7,1,1857,"Dearomatize (ID: Dearomatize)
Clear Stereo (ID: ClearStereo)
Wedge Clean (ID: WedgeClean)
Mesomerize (ID: Mesomerize)
Tautomerize (ID: Tautomerize)
Aromatize (ID: Aromatize)
Add Explicit Hydrogens (ID: AddExplicitH)
Neutralize (ID: Neutralize)
Clean 2D (ID: Clean2D)",,1857,CN(C)c1ccc(N=Nc2ccccc2)cc1
InChI=1S/C7H5N/c8-6-7-4-2-1-3-5-7/h1-5H,,100-47-0,1,1861,"Dearomatize (ID: Dearomatize)
Clear Stereo (ID: ClearStereo)
Wedge Clean (ID: WedgeClean)
Mesomerize (ID: Mesomerize)
Tautomerize (ID: Tautomerize)
Aromatize (ID: Aromatize)
Add Explicit Hydrogens (ID: AddExplicitH)
Neutralize (ID: Neutralize)
Clean 2D (ID: Clean2D)",,1861,N#Cc1ccccc1
"InChI=1S/C9H18O2/c1-3-4-5-6-7-8-9(10)11-2/h3-8H2,1-2H3",,111-11-5,1,1868,"Clear Stereo (ID: ClearStereo)
Wedge Clean (ID: WedgeClean)
Mesomerize (ID: Mesomerize)
Tautomerize (ID: Tautomerize)
Add Explicit Hydrogens (ID: AddExplicitH)
Neutralize (ID: Neutralize)
Clean 2D (ID: Clean2D)",,1868,CCCCCCCC(=O)OC
InChI=1S/C6H2Cl4/c7-3-1-4(8)6(10)2-5(3)9/h1-2H,,95-94-3,1,1873,"Dearomatize (ID: Dearomatize)
Clear Stereo (ID: ClearStereo)
Wedge Clean (ID: WedgeClean)
Mesomerize (ID: Mesomerize)
Tautomerize (ID: Tautomerize)
Aromatize (ID: Aromatize)
Add Explicit Hydrogens (ID: AddExplicitH)
Neutralize (ID: Neutralize)
Clean 2D (ID: Clean2D)",,1873,Clc1cc(Cl)c(Cl)cc1Cl
"InChI=1S/C5H8O2/c1-3-5(6)7-4-2/h3H,1,4H2,2H3",,140-88-5,1,1879,"Clear Stereo (ID: ClearStereo)
Wedge Clean (ID: WedgeClean)
Mesomerize (ID: Mesomerize)
Tautomerize (ID: Tautomerize)
Add Explicit Hydrogens (ID: AddExplicitH)
Neutralize (ID: Neutralize)
Clean 2D (ID: Clean2D)",,1879,C=CC(=O)OCC
InChI=1S/C10H5ClN2/c11-10-4-2-1-3-9(10)5-8(6-12)7-13/h1-5H,,2698-41-1,1,1884,"Dearomatize (ID: Dearomatize)
Clear Stereo (ID: ClearStereo)
Wedge Clean (ID: WedgeClean)
Mesomerize (ID: Mesomerize)
Tautomerize (ID: Tautomerize)
Aromatize (ID: Aromatize)
Add Explicit Hydrogens (ID: AddExplicitH)
Neutralize (ID: Neutralize)
Clean 2D (ID: Clean2D)",,1884,N#CC(C#N)=Cc1ccccc1Cl
"InChI=1S/C9H10/c1-3-9-6-4-8(2)5-7-9/h3-7H,1H2,2H3",,622-97-9,1,1886,"Dearomatize (ID: Dearomatize)
Clear Stereo (ID: ClearStereo)
Wedge Clean (ID: WedgeClean)
Mesomerize (ID: Mesomerize)
Tautomerize (ID: Tautomerize)
Aromatize (ID: Aromatize)
Add Explicit Hydrogens (ID: AddExplicitH)
Neutralize (ID: Neutralize)
Clean 2D (ID: Clean2D)",,1886,C=Cc1ccc(C)cc1
"InChI=1S/C10H11N3O3S/c1-7-6-10(12-16-7)13-17(14,15)9-4-2-8(11)3-5-9/h2-6H,11H2,1H3,(H,12,13)",,723-46-6,1,1889,"Dearomatize (ID: Dearomatize)
Clear Stereo (ID: ClearStereo)
Wedge Clean (ID: WedgeClean)
Mesomerize (ID: Mesomerize)
Tautomerize (ID: Tautomerize)
Aromatize (ID: Aromatize)
Add Explicit Hydrogens (ID: AddExplicitH)
Neutralize (ID: Neutralize)
Clean 2D (ID: Clean2D)",,1889,Cc1cc(NS(=O)(=O)c2ccc(N)cc2)no1
"InChI=1S/C5H10O2/c1-4(2)7-5(3)6/h4H,1-3H3",,108-21-4,1,1897,"Clear Stereo (ID: ClearStereo)
Wedge Clean (ID: WedgeClean)
Mesomerize (ID: Mesomerize)
Tautomerize (ID: Tautomerize)
Add Explicit Hydrogens (ID: AddExplicitH)
Neutralize (ID: Neutralize)
Clean 2D (ID: Clean2D)",,1897,CC(=O)OC(C)C
"InChI=1S/C3H6ClNO2/c1-3(2,4)5(6)7/h1-2H3",,594-71-8,1,1909,"Clear Stereo (ID: ClearStereo)
Wedge Clean (ID: WedgeClean)
Mesomerize (ID: Mesomerize)
Tautomerize (ID: Tautomerize)
Add Explicit Hydrogens (ID: AddExplicitH)
Neutralize (ID: Neutralize)
Clean 2D (ID: Clean2D)",,1909,CC(C)(Cl)[N+](=O)[O-]
"InChI=1S/C7H6Cl2/c8-5-6-1-3-7(9)4-2-6/h1-4H,5H2",,104-83-6,1,1910,"Dearomatize (ID: Dearomatize)
Clear Stereo (ID: ClearStereo)
Wedge Clean (ID: WedgeClean)
Mesomerize (ID: Mesomerize)
Tautomerize (ID: Tautomerize)
Aromatize (ID: Aromatize)
Add Explicit Hydrogens (ID: AddExplicitH)
Neutralize (ID: Neutralize)
Clean 2D (ID: Clean2D)",,1910,ClCc1ccc(Cl)cc1
"InChI=1S/C23H22O6/c1-11(2)16-8-14-15(28-16)6-5-12-22(24)21-13-7-18(25-3)19(26-4)9-17(13)27-10-20(21)29-23(12)14/h5-7,9,16,20-21H,1,8,10H2,2-4H3",,83-79-4,1,1927,"Dearomatize (ID: Dearomatize)
Clear Stereo (ID: ClearStereo)
Wedge Clean (ID: WedgeClean)
Mesomerize (ID: Mesomerize)
Tautomerize (ID: Tautomerize)
Aromatize (ID: Aromatize)
Add Explicit Hydrogens (ID: AddExplicitH)
Neutralize (ID: Neutralize)
Clean 2D (ID: Clean2D)",,1927,C=C(C)C1Cc2c(ccc3c2OC2COc4cc(OC)c(OC)cc4C2C3=O)O1
"InChI=1S/C3H6O3/c1-2(4)3(5)6/h2,4H,1H3,(H,5,6)",1,50-21-5,1,1931,"Clear Stereo (ID: ClearStereo)
Wedge Clean (ID: WedgeClean)
Mesomerize (ID: Mesomerize)
Tautomerize (ID: Tautomerize)
Add Explicit Hydrogens (ID: AddExplicitH)
Neutralize (ID: Neutralize)
Clean 2D (ID: Clean2D)",,1931,CC(O)C(=O)O
"InChI=1S/C20H31N/c1-14(2)15-6-8-17-16(12-15)7-9-18-19(3,13-21)10-5-11-20(17,18)4/h6,8,12,14,18H,5,7,9-11,13,21H2,1-4H3",,1446-61-3,1,1932,"Dearomatize (ID: Dearomatize)
Clear Stereo (ID: ClearStereo)
Wedge Clean (ID: WedgeClean)
Mesomerize (ID: Mesomerize)
Tautomerize (ID: Tautomerize)
Aromatize (ID: Aromatize)
Add Explicit Hydrogens (ID: AddExplicitH)
Neutralize (ID: Neutralize)
Clean 2D (ID: Clean2D)",,1932,CC(C)c1ccc2c(c1)CCC1C(C)(CN)CCCC21C
InChI=1S/C3H2N2S2/c4-1-6-3-7-2-5/h3H2,,6317-18-6,1,1938,"Clear Stereo (ID: ClearStereo)
Wedge Clean (ID: WedgeClean)
Mesomerize (ID: Mesomerize)
Tautomerize (ID: Tautomerize)
Add Explicit Hydrogens (ID: AddExplicitH)
Neutralize (ID: Neutralize)
Clean 2D (ID: Clean2D)",,1938,N#CSCSC#N
"InChI=1S/C13H20O/c1-11(2)7-5-8-12(3)9-6-10-13(4)14/h6-7,9-10H,5,8H2,1-4H3",2B,141-10-6,1,1942,"Clear Stereo (ID: ClearStereo)
Wedge Clean (ID: WedgeClean)
Mesomerize (ID: Mesomerize)
Tautomerize (ID: Tautomerize)
Add Explicit Hydrogens (ID: AddExplicitH)
Neutralize (ID: Neutralize)
Clean 2D (ID: Clean2D)",,1942,CC(=O)C=CC=C(C)CCC=C(C)C
"InChI=1S/C16H26O2/c1-15(2,3)12-16(4,5)13-6-8-14(9-7-13)18-11-10-17/h6-9,17H,10-12H2,1-5H3",1,9002-93-1,1,1944,"Dearomatize (ID: Dearomatize)
Clear Stereo (ID: ClearStereo)
Wedge Clean (ID: WedgeClean)
Mesomerize (ID: Mesomerize)
Tautomerize (ID: Tautomerize)
Aromatize (ID: Aromatize)
Add Explicit Hydrogens (ID: AddExplicitH)
Neutralize (ID: Neutralize)
Clean 2D (ID: Clean2D)",,1944,CC(C)(C)CC(C)(C)c1ccc(OCCO)cc1
InChI=1S/C2H2Cl2O2/c3-1-6-2(4)5/h1H2,,22128-62-7,1,1950,"Clear Stereo (ID: ClearStereo)
Wedge Clean (ID: WedgeClean)
Mesomerize (ID: Mesomerize)
Tautomerize (ID: Tautomerize)
Add Explicit Hydrogens (ID: AddExplicitH)
Neutralize (ID: Neutralize)
Clean 2D (ID: Clean2D)",,1950,O=C(Cl)OCCl
"InChI=1S/C22H19Cl2NO3/c1-22(2)17(12-19(23)24)20(22)21(26)28-18(13-25)14-7-6-10-16(11-14)27-15-8-4-3-5-9-15/h3-12,17-18,20H,1-2H3",,65731-84-2,1,1955,"Dearomatize (ID: Dearomatize)
Clear Stereo (ID: ClearStereo)
Wedge Clean (ID: WedgeClean)
Mesomerize (ID: Mesomerize)
Tautomerize (ID: Tautomerize)
Aromatize (ID: Aromatize)
Add Explicit Hydrogens (ID: AddExplicitH)
Neutralize (ID: Neutralize)
Clean 2D (ID: Clean2D)",,1955,CC1(C)C(C=C(Cl)Cl)C1C(=O)OC(C#N)c1cccc(Oc2ccccc2)c1
"InChI=1S/C7H3N3O8/c11-7(12)6-4(9(15)16)1-3(8(13)14)2-5(6)10(17)18/h1-2H,(H,11,12)",,129-66-8,1,1959,"Dearomatize (ID: Dearomatize)
Clear Stereo (ID: ClearStereo)
Wedge Clean (ID: WedgeClean)
Mesomerize (ID: Mesomerize)
Tautomerize (ID: Tautomerize)
Aromatize (ID: Aromatize)
Add Explicit Hydrogens (ID: AddExplicitH)
Neutralize (ID: Neutralize)
Clean 2D (ID: Clean2D)",,1959,O=C(O)c1c([N+](=O)[O-])cc([N+](=O)[O-])cc1[N+](=O)[O-]
"InChI=1S/C7H7NO3/c8-4-1-2-6(9)5(3-4)7(10)11/h1-3,9H,8H2,(H,10,11)",,89-57-6,1,1961,"Dearomatize (ID: Dearomatize)
Clear Stereo (ID: ClearStereo)
Wedge Clean (ID: WedgeClean)
Mesomerize (ID: Mesomerize)
Tautomerize (ID: Tautomerize)
Aromatize (ID: Aromatize)
Add Explicit Hydrogens (ID: AddExplicitH)
Neutralize (ID: Neutralize)
Clean 2D (ID: Clean2D)",,1961,Nc1ccc(O)c(C(=O)O)c1
"InChI=1S/C4H11N/c1-4(2)3-5/h4H,3,5H2,1-2H3",,78-81-9,1,1963,"Clear Stereo (ID: ClearStereo)
Wedge Clean (ID: WedgeClean)
Mesomerize (ID: Mesomerize)
Tautomerize (ID: Tautomerize)
Add Explicit Hydrogens (ID: AddExplicitH)
Neutralize (ID: Neutralize)
Clean 2D (ID: Clean2D)",,1963,CC(C)CN
InChI=1S/C5H6Cl2N2O2/c1-5(2)3(10)8(6)4(11)9(5)7/h1-2H3,,118-52-5,1,1968,"Clear Stereo (ID: ClearStereo)
Wedge Clean (ID: WedgeClean)
Mesomerize (ID: Mesomerize)
Tautomerize (ID: Tautomerize)
Add Explicit Hydrogens (ID: AddExplicitH)
Neutralize (ID: Neutralize)
Clean 2D (ID: Clean2D)",,1968,CC1(C)C(=O)N(Cl)C(=O)N1Cl
"InChI=1S/C7H6BrNO3/c8-4-5-3-6(9(11)12)1-2-7(5)10/h1-3,10H,4H2",,772-33-8,1,1969,"Dearomatize (ID: Dearomatize)
Clear Stereo (ID: ClearStereo)
Wedge Clean (ID: WedgeClean)
Mesomerize (ID: Mesomerize)
Tautomerize (ID: Tautomerize)
Aromatize (ID: Aromatize)
Add Explicit Hydrogens (ID: AddExplicitH)
Neutralize (ID: Neutralize)
Clean 2D (ID: Clean2D)",,1969,O=[N+]([O-])c1ccc(O)c(CBr)c1
"InChI=1S/C7H7N/c1-2-7-3-5-8-6-4-7/h2-6H,1H2",,100-43-6,1,1970,"Dearomatize (ID: Dearomatize)
Clear Stereo (ID: ClearStereo)
Wedge Clean (ID: WedgeClean)
Mesomerize (ID: Mesomerize)
Tautomerize (ID: Tautomerize)
Aromatize (ID: Aromatize)
Add Explicit Hydrogens (ID: AddExplicitH)
Neutralize (ID: Neutralize)
Clean 2D (ID: Clean2D)",,1970,C=Cc1ccncc1
InChI=1S/C2H2Cl2/c3-1-2-4/h1-2H,,540-59-0,1,1973,"Clear Stereo (ID: ClearStereo)
Wedge Clean (ID: WedgeClean)
Mesomerize (ID: Mesomerize)
Tautomerize (ID: Tautomerize)
Add Explicit Hydrogens (ID: AddExplicitH)
Neutralize (ID: Neutralize)
Clean 2D (ID: Clean2D)",,1973,ClC=CCl
"InChI=1S/C7H7N/c1-2-7-5-3-4-6-8-7/h2-6H,1H2",,100-69-6,1,1976,"Dearomatize (ID: Dearomatize)
Clear Stereo (ID: ClearStereo)
Wedge Clean (ID: WedgeClean)
Mesomerize (ID: Mesomerize)
Tautomerize (ID: Tautomerize)
Aromatize (ID: Aromatize)
Add Explicit Hydrogens (ID: AddExplicitH)
Neutralize (ID: Neutralize)
Clean 2D (ID: Clean2D)",,1976,C=Cc1ccccn1
InChI=1S/C4H12N2/c5-3-1-2-4-6/h1-6H2,,110-60-1,1,1979,"Clear Stereo (ID: ClearStereo)
Wedge Clean (ID: WedgeClean)
Mesomerize (ID: Mesomerize)
Tautomerize (ID: Tautomerize)
Add Explicit Hydrogens (ID: AddExplicitH)
Neutralize (ID: Neutralize)
Clean 2D (ID: Clean2D)",,1979,NCCCCN
"InChI=1S/C14H8N2O8S2/c17-13(18)9-5-7(1-3-11(9)15(21)22)25-26-8-2-4-12(16(23)24)10(6-8)14(19)20/h1-6H,(H,17,18)(H,19,20)",,69-78-3,1,1983,"Dearomatize (ID: Dearomatize)
Clear Stereo (ID: ClearStereo)
Wedge Clean (ID: WedgeClean)
Mesomerize (ID: Mesomerize)
Tautomerize (ID: Tautomerize)
Aromatize (ID: Aromatize)
Add Explicit Hydrogens (ID: AddExplicitH)
Neutralize (ID: Neutralize)
Clean 2D (ID: Clean2D)",,1983,O=C(O)c1cc(SSc2ccc([N+](=O)[O-])c(C(=O)O)c2)ccc1[N+](=O)[O-]
InChI=1S/C9H8O/c10-8-4-7-9-5-2-1-3-6-9/h1-8H,,104-55-2,1,1990,"Dearomatize (ID: Dearomatize)
Clear Stereo (ID: ClearStereo)
Wedge Clean (ID: WedgeClean)
Mesomerize (ID: Mesomerize)
Tautomerize (ID: Tautomerize)
Aromatize (ID: Aromatize)
Add Explicit Hydrogens (ID: AddExplicitH)
Neutralize (ID: Neutralize)
Clean 2D (ID: Clean2D)",,1990,O=CC=Cc1ccccc1
"InChI=1S/C3H8S/c1-3(2)4/h3-4H,1-2H3",,75-33-2,1,1991,"Clear Stereo (ID: ClearStereo)
Wedge Clean (ID: WedgeClean)
Mesomerize (ID: Mesomerize)
Tautomerize (ID: Tautomerize)
Add Explicit Hydrogens (ID: AddExplicitH)
Neutralize (ID: Neutralize)
Clean 2D (ID: Clean2D)",,1991,CC(C)S
"InChI=1S/C7H14N2/c1-4-9(5-2)7(3)6-8/h7H,4-5H2,1-3H3",,,1,1992,"Clear Stereo (ID: ClearStereo)
Wedge Clean (ID: WedgeClean)
Mesomerize (ID: Mesomerize)
Tautomerize (ID: Tautomerize)
Add Explicit Hydrogens (ID: AddExplicitH)
Neutralize (ID: Neutralize)
Clean 2D (ID: Clean2D)",,1992,CCN(CC)C(C)C#N
InChI=1S/C6H4ClNO2/c7-5-2-1-3-6(4-5)8(9)10/h1-4H,,121-73-3,1,1997,"Dearomatize (ID: Dearomatize)
Clear Stereo (ID: ClearStereo)
Wedge Clean (ID: WedgeClean)
Mesomerize (ID: Mesomerize)
Tautomerize (ID: Tautomerize)
Aromatize (ID: Aromatize)
Add Explicit Hydrogens (ID: AddExplicitH)
Neutralize (ID: Neutralize)
Clean 2D (ID: Clean2D)",,1997,O=[N+]([O-])c1cccc(Cl)c1
"InChI=1S/C18H14O8/c19-13(11-7-3-1-4-8-11)18(17(24)25,14(20)15(21)22)26-16(23)12-9-5-2-6-10-12/h1-10,14,20H,(H,21,22)(H,24,25)",,,1,1998,"Dearomatize (ID: Dearomatize)
Clear Stereo (ID: ClearStereo)
Wedge Clean (ID: WedgeClean)
Mesomerize (ID: Mesomerize)
Tautomerize (ID: Tautomerize)
Aromatize (ID: Aromatize)
Add Explicit Hydrogens (ID: AddExplicitH)
Neutralize (ID: Neutralize)
Clean 2D (ID: Clean2D)",,1998,O=C(OC(C(=O)O)(C(=O)c1ccccc1)C(O)C(=O)O)c1ccccc1
"InChI=1S/C11H9Cl5O3/c1-11(15,16)10(17)19-3-2-18-9-5-7(13)6(12)4-8(9)14/h4-5H,2-3H2,1H3",,136-25-4,1,1999,"Dearomatize (ID: Dearomatize)
Clear Stereo (ID: ClearStereo)
Wedge Clean (ID: WedgeClean)
Mesomerize (ID: Mesomerize)
Tautomerize (ID: Tautomerize)
Aromatize (ID: Aromatize)
Add Explicit Hydrogens (ID: AddExplicitH)
Neutralize (ID: Neutralize)
Clean 2D (ID: Clean2D)",,1999,CC(Cl)(Cl)C(=O)OCCOc1cc(Cl)c(Cl)cc1Cl
"InChI=1S/C11H13N5/c1-15-7-8-16(2)11(15)14-13-10-5-3-9(12)4-6-10/h3-8,12H,1-2H3/p+1",1,97404-02-9,1,2000,"Dearomatize (ID: Dearomatize)
Clear Stereo (ID: ClearStereo)
Wedge Clean (ID: WedgeClean)
Mesomerize (ID: Mesomerize)
Tautomerize (ID: Tautomerize)
Aromatize (ID: Aromatize)
Add Explicit Hydrogens (ID: AddExplicitH)
Clean 2D (ID: Clean2D)",,2000,Cn1cc[n+](C)c1N=Nc1ccc(N)cc1
"InChI=1S/C3H6Cl2/c1-3(5)2-4/h3H,2H2,1H3",,78-87-5,1,2003,"Clear Stereo (ID: ClearStereo)
Wedge Clean (ID: WedgeClean)
Mesomerize (ID: Mesomerize)
Tautomerize (ID: Tautomerize)
Add Explicit Hydrogens (ID: AddExplicitH)
Neutralize (ID: Neutralize)
Clean 2D (ID: Clean2D)",,2003,CC(Cl)CCl
"InChI=1S/C8H8ClNO/c1-6(11)10-8-5-3-2-4-7(8)9/h2-5H,1H3,(H,10,11)",,533-17-5,1,2004,"Dearomatize (ID: Dearomatize)
Clear Stereo (ID: ClearStereo)
Wedge Clean (ID: WedgeClean)
Mesomerize (ID: Mesomerize)
Tautomerize (ID: Tautomerize)
Aromatize (ID: Aromatize)
Add Explicit Hydrogens (ID: AddExplicitH)
Neutralize (ID: Neutralize)
Clean 2D (ID: Clean2D)",,2004,CC(=O)Nc1ccccc1Cl
"InChI=1S/C7H14O2/c1-6(8)5-7(2,3)9-4/h5H2,1-4H3",,107-70-0,1,2006,"Clear Stereo (ID: ClearStereo)
Wedge Clean (ID: WedgeClean)
Mesomerize (ID: Mesomerize)
Tautomerize (ID: Tautomerize)
Add Explicit Hydrogens (ID: AddExplicitH)
Neutralize (ID: Neutralize)
Clean 2D (ID: Clean2D)",,2006,COC(C)(C)CC(C)=O
"InChI=1S/C5H6O5/c6-3(5(9)10)1-2-4(7)8/h1-2H2,(H,7,8)(H,9,10)",1,328-50-7,1,2009,"Clear Stereo (ID: ClearStereo)
Wedge Clean (ID: WedgeClean)
Mesomerize (ID: Mesomerize)
Tautomerize (ID: Tautomerize)
Add Explicit Hydrogens (ID: AddExplicitH)
Neutralize (ID: Neutralize)
Clean 2D (ID: Clean2D)",,2009,O=C(O)CCC(=O)C(=O)O
"InChI=1S/C4H8O2/c1-3(2)4(5)6/h3H,1-2H3,(H,5,6)",,79-31-2,1,2013,"Clear Stereo (ID: ClearStereo)
Wedge Clean (ID: WedgeClean)
Mesomerize (ID: Mesomerize)
Tautomerize (ID: Tautomerize)
Add Explicit Hydrogens (ID: AddExplicitH)
Neutralize (ID: Neutralize)
Clean 2D (ID: Clean2D)",,2013,CC(C)C(=O)O
"InChI=1S/C5H5Cl3N2OS/c1-2-11-4-9-3(10-12-4)5(6,7)8/h2H2,1H3",,2593-15-9,1,2016,"Dearomatize (ID: Dearomatize)
Clear Stereo (ID: ClearStereo)
Wedge Clean (ID: WedgeClean)
Mesomerize (ID: Mesomerize)
Tautomerize (ID: Tautomerize)
Aromatize (ID: Aromatize)
Add Explicit Hydrogens (ID: AddExplicitH)
Neutralize (ID: Neutralize)
Clean 2D (ID: Clean2D)",,2016,CCOc1nc(C(Cl)(Cl)Cl)ns1
"InChI=1S/C7H11NO/c9-6-8-7-4-2-1-3-5-7/h7H,1-5H2",1,3173-53-3,1,2017,"Clear Stereo (ID: ClearStereo)
Wedge Clean (ID: WedgeClean)
Mesomerize (ID: Mesomerize)
Tautomerize (ID: Tautomerize)
Add Explicit Hydrogens (ID: AddExplicitH)
Neutralize (ID: Neutralize)
Clean 2D (ID: Clean2D)",,2017,O=C=NC1CCCCC1
"InChI=1S/C9H10O/c1-2-9(10)8-6-4-3-5-7-8/h3-7H,2H2,1H3",,93-55-0,1,2019,"Dearomatize (ID: Dearomatize)
Clear Stereo (ID: ClearStereo)
Wedge Clean (ID: WedgeClean)
Mesomerize (ID: Mesomerize)
Tautomerize (ID: Tautomerize)
Aromatize (ID: Aromatize)
Add Explicit Hydrogens (ID: AddExplicitH)
Neutralize (ID: Neutralize)
Clean 2D (ID: Clean2D)",,2019,CCC(=O)c1ccccc1
InChI=1S/C6H12N2S4/c1-7(2)5(9)11-12-6(10)8(3)4/h1-4H3,,137-26-8,1,2023,"Clear Stereo (ID: ClearStereo)
Wedge Clean (ID: WedgeClean)
Mesomerize (ID: Mesomerize)
Tautomerize (ID: Tautomerize)
Add Explicit Hydrogens (ID: AddExplicitH)
Neutralize (ID: Neutralize)
Clean 2D (ID: Clean2D)",,2023,CN(C)C(=S)SSC(=S)N(C)C
"InChI=1S/C10H14/c1-3-9-7-5-6-8-10(9)4-2/h5-8H,3-4H2,1-2H3",,135-01-3,1,2025,"Dearomatize (ID: Dearomatize)
Clear Stereo (ID: ClearStereo)
Wedge Clean (ID: WedgeClean)
Mesomerize (ID: Mesomerize)
Tautomerize (ID: Tautomerize)
Aromatize (ID: Aromatize)
Add Explicit Hydrogens (ID: AddExplicitH)
Neutralize (ID: Neutralize)
Clean 2D (ID: Clean2D)",,2025,CCc1ccccc1CC
"InChI=1S/C9H13N/c1-6-4-7(2)9(10)8(3)5-6/h4-5H,10H2,1-3H3",,88-05-1,1,2030,"Dearomatize (ID: Dearomatize)
Clear Stereo (ID: ClearStereo)
Wedge Clean (ID: WedgeClean)
Mesomerize (ID: Mesomerize)
Tautomerize (ID: Tautomerize)
Aromatize (ID: Aromatize)
Add Explicit Hydrogens (ID: AddExplicitH)
Neutralize (ID: Neutralize)
Clean 2D (ID: Clean2D)",,2030,Cc1cc(C)c(N)c(C)c1
"InChI=1S/C24H40O4/c1-14(4-9-22(27)28)18-7-8-19-17-6-5-15-12-16(25)10-11-23(15,2)20(17)13-21(26)24(18,19)3/h14-21,25-26H,4-13H2,1-3H3,(H,27,28)",2A,302-95-4,1,2031,"Clear Stereo (ID: ClearStereo)
Wedge Clean (ID: WedgeClean)
Mesomerize (ID: Mesomerize)
Tautomerize (ID: Tautomerize)
Add Explicit Hydrogens (ID: AddExplicitH)
Neutralize (ID: Neutralize)
Clean 2D (ID: Clean2D)",,2031,CC(CCC(=O)O)C1CCC2C3CCC4CC(O)CCC4(C)C3CC(O)C12C
"InChI=1S/C15H20Cl2O4/c1-2-3-7-19-8-4-9-20-15(18)11-21-14-6-5-12(16)10-13(14)17/h5-6,10H,2-4,7-9,11H2,1H3",,1320-18-9 1928-45-6,1,2038,"Dearomatize (ID: Dearomatize)
Clear Stereo (ID: ClearStereo)
Wedge Clean (ID: WedgeClean)
Mesomerize (ID: Mesomerize)
Tautomerize (ID: Tautomerize)
Aromatize (ID: Aromatize)
Add Explicit Hydrogens (ID: AddExplicitH)
Neutralize (ID: Neutralize)
Clean 2D (ID: Clean2D)",,2038,CCCCOCCCOC(=O)COc1ccc(Cl)cc1Cl
InChI=1S/C2H6O/c1-3-2/h1-2H3,,115-10-6,1,2043,"Mesomerize (ID: Mesomerize)
Tautomerize (ID: Tautomerize)
Add Explicit Hydrogens (ID: AddExplicitH)
Neutralize (ID: Neutralize)
Clean 2D (ID: Clean2D)",,2043,COC
"InChI=1S/C8H8O3/c9-8(10)6-11-7-4-2-1-3-5-7/h1-5H,6H2,(H,9,10)",,122-59-8,1,2044,"Dearomatize (ID: Dearomatize)
Clear Stereo (ID: ClearStereo)
Wedge Clean (ID: WedgeClean)
Mesomerize (ID: Mesomerize)
Tautomerize (ID: Tautomerize)
Aromatize (ID: Aromatize)
Add Explicit Hydrogens (ID: AddExplicitH)
Neutralize (ID: Neutralize)
Clean 2D (ID: Clean2D)",,2044,O=C(O)COc1ccccc1
"InChI=1S/C9H8Cl3NO2S/c10-9(11,12)16-13-7(14)5-3-1-2-4-6(5)8(13)15/h1-2,5-6H,3-4H2",1,133-06-2  133-06-2,1,2047,"Clear Stereo (ID: ClearStereo)
Wedge Clean (ID: WedgeClean)
Mesomerize (ID: Mesomerize)
Tautomerize (ID: Tautomerize)
Add Explicit Hydrogens (ID: AddExplicitH)
Neutralize (ID: Neutralize)
Clean 2D (ID: Clean2D)",,2047,O=C1C2CC=CCC2C(=O)N1SC(Cl)(Cl)Cl
"InChI=1S/C20H42O/c1-3-5-7-9-11-12-14-16-18-20(19-21)17-15-13-10-8-6-4-2/h20-21H,3-19H2,1-2H3",,5333-42-6,1,2049,"Clear Stereo (ID: ClearStereo)
Wedge Clean (ID: WedgeClean)
Mesomerize (ID: Mesomerize)
Tautomerize (ID: Tautomerize)
Add Explicit Hydrogens (ID: AddExplicitH)
Neutralize (ID: Neutralize)
Clean 2D (ID: Clean2D)",,2049,CCCCCCCCCCC(CO)CCCCCCCC
InChI=1S/C2H2O2/c3-1-2-4/h1-2H,,107-22-2,1,2052,"Clear Stereo (ID: ClearStereo)
Wedge Clean (ID: WedgeClean)
Mesomerize (ID: Mesomerize)
Tautomerize (ID: Tautomerize)
Add Explicit Hydrogens (ID: AddExplicitH)
Neutralize (ID: Neutralize)
Clean 2D (ID: Clean2D)",,2052,O=CC=O
"InChI=1S/CCl3NO2/c2-1(3,4)5(6)7",,76-06-2,1,2055,"Clear Stereo (ID: ClearStereo)
Wedge Clean (ID: WedgeClean)
Mesomerize (ID: Mesomerize)
Tautomerize (ID: Tautomerize)
Clean 2D (ID: Clean2D)",,2055,O=[N+]([O-])C(Cl)(Cl)Cl
InChI=1S/C8H4O3/c9-7-5-3-1-2-4-6(5)8(10)11-7/h1-4H,,85-44-9,1,2060,"Dearomatize (ID: Dearomatize)
Clear Stereo (ID: ClearStereo)
Wedge Clean (ID: WedgeClean)
Mesomerize (ID: Mesomerize)
Tautomerize (ID: Tautomerize)
Aromatize (ID: Aromatize)
Add Explicit Hydrogens (ID: AddExplicitH)
Neutralize (ID: Neutralize)
Clean 2D (ID: Clean2D)",,2060,O=C1OC(=O)c2ccccc21
InChI=1S/C2H2Cl2/c1-2(3)4/h1H2,,75-35-4,1,2061,"Clear Stereo (ID: ClearStereo)
Wedge Clean (ID: WedgeClean)
Mesomerize (ID: Mesomerize)
Tautomerize (ID: Tautomerize)
Add Explicit Hydrogens (ID: AddExplicitH)
Neutralize (ID: Neutralize)
Clean 2D (ID: Clean2D)",,2061,C=C(Cl)Cl
"InChI=1S/C10Cl10O/c11-2-1(21)3(12)6(15)4(2,13)8(17)5(2,14)7(3,16)9(6,18)10(8,19)20",,143-50-0,1,2064,"Clear Stereo (ID: ClearStereo)
Wedge Clean (ID: WedgeClean)
Mesomerize (ID: Mesomerize)
Tautomerize (ID: Tautomerize)
Clean 2D (ID: Clean2D)",,2064,O=C1C2(Cl)C3(Cl)C4(Cl)C(Cl)(Cl)C5(Cl)C3(Cl)C1(Cl)C5(Cl)C24Cl
"InChI=1S/C15H21N5O7S/c1-6-10-5-16-14-17-8(13(22)9-4-12(21)19-15(23)18-9)2-7(20(10)14)3-11(6)27-28(24,25)26/h4,6-8,10-11,13,22H,2-3,5H2,1H3,(H,16,17)(H,24,25,26)(H2,18,19,21,23)",,143545-90-8,1,2065,"Dearomatize (ID: Dearomatize)
Clear Stereo (ID: ClearStereo)
Wedge Clean (ID: WedgeClean)
Mesomerize (ID: Mesomerize)
Tautomerize (ID: Tautomerize)
Add Explicit Hydrogens (ID: AddExplicitH)
Neutralize (ID: Neutralize)
Clean 2D (ID: Clean2D)",,2065,CC1C(OS(=O)(=O)O)CC2CC(C(O)c3cc(=O)[nH]c(=O)[nH]3)NC3=NCC1N32
"InChI=1S/C6H3Cl3O/c7-3-1-4(8)6(10)5(9)2-3/h1-2,10H",,88-06-2,1,2066,"Dearomatize (ID: Dearomatize)
Clear Stereo (ID: ClearStereo)
Wedge Clean (ID: WedgeClean)
Mesomerize (ID: Mesomerize)
Tautomerize (ID: Tautomerize)
Aromatize (ID: Aromatize)
Add Explicit Hydrogens (ID: AddExplicitH)
Neutralize (ID: Neutralize)
Clean 2D (ID: Clean2D)",,2066,Oc1c(Cl)cc(Cl)cc1Cl
"InChI=1S/C21H15NO3/c1-12-6-8-13(9-7-12)22-16-10-11-17(23)19-18(16)20(24)14-4-2-3-5-15(14)21(19)25/h2-11,22-23H,1H3",,81-48-1,1,2068,"Dearomatize (ID: Dearomatize)
Clear Stereo (ID: ClearStereo)
Wedge Clean (ID: WedgeClean)
Mesomerize (ID: Mesomerize)
Tautomerize (ID: Tautomerize)
Aromatize (ID: Aromatize)
Add Explicit Hydrogens (ID: AddExplicitH)
Neutralize (ID: Neutralize)
Clean 2D (ID: Clean2D)",,2068,Cc1ccc(Nc2ccc(O)c3c2C(=O)c2ccccc2C3=O)cc1
"InChI=1S/C12H10O/c13-12-9-5-4-8-11(12)10-6-2-1-3-7-10/h1-9,13H",,90-43-7,1,2076,"Dearomatize (ID: Dearomatize)
Clear Stereo (ID: ClearStereo)
Wedge Clean (ID: WedgeClean)
Mesomerize (ID: Mesomerize)
Tautomerize (ID: Tautomerize)
Aromatize (ID: Aromatize)
Add Explicit Hydrogens (ID: AddExplicitH)
Neutralize (ID: Neutralize)
Clean 2D (ID: Clean2D)",,2076,Oc1ccccc1-c1ccccc1
"InChI=1S/C11H13ClO3/c1-8-7-9(12)4-5-10(8)15-6-2-3-11(13)14/h4-5,7H,2-3,6H2,1H3,(H,13,14)",,94-81-5,1,2079,"Dearomatize (ID: Dearomatize)
Clear Stereo (ID: ClearStereo)
Wedge Clean (ID: WedgeClean)
Mesomerize (ID: Mesomerize)
Tautomerize (ID: Tautomerize)
Aromatize (ID: Aromatize)
Add Explicit Hydrogens (ID: AddExplicitH)
Neutralize (ID: Neutralize)
Clean 2D (ID: Clean2D)",,2079,Cc1cc(Cl)ccc1OCCCC(=O)O
"InChI=1S/C11H12NO4PS2/c1-15-17(18,16-2)19-7-12-10(13)8-5-3-4-6-9(8)11(12)14/h3-6H,7H2,1-2H3",,732-11-6,1,2081,"Dearomatize (ID: Dearomatize)
Clear Stereo (ID: ClearStereo)
Wedge Clean (ID: WedgeClean)
Mesomerize (ID: Mesomerize)
Tautomerize (ID: Tautomerize)
Aromatize (ID: Aromatize)
Add Explicit Hydrogens (ID: AddExplicitH)
Neutralize (ID: Neutralize)
Clean 2D (ID: Clean2D)",,2081,COP(=S)(OC)SCN1C(=O)c2ccccc2C1=O
"InChI=1S/C10H18O2/c1-4-5-6-7-8-12-10(11)9(2)3/h2,4-8H2,1,3H3",,142-09-6,1,2084,"Clear Stereo (ID: ClearStereo)
Wedge Clean (ID: WedgeClean)
Mesomerize (ID: Mesomerize)
Tautomerize (ID: Tautomerize)
Add Explicit Hydrogens (ID: AddExplicitH)
Neutralize (ID: Neutralize)
Clean 2D (ID: Clean2D)",,2084,C=C(C)C(=O)OCCCCCC
"InChI=1S/C10H16O4/c1-13-9(11)7-3-5-8(6-4-7)10(12)14-2/h7-8H,3-6H2,1-2H3",,94-60-0,1,2087,"Clear Stereo (ID: ClearStereo)
Wedge Clean (ID: WedgeClean)
Mesomerize (ID: Mesomerize)
Tautomerize (ID: Tautomerize)
Add Explicit Hydrogens (ID: AddExplicitH)
Neutralize (ID: Neutralize)
Clean 2D (ID: Clean2D)",,2087,COC(=O)C1CCC(C(=O)OC)CC1
"InChI=1S/C4H10OS/c1-2-6-4-3-5/h5H,2-4H2,1H3",,110-77-0,1,2088,"Clear Stereo (ID: ClearStereo)
Wedge Clean (ID: WedgeClean)
Mesomerize (ID: Mesomerize)
Tautomerize (ID: Tautomerize)
Add Explicit Hydrogens (ID: AddExplicitH)
Neutralize (ID: Neutralize)
Clean 2D (ID: Clean2D)",,2088,CCSCCO
"InChI=1S/C8H18O2/c1-6(2)4-5-7(3)8(9)10/h6-10H,4-5H2,1-3H3",,,1,2089,"Clear Stereo (ID: ClearStereo)
Wedge Clean (ID: WedgeClean)
Mesomerize (ID: Mesomerize)
Tautomerize (ID: Tautomerize)
Add Explicit Hydrogens (ID: AddExplicitH)
Neutralize (ID: Neutralize)
Clean 2D (ID: Clean2D)",,2089,CC(C)CCC(C)C(O)O
"InChI=1S/C7H6O5/c8-4-1-3(7(11)12)2-5(9)6(4)10/h1-2,8-10H,(H,11,12)",,149-91-7,1,2090,"Dearomatize (ID: Dearomatize)
Clear Stereo (ID: ClearStereo)
Wedge Clean (ID: WedgeClean)
Mesomerize (ID: Mesomerize)
Tautomerize (ID: Tautomerize)
Aromatize (ID: Aromatize)
Add Explicit Hydrogens (ID: AddExplicitH)
Neutralize (ID: Neutralize)
Clean 2D (ID: Clean2D)",,2090,O=C(O)c1cc(O)c(O)c(O)c1
InChI=1S/C6H3FN2O4/c7-5-2-1-4(8(10)11)3-6(5)9(12)13/h1-3H,,70-34-8,1,2093,"Dearomatize (ID: Dearomatize)
Clear Stereo (ID: ClearStereo)
Wedge Clean (ID: WedgeClean)
Mesomerize (ID: Mesomerize)
Tautomerize (ID: Tautomerize)
Aromatize (ID: Aromatize)
Add Explicit Hydrogens (ID: AddExplicitH)
Neutralize (ID: Neutralize)
Clean 2D (ID: Clean2D)",,2093,O=[N+]([O-])c1ccc(F)c([N+](=O)[O-])c1
InChI=1S/C32H16N8/c1-2-10-18-17(9-1)25-33-26(18)38-28-21-13-5-6-14-22(21)30(35-28)40-32-24-16-8-7-15-23(24)31(36-32)39-29-20-12-4-3-11-19(20)27(34-29)37-25/h1-16H,,574-93-6,1,2095,"Dearomatize (ID: Dearomatize)
Clear Stereo (ID: ClearStereo)
Wedge Clean (ID: WedgeClean)
Mesomerize (ID: Mesomerize)
Tautomerize (ID: Tautomerize)
Aromatize (ID: Aromatize)
Add Explicit Hydrogens (ID: AddExplicitH)
Neutralize (ID: Neutralize)
Clean 2D (ID: Clean2D)",,2095,c1ccc2c(c1)C1=NC2=NC2=NC(=NC3=NC(=NC4=NC(=N1)c1ccccc14)c1ccccc13)c1ccccc12
"InChI=1S/C6H10O2/c1-2-3-7-4-6-5-8-6/h2,6H,1,3-5H2",,106-92-3,1,2105,"Clear Stereo (ID: ClearStereo)
Wedge Clean (ID: WedgeClean)
Mesomerize (ID: Mesomerize)
Tautomerize (ID: Tautomerize)
Add Explicit Hydrogens (ID: AddExplicitH)
Neutralize (ID: Neutralize)
Clean 2D (ID: Clean2D)",,2105,C=CCOCC1CO1
"InChI=1S/C3H6BrNO4/c4-3(1-6,2-7)5(8)9/h6-7H,1-2H2",,52-51-7,1,2112,"Clear Stereo (ID: ClearStereo)
Wedge Clean (ID: WedgeClean)
Mesomerize (ID: Mesomerize)
Tautomerize (ID: Tautomerize)
Add Explicit Hydrogens (ID: AddExplicitH)
Neutralize (ID: Neutralize)
Clean 2D (ID: Clean2D)",,2112,O=[N+]([O-])C(Br)(CO)CO
"InChI=1S/C15H17N3/c1-12-5-4-6-14(11-12)17-16-13-7-9-15(10-8-13)18(2)3/h4-11H,1-3H3",,55-80-1,1,2113,"Dearomatize (ID: Dearomatize)
Clear Stereo (ID: ClearStereo)
Wedge Clean (ID: WedgeClean)
Mesomerize (ID: Mesomerize)
Tautomerize (ID: Tautomerize)
Aromatize (ID: Aromatize)
Add Explicit Hydrogens (ID: AddExplicitH)
Neutralize (ID: Neutralize)
Clean 2D (ID: Clean2D)",,2113,Cc1cccc(N=Nc2ccc(N(C)C)cc2)c1
InChI=1S/C12H2Cl6O/c13-4-1-3-6(2-5(4)14)19-12-7(3)8(15)9(16)10(17)11(12)18/h1-2H,,70648-26-9,1,2115,"Dearomatize (ID: Dearomatize)
Clear Stereo (ID: ClearStereo)
Wedge Clean (ID: WedgeClean)
Mesomerize (ID: Mesomerize)
Tautomerize (ID: Tautomerize)
Aromatize (ID: Aromatize)
Add Explicit Hydrogens (ID: AddExplicitH)
Neutralize (ID: Neutralize)
Clean 2D (ID: Clean2D)",,2115,Clc1cc2oc3c(Cl)c(Cl)c(Cl)c(Cl)c3c2cc1Cl
"InChI=1S/C7H4N2O7/c10-6-4(7(11)12)1-3(8(13)14)2-5(6)9(15)16/h1-2,10H,(H,11,12)",,609-99-4,1,2117,"Dearomatize (ID: Dearomatize)
Clear Stereo (ID: ClearStereo)
Wedge Clean (ID: WedgeClean)
Mesomerize (ID: Mesomerize)
Tautomerize (ID: Tautomerize)
Aromatize (ID: Aromatize)
Add Explicit Hydrogens (ID: AddExplicitH)
Neutralize (ID: Neutralize)
Clean 2D (ID: Clean2D)",,2117,O=C(O)c1cc([N+](=O)[O-])cc([N+](=O)[O-])c1O
"InChI=1S/C8H14O/c9-5-8-4-6-1-2-7(8)3-6/h6-9H,1-5H2",,5240-72-2,1,2118,"Clear Stereo (ID: ClearStereo)
Wedge Clean (ID: WedgeClean)
Mesomerize (ID: Mesomerize)
Tautomerize (ID: Tautomerize)
Add Explicit Hydrogens (ID: AddExplicitH)
Neutralize (ID: Neutralize)
Clean 2D (ID: Clean2D)",,2118,OCC1CC2CCC1C2
"InChI=1S/C16H34O2/c1-3-5-7-9-11-13-15-17-18-16-14-12-10-8-6-4-2/h3-16H2,1-2H3",,19102-74-0,1,2121,"Clear Stereo (ID: ClearStereo)
Wedge Clean (ID: WedgeClean)
Mesomerize (ID: Mesomerize)
Tautomerize (ID: Tautomerize)
Add Explicit Hydrogens (ID: AddExplicitH)
Neutralize (ID: Neutralize)
Clean 2D (ID: Clean2D)",,2121,CCCCCCCCOOCCCCCCCC
"InChI=1S/C18H34O6/c1-2-3-4-5-6-7-8-9-10-11-16(21)23-13-15(20)18-17(22)14(19)12-24-18/h14-15,17-20,22H,2-13H2,1H3",,1338-39-2,1,2122,"Clear Stereo (ID: ClearStereo)
Wedge Clean (ID: WedgeClean)
Mesomerize (ID: Mesomerize)
Tautomerize (ID: Tautomerize)
Add Explicit Hydrogens (ID: AddExplicitH)
Neutralize (ID: Neutralize)
Clean 2D (ID: Clean2D)",,2122,CCCCCCCCCCCC(=O)OCC(O)C1OCC(O)C1O
"InChI=1S/C4H10O3P/c1-3-6-8(5)7-4-2/h3-4H2,1-2H3/q+1",,762-04-9,1,2124,"Clear Stereo (ID: ClearStereo)
Wedge Clean (ID: WedgeClean)
Mesomerize (ID: Mesomerize)
Tautomerize (ID: Tautomerize)
Add Explicit Hydrogens (ID: AddExplicitH)
Clean 2D (ID: Clean2D)",,2124,CCO[P+](=O)OCC
InChI=1S/C8H4Cl2O2/c9-7(11)5-1-2-6(4-3-5)8(10)12/h1-4H,,100-20-9,1,2125,"Dearomatize (ID: Dearomatize)
Clear Stereo (ID: ClearStereo)
Wedge Clean (ID: WedgeClean)
Mesomerize (ID: Mesomerize)
Tautomerize (ID: Tautomerize)
Aromatize (ID: Aromatize)
Add Explicit Hydrogens (ID: AddExplicitH)
Neutralize (ID: Neutralize)
Clean 2D (ID: Clean2D)",,2125,O=C(Cl)c1ccc(C(=O)Cl)cc1
"InChI=1S/C6H5N3O4/c7-5-2-1-4(8(10)11)3-6(5)9(12)13/h1-3H,7H2",,97-02-9,1,2128,"Dearomatize (ID: Dearomatize)
Clear Stereo (ID: ClearStereo)
Wedge Clean (ID: WedgeClean)
Mesomerize (ID: Mesomerize)
Tautomerize (ID: Tautomerize)
Aromatize (ID: Aromatize)
Add Explicit Hydrogens (ID: AddExplicitH)
Neutralize (ID: Neutralize)
Clean 2D (ID: Clean2D)",,2128,Nc1ccc([N+](=O)[O-])cc1[N+](=O)[O-]
InChI=1S/CH3NO2/c1-2(3)4/h1H3,,75-52-5,1,2130,"Clear Stereo (ID: ClearStereo)
Wedge Clean (ID: WedgeClean)
Mesomerize (ID: Mesomerize)
Tautomerize (ID: Tautomerize)
Add Explicit Hydrogens (ID: AddExplicitH)
Neutralize (ID: Neutralize)
Clean 2D (ID: Clean2D)",,2130,C[N+](=O)[O-]
"InChI=1S/C18H22O5/c1-12-6-5-9-14(19)8-4-2-3-7-13-10-15(20)11-16(21)17(13)18(22)23-12/h3,7,10-12,20-21H,2,4-6,8-9H2,1H3",,17924-92-4,1,2139,"Dearomatize (ID: Dearomatize)
Clear Stereo (ID: ClearStereo)
Wedge Clean (ID: WedgeClean)
Mesomerize (ID: Mesomerize)
Tautomerize (ID: Tautomerize)
Aromatize (ID: Aromatize)
Add Explicit Hydrogens (ID: AddExplicitH)
Neutralize (ID: Neutralize)
Clean 2D (ID: Clean2D)",,2139,CC1CCCC(=O)CCCC=Cc2cc(O)cc(O)c2C(=O)O1
"InChI=1S/C11H9Cl2NO2/c12-6-1-2-7-16-11(15)14-10-5-3-4-9(13)8-10/h3-5,8H,6-7H2,(H,14,15)",,101-27-9,1,2144,"Dearomatize (ID: Dearomatize)
Clear Stereo (ID: ClearStereo)
Wedge Clean (ID: WedgeClean)
Mesomerize (ID: Mesomerize)
Tautomerize (ID: Tautomerize)
Aromatize (ID: Aromatize)
Add Explicit Hydrogens (ID: AddExplicitH)
Neutralize (ID: Neutralize)
Clean 2D (ID: Clean2D)",,2144,O=C(Nc1cccc(Cl)c1)OCC#CCCl
"InChI=1S/C2H5NO2/c1-2-3(4)5/h2H2,1H3",,79-24-3,1,2145,"Clear Stereo (ID: ClearStereo)
Wedge Clean (ID: WedgeClean)
Mesomerize (ID: Mesomerize)
Tautomerize (ID: Tautomerize)
Add Explicit Hydrogens (ID: AddExplicitH)
Neutralize (ID: Neutralize)
Clean 2D (ID: Clean2D)",,2145,CC[N+](=O)[O-]
"InChI=1S/C8H12ClNO/c1-3-5-10(6-4-2)8(11)7-9/h3-4H,1-2,5-7H2",,93-71-0,1,2147,"Clear Stereo (ID: ClearStereo)
Wedge Clean (ID: WedgeClean)
Mesomerize (ID: Mesomerize)
Tautomerize (ID: Tautomerize)
Add Explicit Hydrogens (ID: AddExplicitH)
Neutralize (ID: Neutralize)
Clean 2D (ID: Clean2D)",,2147,C=CCN(CC=C)C(=O)CCl
"InChI=1S/C13H10Cl2O2/c14-10-1-3-12(16)8(6-10)5-9-7-11(15)2-4-13(9)17/h1-4,6-7,16-17H,5H2",,97-23-4,1,2151,"Dearomatize (ID: Dearomatize)
Clear Stereo (ID: ClearStereo)
Wedge Clean (ID: WedgeClean)
Mesomerize (ID: Mesomerize)
Tautomerize (ID: Tautomerize)
Aromatize (ID: Aromatize)
Add Explicit Hydrogens (ID: AddExplicitH)
Neutralize (ID: Neutralize)
Clean 2D (ID: Clean2D)",,2151,Oc1ccc(Cl)cc1Cc1cc(Cl)ccc1O
"InChI=1S/C6H11N2O4PS3/c1-10-5-7-8(6(9)16-5)4-15-13(14,11-2)12-3/h4H2,1-3H3",,950-37-8,1,2153,"Dearomatize (ID: Dearomatize)
Clear Stereo (ID: ClearStereo)
Wedge Clean (ID: WedgeClean)
Mesomerize (ID: Mesomerize)
Tautomerize (ID: Tautomerize)
Add Explicit Hydrogens (ID: AddExplicitH)
Neutralize (ID: Neutralize)
Clean 2D (ID: Clean2D)",,2153,COc1nn(CSP(=S)(OC)OC)c(=O)s1
"InChI=1S/C9H6Cl2O2/c10-7-3-1-6(8(11)5-7)2-4-9(12)13/h1-5H,(H,12,13)",,1201-99-6,1,2154,"Dearomatize (ID: Dearomatize)
Clear Stereo (ID: ClearStereo)
Wedge Clean (ID: WedgeClean)
Mesomerize (ID: Mesomerize)
Tautomerize (ID: Tautomerize)
Aromatize (ID: Aromatize)
Add Explicit Hydrogens (ID: AddExplicitH)
Neutralize (ID: Neutralize)
Clean 2D (ID: Clean2D)",,2154,O=C(O)C=Cc1ccc(Cl)cc1Cl
"InChI=1S/C4H7IO2/c1-2-7-4(6)3-5/h2-3H2,1H3",,623-48-3,1,2160,"Clear Stereo (ID: ClearStereo)
Wedge Clean (ID: WedgeClean)
Mesomerize (ID: Mesomerize)
Tautomerize (ID: Tautomerize)
Add Explicit Hydrogens (ID: AddExplicitH)
Neutralize (ID: Neutralize)
Clean 2D (ID: Clean2D)",,2160,CCOC(=O)CI
InChI=1S/C6H6O3/c1-3-4(2)6(8)9-5(3)7/h1-2H3,,766-39-2,1,2161,"Clear Stereo (ID: ClearStereo)
Wedge Clean (ID: WedgeClean)
Mesomerize (ID: Mesomerize)
Tautomerize (ID: Tautomerize)
Add Explicit Hydrogens (ID: AddExplicitH)
Neutralize (ID: Neutralize)
Clean 2D (ID: Clean2D)",,2161,CC1=C(C)C(=O)OC1=O
"InChI=1S/C11H14ClNO/c1-9(2)13(11(14)8-12)10-6-4-3-5-7-10/h3-7,9H,8H2,1-2H3",,1918-16-7,1,2163,"Dearomatize (ID: Dearomatize)
Clear Stereo (ID: ClearStereo)
Wedge Clean (ID: WedgeClean)
Mesomerize (ID: Mesomerize)
Tautomerize (ID: Tautomerize)
Aromatize (ID: Aromatize)
Add Explicit Hydrogens (ID: AddExplicitH)
Neutralize (ID: Neutralize)
Clean 2D (ID: Clean2D)",,2163,CC(C)N(C(=O)CCl)c1ccccc1
InChI=1S/C7H3Cl2NO/c8-6-2-1-5(10-4-11)3-7(6)9/h1-3H,1,102-36-3,1,2164,"Dearomatize (ID: Dearomatize)
Clear Stereo (ID: ClearStereo)
Wedge Clean (ID: WedgeClean)
Mesomerize (ID: Mesomerize)
Tautomerize (ID: Tautomerize)
Aromatize (ID: Aromatize)
Add Explicit Hydrogens (ID: AddExplicitH)
Neutralize (ID: Neutralize)
Clean 2D (ID: Clean2D)",,2164,O=C=Nc1ccc(Cl)c(Cl)c1
"InChI=1S/C3H8N2O/c1-4-3(6)5-2/h1-2H3,(H2,4,5,6)",,96-31-1,1,2168,"Clear Stereo (ID: ClearStereo)
Wedge Clean (ID: WedgeClean)
Mesomerize (ID: Mesomerize)
Tautomerize (ID: Tautomerize)
Add Explicit Hydrogens (ID: AddExplicitH)
Neutralize (ID: Neutralize)
Clean 2D (ID: Clean2D)",,2168,CNC(=O)NC
"InChI=1S/C23H32N2O4/c1-7-16-13-15(3)14-17(8-2)18(16)19-20(26)24-9-11-28-12-10-25(24)21(19)29-22(27)23(4,5)6/h13-14H,7-12H2,1-6H3",1,243973-20-8,1,2169,"Dearomatize (ID: Dearomatize)
Clear Stereo (ID: ClearStereo)
Wedge Clean (ID: WedgeClean)
Mesomerize (ID: Mesomerize)
Tautomerize (ID: Tautomerize)
Aromatize (ID: Aromatize)
Add Explicit Hydrogens (ID: AddExplicitH)
Neutralize (ID: Neutralize)
Clean 2D (ID: Clean2D)",,2169,CCc1cc(C)cc(CC)c1-c1c(OC(=O)C(C)(C)C)n2n(c1=O)CCOCC2
"InChI=1S/C18H16N2O7S2/c1-10-7-11(2)16(28(22,23)24)8-14(10)19-20-15-9-17(29(25,26)27)12-5-3-4-6-13(12)18(15)21/h3-9,19H,1-2H3,(H,22,23,24)(H,25,26,27)",,4548-53-2,1,2170,"Dearomatize (ID: Dearomatize)
Clear Stereo (ID: ClearStereo)
Wedge Clean (ID: WedgeClean)
Mesomerize (ID: Mesomerize)
Tautomerize (ID: Tautomerize)
Aromatize (ID: Aromatize)
Add Explicit Hydrogens (ID: AddExplicitH)
Neutralize (ID: Neutralize)
Clean 2D (ID: Clean2D)",,2170,Cc1cc(C)c(S(=O)(=O)O)cc1NN=C1C=C(S(=O)(=O)O)c2ccccc2C1=O
"InChI=1S/C10H23N/c1-2-3-4-5-6-7-8-9-10-11/h2-11H2,1H3",,2016-57-1,1,2174,"Clear Stereo (ID: ClearStereo)
Wedge Clean (ID: WedgeClean)
Mesomerize (ID: Mesomerize)
Tautomerize (ID: Tautomerize)
Add Explicit Hydrogens (ID: AddExplicitH)
Neutralize (ID: Neutralize)
Clean 2D (ID: Clean2D)",,2174,CCCCCCCCCCN
"InChI=1S/C7H16O/c1-4-6(2)7(3)5-8/h6-8H,4-5H2,1-3H3",,10143-23-4,1,2175,"Clear Stereo (ID: ClearStereo)
Wedge Clean (ID: WedgeClean)
Mesomerize (ID: Mesomerize)
Tautomerize (ID: Tautomerize)
Add Explicit Hydrogens (ID: AddExplicitH)
Neutralize (ID: Neutralize)
Clean 2D (ID: Clean2D)",,2175,CCC(C)C(C)CO
"InChI=1S/C3H6O2S/c1-5-3(4)2-6/h6H,2H2,1H3",1,2365-48-2,1,2181,"Clear Stereo (ID: ClearStereo)
Wedge Clean (ID: WedgeClean)
Mesomerize (ID: Mesomerize)
Tautomerize (ID: Tautomerize)
Add Explicit Hydrogens (ID: AddExplicitH)
Neutralize (ID: Neutralize)
Clean 2D (ID: Clean2D)",,2181,COC(=O)CS
"InChI=1S/C8H10O8/c9-5(10)1-3-7(13)15-16-8(14)4-2-6(11)12/h1-4H2,(H,9,10)(H,11,12)",,123-23-9,1,2185,"Clear Stereo (ID: ClearStereo)
Wedge Clean (ID: WedgeClean)
Mesomerize (ID: Mesomerize)
Tautomerize (ID: Tautomerize)
Add Explicit Hydrogens (ID: AddExplicitH)
Neutralize (ID: Neutralize)
Clean 2D (ID: Clean2D)",,2185,O=C(O)CCC(=O)OOC(=O)CCC(=O)O
"InChI=1S/C7H14O2/c1-6(2)4-5-9-7(3)8/h6H,4-5H2,1-3H3",,123-92-2,1,2189,"Clear Stereo (ID: ClearStereo)
Wedge Clean (ID: WedgeClean)
Mesomerize (ID: Mesomerize)
Tautomerize (ID: Tautomerize)
Add Explicit Hydrogens (ID: AddExplicitH)
Neutralize (ID: Neutralize)
Clean 2D (ID: Clean2D)",,2189,CC(=O)OCCC(C)C
"InChI=1S/C3H3NO2/c4-2-1-3(5)6/h1H2,(H,5,6)",,372-09-8,1,2190,"Clear Stereo (ID: ClearStereo)
Wedge Clean (ID: WedgeClean)
Mesomerize (ID: Mesomerize)
Tautomerize (ID: Tautomerize)
Add Explicit Hydrogens (ID: AddExplicitH)
Neutralize (ID: Neutralize)
Clean 2D (ID: Clean2D)",,2190,N#CCC(=O)O
"InChI=1S/C16H32O2/c1-3-5-6-7-8-9-10-11-12-13-14-15-16(17)18-4-2/h3-15H2,1-2H3",,124-06-1,1,2192,"Clear Stereo (ID: ClearStereo)
Wedge Clean (ID: WedgeClean)
Mesomerize (ID: Mesomerize)
Tautomerize (ID: Tautomerize)
Add Explicit Hydrogens (ID: AddExplicitH)
Neutralize (ID: Neutralize)
Clean 2D (ID: Clean2D)",,2192,CCCCCCCCCCCCCC(=O)OCC
"InChI=1S/C12H17NO/c1-4-13(5-2)12(14)11-8-6-7-10(3)9-11/h6-9H,4-5H2,1-3H3",2B,134-62-3,1,2193,"Dearomatize (ID: Dearomatize)
Clear Stereo (ID: ClearStereo)
Wedge Clean (ID: WedgeClean)
Mesomerize (ID: Mesomerize)
Tautomerize (ID: Tautomerize)
Aromatize (ID: Aromatize)
Add Explicit Hydrogens (ID: AddExplicitH)
Neutralize (ID: Neutralize)
Clean 2D (ID: Clean2D)",,2193,CCN(CC)C(=O)c1cccc(C)c1
"InChI=1S/C3H5BrO2/c1-2(4)3(5)6/h2H,1H3,(H,5,6)",,598-72-1,1,2199,"Clear Stereo (ID: ClearStereo)
Wedge Clean (ID: WedgeClean)
Mesomerize (ID: Mesomerize)
Tautomerize (ID: Tautomerize)
Add Explicit Hydrogens (ID: AddExplicitH)
Neutralize (ID: Neutralize)
Clean 2D (ID: Clean2D)",,2199,CC(Br)C(=O)O
"InChI=1S/C14H12O3/c15-13-8-6-12(7-9-13)14(16)17-10-11-4-2-1-3-5-11/h1-9,15H,10H2",,94-18-8,1,2201,"Dearomatize (ID: Dearomatize)
Clear Stereo (ID: ClearStereo)
Wedge Clean (ID: WedgeClean)
Mesomerize (ID: Mesomerize)
Tautomerize (ID: Tautomerize)
Aromatize (ID: Aromatize)
Add Explicit Hydrogens (ID: AddExplicitH)
Neutralize (ID: Neutralize)
Clean 2D (ID: Clean2D)",,2201,O=C(OCc1ccccc1)c1ccc(O)cc1
"InChI=1S/C30H46O4/c1-25(2)21-8-11-30(7)23(28(21,5)10-9-22(25)32)20(31)16-18-19-17-27(4,24(33)34)13-12-26(19,3)14-15-29(18,30)6/h16,19,21-23,32H,8-15,17H2,1-7H3,(H,33,34)",,471-53-4,1,2202,"Clear Stereo (ID: ClearStereo)
Wedge Clean (ID: WedgeClean)
Mesomerize (ID: Mesomerize)
Tautomerize (ID: Tautomerize)
Add Explicit Hydrogens (ID: AddExplicitH)
Neutralize (ID: Neutralize)
Clean 2D (ID: Clean2D)",,2202,CC1(C(=O)O)CCC2(C)CCC3(C)C(=CC(=O)C4C5(C)CCC(O)C(C)(C)C5CCC43C)C2C1
"InChI=1S/C12H24O/c1-2-3-4-5-6-7-8-9-10-12-11-13-12/h12H,2-11H2,1H3",,2855-19-8,1,2203,"Clear Stereo (ID: ClearStereo)
Wedge Clean (ID: WedgeClean)
Mesomerize (ID: Mesomerize)
Tautomerize (ID: Tautomerize)
Add Explicit Hydrogens (ID: AddExplicitH)
Neutralize (ID: Neutralize)
Clean 2D (ID: Clean2D)",,2203,CCCCCCCCCCC1CO1
"InChI=1S/C24H38O4/c1-3-5-7-9-11-15-19-27-23(25)21-17-13-14-18-22(21)24(26)28-20-16-12-10-8-6-4-2/h13-14,17-18H,3-12,15-16,19-20H2,1-2H3",,117-84-0,1,2206,"Dearomatize (ID: Dearomatize)
Clear Stereo (ID: ClearStereo)
Wedge Clean (ID: WedgeClean)
Mesomerize (ID: Mesomerize)
Tautomerize (ID: Tautomerize)
Aromatize (ID: Aromatize)
Add Explicit Hydrogens (ID: AddExplicitH)
Neutralize (ID: Neutralize)
Clean 2D (ID: Clean2D)",,2206,CCCCCCCCOC(=O)c1ccccc1C(=O)OCCCCCCCC
"InChI=1S/C7H7NO3/c8-5-3-4(7(10)11)1-2-6(5)9/h1-3,9H,8H2,(H,10,11)",,1571-72-8,1,2211,"Dearomatize (ID: Dearomatize)
Clear Stereo (ID: ClearStereo)
Wedge Clean (ID: WedgeClean)
Mesomerize (ID: Mesomerize)
Tautomerize (ID: Tautomerize)
Aromatize (ID: Aromatize)
Add Explicit Hydrogens (ID: AddExplicitH)
Neutralize (ID: Neutralize)
Clean 2D (ID: Clean2D)",,2211,Nc1cc(C(=O)O)ccc1O
"InChI=1S/C8H6O3/c9-5-8(11)6-1-3-7(10)4-2-6/h1-5,10H",,24645-80-5,1,2216,"Dearomatize (ID: Dearomatize)
Clear Stereo (ID: ClearStereo)
Wedge Clean (ID: WedgeClean)
Mesomerize (ID: Mesomerize)
Tautomerize (ID: Tautomerize)
Aromatize (ID: Aromatize)
Add Explicit Hydrogens (ID: AddExplicitH)
Neutralize (ID: Neutralize)
Clean 2D (ID: Clean2D)",,2216,O=CC(=O)c1ccc(O)cc1
"InChI=1S/C9H10O2/c1-2-11-9(10)8-6-4-3-5-7-8/h3-7H,2H2,1H3",,93-89-0,1,2218,"Dearomatize (ID: Dearomatize)
Clear Stereo (ID: ClearStereo)
Wedge Clean (ID: WedgeClean)
Mesomerize (ID: Mesomerize)
Tautomerize (ID: Tautomerize)
Aromatize (ID: Aromatize)
Add Explicit Hydrogens (ID: AddExplicitH)
Neutralize (ID: Neutralize)
Clean 2D (ID: Clean2D)",,2218,CCOC(=O)c1ccccc1
"InChI=1S/C8H8ClNO/c1-6(11)10-8-4-2-3-7(9)5-8/h2-5H,1H3,(H,10,11)",,588-07-8,1,2224,"Dearomatize (ID: Dearomatize)
Clear Stereo (ID: ClearStereo)
Wedge Clean (ID: WedgeClean)
Mesomerize (ID: Mesomerize)
Tautomerize (ID: Tautomerize)
Aromatize (ID: Aromatize)
Add Explicit Hydrogens (ID: AddExplicitH)
Neutralize (ID: Neutralize)
Clean 2D (ID: Clean2D)",,2224,CC(=O)Nc1cccc(Cl)c1
"InChI=1S/C5H12O2/c1-5(4-7)2-3-6/h5-7H,2-4H2,1H3",,2938-98-9,1,2229,"Clear Stereo (ID: ClearStereo)
Wedge Clean (ID: WedgeClean)
Mesomerize (ID: Mesomerize)
Tautomerize (ID: Tautomerize)
Add Explicit Hydrogens (ID: AddExplicitH)
Neutralize (ID: Neutralize)
Clean 2D (ID: Clean2D)",,2229,CC(CO)CCO
"InChI=1S/C5H5NO2/c1-4(3-6)5(7)8-2/h1H2,2H3",,137-05-3,1,2230,"Clear Stereo (ID: ClearStereo)
Wedge Clean (ID: WedgeClean)
Mesomerize (ID: Mesomerize)
Tautomerize (ID: Tautomerize)
Add Explicit Hydrogens (ID: AddExplicitH)
Neutralize (ID: Neutralize)
Clean 2D (ID: Clean2D)",,2230,C=C(C#N)C(=O)OC
"InChI=1S/C4H7NO/c1-4(2,6)3-5/h6H,1-2H3",,75-86-5,1,2231,"Clear Stereo (ID: ClearStereo)
Wedge Clean (ID: WedgeClean)
Mesomerize (ID: Mesomerize)
Tautomerize (ID: Tautomerize)
Add Explicit Hydrogens (ID: AddExplicitH)
Neutralize (ID: Neutralize)
Clean 2D (ID: Clean2D)",,2231,CC(C)(O)C#N
"InChI=1S/C8H12N2O/c1-10(6-7-11)8-4-2-3-5-9-8/h2-5,11H,6-7H2,1H3",1,122321-04-4,1,2232,"Dearomatize (ID: Dearomatize)
Clear Stereo (ID: ClearStereo)
Wedge Clean (ID: WedgeClean)
Mesomerize (ID: Mesomerize)
Tautomerize (ID: Tautomerize)
Aromatize (ID: Aromatize)
Add Explicit Hydrogens (ID: AddExplicitH)
Neutralize (ID: Neutralize)
Clean 2D (ID: Clean2D)",,2232,CN(CCO)c1ccccn1
InChI=1S/C5H10N6O2/c12-6-10-2-8-1-9(4-10)5-11(3-8)7-13/h1-5H2,,101-25-7,1,2236,"Clear Stereo (ID: ClearStereo)
Wedge Clean (ID: WedgeClean)
Mesomerize (ID: Mesomerize)
Tautomerize (ID: Tautomerize)
Add Explicit Hydrogens (ID: AddExplicitH)
Neutralize (ID: Neutralize)
Clean 2D (ID: Clean2D)",,2236,O=NN1CN2CN(C1)CN(N=O)C2
"InChI=1S/C8H14ClN5/c1-4-10-7-12-6(9)13-8(14-7)11-5(2)3/h5H,4H2,1-3H3,(H2,10,11,12,13,14)",,1912-24-9,1,2238,"Dearomatize (ID: Dearomatize)
Clear Stereo (ID: ClearStereo)
Wedge Clean (ID: WedgeClean)
Mesomerize (ID: Mesomerize)
Tautomerize (ID: Tautomerize)
Aromatize (ID: Aromatize)
Add Explicit Hydrogens (ID: AddExplicitH)
Neutralize (ID: Neutralize)
Clean 2D (ID: Clean2D)",,2238,CCNc1nc(Cl)nc(NC(C)C)n1
"InChI=1S/C17H12N2O3/c20-16-14(17(21)22)10-11-6-4-5-9-13(11)15(16)19-18-12-7-2-1-3-8-12/h1-10,18H,(H,21,22)",,6371-76-2,1,2247,"Dearomatize (ID: Dearomatize)
Clear Stereo (ID: ClearStereo)
Wedge Clean (ID: WedgeClean)
Mesomerize (ID: Mesomerize)
Tautomerize (ID: Tautomerize)
Aromatize (ID: Aromatize)
Add Explicit Hydrogens (ID: AddExplicitH)
Neutralize (ID: Neutralize)
Clean 2D (ID: Clean2D)",,2247,O=C(O)C1=Cc2ccccc2C(=NNc2ccccc2)C1=O
"InChI=1S/C3H7Br/c1-3(2)4/h3H,1-2H3",,75-26-3,1,2249,"Clear Stereo (ID: ClearStereo)
Wedge Clean (ID: WedgeClean)
Mesomerize (ID: Mesomerize)
Tautomerize (ID: Tautomerize)
Add Explicit Hydrogens (ID: AddExplicitH)
Neutralize (ID: Neutralize)
Clean 2D (ID: Clean2D)",,2249,CC(C)Br
InChI=1S/C6H16N2/c7-5-3-1-2-4-6-8/h1-8H2,,124-09-4,1,2250,"Clear Stereo (ID: ClearStereo)
Wedge Clean (ID: WedgeClean)
Mesomerize (ID: Mesomerize)
Tautomerize (ID: Tautomerize)
Add Explicit Hydrogens (ID: AddExplicitH)
Neutralize (ID: Neutralize)
Clean 2D (ID: Clean2D)",,2250,NCCCCCCN
"InChI=1S/C7H6O2S/c8-7(9)5-3-1-2-4-6(5)10/h1-4,10H,(H,8,9)",,147-93-3,1,2253,"Dearomatize (ID: Dearomatize)
Clear Stereo (ID: ClearStereo)
Wedge Clean (ID: WedgeClean)
Mesomerize (ID: Mesomerize)
Tautomerize (ID: Tautomerize)
Aromatize (ID: Aromatize)
Add Explicit Hydrogens (ID: AddExplicitH)
Neutralize (ID: Neutralize)
Clean 2D (ID: Clean2D)",,2253,O=C(O)c1ccccc1S
"InChI=1S/C12H24/c1-10(8-11(2,3)4)9-12(5,6)7/h8H,9H2,1-7H3",,123-48-8,1,2256,"Clear Stereo (ID: ClearStereo)
Wedge Clean (ID: WedgeClean)
Mesomerize (ID: Mesomerize)
Tautomerize (ID: Tautomerize)
Add Explicit Hydrogens (ID: AddExplicitH)
Neutralize (ID: Neutralize)
Clean 2D (ID: Clean2D)",,2256,CC(=CC(C)(C)C)CC(C)(C)C
"InChI=1S/C13H11ClO/c14-12-6-7-13(15)11(9-12)8-10-4-2-1-3-5-10/h1-7,9,15H,8H2",1,120-32-1,1,2258,"Dearomatize (ID: Dearomatize)
Clear Stereo (ID: ClearStereo)
Wedge Clean (ID: WedgeClean)
Mesomerize (ID: Mesomerize)
Tautomerize (ID: Tautomerize)
Aromatize (ID: Aromatize)
Add Explicit Hydrogens (ID: AddExplicitH)
Neutralize (ID: Neutralize)
Clean 2D (ID: Clean2D)",,2258,Oc1ccc(Cl)cc1Cc1ccccc1
"InChI=1S/C18H10Cl2O2S2/c1-7-3-9(19)5-11-13(7)15(21)17(23-11)18-16(22)14-8(2)4-10(20)6-12(14)24-18/h3-6H,1-2H3",,2379-74-0,1,2262,"Dearomatize (ID: Dearomatize)
Clear Stereo (ID: ClearStereo)
Wedge Clean (ID: WedgeClean)
Mesomerize (ID: Mesomerize)
Tautomerize (ID: Tautomerize)
Aromatize (ID: Aromatize)
Add Explicit Hydrogens (ID: AddExplicitH)
Neutralize (ID: Neutralize)
Clean 2D (ID: Clean2D)",,2262,Cc1cc(Cl)cc2c1C(=O)C(=C1Sc3cc(Cl)cc(C)c3C1=O)S2
InChI=1S/C12H2Br8/c13-4-2-1-3(6(14)7(4)15)5-8(16)10(18)12(20)11(19)9(5)17/h1-2H,,27858-07-7,1,2263,"Dearomatize (ID: Dearomatize)
Clear Stereo (ID: ClearStereo)
Wedge Clean (ID: WedgeClean)
Mesomerize (ID: Mesomerize)
Tautomerize (ID: Tautomerize)
Aromatize (ID: Aromatize)
Add Explicit Hydrogens (ID: AddExplicitH)
Neutralize (ID: Neutralize)
Clean 2D (ID: Clean2D)",,2263,Brc1ccc(-c2c(Br)c(Br)c(Br)c(Br)c2Br)c(Br)c1Br
"InChI=1S/C22H42O4/c1-3-5-7-9-11-15-19-25-21(23)17-13-14-18-22(24)26-20-16-12-10-8-6-4-2/h3-20H2,1-2H3",,123-79-5,1,2266,"Clear Stereo (ID: ClearStereo)
Wedge Clean (ID: WedgeClean)
Mesomerize (ID: Mesomerize)
Tautomerize (ID: Tautomerize)
Add Explicit Hydrogens (ID: AddExplicitH)
Neutralize (ID: Neutralize)
Clean 2D (ID: Clean2D)",,2266,CCCCCCCCOC(=O)CCCCC(=O)OCCCCCCCC
"InChI=1S/C21H38N/c1-2-3-4-5-6-7-8-9-10-11-12-13-14-16-19-22-20-17-15-18-21-22/h15,17-18,20-21H,2-14,16,19H2,1H3/q+1",,,1,2270,"Dearomatize (ID: Dearomatize)
Clear Stereo (ID: ClearStereo)
Wedge Clean (ID: WedgeClean)
Mesomerize (ID: Mesomerize)
Tautomerize (ID: Tautomerize)
Aromatize (ID: Aromatize)
Add Explicit Hydrogens (ID: AddExplicitH)
Clean 2D (ID: Clean2D)",,2270,CCCCCCCCCCCCCCCC[n+]1ccccc1
"InChI=1S/C12H11Cl3O3/c13-5-1-2-6-17-12(16)8-18-11-4-3-9(14)7-10(11)15/h1-4,7H,5-6,8H2",,2971-38-2,1,2271,"Dearomatize (ID: Dearomatize)
Clear Stereo (ID: ClearStereo)
Wedge Clean (ID: WedgeClean)
Mesomerize (ID: Mesomerize)
Tautomerize (ID: Tautomerize)
Aromatize (ID: Aromatize)
Add Explicit Hydrogens (ID: AddExplicitH)
Neutralize (ID: Neutralize)
Clean 2D (ID: Clean2D)",,2271,O=C(COc1ccc(Cl)cc1Cl)OCC=CCCl
"InChI=1S/C7H12O2/c1-4-5-9-7(8)6(2)3/h2,4-5H2,1,3H3",,2210-28-8,1,2277,"Clear Stereo (ID: ClearStereo)
Wedge Clean (ID: WedgeClean)
Mesomerize (ID: Mesomerize)
Tautomerize (ID: Tautomerize)
Add Explicit Hydrogens (ID: AddExplicitH)
Neutralize (ID: Neutralize)
Clean 2D (ID: Clean2D)",,2277,C=C(C)C(=O)OCCC
"InChI=1S/C6H4Cl2N2O2/c7-3-1-2(9)4(8)5(10-3)6(11)12/h1H,(H2,9,10)(H,11,12)",1,150114-71-9,1,2286,"Dearomatize (ID: Dearomatize)
Clear Stereo (ID: ClearStereo)
Wedge Clean (ID: WedgeClean)
Mesomerize (ID: Mesomerize)
Tautomerize (ID: Tautomerize)
Aromatize (ID: Aromatize)
Add Explicit Hydrogens (ID: AddExplicitH)
Neutralize (ID: Neutralize)
Clean 2D (ID: Clean2D)",,2286,Nc1cc(Cl)nc(C(=O)O)c1Cl
"InChI=1S/C8H8O3/c1-5-2-3-6(8(10)11)7(9)4-5/h2-4,9H,1H3,(H,10,11)",,50-85-1,1,2288,"Dearomatize (ID: Dearomatize)
Clear Stereo (ID: ClearStereo)
Wedge Clean (ID: WedgeClean)
Mesomerize (ID: Mesomerize)
Tautomerize (ID: Tautomerize)
Aromatize (ID: Aromatize)
Add Explicit Hydrogens (ID: AddExplicitH)
Neutralize (ID: Neutralize)
Clean 2D (ID: Clean2D)",,2288,Cc1ccc(C(=O)O)c(O)c1
"InChI=1S/C7H5ClO3/c8-4-1-2-6(9)5(3-4)7(10)11/h1-3,9H,(H,10,11)",,321-14-2,1,2291,"Dearomatize (ID: Dearomatize)
Clear Stereo (ID: ClearStereo)
Wedge Clean (ID: WedgeClean)
Mesomerize (ID: Mesomerize)
Tautomerize (ID: Tautomerize)
Aromatize (ID: Aromatize)
Add Explicit Hydrogens (ID: AddExplicitH)
Neutralize (ID: Neutralize)
Clean 2D (ID: Clean2D)",,2291,O=C(O)c1cc(Cl)ccc1O
"InChI=1S/C3H3N/c1-2-3-4/h2H,1H2",,107-13-1,1,2294,"Clear Stereo (ID: ClearStereo)
Wedge Clean (ID: WedgeClean)
Mesomerize (ID: Mesomerize)
Tautomerize (ID: Tautomerize)
Add Explicit Hydrogens (ID: AddExplicitH)
Neutralize (ID: Neutralize)
Clean 2D (ID: Clean2D)",,2294,C=CC#N
"InChI=1S/C18H37N5O9/c19-3-9-8(25)2-7(22)17(29-9)31-15-5(20)1-6(21)16(14(15)28)32-18-13(27)11(23)12(26)10(4-24)30-18/h5-18,24-28H,1-4,19-23H2",,32986-56-4,1,2295,"Clear Stereo (ID: ClearStereo)
Wedge Clean (ID: WedgeClean)
Mesomerize (ID: Mesomerize)
Tautomerize (ID: Tautomerize)
Add Explicit Hydrogens (ID: AddExplicitH)
Neutralize (ID: Neutralize)
Clean 2D (ID: Clean2D)",,2295,NCC1OC(OC2C(N)CC(N)C(OC3OC(CO)C(O)C(N)C3O)C2O)C(N)CC1O
"InChI=1S/C9H10BrClN2O2/c1-13(15-2)9(14)12-6-3-4-7(10)8(11)5-6/h3-5H,1-2H3,(H,12,14)",,13360-45-7,1,2297,"Dearomatize (ID: Dearomatize)
Clear Stereo (ID: ClearStereo)
Wedge Clean (ID: WedgeClean)
Mesomerize (ID: Mesomerize)
Tautomerize (ID: Tautomerize)
Aromatize (ID: Aromatize)
Add Explicit Hydrogens (ID: AddExplicitH)
Neutralize (ID: Neutralize)
Clean 2D (ID: Clean2D)",,2297,CON(C)C(=O)Nc1ccc(Br)c(Cl)c1
"InChI=1S/C15H24O/c1-10-8-11(14(2,3)4)13(16)12(9-10)15(5,6)7/h8-9,16H,1-7H3",,128-37-0,1,2298,"Dearomatize (ID: Dearomatize)
Clear Stereo (ID: ClearStereo)
Wedge Clean (ID: WedgeClean)
Mesomerize (ID: Mesomerize)
Tautomerize (ID: Tautomerize)
Aromatize (ID: Aromatize)
Add Explicit Hydrogens (ID: AddExplicitH)
Neutralize (ID: Neutralize)
Clean 2D (ID: Clean2D)",,2298,Cc1cc(C(C)(C)C)c(O)c(C(C)(C)C)c1
"InChI=1S/C10H18/c1-2-6-10-8-4-3-7-9(10)5-1/h9-10H,1-8H2",,91-17-8,1,2301,"Clear Stereo (ID: ClearStereo)
Wedge Clean (ID: WedgeClean)
Mesomerize (ID: Mesomerize)
Tautomerize (ID: Tautomerize)
Add Explicit Hydrogens (ID: AddExplicitH)
Neutralize (ID: Neutralize)
Clean 2D (ID: Clean2D)",,2301,C1CCC2CCCCC2C1
"InChI=1S/C14H22N2O/c1-5-16(6-2)10-13(17)15-14-11(3)8-7-9-12(14)4/h7-9H,5-6,10H2,1-4H3,(H,15,17)",,137-58-6,1,2302,"Dearomatize (ID: Dearomatize)
Clear Stereo (ID: ClearStereo)
Wedge Clean (ID: WedgeClean)
Mesomerize (ID: Mesomerize)
Tautomerize (ID: Tautomerize)
Aromatize (ID: Aromatize)
Add Explicit Hydrogens (ID: AddExplicitH)
Neutralize (ID: Neutralize)
Clean 2D (ID: Clean2D)",,2302,CCN(CC)CC(=O)Nc1c(C)cccc1C
"InChI=1S/C2H8NO2PS/c1-5-6(3,4)7-2/h1-2H3,(H2,3,4)",,10265-92-6,1,2303,"Clear Stereo (ID: ClearStereo)
Wedge Clean (ID: WedgeClean)
Mesomerize (ID: Mesomerize)
Tautomerize (ID: Tautomerize)
Add Explicit Hydrogens (ID: AddExplicitH)
Neutralize (ID: Neutralize)
Clean 2D (ID: Clean2D)",,2303,COP(N)(=O)SC
"InChI=1S/C7H7Cl/c1-6-2-4-7(8)5-3-6/h2-5H,1H3",,106-43-4,1,2308,"Dearomatize (ID: Dearomatize)
Clear Stereo (ID: ClearStereo)
Wedge Clean (ID: WedgeClean)
Mesomerize (ID: Mesomerize)
Tautomerize (ID: Tautomerize)
Aromatize (ID: Aromatize)
Add Explicit Hydrogens (ID: AddExplicitH)
Neutralize (ID: Neutralize)
Clean 2D (ID: Clean2D)",,2308,Cc1ccc(Cl)cc1
"InChI=1S/C10H22O/c1-5-9(3)7-8-10(4,11)6-2/h9,11H,5-8H2,1-4H3",1,151-19-9,1,2309,"Clear Stereo (ID: ClearStereo)
Wedge Clean (ID: WedgeClean)
Mesomerize (ID: Mesomerize)
Tautomerize (ID: Tautomerize)
Add Explicit Hydrogens (ID: AddExplicitH)
Neutralize (ID: Neutralize)
Clean 2D (ID: Clean2D)",,2309,CCC(C)CCC(C)(O)CC
InChI=1S/C13H9NO/c1-3-7-12-10(5-1)9-14-11-6-2-4-8-13(11)15-12/h1-9H,,257-07-8,1,2312,"Dearomatize (ID: Dearomatize)
Clear Stereo (ID: ClearStereo)
Wedge Clean (ID: WedgeClean)
Mesomerize (ID: Mesomerize)
Tautomerize (ID: Tautomerize)
Aromatize (ID: Aromatize)
Add Explicit Hydrogens (ID: AddExplicitH)
Neutralize (ID: Neutralize)
Clean 2D (ID: Clean2D)",,2312,C1=Nc2ccccc2Oc2ccccc21
"InChI=1S/C8H16O3/c1-3-4-5-10-6-7-11-8(2)9/h3-7H2,1-2H3",,112-07-2,1,2314,"Clear Stereo (ID: ClearStereo)
Wedge Clean (ID: WedgeClean)
Mesomerize (ID: Mesomerize)
Tautomerize (ID: Tautomerize)
Add Explicit Hydrogens (ID: AddExplicitH)
Neutralize (ID: Neutralize)
Clean 2D (ID: Clean2D)",,2314,CCCCOCCOC(C)=O
"InChI=1S/C12H23ClO/c1-2-3-4-5-6-7-8-9-10-11-12(13)14/h2-11H2,1H3",,112-16-3,1,2316,"Clear Stereo (ID: ClearStereo)
Wedge Clean (ID: WedgeClean)
Mesomerize (ID: Mesomerize)
Tautomerize (ID: Tautomerize)
Add Explicit Hydrogens (ID: AddExplicitH)
Neutralize (ID: Neutralize)
Clean 2D (ID: Clean2D)",,2316,CCCCCCCCCCCC(=O)Cl
"InChI=1S/C5H10O2/c1-2-3-4-5(6)7/h2-4H2,1H3,(H,6,7)",,109-52-4,1,2317,"Clear Stereo (ID: ClearStereo)
Wedge Clean (ID: WedgeClean)
Mesomerize (ID: Mesomerize)
Tautomerize (ID: Tautomerize)
Add Explicit Hydrogens (ID: AddExplicitH)
Neutralize (ID: Neutralize)
Clean 2D (ID: Clean2D)",,2317,CCCCC(=O)O
"InChI=1S/C14H16N2/c1-9-7-11(3-5-13(9)15)12-4-6-14(16)10(2)8-12/h3-8H,15-16H2,1-2H3",,119-93-7,1,2324,"Dearomatize (ID: Dearomatize)
Clear Stereo (ID: ClearStereo)
Wedge Clean (ID: WedgeClean)
Mesomerize (ID: Mesomerize)
Tautomerize (ID: Tautomerize)
Aromatize (ID: Aromatize)
Add Explicit Hydrogens (ID: AddExplicitH)
Neutralize (ID: Neutralize)
Clean 2D (ID: Clean2D)",,2324,Cc1cc(-c2ccc(N)c(C)c2)ccc1N
InChI=1S/C2H2Cl2O/c3-2(4)1-5/h1-2H,,79-02-7,1,2334,"Clear Stereo (ID: ClearStereo)
Wedge Clean (ID: WedgeClean)
Mesomerize (ID: Mesomerize)
Tautomerize (ID: Tautomerize)
Add Explicit Hydrogens (ID: AddExplicitH)
Neutralize (ID: Neutralize)
Clean 2D (ID: Clean2D)",,2334,O=CC(Cl)Cl
"InChI=1S/C7H8ClNO2S/c1-6-2-4-7(5-3-6)12(10,11)9-8/h2-5,9H,1H3",,127-65-1,1,2339,"Dearomatize (ID: Dearomatize)
Clear Stereo (ID: ClearStereo)
Wedge Clean (ID: WedgeClean)
Mesomerize (ID: Mesomerize)
Tautomerize (ID: Tautomerize)
Aromatize (ID: Aromatize)
Add Explicit Hydrogens (ID: AddExplicitH)
Neutralize (ID: Neutralize)
Clean 2D (ID: Clean2D)",,2339,Cc1ccc(S(=O)(=O)NCl)cc1
"InChI=1S/C8H10O/c1-6-4-3-5-7(2)8(6)9/h3-5,9H,1-2H3",,576-26-1,1,2340,"Dearomatize (ID: Dearomatize)
Clear Stereo (ID: ClearStereo)
Wedge Clean (ID: WedgeClean)
Mesomerize (ID: Mesomerize)
Tautomerize (ID: Tautomerize)
Aromatize (ID: Aromatize)
Add Explicit Hydrogens (ID: AddExplicitH)
Neutralize (ID: Neutralize)
Clean 2D (ID: Clean2D)",,2340,Cc1cccc(C)c1O
"InChI=1S/C10H13N5O5/c11-10-13-7-4(8(19)14-10)12-2-15(7)9-6(18)5(17)3(1-16)20-9/h2-3,5-6,9,16-18H,1H2,(H3,11,13,14,19)",,118-00-3,1,2341,"Dearomatize (ID: Dearomatize)
Clear Stereo (ID: ClearStereo)
Wedge Clean (ID: WedgeClean)
Mesomerize (ID: Mesomerize)
Tautomerize (ID: Tautomerize)
Aromatize (ID: Aromatize)
Add Explicit Hydrogens (ID: AddExplicitH)
Neutralize (ID: Neutralize)
Clean 2D (ID: Clean2D)",,2341,Nc1nc2c(ncn2C2OC(CO)C(O)C2O)c(=O)[nH]1
"InChI=1S/C25H22ClNO3/c1-17(2)24(18-11-13-20(26)14-12-18)25(28)30-23(16-27)19-7-6-10-22(15-19)29-21-8-4-3-5-9-21/h3-15,17,23-24H,1-2H3",,66230-04-4 51630-58-1,1,2342,"Dearomatize (ID: Dearomatize)
Clear Stereo (ID: ClearStereo)
Wedge Clean (ID: WedgeClean)
Mesomerize (ID: Mesomerize)
Tautomerize (ID: Tautomerize)
Aromatize (ID: Aromatize)
Add Explicit Hydrogens (ID: AddExplicitH)
Neutralize (ID: Neutralize)
Clean 2D (ID: Clean2D)",,2342,CC(C)C(C(=O)OC(C#N)c1cccc(Oc2ccccc2)c1)c1ccc(Cl)cc1
"InChI=1S/C2H4N2S2/c3-1(5)2(4)6/h(H2,3,5)(H2,4,6)",,79-40-3,1,2347,"Clear Stereo (ID: ClearStereo)
Wedge Clean (ID: WedgeClean)
Mesomerize (ID: Mesomerize)
Tautomerize (ID: Tautomerize)
Add Explicit Hydrogens (ID: AddExplicitH)
Neutralize (ID: Neutralize)
Clean 2D (ID: Clean2D)",,2347,NC(=S)C(N)=S
"InChI=1S/C16H10O10S3/c17-11-5-12(27(18,19)20)8-3-4-10-14(29(24,25)26)6-13(28(21,22)23)9-2-1-7(11)15(8)16(9)10/h1-6,17H,(H,18,19,20)(H,21,22,23)(H,24,25,26)",,6358-69-6,1,2349,"Dearomatize (ID: Dearomatize)
Clear Stereo (ID: ClearStereo)
Wedge Clean (ID: WedgeClean)
Mesomerize (ID: Mesomerize)
Tautomerize (ID: Tautomerize)
Aromatize (ID: Aromatize)
Add Explicit Hydrogens (ID: AddExplicitH)
Neutralize (ID: Neutralize)
Clean 2D (ID: Clean2D)",,2349,O=S(=O)(O)c1cc(O)c2ccc3c(S(=O)(=O)O)cc(S(=O)(=O)O)c4ccc1c2c34
"InChI=1S/C6H12O2/c1-3-5-6(7)8-4-2/h3-5H2,1-2H3",,105-54-4,1,2351,"Clear Stereo (ID: ClearStereo)
Wedge Clean (ID: WedgeClean)
Mesomerize (ID: Mesomerize)
Tautomerize (ID: Tautomerize)
Add Explicit Hydrogens (ID: AddExplicitH)
Neutralize (ID: Neutralize)
Clean 2D (ID: Clean2D)",,2351,CCCC(=O)OCC
"InChI=1S/C8H19N/c1-5-7(3)9-8(4)6-2/h7-9H,5-6H2,1-4H3",,110-96-3,1,2352,"Clear Stereo (ID: ClearStereo)
Wedge Clean (ID: WedgeClean)
Mesomerize (ID: Mesomerize)
Tautomerize (ID: Tautomerize)
Add Explicit Hydrogens (ID: AddExplicitH)
Neutralize (ID: Neutralize)
Clean 2D (ID: Clean2D)",,2352,CCC(C)NC(C)CC
"InChI=1S/C10H14/c1-2-3-7-10-8-5-4-6-9-10/h4-6,8-9H,2-3,7H2,1H3",,104-51-8,1,2356,"Dearomatize (ID: Dearomatize)
Clear Stereo (ID: ClearStereo)
Wedge Clean (ID: WedgeClean)
Mesomerize (ID: Mesomerize)
Tautomerize (ID: Tautomerize)
Aromatize (ID: Aromatize)
Add Explicit Hydrogens (ID: AddExplicitH)
Neutralize (ID: Neutralize)
Clean 2D (ID: Clean2D)",,2356,CCCCc1ccccc1
"InChI=1S/C7H12ClN5/c1-3-9-6-11-5(8)12-7(13-6)10-4-2/h3-4H2,1-2H3,(H2,9,10,11,12,13)",,122-34-9,1,2357,"Dearomatize (ID: Dearomatize)
Clear Stereo (ID: ClearStereo)
Wedge Clean (ID: WedgeClean)
Mesomerize (ID: Mesomerize)
Tautomerize (ID: Tautomerize)
Aromatize (ID: Aromatize)
Add Explicit Hydrogens (ID: AddExplicitH)
Neutralize (ID: Neutralize)
Clean 2D (ID: Clean2D)",,2357,CCNc1nc(Cl)nc(NCC)n1
"InChI=1S/C9H12/c1-2-6-9-7-4-3-5-8-9/h3-5,7-8H,2,6H2,1H3",,103-65-1,1,2359,"Dearomatize (ID: Dearomatize)
Clear Stereo (ID: ClearStereo)
Wedge Clean (ID: WedgeClean)
Mesomerize (ID: Mesomerize)
Tautomerize (ID: Tautomerize)
Aromatize (ID: Aromatize)
Add Explicit Hydrogens (ID: AddExplicitH)
Neutralize (ID: Neutralize)
Clean 2D (ID: Clean2D)",,2359,CCCc1ccccc1
"InChI=1S/C18H11NO8S2/c20-17-11-3-1-2-4-12(11)18(21)15(17)13-6-5-9-7-10(28(22,23)24)8-14(16(9)19-13)29(25,26)27/h1-8,15H,(H,22,23,24)(H,25,26,27)",,8004-92-0,1,2365,"Dearomatize (ID: Dearomatize)
Clear Stereo (ID: ClearStereo)
Wedge Clean (ID: WedgeClean)
Mesomerize (ID: Mesomerize)
Tautomerize (ID: Tautomerize)
Aromatize (ID: Aromatize)
Add Explicit Hydrogens (ID: AddExplicitH)
Neutralize (ID: Neutralize)
Clean 2D (ID: Clean2D)",,2365,O=C1c2ccccc2C(=O)C1c1ccc2cc(S(=O)(=O)O)cc(S(=O)(=O)O)c2n1
"InChI=1S/C5H12/c1-3-5-4-2/h3-5H2,1-2H3",,109-66-0,1,2369,"Clear Stereo (ID: ClearStereo)
Wedge Clean (ID: WedgeClean)
Mesomerize (ID: Mesomerize)
Tautomerize (ID: Tautomerize)
Add Explicit Hydrogens (ID: AddExplicitH)
Neutralize (ID: Neutralize)
Clean 2D (ID: Clean2D)",,2369,CCCCC
"InChI=1S/C11H13F3N4O4/c1-3-16(4-2)9-7(17(19)20)5-6(11(12,13)14)8(15)10(9)18(21)22/h5H,3-4,15H2,1-2H3",,29091-05-2,1,2370,"Dearomatize (ID: Dearomatize)
Clear Stereo (ID: ClearStereo)
Wedge Clean (ID: WedgeClean)
Mesomerize (ID: Mesomerize)
Tautomerize (ID: Tautomerize)
Aromatize (ID: Aromatize)
Add Explicit Hydrogens (ID: AddExplicitH)
Neutralize (ID: Neutralize)
Clean 2D (ID: Clean2D)",,2370,CCN(CC)c1c([N+](=O)[O-])cc(C(F)(F)F)c(N)c1[N+](=O)[O-]
InChI=1S/C12H3Cl5O/c13-6-1-4-5-2-8(15)10(16)11(17)12(5)18-9(4)3-7(6)14/h1-3H,,57117-31-4,1,2375,"Dearomatize (ID: Dearomatize)
Clear Stereo (ID: ClearStereo)
Wedge Clean (ID: WedgeClean)
Mesomerize (ID: Mesomerize)
Tautomerize (ID: Tautomerize)
Aromatize (ID: Aromatize)
Add Explicit Hydrogens (ID: AddExplicitH)
Neutralize (ID: Neutralize)
Clean 2D (ID: Clean2D)",,2375,Clc1cc2oc3c(Cl)c(Cl)c(Cl)cc3c2cc1Cl
"InChI=1S/C38H80N/c1-5-7-9-11-13-15-17-19-21-23-25-27-29-31-33-35-37-39(3,4)38-36-34-32-30-28-26-24-22-20-18-16-14-12-10-8-6-2/h5-38H2,1-4H3/q+1",1,107-64-2,1,2377,"Clear Stereo (ID: ClearStereo)
Wedge Clean (ID: WedgeClean)
Mesomerize (ID: Mesomerize)
Tautomerize (ID: Tautomerize)
Add Explicit Hydrogens (ID: AddExplicitH)
Clean 2D (ID: Clean2D)",,2377,CCCCCCCCCCCCCCCCCC[N+](C)(C)CCCCCCCCCCCCCCCCCC
"InChI=1S/C2H5N3O2/c3-1(6)5-2(4)7/h(H5,3,4,5,6,7)",,108-19-0,1,2379,"Clear Stereo (ID: ClearStereo)
Wedge Clean (ID: WedgeClean)
Mesomerize (ID: Mesomerize)
Tautomerize (ID: Tautomerize)
Add Explicit Hydrogens (ID: AddExplicitH)
Neutralize (ID: Neutralize)
Clean 2D (ID: Clean2D)",,2379,NC(=O)NC(N)=O
"InChI=1S/C4H7Cl/c1-4(2)3-5/h1,3H2,2H3",,563-47-3,1,2381,"Clear Stereo (ID: ClearStereo)
Wedge Clean (ID: WedgeClean)
Mesomerize (ID: Mesomerize)
Tautomerize (ID: Tautomerize)
Add Explicit Hydrogens (ID: AddExplicitH)
Neutralize (ID: Neutralize)
Clean 2D (ID: Clean2D)",,2381,C=C(C)CCl
"InChI=1S/C5H10O3/c1-3-7-5(6)8-4-2/h3-4H2,1-2H3",,105-58-8,1,2382,"Clear Stereo (ID: ClearStereo)
Wedge Clean (ID: WedgeClean)
Mesomerize (ID: Mesomerize)
Tautomerize (ID: Tautomerize)
Add Explicit Hydrogens (ID: AddExplicitH)
Neutralize (ID: Neutralize)
Clean 2D (ID: Clean2D)",,2382,CCOC(=O)OCC
"InChI=1S/C10H16O2/c1-8(2)10(11)12-9-6-4-3-5-7-9/h9H,1,3-7H2,2H3",,101-43-9,1,2384,"Clear Stereo (ID: ClearStereo)
Wedge Clean (ID: WedgeClean)
Mesomerize (ID: Mesomerize)
Tautomerize (ID: Tautomerize)
Add Explicit Hydrogens (ID: AddExplicitH)
Neutralize (ID: Neutralize)
Clean 2D (ID: Clean2D)",,2384,C=C(C)C(=O)OC1CCCCC1
InChI=1S/C8H6O2/c9-6-8(10)7-4-2-1-3-5-7/h1-6H,,1074-12-0,1,2390,"Dearomatize (ID: Dearomatize)
Clear Stereo (ID: ClearStereo)
Wedge Clean (ID: WedgeClean)
Mesomerize (ID: Mesomerize)
Tautomerize (ID: Tautomerize)
Aromatize (ID: Aromatize)
Add Explicit Hydrogens (ID: AddExplicitH)
Neutralize (ID: Neutralize)
Clean 2D (ID: Clean2D)",,2390,O=CC(=O)c1ccccc1
"InChI=1S/C12H18O4/c1-4-5-6-15-11(14)10-7-9(13)8-12(2,3)16-10/h7H,4-6,8H2,1-3H3",,532-34-3,1,2394,"Clear Stereo (ID: ClearStereo)
Wedge Clean (ID: WedgeClean)
Mesomerize (ID: Mesomerize)
Tautomerize (ID: Tautomerize)
Add Explicit Hydrogens (ID: AddExplicitH)
Neutralize (ID: Neutralize)
Clean 2D (ID: Clean2D)",,2394,CCCCOC(=O)C1=CC(=O)CC(C)(C)O1
"InChI=1S/C10H21NOS/c1-4-7-11(8-5-2)10(12)13-9-6-3/h4-9H2,1-3H3",,1929-77-7,1,2396,"Clear Stereo (ID: ClearStereo)
Wedge Clean (ID: WedgeClean)
Mesomerize (ID: Mesomerize)
Tautomerize (ID: Tautomerize)
Add Explicit Hydrogens (ID: AddExplicitH)
Neutralize (ID: Neutralize)
Clean 2D (ID: Clean2D)",,2396,CCCSC(=O)N(CCC)CCC
"InChI=1S/C5H8O3/c1-2-5(7)8-4-3-6/h2,6H,1,3-4H2",1,818-61-1,1,2402,"Clear Stereo (ID: ClearStereo)
Wedge Clean (ID: WedgeClean)
Mesomerize (ID: Mesomerize)
Tautomerize (ID: Tautomerize)
Add Explicit Hydrogens (ID: AddExplicitH)
Neutralize (ID: Neutralize)
Clean 2D (ID: Clean2D)",,2402,C=CC(=O)OCCO
"InChI=1S/C2H3Cl2NO2/c1-2(3,4)5(6)7/h1H3",,594-72-9,1,2416,"Clear Stereo (ID: ClearStereo)
Wedge Clean (ID: WedgeClean)
Mesomerize (ID: Mesomerize)
Tautomerize (ID: Tautomerize)
Add Explicit Hydrogens (ID: AddExplicitH)
Neutralize (ID: Neutralize)
Clean 2D (ID: Clean2D)",,2416,CC(Cl)(Cl)[N+](=O)[O-]
"InChI=1S/C22H44O2/c1-4-5-6-7-8-9-10-11-12-13-14-15-16-17-18-19-22(23)24-20-21(2)3/h21H,4-20H2,1-3H3",,646-13-9,1,2418,"Clear Stereo (ID: ClearStereo)
Wedge Clean (ID: WedgeClean)
Mesomerize (ID: Mesomerize)
Tautomerize (ID: Tautomerize)
Add Explicit Hydrogens (ID: AddExplicitH)
Neutralize (ID: Neutralize)
Clean 2D (ID: Clean2D)",,2418,CCCCCCCCCCCCCCCCCC(=O)OCC(C)C
"InChI=1S/C4H7Cl3O/c1-3(2,8)4(5,6)7/h8H,1-2H3",,57-15-8,1,2421,"Clear Stereo (ID: ClearStereo)
Wedge Clean (ID: WedgeClean)
Mesomerize (ID: Mesomerize)
Tautomerize (ID: Tautomerize)
Add Explicit Hydrogens (ID: AddExplicitH)
Neutralize (ID: Neutralize)
Clean 2D (ID: Clean2D)",,2421,CC(C)(O)C(Cl)(Cl)Cl
"InChI=1S/C8H9ClO/c1-5-3-7(10)4-6(2)8(5)9/h3-4,10H,1-2H3",,88-04-0,1,2422,"Dearomatize (ID: Dearomatize)
Clear Stereo (ID: ClearStereo)
Wedge Clean (ID: WedgeClean)
Mesomerize (ID: Mesomerize)
Tautomerize (ID: Tautomerize)
Aromatize (ID: Aromatize)
Add Explicit Hydrogens (ID: AddExplicitH)
Neutralize (ID: Neutralize)
Clean 2D (ID: Clean2D)",,2422,Cc1cc(O)cc(C)c1Cl
"InChI=1S/C3H5Cl/c1-2-3-4/h2H,1,3H2",,107-05-1,1,2423,"Clear Stereo (ID: ClearStereo)
Wedge Clean (ID: WedgeClean)
Mesomerize (ID: Mesomerize)
Tautomerize (ID: Tautomerize)
Add Explicit Hydrogens (ID: AddExplicitH)
Neutralize (ID: Neutralize)
Clean 2D (ID: Clean2D)",,2423,C=CCCl
"InChI=1S/C8H4Cl6/c9-7(10,11)5-1-2-6(4-3-5)8(12,13)14/h1-4H",,68-36-0,1,2425,"Dearomatize (ID: Dearomatize)
Clear Stereo (ID: ClearStereo)
Wedge Clean (ID: WedgeClean)
Mesomerize (ID: Mesomerize)
Tautomerize (ID: Tautomerize)
Aromatize (ID: Aromatize)
Add Explicit Hydrogens (ID: AddExplicitH)
Neutralize (ID: Neutralize)
Clean 2D (ID: Clean2D)",,2425,ClC(Cl)(Cl)c1ccc(C(Cl)(Cl)Cl)cc1
"InChI=1S/C7H5NO4/c9-7(10)5-1-3-6(4-2-5)8(11)12/h1-4H,(H,9,10)",2B,62-23-7,1,2427,"Dearomatize (ID: Dearomatize)
Clear Stereo (ID: ClearStereo)
Wedge Clean (ID: WedgeClean)
Mesomerize (ID: Mesomerize)
Tautomerize (ID: Tautomerize)
Aromatize (ID: Aromatize)
Add Explicit Hydrogens (ID: AddExplicitH)
Neutralize (ID: Neutralize)
Clean 2D (ID: Clean2D)",,2427,O=C(O)c1ccc([N+](=O)[O-])cc1
"InChI=1S/C9H12ClO2PS3/c1-11-13(14,12-2)16-7-15-9-5-3-8(10)4-6-9/h3-6H,7H2,1-2H3",,953-17-3,1,2430,"Dearomatize (ID: Dearomatize)
Clear Stereo (ID: ClearStereo)
Wedge Clean (ID: WedgeClean)
Mesomerize (ID: Mesomerize)
Tautomerize (ID: Tautomerize)
Aromatize (ID: Aromatize)
Add Explicit Hydrogens (ID: AddExplicitH)
Neutralize (ID: Neutralize)
Clean 2D (ID: Clean2D)",,2430,COP(=S)(OC)SCSc1ccc(Cl)cc1
"InChI=1S/C12H15N3O6/c16-10-13(1-7-4-19-7)11(17)15(3-9-6-21-9)12(18)14(10)2-8-5-20-8/h7-9H,1-6H2",,2451-62-9,1,2433,"Dearomatize (ID: Dearomatize)
Clear Stereo (ID: ClearStereo)
Wedge Clean (ID: WedgeClean)
Mesomerize (ID: Mesomerize)
Tautomerize (ID: Tautomerize)
Add Explicit Hydrogens (ID: AddExplicitH)
Neutralize (ID: Neutralize)
Clean 2D (ID: Clean2D)",,2433,O=c1n(CC2CO2)c(=O)n(CC2CO2)c(=O)n1CC1CO1
"InChI=1S/C8H6Cl2O3/c9-5-1-2-7(6(10)3-5)13-4-8(11)12/h1-3H,4H2,(H,11,12)",,94-75-7,1,2438,"Dearomatize (ID: Dearomatize)
Clear Stereo (ID: ClearStereo)
Wedge Clean (ID: WedgeClean)
Mesomerize (ID: Mesomerize)
Tautomerize (ID: Tautomerize)
Aromatize (ID: Aromatize)
Add Explicit Hydrogens (ID: AddExplicitH)
Neutralize (ID: Neutralize)
Clean 2D (ID: Clean2D)",,2438,O=C(O)COc1ccc(Cl)cc1Cl
"InChI=1S/C15H17ClN2O2/c1-15(2,3)13(19)14(18-9-8-17-10-18)20-12-6-4-11(16)5-7-12/h4-10,14H,1-3H3",,38083-17-9,1,2439,"Dearomatize (ID: Dearomatize)
Clear Stereo (ID: ClearStereo)
Wedge Clean (ID: WedgeClean)
Mesomerize (ID: Mesomerize)
Tautomerize (ID: Tautomerize)
Aromatize (ID: Aromatize)
Add Explicit Hydrogens (ID: AddExplicitH)
Neutralize (ID: Neutralize)
Clean 2D (ID: Clean2D)",,2439,CC(C)(C)C(=O)C(Oc1ccc(Cl)cc1)n1ccnc1
"InChI=1S/C3H5Cl/c1-2-3-4/h2-3H,1H3",,590-21-6,1,2443,"Clear Stereo (ID: ClearStereo)
Wedge Clean (ID: WedgeClean)
Mesomerize (ID: Mesomerize)
Tautomerize (ID: Tautomerize)
Add Explicit Hydrogens (ID: AddExplicitH)
Neutralize (ID: Neutralize)
Clean 2D (ID: Clean2D)",,2443,CC=CCl
"InChI=1S/C22H19Br2NO3/c1-22(2)17(12-19(23)24)20(22)21(26)28-18(13-25)14-7-6-10-16(11-14)27-15-8-4-3-5-9-15/h3-12,17-18,20H,1-2H3",,52918-63-5,1,2445,"Dearomatize (ID: Dearomatize)
Clear Stereo (ID: ClearStereo)
Wedge Clean (ID: WedgeClean)
Mesomerize (ID: Mesomerize)
Tautomerize (ID: Tautomerize)
Aromatize (ID: Aromatize)
Add Explicit Hydrogens (ID: AddExplicitH)
Neutralize (ID: Neutralize)
Clean 2D (ID: Clean2D)",,2445,CC1(C)C(C=C(Br)Br)C1C(=O)OC(C#N)c1cccc(Oc2ccccc2)c1
"InChI=1S/C3H7N/c1-3-2-4-3/h3-4H,2H2,1H3",,75-55-8,1,2451,"Clear Stereo (ID: ClearStereo)
Wedge Clean (ID: WedgeClean)
Mesomerize (ID: Mesomerize)
Tautomerize (ID: Tautomerize)
Add Explicit Hydrogens (ID: AddExplicitH)
Neutralize (ID: Neutralize)
Clean 2D (ID: Clean2D)",,2451,CC1CN1
InChI=1S/C7H3Br5/c1-2-3(8)5(10)7(12)6(11)4(2)9/h1H3,,87-83-2,1,2453,"Dearomatize (ID: Dearomatize)
Clear Stereo (ID: ClearStereo)
Wedge Clean (ID: WedgeClean)
Mesomerize (ID: Mesomerize)
Tautomerize (ID: Tautomerize)
Aromatize (ID: Aromatize)
Add Explicit Hydrogens (ID: AddExplicitH)
Neutralize (ID: Neutralize)
Clean 2D (ID: Clean2D)",,2453,Cc1c(Br)c(Br)c(Br)c(Br)c1Br
InChI=1S/C6H3Cl3/c7-4-1-2-5(8)6(9)3-4/h1-3H,,120-82-1,1,2464,"Dearomatize (ID: Dearomatize)
Clear Stereo (ID: ClearStereo)
Wedge Clean (ID: WedgeClean)
Mesomerize (ID: Mesomerize)
Tautomerize (ID: Tautomerize)
Aromatize (ID: Aromatize)
Add Explicit Hydrogens (ID: AddExplicitH)
Neutralize (ID: Neutralize)
Clean 2D (ID: Clean2D)",,2464,Clc1ccc(Cl)c(Cl)c1
InChI=1S/C4H4BrNO2/c5-6-3(7)1-2-4(6)8/h1-2H2,,128-08-5,1,2467,"Clear Stereo (ID: ClearStereo)
Wedge Clean (ID: WedgeClean)
Mesomerize (ID: Mesomerize)
Tautomerize (ID: Tautomerize)
Add Explicit Hydrogens (ID: AddExplicitH)
Neutralize (ID: Neutralize)
Clean 2D (ID: Clean2D)",,2467,O=C1CCC(=O)N1Br
"InChI=1S/C9H8O4/c1-7(10)12-13-9(11)8-5-3-2-4-6-8/h2-6H,1H3",,644-31-5,1,2470,"Dearomatize (ID: Dearomatize)
Clear Stereo (ID: ClearStereo)
Wedge Clean (ID: WedgeClean)
Mesomerize (ID: Mesomerize)
Tautomerize (ID: Tautomerize)
Aromatize (ID: Aromatize)
Add Explicit Hydrogens (ID: AddExplicitH)
Neutralize (ID: Neutralize)
Clean 2D (ID: Clean2D)",,2470,CC(=O)OOC(=O)c1ccccc1
"InChI=1S/C21H46N/c1-5-6-7-8-9-10-11-12-13-14-15-16-17-18-19-20-21-22(2,3)4/h5-21H2,1-4H3/q+1",1,112-03-8,1,2472,"Clear Stereo (ID: ClearStereo)
Wedge Clean (ID: WedgeClean)
Mesomerize (ID: Mesomerize)
Tautomerize (ID: Tautomerize)
Add Explicit Hydrogens (ID: AddExplicitH)
Clean 2D (ID: Clean2D)",,2472,CCCCCCCCCCCCCCCCCC[N+](C)(C)C
"InChI=1S/C26H38O2/c1-10-11-18(19-14-21(25(4,5)6)23(27)12-16(19)2)20-15-22(26(7,8)9)24(28)13-17(20)3/h12-15,18,27-28H,10-11H2,1-9H3",,85-60-9,1,2474,"Dearomatize (ID: Dearomatize)
Clear Stereo (ID: ClearStereo)
Wedge Clean (ID: WedgeClean)
Mesomerize (ID: Mesomerize)
Tautomerize (ID: Tautomerize)
Aromatize (ID: Aromatize)
Add Explicit Hydrogens (ID: AddExplicitH)
Neutralize (ID: Neutralize)
Clean 2D (ID: Clean2D)",,2474,CCCC(c1cc(C(C)(C)C)c(O)cc1C)c1cc(C(C)(C)C)c(O)cc1C
"InChI=1S/C6H14O/c1-3-4-6(2)5-7/h6-7H,3-5H2,1-2H3",2B,105-30-6  105-30-6,1,2475,"Clear Stereo (ID: ClearStereo)
Wedge Clean (ID: WedgeClean)
Mesomerize (ID: Mesomerize)
Tautomerize (ID: Tautomerize)
Add Explicit Hydrogens (ID: AddExplicitH)
Neutralize (ID: Neutralize)
Clean 2D (ID: Clean2D)",,2475,CCCC(C)CO
"InChI=1S/C3F6O/c4-1(2(5,6)7)3(8,9)10-1",,428-59-1,1,2479,"Clear Stereo (ID: ClearStereo)
Wedge Clean (ID: WedgeClean)
Mesomerize (ID: Mesomerize)
Tautomerize (ID: Tautomerize)
Clean 2D (ID: Clean2D)",,2479,FC(F)(F)C1(F)OC1(F)F
"InChI=1S/C8H14O4/c1-5-4-8(11-6(2)9)12-7(3)10-5/h5,7-8H,4H2,1-3H3",,828-00-2,1,2483,"Clear Stereo (ID: ClearStereo)
Wedge Clean (ID: WedgeClean)
Mesomerize (ID: Mesomerize)
Tautomerize (ID: Tautomerize)
Add Explicit Hydrogens (ID: AddExplicitH)
Neutralize (ID: Neutralize)
Clean 2D (ID: Clean2D)",,2483,CC(=O)OC1CC(C)OC(C)O1
"InChI=1S/C29H40O2/c1-20-15-22(26(30)24(17-20)28(3)11-7-5-8-12-28)19-23-16-21(2)18-25(27(23)31)29(4)13-9-6-10-14-29/h15-18,30-31H,5-14,19H2,1-4H3",,77-62-3,1,2491,"Dearomatize (ID: Dearomatize)
Clear Stereo (ID: ClearStereo)
Wedge Clean (ID: WedgeClean)
Mesomerize (ID: Mesomerize)
Tautomerize (ID: Tautomerize)
Aromatize (ID: Aromatize)
Add Explicit Hydrogens (ID: AddExplicitH)
Neutralize (ID: Neutralize)
Clean 2D (ID: Clean2D)",,2491,Cc1cc(Cc2cc(C)cc(C3(C)CCCCC3)c2O)c(O)c(C2(C)CCCCC2)c1
"InChI=1S/C13H11ClN2O3/c1-2-10-12(13(18)19)11(17)7-15-16(10)9-5-3-8(14)4-6-9/h3-7H,2H2,1H3,(H,18,19)",,129025-54-3,1,2499,"Dearomatize (ID: Dearomatize)
Clear Stereo (ID: ClearStereo)
Wedge Clean (ID: WedgeClean)
Mesomerize (ID: Mesomerize)
Tautomerize (ID: Tautomerize)
Aromatize (ID: Aromatize)
Add Explicit Hydrogens (ID: AddExplicitH)
Neutralize (ID: Neutralize)
Clean 2D (ID: Clean2D)",,2499,CCc1c(C(=O)O)c(=O)cnn1-c1ccc(Cl)cc1
"InChI=1S/C8H8O4/c1-4-3-6(10)7(5(2)9)8(11)12-4/h3,10H,1-2H3",,520-45-6,1,2504,"Dearomatize (ID: Dearomatize)
Clear Stereo (ID: ClearStereo)
Wedge Clean (ID: WedgeClean)
Mesomerize (ID: Mesomerize)
Tautomerize (ID: Tautomerize)
Add Explicit Hydrogens (ID: AddExplicitH)
Neutralize (ID: Neutralize)
Clean 2D (ID: Clean2D)",,2504,CC(=O)c1c(O)cc(C)oc1=O
"InChI=1S/C3H5Cl/c1-3(2)4/h1H2,2H3",,557-98-2,1,2516,"Clear Stereo (ID: ClearStereo)
Wedge Clean (ID: WedgeClean)
Mesomerize (ID: Mesomerize)
Tautomerize (ID: Tautomerize)
Add Explicit Hydrogens (ID: AddExplicitH)
Neutralize (ID: Neutralize)
Clean 2D (ID: Clean2D)",,2516,C=C(C)Cl
"InChI=1S/C5H8O2/c1-4(6)3-5(2)7/h3,6H,1-2H3",Non-irritant,123-54-6,1,2521,"Clear Stereo (ID: ClearStereo)
Wedge Clean (ID: WedgeClean)
Mesomerize (ID: Mesomerize)
Tautomerize (ID: Tautomerize)
Add Explicit Hydrogens (ID: AddExplicitH)
Neutralize (ID: Neutralize)
Clean 2D (ID: Clean2D)",,2521,CC(=O)C=C(C)O
"InChI=1S/C6H14O/c1-3-5-7-6-4-2/h3-6H2,1-2H3",,111-43-3,1,2522,"Clear Stereo (ID: ClearStereo)
Wedge Clean (ID: WedgeClean)
Mesomerize (ID: Mesomerize)
Tautomerize (ID: Tautomerize)
Add Explicit Hydrogens (ID: AddExplicitH)
Neutralize (ID: Neutralize)
Clean 2D (ID: Clean2D)",,2522,CCCOCCC
"InChI=1S/C7H5NO5/c9-6-2-1-4(8(12)13)3-5(6)7(10)11/h1-3,9H,(H,10,11)",,96-97-9,1,2526,"Dearomatize (ID: Dearomatize)
Clear Stereo (ID: ClearStereo)
Wedge Clean (ID: WedgeClean)
Mesomerize (ID: Mesomerize)
Tautomerize (ID: Tautomerize)
Aromatize (ID: Aromatize)
Add Explicit Hydrogens (ID: AddExplicitH)
Neutralize (ID: Neutralize)
Clean 2D (ID: Clean2D)",,2526,O=C(O)c1cc([N+](=O)[O-])ccc1O
"InChI=1S/C8H7ClO2/c9-5-8(11)6-1-3-7(10)4-2-6/h1-4,10H,5H2",1,6305-04-0,1,2527,"Dearomatize (ID: Dearomatize)
Clear Stereo (ID: ClearStereo)
Wedge Clean (ID: WedgeClean)
Mesomerize (ID: Mesomerize)
Tautomerize (ID: Tautomerize)
Aromatize (ID: Aromatize)
Add Explicit Hydrogens (ID: AddExplicitH)
Neutralize (ID: Neutralize)
Clean 2D (ID: Clean2D)",,2527,O=C(CCl)c1ccc(O)cc1
"InChI=1S/C21H16/c1-13-6-7-15-12-20-17-5-3-2-4-14(17)8-9-18(20)19-11-10-16(13)21(15)19/h2-9,12H,10-11H2,1H3",,56-49-5,1,2528,"Dearomatize (ID: Dearomatize)
Clear Stereo (ID: ClearStereo)
Wedge Clean (ID: WedgeClean)
Mesomerize (ID: Mesomerize)
Tautomerize (ID: Tautomerize)
Aromatize (ID: Aromatize)
Add Explicit Hydrogens (ID: AddExplicitH)
Neutralize (ID: Neutralize)
Clean 2D (ID: Clean2D)",,2528,Cc1ccc2cc3c(ccc4ccccc43)c3c2c1CC3
"InChI=1S/C4H7BrO2/c1-2-7-4(6)3-5/h2-3H2,1H3",,105-36-2,1,2531,"Clear Stereo (ID: ClearStereo)
Wedge Clean (ID: WedgeClean)
Mesomerize (ID: Mesomerize)
Tautomerize (ID: Tautomerize)
Add Explicit Hydrogens (ID: AddExplicitH)
Neutralize (ID: Neutralize)
Clean 2D (ID: Clean2D)",,2531,CCOC(=O)CBr
"InChI=1S/C18H16ClNO5/c1-3-22-17(21)11(2)23-13-5-7-14(8-6-13)24-18-20-15-9-4-12(19)10-16(15)25-18/h4-11H,3H2,1-2H3",,66441-23-4,1,2532,"Dearomatize (ID: Dearomatize)
Clear Stereo (ID: ClearStereo)
Wedge Clean (ID: WedgeClean)
Mesomerize (ID: Mesomerize)
Tautomerize (ID: Tautomerize)
Aromatize (ID: Aromatize)
Add Explicit Hydrogens (ID: AddExplicitH)
Neutralize (ID: Neutralize)
Clean 2D (ID: Clean2D)",,2532,CCOC(=O)C(C)Oc1ccc(Oc2nc3ccc(Cl)cc3o2)cc1
"InChI=1S/C9H15Br6O4P/c10-1-7(13)4-17-20(16,18-5-8(14)2-11)19-6-9(15)3-12/h7-9H,1-6H2",,126-72-7,1,2535,"Clear Stereo (ID: ClearStereo)
Wedge Clean (ID: WedgeClean)
Mesomerize (ID: Mesomerize)
Tautomerize (ID: Tautomerize)
Add Explicit Hydrogens (ID: AddExplicitH)
Neutralize (ID: Neutralize)
Clean 2D (ID: Clean2D)",,2535,O=P(OCC(Br)CBr)(OCC(Br)CBr)OCC(Br)CBr
"InChI=1S/C16H23N3OS/c1-12(2)19-14(17-16(3,4)5)21-11-18(15(19)20)13-9-7-6-8-10-13/h6-10,12H,11H2,1-5H3",,69327-76-0,1,2536,"Dearomatize (ID: Dearomatize)
Clear Stereo (ID: ClearStereo)
Wedge Clean (ID: WedgeClean)
Mesomerize (ID: Mesomerize)
Tautomerize (ID: Tautomerize)
Aromatize (ID: Aromatize)
Add Explicit Hydrogens (ID: AddExplicitH)
Neutralize (ID: Neutralize)
Clean 2D (ID: Clean2D)",,2536,CC(C)N1C(=O)N(c2ccccc2)CSC1=NC(C)(C)C
"InChI=1S/C12H10O2/c13-12(14)8-10-6-3-5-9-4-1-2-7-11(9)10/h1-7H,8H2,(H,13,14)",1,61-31-4,1,2537,"Dearomatize (ID: Dearomatize)
Clear Stereo (ID: ClearStereo)
Wedge Clean (ID: WedgeClean)
Mesomerize (ID: Mesomerize)
Tautomerize (ID: Tautomerize)
Aromatize (ID: Aromatize)
Add Explicit Hydrogens (ID: AddExplicitH)
Neutralize (ID: Neutralize)
Clean 2D (ID: Clean2D)",,2537,O=C(O)Cc1cccc2ccccc12
"InChI=1S/C13H14F3N3O4/c1-4-17(7-8(2)3)12-10(18(20)21)5-9(13(14,15)16)6-11(12)19(22)23/h5-6H,2,4,7H2,1,3H3",,55283-68-6,1,2540,"Dearomatize (ID: Dearomatize)
Clear Stereo (ID: ClearStereo)
Wedge Clean (ID: WedgeClean)
Mesomerize (ID: Mesomerize)
Tautomerize (ID: Tautomerize)
Aromatize (ID: Aromatize)
Add Explicit Hydrogens (ID: AddExplicitH)
Neutralize (ID: Neutralize)
Clean 2D (ID: Clean2D)",,2540,C=C(C)CN(CC)c1c([N+](=O)[O-])cc(C(F)(F)F)cc1[N+](=O)[O-]
"InChI=1S/C4H10O2/c1-4(6)2-3-5/h4-6H,2-3H2,1H3",,107-88-0,1,2547,"Clear Stereo (ID: ClearStereo)
Wedge Clean (ID: WedgeClean)
Mesomerize (ID: Mesomerize)
Tautomerize (ID: Tautomerize)
Add Explicit Hydrogens (ID: AddExplicitH)
Neutralize (ID: Neutralize)
Clean 2D (ID: Clean2D)",,2547,CC(O)CCO
"InChI=1S/C4H8O2S/c1-2-6-4(5)3-7/h7H,2-3H2,1H3",,623-51-8  623-51-8,1,2548,"Clear Stereo (ID: ClearStereo)
Wedge Clean (ID: WedgeClean)
Mesomerize (ID: Mesomerize)
Tautomerize (ID: Tautomerize)
Add Explicit Hydrogens (ID: AddExplicitH)
Neutralize (ID: Neutralize)
Clean 2D (ID: Clean2D)",,2548,CCOC(=O)CS
"InChI=1S/C17H20N2S/c1-13(18(2)3)12-19-14-8-4-6-10-16(14)20-17-11-7-5-9-15(17)19/h4-11,13H,12H2,1-3H3",1,60-87-7 58-33-3,1,2554,"Dearomatize (ID: Dearomatize)
Clear Stereo (ID: ClearStereo)
Wedge Clean (ID: WedgeClean)
Mesomerize (ID: Mesomerize)
Tautomerize (ID: Tautomerize)
Aromatize (ID: Aromatize)
Add Explicit Hydrogens (ID: AddExplicitH)
Neutralize (ID: Neutralize)
Clean 2D (ID: Clean2D)",,2554,CC(CN1c2ccccc2Sc2ccccc21)N(C)C
"InChI=1S/C7H14N2/c1-3-5-7(9,4-2)6-8/h3-5,9H2,1-2H3",,,1,2558,"Clear Stereo (ID: ClearStereo)
Wedge Clean (ID: WedgeClean)
Mesomerize (ID: Mesomerize)
Tautomerize (ID: Tautomerize)
Add Explicit Hydrogens (ID: AddExplicitH)
Neutralize (ID: Neutralize)
Clean 2D (ID: Clean2D)",,2558,CCCC(N)(C#N)CC
"InChI=1S/C12H24N9P3/c1-2-16(1)22(17-3-4-17)13-23(18-5-6-18,19-7-8-19)15-24(14-22,20-9-10-20)21-11-12-21/h1-12H2",,52-46-0,1,2560,"Clear Stereo (ID: ClearStereo)
Wedge Clean (ID: WedgeClean)
Mesomerize (ID: Mesomerize)
Tautomerize (ID: Tautomerize)
Add Explicit Hydrogens (ID: AddExplicitH)
Neutralize (ID: Neutralize)
Clean 2D (ID: Clean2D)",,2560,C1CN1P1(N2CC2)=NP(N2CC2)(N2CC2)=NP(N2CC2)(N2CC2)=N1
"InChI=1S/C6H10/c1-3-5-6-4-2/h3-4H,1-2,5-6H2",,592-42-7  592-42-7,1,2561,"Clear Stereo (ID: ClearStereo)
Wedge Clean (ID: WedgeClean)
Mesomerize (ID: Mesomerize)
Tautomerize (ID: Tautomerize)
Add Explicit Hydrogens (ID: AddExplicitH)
Neutralize (ID: Neutralize)
Clean 2D (ID: Clean2D)",,2561,C=CCCC=C
InChI=1S/C12H2Cl6O/c13-3-1-5-7(11(17)9(3)15)8-6(19-5)2-4(14)10(16)12(8)18/h1-2H,,72918-21-9,1,2563,"Dearomatize (ID: Dearomatize)
Clear Stereo (ID: ClearStereo)
Wedge Clean (ID: WedgeClean)
Mesomerize (ID: Mesomerize)
Tautomerize (ID: Tautomerize)
Aromatize (ID: Aromatize)
Add Explicit Hydrogens (ID: AddExplicitH)
Neutralize (ID: Neutralize)
Clean 2D (ID: Clean2D)",,2563,Clc1cc2oc3cc(Cl)c(Cl)c(Cl)c3c2c(Cl)c1Cl
InChI=1S/C14H4N2O2S2/c15-5-9-10(6-16)20-14-12(18)8-4-2-1-3-7(8)11(17)13(14)19-9/h1-4H,,3347-22-6,1,2565,"Dearomatize (ID: Dearomatize)
Clear Stereo (ID: ClearStereo)
Wedge Clean (ID: WedgeClean)
Mesomerize (ID: Mesomerize)
Tautomerize (ID: Tautomerize)
Aromatize (ID: Aromatize)
Add Explicit Hydrogens (ID: AddExplicitH)
Neutralize (ID: Neutralize)
Clean 2D (ID: Clean2D)",,2565,N#Cc1sc2c(=O)c3ccccc3c(=O)c=2sc1C#N
"InChI=1S/C4H8N6/c5-1-2(6)9-4(8)10-3(1)7/h5H2,(H6,6,7,8,9,10)",,1004-74-6 5392-28-9,1,2568,"Dearomatize (ID: Dearomatize)
Clear Stereo (ID: ClearStereo)
Wedge Clean (ID: WedgeClean)
Mesomerize (ID: Mesomerize)
Tautomerize (ID: Tautomerize)
Aromatize (ID: Aromatize)
Add Explicit Hydrogens (ID: AddExplicitH)
Neutralize (ID: Neutralize)
Clean 2D (ID: Clean2D)",,2568,Nc1nc(N)c(N)c(N)n1
"InChI=1S/C3H5ClO2/c1-6-3(5)2-4/h2H2,1H3",,96-34-4,1,2569,"Clear Stereo (ID: ClearStereo)
Wedge Clean (ID: WedgeClean)
Mesomerize (ID: Mesomerize)
Tautomerize (ID: Tautomerize)
Add Explicit Hydrogens (ID: AddExplicitH)
Neutralize (ID: Neutralize)
Clean 2D (ID: Clean2D)",,2569,COC(=O)CCl
"InChI=1S/C9H8O4/c10-7-3-1-6(5-8(7)11)2-4-9(12)13/h1-5,10-11H,(H,12,13)",,331-39-5,1,2572,"Dearomatize (ID: Dearomatize)
Clear Stereo (ID: ClearStereo)
Wedge Clean (ID: WedgeClean)
Mesomerize (ID: Mesomerize)
Tautomerize (ID: Tautomerize)
Aromatize (ID: Aromatize)
Add Explicit Hydrogens (ID: AddExplicitH)
Neutralize (ID: Neutralize)
Clean 2D (ID: Clean2D)",,2572,O=C(O)C=Cc1ccc(O)c(O)c1
InChI=1S/C6H5Br/c7-6-4-2-1-3-5-6/h1-5H,,108-86-1,1,2573,"Dearomatize (ID: Dearomatize)
Clear Stereo (ID: ClearStereo)
Wedge Clean (ID: WedgeClean)
Mesomerize (ID: Mesomerize)
Tautomerize (ID: Tautomerize)
Aromatize (ID: Aromatize)
Add Explicit Hydrogens (ID: AddExplicitH)
Neutralize (ID: Neutralize)
Clean 2D (ID: Clean2D)",,2573,Brc1ccccc1
"InChI=1S/C5H10N2S2/c1-6-3-7(2)5(8)9-4-6/h3-4H2,1-2H3",,533-74-4,1,2574,"Clear Stereo (ID: ClearStereo)
Wedge Clean (ID: WedgeClean)
Mesomerize (ID: Mesomerize)
Tautomerize (ID: Tautomerize)
Add Explicit Hydrogens (ID: AddExplicitH)
Neutralize (ID: Neutralize)
Clean 2D (ID: Clean2D)",,2574,CN1CSC(=S)N(C)C1
"InChI=1S/C14H8O4/c15-9-5-1-3-7-11(9)14(18)12-8(13(7)17)4-2-6-10(12)16/h1-6,15-16H",,117-10-2,1,2575,"Dearomatize (ID: Dearomatize)
Clear Stereo (ID: ClearStereo)
Wedge Clean (ID: WedgeClean)
Mesomerize (ID: Mesomerize)
Tautomerize (ID: Tautomerize)
Aromatize (ID: Aromatize)
Add Explicit Hydrogens (ID: AddExplicitH)
Neutralize (ID: Neutralize)
Clean 2D (ID: Clean2D)",,2575,O=C1c2cccc(O)c2C(=O)c2c(O)cccc21
"InChI=1S/C12H8Cl6/c13-8-9(14)11(16)7-5-2-1-4(3-5)6(7)10(8,15)12(11,17)18/h1-2,4-7H,3H2",,309-00-2,1,2576,"Clear Stereo (ID: ClearStereo)
Wedge Clean (ID: WedgeClean)
Mesomerize (ID: Mesomerize)
Tautomerize (ID: Tautomerize)
Add Explicit Hydrogens (ID: AddExplicitH)
Neutralize (ID: Neutralize)
Clean 2D (ID: Clean2D)",,2576,ClC1=C(Cl)C2(Cl)C3C4C=CC(C4)C3C1(Cl)C2(Cl)Cl
"InChI=1S/C6H12Cl2O/c1-5(3-7)9-6(2)4-8/h5-6H,3-4H2,1-2H3",,108-60-1,1,2579,"Clear Stereo (ID: ClearStereo)
Wedge Clean (ID: WedgeClean)
Mesomerize (ID: Mesomerize)
Tautomerize (ID: Tautomerize)
Add Explicit Hydrogens (ID: AddExplicitH)
Neutralize (ID: Neutralize)
Clean 2D (ID: Clean2D)",,2579,CC(CCl)OC(C)CCl
"InChI=1S/C20H28O6/c1-9-5-13-18(24,15(9)22)7-11(8-21)6-12-14-17(3,4)20(14,26)16(23)10(2)19(12,13)25/h5-6,10,12-14,16,21,23-26H,7-8H2,1-4H3",,17673-25-5,1,2588,"Clear Stereo (ID: ClearStereo)
Wedge Clean (ID: WedgeClean)
Mesomerize (ID: Mesomerize)
Tautomerize (ID: Tautomerize)
Add Explicit Hydrogens (ID: AddExplicitH)
Neutralize (ID: Neutralize)
Clean 2D (ID: Clean2D)",,2588,CC1=CC2C(O)(CC(CO)=CC3C4C(C)(C)C4(O)C(O)C(C)C32O)C1=O
"InChI=1S/C10H14O/c1-10(2,3)8-4-6-9(11)7-5-8/h4-7,11H,1-3H3",1,98-54-4,1,2589,"Dearomatize (ID: Dearomatize)
Clear Stereo (ID: ClearStereo)
Wedge Clean (ID: WedgeClean)
Mesomerize (ID: Mesomerize)
Tautomerize (ID: Tautomerize)
Aromatize (ID: Aromatize)
Add Explicit Hydrogens (ID: AddExplicitH)
Neutralize (ID: Neutralize)
Clean 2D (ID: Clean2D)",,2589,CC(C)(C)c1ccc(O)cc1
"InChI=1S/C12H16ClNOS/c1-3-14(4-2)12(15)16-9-10-5-7-11(13)8-6-10/h5-8H,3-4,9H2,1-2H3",,28249-77-6,1,2590,"Dearomatize (ID: Dearomatize)
Clear Stereo (ID: ClearStereo)
Wedge Clean (ID: WedgeClean)
Mesomerize (ID: Mesomerize)
Tautomerize (ID: Tautomerize)
Aromatize (ID: Aromatize)
Add Explicit Hydrogens (ID: AddExplicitH)
Neutralize (ID: Neutralize)
Clean 2D (ID: Clean2D)",,2590,CCN(CC)C(=O)SCc1ccc(Cl)cc1
InChI=1S/C8Br4O3/c9-3-1-2(8(14)15-7(1)13)4(10)6(12)5(3)11,,632-79-1,1,2591,"Dearomatize (ID: Dearomatize)
Clear Stereo (ID: ClearStereo)
Wedge Clean (ID: WedgeClean)
Mesomerize (ID: Mesomerize)
Tautomerize (ID: Tautomerize)
Aromatize (ID: Aromatize)
Clean 2D (ID: Clean2D)",,2591,O=C1OC(=O)c2c(Br)c(Br)c(Br)c(Br)c21
"InChI=1S/C6H6O2/c7-5-1-2-6(8)4-3-5/h1-4,7-8H",,123-31-9,1,2592,"Dearomatize (ID: Dearomatize)
Clear Stereo (ID: ClearStereo)
Wedge Clean (ID: WedgeClean)
Mesomerize (ID: Mesomerize)
Tautomerize (ID: Tautomerize)
Aromatize (ID: Aromatize)
Add Explicit Hydrogens (ID: AddExplicitH)
Neutralize (ID: Neutralize)
Clean 2D (ID: Clean2D)",,2592,Oc1ccc(O)cc1
"InChI=1S/C11H10/c1-9-6-7-10-4-2-3-5-11(10)8-9/h2-8H,1H3",,91-57-6,1,2593,"Dearomatize (ID: Dearomatize)
Clear Stereo (ID: ClearStereo)
Wedge Clean (ID: WedgeClean)
Mesomerize (ID: Mesomerize)
Tautomerize (ID: Tautomerize)
Aromatize (ID: Aromatize)
Add Explicit Hydrogens (ID: AddExplicitH)
Neutralize (ID: Neutralize)
Clean 2D (ID: Clean2D)",,2593,Cc1ccc2ccccc2c1
"InChI=1S/C4H5NS/c1-4-2-6-3-5-4/h2-3H,1H3",,693-95-8,1,2598,"Dearomatize (ID: Dearomatize)
Clear Stereo (ID: ClearStereo)
Wedge Clean (ID: WedgeClean)
Mesomerize (ID: Mesomerize)
Tautomerize (ID: Tautomerize)
Aromatize (ID: Aromatize)
Add Explicit Hydrogens (ID: AddExplicitH)
Neutralize (ID: Neutralize)
Clean 2D (ID: Clean2D)",,2598,Cc1cscn1
InChI=1S/C2H6S/c1-3-2/h1-2H3,,75-18-3,1,2600,"Mesomerize (ID: Mesomerize)
Tautomerize (ID: Tautomerize)
Add Explicit Hydrogens (ID: AddExplicitH)
Neutralize (ID: Neutralize)
Clean 2D (ID: Clean2D)",,2600,CSC
"InChI=1S/C10H8O4/c1-5-2-9(13)14-8-4-6(11)3-7(12)10(5)8/h2-4,11-12H,1H3",,2107-76-8,1,2602,"Dearomatize (ID: Dearomatize)
Clear Stereo (ID: ClearStereo)
Wedge Clean (ID: WedgeClean)
Mesomerize (ID: Mesomerize)
Tautomerize (ID: Tautomerize)
Aromatize (ID: Aromatize)
Add Explicit Hydrogens (ID: AddExplicitH)
Neutralize (ID: Neutralize)
Clean 2D (ID: Clean2D)",,2602,Cc1cc(=O)oc2cc(O)cc(O)c12
InChI=1S/C2H2Cl4/c3-1(4)2(5)6/h1-2H,,79-34-5,1,2605,"Clear Stereo (ID: ClearStereo)
Wedge Clean (ID: WedgeClean)
Mesomerize (ID: Mesomerize)
Tautomerize (ID: Tautomerize)
Add Explicit Hydrogens (ID: AddExplicitH)
Neutralize (ID: Neutralize)
Clean 2D (ID: Clean2D)",,2605,ClC(Cl)C(Cl)Cl
"InChI=1S/C19H6Br8O5S/c20-7-1-5(2-8(21)16(7)28)19(6-3-9(22)17(29)10(23)4-6)11-12(24)13(25)14(26)15(27)18(11)33(30,31)32-19/h1-4,28-29H",1,4430-25-5,1,2609,"Dearomatize (ID: Dearomatize)
Clear Stereo (ID: ClearStereo)
Wedge Clean (ID: WedgeClean)
Mesomerize (ID: Mesomerize)
Tautomerize (ID: Tautomerize)
Aromatize (ID: Aromatize)
Add Explicit Hydrogens (ID: AddExplicitH)
Neutralize (ID: Neutralize)
Clean 2D (ID: Clean2D)",,2609,O=S1(=O)OC(c2cc(Br)c(O)c(Br)c2)(c2cc(Br)c(O)c(Br)c2)c2c(Br)c(Br)c(Br)c(Br)c21
"InChI=1S/C5H12O/c1-3-5(2)4-6/h5-6H,3-4H2,1-2H3",,137-32-6,1,2612,"Clear Stereo (ID: ClearStereo)
Wedge Clean (ID: WedgeClean)
Mesomerize (ID: Mesomerize)
Tautomerize (ID: Tautomerize)
Add Explicit Hydrogens (ID: AddExplicitH)
Neutralize (ID: Neutralize)
Clean 2D (ID: Clean2D)",,2612,CCC(C)CO
"InChI=1S/C2H5NO2/c1-2-5-3-4/h2H2,1H3",,109-95-5,1,2614,"Clear Stereo (ID: ClearStereo)
Wedge Clean (ID: WedgeClean)
Mesomerize (ID: Mesomerize)
Tautomerize (ID: Tautomerize)
Add Explicit Hydrogens (ID: AddExplicitH)
Neutralize (ID: Neutralize)
Clean 2D (ID: Clean2D)",,2614,CCON=O
"InChI=1S/C11H12N2OS3/c1-2-4-10-9(3-1)12-11(15-10)16-17-13-5-7-14-8-6-13/h1-4H,5-8H2",,95-32-9,1,2618,"Dearomatize (ID: Dearomatize)
Clear Stereo (ID: ClearStereo)
Wedge Clean (ID: WedgeClean)
Mesomerize (ID: Mesomerize)
Tautomerize (ID: Tautomerize)
Aromatize (ID: Aromatize)
Add Explicit Hydrogens (ID: AddExplicitH)
Neutralize (ID: Neutralize)
Clean 2D (ID: Clean2D)",,2618,c1ccc2sc(SSN3CCOCC3)nc2c1
InChI=1S/C4H6O2/c1-3(5)4(2)6/h1-2H3,,431-03-8,1,2621,"Clear Stereo (ID: ClearStereo)
Wedge Clean (ID: WedgeClean)
Mesomerize (ID: Mesomerize)
Tautomerize (ID: Tautomerize)
Add Explicit Hydrogens (ID: AddExplicitH)
Neutralize (ID: Neutralize)
Clean 2D (ID: Clean2D)",,2621,CC(=O)C(C)=O
"InChI=1S/C6H6ClN/c7-5-1-3-6(8)4-2-5/h1-4H,8H2",,106-47-8,1,2625,"Dearomatize (ID: Dearomatize)
Clear Stereo (ID: ClearStereo)
Wedge Clean (ID: WedgeClean)
Mesomerize (ID: Mesomerize)
Tautomerize (ID: Tautomerize)
Aromatize (ID: Aromatize)
Add Explicit Hydrogens (ID: AddExplicitH)
Neutralize (ID: Neutralize)
Clean 2D (ID: Clean2D)",,2625,Nc1ccc(Cl)cc1
"InChI=1S/C9H10O2/c1-8(10)11-7-9-5-3-2-4-6-9/h2-6H,7H2,1H3",,140-11-4,1,2630,"Dearomatize (ID: Dearomatize)
Clear Stereo (ID: ClearStereo)
Wedge Clean (ID: WedgeClean)
Mesomerize (ID: Mesomerize)
Tautomerize (ID: Tautomerize)
Aromatize (ID: Aromatize)
Add Explicit Hydrogens (ID: AddExplicitH)
Neutralize (ID: Neutralize)
Clean 2D (ID: Clean2D)",,2630,CC(=O)OCc1ccccc1
"InChI=1S/C2H7N/c1-2-3/h2-3H2,1H3",,75-04-7,1,2631,"Mesomerize (ID: Mesomerize)
Tautomerize (ID: Tautomerize)
Add Explicit Hydrogens (ID: AddExplicitH)
Neutralize (ID: Neutralize)
Clean 2D (ID: Clean2D)",,2631,CCN
"InChI=1S/C7H5N3O2S/c8-4-13-5-1-2-6(9)7(3-5)10(11)12/h1-3H,9H2",1,54029-45-7,1,2632,"Dearomatize (ID: Dearomatize)
Clear Stereo (ID: ClearStereo)
Wedge Clean (ID: WedgeClean)
Mesomerize (ID: Mesomerize)
Tautomerize (ID: Tautomerize)
Aromatize (ID: Aromatize)
Add Explicit Hydrogens (ID: AddExplicitH)
Neutralize (ID: Neutralize)
Clean 2D (ID: Clean2D)",,2632,N#CSc1ccc(N)c([N+](=O)[O-])c1
"InChI=1S/C2H2Cl4/c3-1-2(4,5)6/h1H2",,630-20-6,1,2633,"Clear Stereo (ID: ClearStereo)
Wedge Clean (ID: WedgeClean)
Mesomerize (ID: Mesomerize)
Tautomerize (ID: Tautomerize)
Add Explicit Hydrogens (ID: AddExplicitH)
Neutralize (ID: Neutralize)
Clean 2D (ID: Clean2D)",,2633,ClCC(Cl)(Cl)Cl
"InChI=1S/C5H12/c1-4-5(2)3/h5H,4H2,1-3H3",,78-78-4,1,2639,"Clear Stereo (ID: ClearStereo)
Wedge Clean (ID: WedgeClean)
Mesomerize (ID: Mesomerize)
Tautomerize (ID: Tautomerize)
Add Explicit Hydrogens (ID: AddExplicitH)
Neutralize (ID: Neutralize)
Clean 2D (ID: Clean2D)",,2639,CCC(C)C
"InChI=1S/C3H6Br2O/c4-1-3(5)2-6/h3,6H,1-2H2",,96-13-9,1,2640,"Clear Stereo (ID: ClearStereo)
Wedge Clean (ID: WedgeClean)
Mesomerize (ID: Mesomerize)
Tautomerize (ID: Tautomerize)
Add Explicit Hydrogens (ID: AddExplicitH)
Neutralize (ID: Neutralize)
Clean 2D (ID: Clean2D)",,2640,OCC(Br)CBr
InChI=1S/C2H2Br4/c3-1(4)2(5)6/h1-2H,,79-27-6,1,2644,"Clear Stereo (ID: ClearStereo)
Wedge Clean (ID: WedgeClean)
Mesomerize (ID: Mesomerize)
Tautomerize (ID: Tautomerize)
Add Explicit Hydrogens (ID: AddExplicitH)
Neutralize (ID: Neutralize)
Clean 2D (ID: Clean2D)",,2644,BrC(Br)C(Br)Br
"InChI=1S/C2H5Br/c1-2-3/h2H2,1H3",,74-96-4,1,2667,"Mesomerize (ID: Mesomerize)
Tautomerize (ID: Tautomerize)
Add Explicit Hydrogens (ID: AddExplicitH)
Neutralize (ID: Neutralize)
Clean 2D (ID: Clean2D)",,2667,CCBr
InChI=1S/C6H3Cl3/c7-4-2-1-3-5(8)6(4)9/h1-3H,,87-61-6 12002-48-1,1,2673,"Dearomatize (ID: Dearomatize)
Clear Stereo (ID: ClearStereo)
Wedge Clean (ID: WedgeClean)
Mesomerize (ID: Mesomerize)
Tautomerize (ID: Tautomerize)
Aromatize (ID: Aromatize)
Add Explicit Hydrogens (ID: AddExplicitH)
Neutralize (ID: Neutralize)
Clean 2D (ID: Clean2D)",,2673,Clc1cccc(Cl)c1Cl
InChI=1S/C2H2ClN/c3-1-2-4/h1H2,,107-14-2,1,2674,"Clear Stereo (ID: ClearStereo)
Wedge Clean (ID: WedgeClean)
Mesomerize (ID: Mesomerize)
Tautomerize (ID: Tautomerize)
Add Explicit Hydrogens (ID: AddExplicitH)
Neutralize (ID: Neutralize)
Clean 2D (ID: Clean2D)",,2674,N#CCCl
"InChI=1S/C18H14N2O6S/c1-10-6-7-14(15(8-10)27(24,25)26)19-20-16-12-5-3-2-4-11(12)9-13(17(16)21)18(22)23/h2-9,19H,1H3,(H,22,23)(H,24,25,26)",,5858-81-1,1,2675,"Dearomatize (ID: Dearomatize)
Clear Stereo (ID: ClearStereo)
Wedge Clean (ID: WedgeClean)
Mesomerize (ID: Mesomerize)
Tautomerize (ID: Tautomerize)
Aromatize (ID: Aromatize)
Add Explicit Hydrogens (ID: AddExplicitH)
Neutralize (ID: Neutralize)
Clean 2D (ID: Clean2D)",,2675,Cc1ccc(NN=C2C(=O)C(C(=O)O)=Cc3ccccc32)c(S(=O)(=O)O)c1
InChI=1S/C6H4Cl2/c7-5-3-1-2-4-6(5)8/h1-4H,,95-50-1,1,2679,"Dearomatize (ID: Dearomatize)
Clear Stereo (ID: ClearStereo)
Wedge Clean (ID: WedgeClean)
Mesomerize (ID: Mesomerize)
Tautomerize (ID: Tautomerize)
Aromatize (ID: Aromatize)
Add Explicit Hydrogens (ID: AddExplicitH)
Neutralize (ID: Neutralize)
Clean 2D (ID: Clean2D)",,2679,Clc1ccccc1Cl
"InChI=1S/C32H60O10/c1-2-3-4-5-6-7-8-9-10-11-12-13-14-15-16-17-30(36)40-25-24-37-27-29(39-22-19-34)32-28(38-21-18-33)26-31(42-32)41-23-20-35/h9-10,28-29,31-35H,2-8,11-27H2,1H3",,9005-65-6,1,2687,"Clear Stereo (ID: ClearStereo)
Wedge Clean (ID: WedgeClean)
Mesomerize (ID: Mesomerize)
Tautomerize (ID: Tautomerize)
Add Explicit Hydrogens (ID: AddExplicitH)
Neutralize (ID: Neutralize)
Clean 2D (ID: Clean2D)",,2687,CCCCCCCCC=CCCCCCCCC(=O)OCCOCC(OCCO)C1OC(OCCO)CC1OCCO
"InChI=1S/C3H5ClO2/c1-2-6-3(4)5/h2H2,1H3",,541-41-3,1,2690,"Clear Stereo (ID: ClearStereo)
Wedge Clean (ID: WedgeClean)
Mesomerize (ID: Mesomerize)
Tautomerize (ID: Tautomerize)
Add Explicit Hydrogens (ID: AddExplicitH)
Neutralize (ID: Neutralize)
Clean 2D (ID: Clean2D)",,2690,CCOC(=O)Cl
InChI=1S/C4H4O3/c5-3-1-2-4(6)7-3/h1-2H2,,108-30-5,1,2692,"Clear Stereo (ID: ClearStereo)
Wedge Clean (ID: WedgeClean)
Mesomerize (ID: Mesomerize)
Tautomerize (ID: Tautomerize)
Add Explicit Hydrogens (ID: AddExplicitH)
Neutralize (ID: Neutralize)
Clean 2D (ID: Clean2D)",,2692,O=C1CCC(=O)O1
"InChI=1S/C20H4Br4Cl4O5/c21-5-1-3-7(8-9(20(31)32)13(26)15(28)14(27)12(8)25)4-2-6(22)17(30)11(24)19(4)33-18(3)10(23)16(5)29/h1-2,29H,(H,31,32)",,4618-23-9,1,2694,"Dearomatize (ID: Dearomatize)
Clear Stereo (ID: ClearStereo)
Wedge Clean (ID: WedgeClean)
Mesomerize (ID: Mesomerize)
Tautomerize (ID: Tautomerize)
Aromatize (ID: Aromatize)
Add Explicit Hydrogens (ID: AddExplicitH)
Neutralize (ID: Neutralize)
Clean 2D (ID: Clean2D)",,2694,O=C(O)c1c(Cl)c(Cl)c(Cl)c(Cl)c1-c1c2cc(Br)c(=O)c(Br)c-2oc2c(Br)c(O)c(Br)cc12
InChI=1S/C6H3F2NO2/c7-4-1-2-6(9(10)11)5(8)3-4/h1-3H,,446-35-5  446-35-5,1,2700,"Dearomatize (ID: Dearomatize)
Clear Stereo (ID: ClearStereo)
Wedge Clean (ID: WedgeClean)
Mesomerize (ID: Mesomerize)
Tautomerize (ID: Tautomerize)
Aromatize (ID: Aromatize)
Add Explicit Hydrogens (ID: AddExplicitH)
Neutralize (ID: Neutralize)
Clean 2D (ID: Clean2D)",,2700,O=[N+]([O-])c1ccc(F)cc1F
"InChI=1S/C8H10NO5PS/c1-12-15(16,13-2)14-8-5-3-7(4-6-8)9(10)11/h3-6H,1-2H3",,298-00-0,1,2704,"Dearomatize (ID: Dearomatize)
Clear Stereo (ID: ClearStereo)
Wedge Clean (ID: WedgeClean)
Mesomerize (ID: Mesomerize)
Tautomerize (ID: Tautomerize)
Aromatize (ID: Aromatize)
Add Explicit Hydrogens (ID: AddExplicitH)
Neutralize (ID: Neutralize)
Clean 2D (ID: Clean2D)",,2704,COP(=S)(OC)Oc1ccc([N+](=O)[O-])cc1
"InChI=1S/C19H42N/c1-5-6-7-8-9-10-11-12-13-14-15-16-17-18-19-20(2,3)4/h5-19H2,1-4H3/q+1",1,112-02-7 57-09-0,1,2705,"Clear Stereo (ID: ClearStereo)
Wedge Clean (ID: WedgeClean)
Mesomerize (ID: Mesomerize)
Tautomerize (ID: Tautomerize)
Add Explicit Hydrogens (ID: AddExplicitH)
Clean 2D (ID: Clean2D)",,2705,CCCCCCCCCCCCCCCC[N+](C)(C)C
"InChI=1S/C13H17N3O/c1-10-12(14(2)3)13(17)16(15(10)4)11-8-6-5-7-9-11/h5-9H,1-4H3",,58-15-1,1,2713,"Dearomatize (ID: Dearomatize)
Clear Stereo (ID: ClearStereo)
Wedge Clean (ID: WedgeClean)
Mesomerize (ID: Mesomerize)
Tautomerize (ID: Tautomerize)
Aromatize (ID: Aromatize)
Add Explicit Hydrogens (ID: AddExplicitH)
Neutralize (ID: Neutralize)
Clean 2D (ID: Clean2D)",,2713,Cc1c(N(C)C)c(=O)n(-c2ccccc2)n1C
"InChI=1S/C6H6S/c7-6-4-2-1-3-5-6/h1-5,7H",,108-98-5,1,2716,"Dearomatize (ID: Dearomatize)
Clear Stereo (ID: ClearStereo)
Wedge Clean (ID: WedgeClean)
Mesomerize (ID: Mesomerize)
Tautomerize (ID: Tautomerize)
Aromatize (ID: Aromatize)
Add Explicit Hydrogens (ID: AddExplicitH)
Neutralize (ID: Neutralize)
Clean 2D (ID: Clean2D)",,2716,Sc1ccccc1
"InChI=1S/C6H10O3/c1-3-9-6(8)4-5(2)7/h4,7H,3H2,1-2H3",Non-irritant,141-97-9,1,2720,"Clear Stereo (ID: ClearStereo)
Wedge Clean (ID: WedgeClean)
Mesomerize (ID: Mesomerize)
Tautomerize (ID: Tautomerize)
Add Explicit Hydrogens (ID: AddExplicitH)
Neutralize (ID: Neutralize)
Clean 2D (ID: Clean2D)",,2720,CCOC(=O)C=C(C)O
"InChI=1S/C2H7N/c1-3-2/h3H,1-2H3",,124-40-3,1,2723,"Mesomerize (ID: Mesomerize)
Tautomerize (ID: Tautomerize)
Add Explicit Hydrogens (ID: AddExplicitH)
Neutralize (ID: Neutralize)
Clean 2D (ID: Clean2D)",,2723,CNC
"InChI=1S/C4H13N3/c5-1-3-7-4-2-6/h7H,1-6H2",,111-40-0,1,2726,"Clear Stereo (ID: ClearStereo)
Wedge Clean (ID: WedgeClean)
Mesomerize (ID: Mesomerize)
Tautomerize (ID: Tautomerize)
Add Explicit Hydrogens (ID: AddExplicitH)
Neutralize (ID: Neutralize)
Clean 2D (ID: Clean2D)",,2726,NCCNCCN
"InChI=1S/C10H12O2/c1-3-4-8-5-6-9(11)10(7-8)12-2/h3,5-7,11H,1,4H2,2H3",,97-53-0,1,2730,"Dearomatize (ID: Dearomatize)
Clear Stereo (ID: ClearStereo)
Wedge Clean (ID: WedgeClean)
Mesomerize (ID: Mesomerize)
Tautomerize (ID: Tautomerize)
Aromatize (ID: Aromatize)
Add Explicit Hydrogens (ID: AddExplicitH)
Neutralize (ID: Neutralize)
Clean 2D (ID: Clean2D)",,2730,C=CCc1ccc(O)c(OC)c1
InChI=1S/C8H12N2O2/c11-7-9-5-3-1-2-4-6-10-8-12/h1-6H2,,822-06-0,1,2731,"Clear Stereo (ID: ClearStereo)
Wedge Clean (ID: WedgeClean)
Mesomerize (ID: Mesomerize)
Tautomerize (ID: Tautomerize)
Add Explicit Hydrogens (ID: AddExplicitH)
Neutralize (ID: Neutralize)
Clean 2D (ID: Clean2D)",,2731,O=C=NCCCCCCN=C=O
"InChI=1S/C5H8/c1-4-5(2)3/h4H,1-2H2,3H3",,78-79-5,1,2733,"Clear Stereo (ID: ClearStereo)
Wedge Clean (ID: WedgeClean)
Mesomerize (ID: Mesomerize)
Tautomerize (ID: Tautomerize)
Add Explicit Hydrogens (ID: AddExplicitH)
Neutralize (ID: Neutralize)
Clean 2D (ID: Clean2D)",,2733,C=CC(=C)C
"InChI=1S/C23H26N2O4/c1-27-16-8-14-15(9-17(16)28-2)25-20(26)10-18-21-13-7-19-23(14,22(21)25)4-5-24(19)11-12(13)3-6-29-18/h3,8-9,13,18-19,21-22H,4-7,10-11H2,1-2H3",,357-57-3,1,2734,"Dearomatize (ID: Dearomatize)
Clear Stereo (ID: ClearStereo)
Wedge Clean (ID: WedgeClean)
Mesomerize (ID: Mesomerize)
Tautomerize (ID: Tautomerize)
Aromatize (ID: Aromatize)
Add Explicit Hydrogens (ID: AddExplicitH)
Neutralize (ID: Neutralize)
Clean 2D (ID: Clean2D)",,2734,COc1cc2c(cc1OC)C13CCN4CC5=CCOC6CC(=O)N2C1C6C5CC43
"InChI=1S/C14H24NO4PS3/c1-12(2)18-20(21,19-13(3)4)22-11-10-15-23(16,17)14-8-6-5-7-9-14/h5-9,12-13,15H,10-11H2,1-4H3",,741-58-2,1,2735,"Dearomatize (ID: Dearomatize)
Clear Stereo (ID: ClearStereo)
Wedge Clean (ID: WedgeClean)
Mesomerize (ID: Mesomerize)
Tautomerize (ID: Tautomerize)
Aromatize (ID: Aromatize)
Add Explicit Hydrogens (ID: AddExplicitH)
Neutralize (ID: Neutralize)
Clean 2D (ID: Clean2D)",,2735,CC(C)OP(=S)(OC(C)C)SCCNS(=O)(=O)c1ccccc1
"InChI=1S/C10H14Cl6N4O2/c11-9(12,13)7(17-5-21)19-1-2-20(4-3-19)8(18-6-22)10(14,15)16/h5-8H,1-4H2,(H,17,21)(H,18,22)",,26644-46-2,1,2736,"Clear Stereo (ID: ClearStereo)
Wedge Clean (ID: WedgeClean)
Mesomerize (ID: Mesomerize)
Tautomerize (ID: Tautomerize)
Add Explicit Hydrogens (ID: AddExplicitH)
Neutralize (ID: Neutralize)
Clean 2D (ID: Clean2D)",,2736,O=CNC(N1CCN(C(NC=O)C(Cl)(Cl)Cl)CC1)C(Cl)(Cl)Cl
"InChI=1S/C22H42O5/c1-3-5-7-9-11-13-15-21(23)26-19-17-25-18-20-27-22(24)16-14-12-10-8-6-4-2/h3-20H2,1-2H3",,106-01-4,1,2742,"Clear Stereo (ID: ClearStereo)
Wedge Clean (ID: WedgeClean)
Mesomerize (ID: Mesomerize)
Tautomerize (ID: Tautomerize)
Add Explicit Hydrogens (ID: AddExplicitH)
Neutralize (ID: Neutralize)
Clean 2D (ID: Clean2D)",,2742,CCCCCCCCC(=O)OCCOCCOC(=O)CCCCCCCC
"InChI=1S/C6H5NO3/c8-6-3-1-2-5(4-6)7(9)10/h1-4,8H",,554-84-7,1,2745,"Dearomatize (ID: Dearomatize)
Clear Stereo (ID: ClearStereo)
Wedge Clean (ID: WedgeClean)
Mesomerize (ID: Mesomerize)
Tautomerize (ID: Tautomerize)
Aromatize (ID: Aromatize)
Add Explicit Hydrogens (ID: AddExplicitH)
Neutralize (ID: Neutralize)
Clean 2D (ID: Clean2D)",,2745,O=[N+]([O-])c1cccc(O)c1
"InChI=1S/C8H18O2/c1-3-5-8(10)7(4-2)6-9/h7-10H,3-6H2,1-2H3",,94-96-2,1,2752,"Clear Stereo (ID: ClearStereo)
Wedge Clean (ID: WedgeClean)
Mesomerize (ID: Mesomerize)
Tautomerize (ID: Tautomerize)
Add Explicit Hydrogens (ID: AddExplicitH)
Neutralize (ID: Neutralize)
Clean 2D (ID: Clean2D)",,2752,CCCC(O)C(CC)CO
"InChI=1S/C4H9N/c1-2-4-5-3-1/h5H,1-4H2",,123-75-1,1,2753,"Clear Stereo (ID: ClearStereo)
Wedge Clean (ID: WedgeClean)
Mesomerize (ID: Mesomerize)
Tautomerize (ID: Tautomerize)
Add Explicit Hydrogens (ID: AddExplicitH)
Neutralize (ID: Neutralize)
Clean 2D (ID: Clean2D)",,2753,C1CCNC1
"InChI=1S/C7H7NO2/c8-6-4-2-1-3-5(6)7(9)10/h1-4H,8H2,(H,9,10)",,118-92-3,1,2755,"Dearomatize (ID: Dearomatize)
Clear Stereo (ID: ClearStereo)
Wedge Clean (ID: WedgeClean)
Mesomerize (ID: Mesomerize)
Tautomerize (ID: Tautomerize)
Aromatize (ID: Aromatize)
Add Explicit Hydrogens (ID: AddExplicitH)
Neutralize (ID: Neutralize)
Clean 2D (ID: Clean2D)",,2755,Nc1ccccc1C(=O)O
"InChI=1S/CCl4S/c2-1(3,4)6-5",,594-42-3,1,2760,"Clear Stereo (ID: ClearStereo)
Wedge Clean (ID: WedgeClean)
Mesomerize (ID: Mesomerize)
Tautomerize (ID: Tautomerize)
Clean 2D (ID: Clean2D)",,2760,ClSC(Cl)(Cl)Cl
InChI=1S/C4H8O2/c1-2-6-4-3-5-1/h1-4H2,,123-91-1,1,2761,"Clear Stereo (ID: ClearStereo)
Wedge Clean (ID: WedgeClean)
Mesomerize (ID: Mesomerize)
Tautomerize (ID: Tautomerize)
Add Explicit Hydrogens (ID: AddExplicitH)
Neutralize (ID: Neutralize)
Clean 2D (ID: Clean2D)",,2761,C1COCCO1
"InChI=1S/C12H8Cl2O3S/c13-9-1-5-11(6-2-9)17-18(15,16)12-7-3-10(14)4-8-12/h1-8H",,80-33-1,1,2775,"Dearomatize (ID: Dearomatize)
Clear Stereo (ID: ClearStereo)
Wedge Clean (ID: WedgeClean)
Mesomerize (ID: Mesomerize)
Tautomerize (ID: Tautomerize)
Aromatize (ID: Aromatize)
Add Explicit Hydrogens (ID: AddExplicitH)
Neutralize (ID: Neutralize)
Clean 2D (ID: Clean2D)",,2775,O=S(=O)(Oc1ccc(Cl)cc1)c1ccc(Cl)cc1
"InChI=1S/C22H42O4/c1-5-9-13-19(7-3)17-25-21(23)15-11-12-16-22(24)26-18-20(8-4)14-10-6-2/h19-20H,5-18H2,1-4H3",,103-23-1,1,2778,"Clear Stereo (ID: ClearStereo)
Wedge Clean (ID: WedgeClean)
Mesomerize (ID: Mesomerize)
Tautomerize (ID: Tautomerize)
Add Explicit Hydrogens (ID: AddExplicitH)
Neutralize (ID: Neutralize)
Clean 2D (ID: Clean2D)",,2778,CCCCC(CC)COC(=O)CCCCC(=O)OCC(CC)CCCC
InChI=1S/C12H6N2O2/c15-7-13-11-5-1-3-9-10(11)4-2-6-12(9)14-8-16/h1-6H,,3173-72-6,1,2784,"Dearomatize (ID: Dearomatize)
Clear Stereo (ID: ClearStereo)
Wedge Clean (ID: WedgeClean)
Mesomerize (ID: Mesomerize)
Tautomerize (ID: Tautomerize)
Aromatize (ID: Aromatize)
Add Explicit Hydrogens (ID: AddExplicitH)
Neutralize (ID: Neutralize)
Clean 2D (ID: Clean2D)",,2784,O=C=Nc1cccc2c(N=C=O)cccc12
InChI=1S/C12H3Cl5O/c13-5-1-4-8(2-6(5)14)18-9-3-7(15)11(16)12(17)10(4)9/h1-3H,,57117-41-6,1,2785,"Dearomatize (ID: Dearomatize)
Clear Stereo (ID: ClearStereo)
Wedge Clean (ID: WedgeClean)
Mesomerize (ID: Mesomerize)
Tautomerize (ID: Tautomerize)
Aromatize (ID: Aromatize)
Add Explicit Hydrogens (ID: AddExplicitH)
Neutralize (ID: Neutralize)
Clean 2D (ID: Clean2D)",,2785,Clc1cc2oc3cc(Cl)c(Cl)c(Cl)c3c2cc1Cl
"InChI=1S/C22H42O8/c1-3-5-11-25-13-15-27-17-19-29-21(23)9-7-8-10-22(24)30-20-18-28-16-14-26-12-6-4-2/h3-20H2,1-2H3",,141-17-3,1,2788,"Clear Stereo (ID: ClearStereo)
Wedge Clean (ID: WedgeClean)
Mesomerize (ID: Mesomerize)
Tautomerize (ID: Tautomerize)
Add Explicit Hydrogens (ID: AddExplicitH)
Neutralize (ID: Neutralize)
Clean 2D (ID: Clean2D)",,2788,CCCCOCCOCCOC(=O)CCCCC(=O)OCCOCCOCCCC
"InChI=1S/CH3Cl2OP/c1-5(2,3)4/h1H3",,676-97-1,1,2790,"Clear Stereo (ID: ClearStereo)
Wedge Clean (ID: WedgeClean)
Mesomerize (ID: Mesomerize)
Tautomerize (ID: Tautomerize)
Add Explicit Hydrogens (ID: AddExplicitH)
Neutralize (ID: Neutralize)
Clean 2D (ID: Clean2D)",,2790,CP(=O)(Cl)Cl
"InChI=1S/C2H4Cl2/c1-2(3)4/h2H,1H3",,75-34-3,1,2791,"Clear Stereo (ID: ClearStereo)
Wedge Clean (ID: WedgeClean)
Mesomerize (ID: Mesomerize)
Tautomerize (ID: Tautomerize)
Add Explicit Hydrogens (ID: AddExplicitH)
Neutralize (ID: Neutralize)
Clean 2D (ID: Clean2D)",,2791,CC(Cl)Cl
"InChI=1S/C14H20O/c1-11(10-15)9-12-5-7-13(8-6-12)14(2,3)4/h5-8,10-11H,9H2,1-4H3",1,80-54-6,1,2793,"Dearomatize (ID: Dearomatize)
Clear Stereo (ID: ClearStereo)
Wedge Clean (ID: WedgeClean)
Mesomerize (ID: Mesomerize)
Tautomerize (ID: Tautomerize)
Aromatize (ID: Aromatize)
Add Explicit Hydrogens (ID: AddExplicitH)
Neutralize (ID: Neutralize)
Clean 2D (ID: Clean2D)",,2793,CC(C=O)Cc1ccc(C(C)(C)C)cc1
"InChI=1S/C6H5Cl2N/c7-5-2-1-4(9)3-6(5)8/h1-3H,9H2",,95-76-1,1,2796,"Dearomatize (ID: Dearomatize)
Clear Stereo (ID: ClearStereo)
Wedge Clean (ID: WedgeClean)
Mesomerize (ID: Mesomerize)
Tautomerize (ID: Tautomerize)
Aromatize (ID: Aromatize)
Add Explicit Hydrogens (ID: AddExplicitH)
Neutralize (ID: Neutralize)
Clean 2D (ID: Clean2D)",,2796,Nc1ccc(Cl)c(Cl)c1
"InChI=1S/C5H9NO/c1-6-4-2-3-5(6)7/h2-4H2,1H3",,872-50-4,1,2798,"Clear Stereo (ID: ClearStereo)
Wedge Clean (ID: WedgeClean)
Mesomerize (ID: Mesomerize)
Tautomerize (ID: Tautomerize)
Add Explicit Hydrogens (ID: AddExplicitH)
Neutralize (ID: Neutralize)
Clean 2D (ID: Clean2D)",,2798,CN1CCCC1=O
"InChI=1S/C8H11NO3/c9-4-8(12)5-1-2-6(10)7(11)3-5/h1-3,8,10-12H,4,9H2",,51-41-2,1,2800,"Dearomatize (ID: Dearomatize)
Clear Stereo (ID: ClearStereo)
Wedge Clean (ID: WedgeClean)
Mesomerize (ID: Mesomerize)
Tautomerize (ID: Tautomerize)
Aromatize (ID: Aromatize)
Add Explicit Hydrogens (ID: AddExplicitH)
Neutralize (ID: Neutralize)
Clean 2D (ID: Clean2D)",,2800,NCC(O)c1ccc(O)c(O)c1
"InChI=1S/C10H21NOS/c1-4-7-8-11(6-3)10(12)13-9-5-2/h4-9H2,1-3H3",,1114-71-2,1,2805,"Clear Stereo (ID: ClearStereo)
Wedge Clean (ID: WedgeClean)
Mesomerize (ID: Mesomerize)
Tautomerize (ID: Tautomerize)
Add Explicit Hydrogens (ID: AddExplicitH)
Neutralize (ID: Neutralize)
Clean 2D (ID: Clean2D)",,2805,CCCCN(CC)C(=O)SCCC
"InChI=1S/C6H10O/c1-5(2)4-6(3)7/h4H,1-3H3",,141-79-7,1,2811,"Clear Stereo (ID: ClearStereo)
Wedge Clean (ID: WedgeClean)
Mesomerize (ID: Mesomerize)
Tautomerize (ID: Tautomerize)
Add Explicit Hydrogens (ID: AddExplicitH)
Neutralize (ID: Neutralize)
Clean 2D (ID: Clean2D)",,2811,CC(=O)C=C(C)C
"InChI=1S/C27H42NO2/c1-26(2,3)22-27(4,5)24-13-15-25(16-14-24)30-20-19-29-18-17-28(6,7)21-23-11-9-8-10-12-23/h8-16H,17-22H2,1-7H3/q+1",1,121-54-0,1,2815,"Dearomatize (ID: Dearomatize)
Clear Stereo (ID: ClearStereo)
Wedge Clean (ID: WedgeClean)
Mesomerize (ID: Mesomerize)
Tautomerize (ID: Tautomerize)
Aromatize (ID: Aromatize)
Add Explicit Hydrogens (ID: AddExplicitH)
Clean 2D (ID: Clean2D)",,2815,CC(C)(C)CC(C)(C)c1ccc(OCCOCC[N+](C)(C)Cc2ccccc2)cc1
"InChI=1S/C18H36O7S/c1-2-3-4-5-6-7-8-9-10-11-12-24-13-14-25-16-17(15-18(19)20)26(21,22)23/h17H,2-16H2,1H3,(H,19,20)(H,21,22,23)",1,68815-56-5,1,2818,"Clear Stereo (ID: ClearStereo)
Wedge Clean (ID: WedgeClean)
Mesomerize (ID: Mesomerize)
Tautomerize (ID: Tautomerize)
Add Explicit Hydrogens (ID: AddExplicitH)
Neutralize (ID: Neutralize)
Clean 2D (ID: Clean2D)",,2818,CCCCCCCCCCCCOCCOCC(CC(=O)O)S(=O)(=O)O
"InChI=1S/C8H10N2O3S/c1-6(11)10-14(12,13)8-4-2-7(9)3-5-8/h2-5H,9H2,1H3,(H,10,11)",,144-80-9,1,2820,"Dearomatize (ID: Dearomatize)
Clear Stereo (ID: ClearStereo)
Wedge Clean (ID: WedgeClean)
Mesomerize (ID: Mesomerize)
Tautomerize (ID: Tautomerize)
Aromatize (ID: Aromatize)
Add Explicit Hydrogens (ID: AddExplicitH)
Neutralize (ID: Neutralize)
Clean 2D (ID: Clean2D)",,2820,CC(=O)NS(=O)(=O)c1ccc(N)cc1
"InChI=1S/C2Cl4F2/c3-1(4,5)2(6,7)8",,76-11-9,1,2826,"Clear Stereo (ID: ClearStereo)
Wedge Clean (ID: WedgeClean)
Mesomerize (ID: Mesomerize)
Tautomerize (ID: Tautomerize)
Clean 2D (ID: Clean2D)",,2826,FC(F)(Cl)C(Cl)(Cl)Cl
InChI=1S/C9H7N/c1-2-6-9-8(4-1)5-3-7-10-9/h1-7H,,91-22-5,1,2832,"Dearomatize (ID: Dearomatize)
Clear Stereo (ID: ClearStereo)
Wedge Clean (ID: WedgeClean)
Mesomerize (ID: Mesomerize)
Tautomerize (ID: Tautomerize)
Aromatize (ID: Aromatize)
Add Explicit Hydrogens (ID: AddExplicitH)
Neutralize (ID: Neutralize)
Clean 2D (ID: Clean2D)",,2832,c1ccc2ncccc2c1
"InChI=1S/C8H5Cl3O3/c9-4-1-6(11)7(2-5(4)10)14-3-8(12)13/h1-2H,3H2,(H,12,13)",,93-76-5,1,2833,"Dearomatize (ID: Dearomatize)
Clear Stereo (ID: ClearStereo)
Wedge Clean (ID: WedgeClean)
Mesomerize (ID: Mesomerize)
Tautomerize (ID: Tautomerize)
Aromatize (ID: Aromatize)
Add Explicit Hydrogens (ID: AddExplicitH)
Neutralize (ID: Neutralize)
Clean 2D (ID: Clean2D)",,2833,O=C(O)COc1cc(Cl)c(Cl)cc1Cl
"InChI=1S/C4H10O2/c1-4(5-2)6-3/h4H,1-3H3",,534-15-6,1,2843,"Clear Stereo (ID: ClearStereo)
Wedge Clean (ID: WedgeClean)
Mesomerize (ID: Mesomerize)
Tautomerize (ID: Tautomerize)
Add Explicit Hydrogens (ID: AddExplicitH)
Neutralize (ID: Neutralize)
Clean 2D (ID: Clean2D)",,2843,COC(C)OC
"InChI=1S/C14H21N3O4/c1-6-9(2)15-13-11(16(18)19)7-10(14(3,4)5)8-12(13)17(20)21/h7-9,15H,6H2,1-5H3",,33629-47-9,1,2845,"Dearomatize (ID: Dearomatize)
Clear Stereo (ID: ClearStereo)
Wedge Clean (ID: WedgeClean)
Mesomerize (ID: Mesomerize)
Tautomerize (ID: Tautomerize)
Aromatize (ID: Aromatize)
Add Explicit Hydrogens (ID: AddExplicitH)
Neutralize (ID: Neutralize)
Clean 2D (ID: Clean2D)",,2845,CCC(C)Nc1c([N+](=O)[O-])cc(C(C)(C)C)cc1[N+](=O)[O-]
"InChI=1S/C5H11Cl/c1-2-3-4-5-6/h2-5H2,1H3",,543-59-9,1,2847,"Clear Stereo (ID: ClearStereo)
Wedge Clean (ID: WedgeClean)
Mesomerize (ID: Mesomerize)
Tautomerize (ID: Tautomerize)
Add Explicit Hydrogens (ID: AddExplicitH)
Neutralize (ID: Neutralize)
Clean 2D (ID: Clean2D)",,2847,CCCCCCl
"InChI=1S/C9H13N5/c1-6-4-2-3-5-7(6)13-9(12)14-8(10)11/h2-5H,1H3,(H6,10,11,12,13,14)",1,93-69-6,1,2850,"Dearomatize (ID: Dearomatize)
Clear Stereo (ID: ClearStereo)
Wedge Clean (ID: WedgeClean)
Mesomerize (ID: Mesomerize)
Tautomerize (ID: Tautomerize)
Aromatize (ID: Aromatize)
Add Explicit Hydrogens (ID: AddExplicitH)
Neutralize (ID: Neutralize)
Clean 2D (ID: Clean2D)",,2850,[H]/N=C(\N/C(N)=N/[H])Nc1ccccc1C
"InChI=1S/C9H4O5/c10-7(11)4-1-2-5-6(3-4)9(13)14-8(5)12/h1-3H,(H,10,11)",,552-30-7,1,2852,"Dearomatize (ID: Dearomatize)
Clear Stereo (ID: ClearStereo)
Wedge Clean (ID: WedgeClean)
Mesomerize (ID: Mesomerize)
Tautomerize (ID: Tautomerize)
Aromatize (ID: Aromatize)
Add Explicit Hydrogens (ID: AddExplicitH)
Neutralize (ID: Neutralize)
Clean 2D (ID: Clean2D)",,2852,O=C(O)c1ccc2c(c1)C(=O)OC2=O
"InChI=1S/C6H6O3S/c7-10(8,9)6-4-2-1-3-5-6/h1-5H,(H,7,8,9)",,98-11-3,1,2853,"Dearomatize (ID: Dearomatize)
Clear Stereo (ID: ClearStereo)
Wedge Clean (ID: WedgeClean)
Mesomerize (ID: Mesomerize)
Tautomerize (ID: Tautomerize)
Aromatize (ID: Aromatize)
Add Explicit Hydrogens (ID: AddExplicitH)
Neutralize (ID: Neutralize)
Clean 2D (ID: Clean2D)",,2853,O=S(=O)(O)c1ccccc1
"InChI=1S/C6H10O2/c1-4-8-6(7)5(2)3/h2,4H2,1,3H3",,97-63-2,1,2862,"Clear Stereo (ID: ClearStereo)
Wedge Clean (ID: WedgeClean)
Mesomerize (ID: Mesomerize)
Tautomerize (ID: Tautomerize)
Add Explicit Hydrogens (ID: AddExplicitH)
Neutralize (ID: Neutralize)
Clean 2D (ID: Clean2D)",,2862,C=C(C)C(=O)OCC
"InChI=1S/C3H8S/c1-2-3-4/h4H,2-3H2,1H3",,107-03-9,1,2864,"Clear Stereo (ID: ClearStereo)
Wedge Clean (ID: WedgeClean)
Mesomerize (ID: Mesomerize)
Tautomerize (ID: Tautomerize)
Add Explicit Hydrogens (ID: AddExplicitH)
Neutralize (ID: Neutralize)
Clean 2D (ID: Clean2D)",,2864,CCCS
InChI=1S/C3H4Cl2O2/c4-1-2-7-3(5)6/h1-2H2,,627-11-2,1,2866,"Clear Stereo (ID: ClearStereo)
Wedge Clean (ID: WedgeClean)
Mesomerize (ID: Mesomerize)
Tautomerize (ID: Tautomerize)
Add Explicit Hydrogens (ID: AddExplicitH)
Neutralize (ID: Neutralize)
Clean 2D (ID: Clean2D)",,2866,O=C(Cl)OCCCl
"InChI=1S/C6H12O3/c1-3-8-4-5-9-6(2)7/h3-5H2,1-2H3",,111-15-9  111-15-9,1,2868,"Clear Stereo (ID: ClearStereo)
Wedge Clean (ID: WedgeClean)
Mesomerize (ID: Mesomerize)
Tautomerize (ID: Tautomerize)
Add Explicit Hydrogens (ID: AddExplicitH)
Neutralize (ID: Neutralize)
Clean 2D (ID: Clean2D)",,2868,CCOCCOC(C)=O
InChI=1S/C10H4Cl2O2/c11-7-8(12)10(14)6-4-2-1-3-5(6)9(7)13/h1-4H,,117-80-6,1,2869,"Dearomatize (ID: Dearomatize)
Clear Stereo (ID: ClearStereo)
Wedge Clean (ID: WedgeClean)
Mesomerize (ID: Mesomerize)
Tautomerize (ID: Tautomerize)
Aromatize (ID: Aromatize)
Add Explicit Hydrogens (ID: AddExplicitH)
Neutralize (ID: Neutralize)
Clean 2D (ID: Clean2D)",,2869,O=C1C(Cl)=C(Cl)C(=O)c2ccccc21
"InChI=1S/C3H9N3/c1-6(2)3(4)5/h1-2H3,(H3,4,5)",,6145-42-2 598-65-2,1,2873,"Clear Stereo (ID: ClearStereo)
Wedge Clean (ID: WedgeClean)
Mesomerize (ID: Mesomerize)
Tautomerize (ID: Tautomerize)
Add Explicit Hydrogens (ID: AddExplicitH)
Neutralize (ID: Neutralize)
Clean 2D (ID: Clean2D)",,2873,[H]/N=C(/N)N(C)C
"InChI=1S/C4H10O3S/c1-4(2)7-8(3,5)6/h4H,1-3H3",,926-06-7,1,2874,"Clear Stereo (ID: ClearStereo)
Wedge Clean (ID: WedgeClean)
Mesomerize (ID: Mesomerize)
Tautomerize (ID: Tautomerize)
Add Explicit Hydrogens (ID: AddExplicitH)
Neutralize (ID: Neutralize)
Clean 2D (ID: Clean2D)",,2874,CC(C)OS(C)(=O)=O
InChI=1S/C7H5Cl2N/c8-7(9)10-6-4-2-1-3-5-6/h1-5H,,622-44-6,1,2884,"Dearomatize (ID: Dearomatize)
Clear Stereo (ID: ClearStereo)
Wedge Clean (ID: WedgeClean)
Mesomerize (ID: Mesomerize)
Tautomerize (ID: Tautomerize)
Aromatize (ID: Aromatize)
Add Explicit Hydrogens (ID: AddExplicitH)
Neutralize (ID: Neutralize)
Clean 2D (ID: Clean2D)",,2884,ClC(Cl)=Nc1ccccc1
"InChI=1S/C8H10O/c1-6-3-7(2)5-8(9)4-6/h3-5,9H,1-2H3",,108-68-9,1,2885,"Dearomatize (ID: Dearomatize)
Clear Stereo (ID: ClearStereo)
Wedge Clean (ID: WedgeClean)
Mesomerize (ID: Mesomerize)
Tautomerize (ID: Tautomerize)
Aromatize (ID: Aromatize)
Add Explicit Hydrogens (ID: AddExplicitH)
Neutralize (ID: Neutralize)
Clean 2D (ID: Clean2D)",,2885,Cc1cc(C)cc(O)c1
"InChI=1S/C22H38O5/c1-2-3-4-5-8-11-17(23)14-15-19-18(20(24)16-21(19)25)12-9-6-7-10-13-22(26)27/h6,9,18-21,24-25H,2-5,7-8,10-16H2,1H3,(H,26,27)",,120373-36-6,1,2888,"Clear Stereo (ID: ClearStereo)
Wedge Clean (ID: WedgeClean)
Mesomerize (ID: Mesomerize)
Tautomerize (ID: Tautomerize)
Add Explicit Hydrogens (ID: AddExplicitH)
Neutralize (ID: Neutralize)
Clean 2D (ID: Clean2D)",,2888,CCCCCCCC(=O)CCC1C(O)CC(O)C1CC=CCCCC(=O)O
"InChI=1S/C28H22N2O2/c1-17-7-11-19(12-8-17)29-23-15-16-24(30-20-13-9-18(2)10-14-20)26-25(23)27(31)21-5-3-4-6-22(21)28(26)32/h3-16,29-30H,1-2H3",,128-80-3,1,2890,"Dearomatize (ID: Dearomatize)
Clear Stereo (ID: ClearStereo)
Wedge Clean (ID: WedgeClean)
Mesomerize (ID: Mesomerize)
Tautomerize (ID: Tautomerize)
Aromatize (ID: Aromatize)
Add Explicit Hydrogens (ID: AddExplicitH)
Neutralize (ID: Neutralize)
Clean 2D (ID: Clean2D)",,2890,Cc1ccc(Nc2ccc(Nc3ccc(C)cc3)c3c2C(=O)c2ccccc2C3=O)cc1
"InChI=1S/C8H5NO3/c10-7-5-3-1-2-4-6(5)9-8(11)12-7/h1-4H,(H,9,11)",,118-48-9,1,2894,"Dearomatize (ID: Dearomatize)
Clear Stereo (ID: ClearStereo)
Wedge Clean (ID: WedgeClean)
Mesomerize (ID: Mesomerize)
Tautomerize (ID: Tautomerize)
Aromatize (ID: Aromatize)
Add Explicit Hydrogens (ID: AddExplicitH)
Neutralize (ID: Neutralize)
Clean 2D (ID: Clean2D)",,2894,O=c1[nH]c2ccccc2c(=O)o1
"InChI=1S/C6H6N2O2/c7-5-1-3-6(4-2-5)8(9)10/h1-4H,7H2",,100-01-6,1,2895,"Dearomatize (ID: Dearomatize)
Clear Stereo (ID: ClearStereo)
Wedge Clean (ID: WedgeClean)
Mesomerize (ID: Mesomerize)
Tautomerize (ID: Tautomerize)
Aromatize (ID: Aromatize)
Add Explicit Hydrogens (ID: AddExplicitH)
Neutralize (ID: Neutralize)
Clean 2D (ID: Clean2D)",,2895,Nc1ccc([N+](=O)[O-])cc1
"InChI=1S/C6H8O6/c7-1-2(8)5-3(9)4(10)6(11)12-5/h4,6-7,9-11H,1H2",,50-81-7,1,2898,"Clear Stereo (ID: ClearStereo)
Wedge Clean (ID: WedgeClean)
Mesomerize (ID: Mesomerize)
Tautomerize (ID: Tautomerize)
Add Explicit Hydrogens (ID: AddExplicitH)
Neutralize (ID: Neutralize)
Clean 2D (ID: Clean2D)",,2898,O=C(CO)C1=C(O)C(O)C(O)O1
"InChI=1S/C6H14O/c1-3-6(4-2)5-7/h6-7H,3-5H2,1-2H3",,97-95-0,1,2908,"Clear Stereo (ID: ClearStereo)
Wedge Clean (ID: WedgeClean)
Mesomerize (ID: Mesomerize)
Tautomerize (ID: Tautomerize)
Add Explicit Hydrogens (ID: AddExplicitH)
Neutralize (ID: Neutralize)
Clean 2D (ID: Clean2D)",,2908,CCC(CC)CO
"InChI=1S/C19H34N/c1-4-5-6-7-8-9-10-14-17-20(2,3)18-19-15-12-11-13-16-19/h11-13,15-16H,4-10,14,17-18H2,1-3H3/q+1",1,63449-41-2,1,2909,"Dearomatize (ID: Dearomatize)
Clear Stereo (ID: ClearStereo)
Wedge Clean (ID: WedgeClean)
Mesomerize (ID: Mesomerize)
Tautomerize (ID: Tautomerize)
Aromatize (ID: Aromatize)
Add Explicit Hydrogens (ID: AddExplicitH)
Clean 2D (ID: Clean2D)",,2909,CCCCCCCCCC[N+](C)(C)Cc1ccccc1
"InChI=1S/C22H43NO/c1-2-3-4-5-6-7-8-9-10-11-12-13-14-15-16-17-18-19-20-21-22(23)24/h9-10H,2-8,11-21H2,1H3,(H2,23,24)",,112-84-5,1,2910,"Clear Stereo (ID: ClearStereo)
Wedge Clean (ID: WedgeClean)
Mesomerize (ID: Mesomerize)
Tautomerize (ID: Tautomerize)
Add Explicit Hydrogens (ID: AddExplicitH)
Neutralize (ID: Neutralize)
Clean 2D (ID: Clean2D)",,2910,CCCCCCCCC=CCCCCCCCCCCCC(N)=O
"InChI=1S/C2H3Cl3/c3-1-2(4)5/h2H,1H2",,79-00-5,1,2912,"Clear Stereo (ID: ClearStereo)
Wedge Clean (ID: WedgeClean)
Mesomerize (ID: Mesomerize)
Tautomerize (ID: Tautomerize)
Add Explicit Hydrogens (ID: AddExplicitH)
Neutralize (ID: Neutralize)
Clean 2D (ID: Clean2D)",,2912,ClCC(Cl)Cl
"InChI=1S/C8H14O4/c1-11-7(9)5-3-4-6-8(10)12-2/h3-6H2,1-2H3",,627-93-0,1,2925,"Clear Stereo (ID: ClearStereo)
Wedge Clean (ID: WedgeClean)
Mesomerize (ID: Mesomerize)
Tautomerize (ID: Tautomerize)
Add Explicit Hydrogens (ID: AddExplicitH)
Neutralize (ID: Neutralize)
Clean 2D (ID: Clean2D)",,2925,COC(=O)CCCCC(=O)OC
"InChI=1S/C6H4N2O5/c9-6-2-1-4(7(10)11)3-5(6)8(12)13/h1-3,9H",,51-28-5,1,2929,"Dearomatize (ID: Dearomatize)
Clear Stereo (ID: ClearStereo)
Wedge Clean (ID: WedgeClean)
Mesomerize (ID: Mesomerize)
Tautomerize (ID: Tautomerize)
Aromatize (ID: Aromatize)
Add Explicit Hydrogens (ID: AddExplicitH)
Neutralize (ID: Neutralize)
Clean 2D (ID: Clean2D)",,2929,O=[N+]([O-])c1ccc(O)c([N+](=O)[O-])c1
"InChI=1S/C2Cl4F2/c3-1(4,7)2(5,6)8",,76-12-0,1,2934,"Clear Stereo (ID: ClearStereo)
Wedge Clean (ID: WedgeClean)
Mesomerize (ID: Mesomerize)
Tautomerize (ID: Tautomerize)
Clean 2D (ID: Clean2D)",,2934,FC(Cl)(Cl)C(F)(Cl)Cl
"InChI=1S/C10H12N4O5/c15-1-4-6(16)7(17)10(19-4)14-3-13-5-8(14)11-2-12-9(5)18/h2-4,6-7,10,15-17H,1H2,(H,11,12,18)",,58-63-9,1,2938,"Dearomatize (ID: Dearomatize)
Clear Stereo (ID: ClearStereo)
Wedge Clean (ID: WedgeClean)
Mesomerize (ID: Mesomerize)
Tautomerize (ID: Tautomerize)
Aromatize (ID: Aromatize)
Add Explicit Hydrogens (ID: AddExplicitH)
Neutralize (ID: Neutralize)
Clean 2D (ID: Clean2D)",,2938,O=c1[nH]cnc2c1ncn2C1OC(CO)C(O)C1O
InChI=1S/C13H9ClO/c14-12-8-6-11(7-9-12)13(15)10-4-2-1-3-5-10/h1-9H,,134-85-0,1,2939,"Dearomatize (ID: Dearomatize)
Clear Stereo (ID: ClearStereo)
Wedge Clean (ID: WedgeClean)
Mesomerize (ID: Mesomerize)
Tautomerize (ID: Tautomerize)
Aromatize (ID: Aromatize)
Add Explicit Hydrogens (ID: AddExplicitH)
Neutralize (ID: Neutralize)
Clean 2D (ID: Clean2D)",,2939,O=C(c1ccccc1)c1ccc(Cl)cc1
InChI=1S/C6H6/c1-2-4-6-5-3-1/h1-6H,,71-43-2,1,2941,"Dearomatize (ID: Dearomatize)
Clear Stereo (ID: ClearStereo)
Wedge Clean (ID: WedgeClean)
Mesomerize (ID: Mesomerize)
Tautomerize (ID: Tautomerize)
Aromatize (ID: Aromatize)
Add Explicit Hydrogens (ID: AddExplicitH)
Neutralize (ID: Neutralize)
Clean 2D (ID: Clean2D)",,2941,c1ccccc1
"InChI=1S/C7H6O4/c8-4-1-2-5(7(10)11)6(9)3-4/h1-3,8-9H,(H,10,11)",1,89-86-1,1,2944,"Dearomatize (ID: Dearomatize)
Clear Stereo (ID: ClearStereo)
Wedge Clean (ID: WedgeClean)
Mesomerize (ID: Mesomerize)
Tautomerize (ID: Tautomerize)
Aromatize (ID: Aromatize)
Add Explicit Hydrogens (ID: AddExplicitH)
Neutralize (ID: Neutralize)
Clean 2D (ID: Clean2D)",,2944,O=C(O)c1ccc(O)cc1O
"InChI=1S/C12H22O5/c13-11(7-3-1-4-8-11)16-17-12(15-14)9-5-2-6-10-12/h13-14H,1-10H2",,78-18-2,1,2946,"Clear Stereo (ID: ClearStereo)
Wedge Clean (ID: WedgeClean)
Mesomerize (ID: Mesomerize)
Tautomerize (ID: Tautomerize)
Add Explicit Hydrogens (ID: AddExplicitH)
Neutralize (ID: Neutralize)
Clean 2D (ID: Clean2D)",,2946,OOC1(OOC2(O)CCCCC2)CCCCC1
"InChI=1S/C22H44O2/c1-3-5-7-8-9-10-11-12-13-14-15-16-17-18-19-20-22(23)24-21-6-4-2/h3-21H2,1-2H3",,123-95-5,1,2954,"Clear Stereo (ID: ClearStereo)
Wedge Clean (ID: WedgeClean)
Mesomerize (ID: Mesomerize)
Tautomerize (ID: Tautomerize)
Add Explicit Hydrogens (ID: AddExplicitH)
Neutralize (ID: Neutralize)
Clean 2D (ID: Clean2D)",,2954,CCCCCCCCCCCCCCCCCC(=O)OCCCC
InChI=1S/C4H8Br2/c5-3-1-2-4-6/h1-4H2,,110-52-1  110-52-1,1,2959,"Clear Stereo (ID: ClearStereo)
Wedge Clean (ID: WedgeClean)
Mesomerize (ID: Mesomerize)
Tautomerize (ID: Tautomerize)
Add Explicit Hydrogens (ID: AddExplicitH)
Neutralize (ID: Neutralize)
Clean 2D (ID: Clean2D)",,2959,BrCCCCBr
InChI=1S/C3H2Cl4/c4-1-2(5)3(6)7/h1H2,,10436-39-2,1,2961,"Clear Stereo (ID: ClearStereo)
Wedge Clean (ID: WedgeClean)
Mesomerize (ID: Mesomerize)
Tautomerize (ID: Tautomerize)
Add Explicit Hydrogens (ID: AddExplicitH)
Neutralize (ID: Neutralize)
Clean 2D (ID: Clean2D)",,2961,ClCC(Cl)=C(Cl)Cl
"InChI=1S/C6H11Cl/c7-6-4-2-1-3-5-6/h6H,1-5H2",,542-18-7,1,2964,"Clear Stereo (ID: ClearStereo)
Wedge Clean (ID: WedgeClean)
Mesomerize (ID: Mesomerize)
Tautomerize (ID: Tautomerize)
Add Explicit Hydrogens (ID: AddExplicitH)
Neutralize (ID: Neutralize)
Clean 2D (ID: Clean2D)",,2964,ClC1CCCCC1
"InChI=1S/C14H9Cl5O/c15-11-5-1-9(2-6-11)13(20,14(17,18)19)10-3-7-12(16)8-4-10/h1-8,20H",,115-32-2,1,2968,"Dearomatize (ID: Dearomatize)
Clear Stereo (ID: ClearStereo)
Wedge Clean (ID: WedgeClean)
Mesomerize (ID: Mesomerize)
Tautomerize (ID: Tautomerize)
Aromatize (ID: Aromatize)
Add Explicit Hydrogens (ID: AddExplicitH)
Neutralize (ID: Neutralize)
Clean 2D (ID: Clean2D)",,2968,OC(c1ccc(Cl)cc1)(c1ccc(Cl)cc1)C(Cl)(Cl)Cl
"InChI=1S/C3H4Cl2/c4-2-1-3-5/h1-2H,3H2",,10061-02-6 542-75-6,1,2969,"Clear Stereo (ID: ClearStereo)
Wedge Clean (ID: WedgeClean)
Mesomerize (ID: Mesomerize)
Tautomerize (ID: Tautomerize)
Add Explicit Hydrogens (ID: AddExplicitH)
Neutralize (ID: Neutralize)
Clean 2D (ID: Clean2D)",,2969,ClC=CCCl
InChI=1S/C12H6Cl4/c13-9-3-1-7(5-11(9)15)8-2-4-10(14)12(16)6-8/h1-6H,,32598-13-3,1,2977,"Dearomatize (ID: Dearomatize)
Clear Stereo (ID: ClearStereo)
Wedge Clean (ID: WedgeClean)
Mesomerize (ID: Mesomerize)
Tautomerize (ID: Tautomerize)
Aromatize (ID: Aromatize)
Add Explicit Hydrogens (ID: AddExplicitH)
Neutralize (ID: Neutralize)
Clean 2D (ID: Clean2D)",,2977,Clc1ccc(-c2ccc(Cl)c(Cl)c2)cc1Cl
"InChI=1S/C12H14Cl2O3/c1-2-3-6-16-12(15)8-17-11-5-4-9(13)7-10(11)14/h4-5,7H,2-3,6,8H2,1H3",,94-80-4,1,2978,"Dearomatize (ID: Dearomatize)
Clear Stereo (ID: ClearStereo)
Wedge Clean (ID: WedgeClean)
Mesomerize (ID: Mesomerize)
Tautomerize (ID: Tautomerize)
Aromatize (ID: Aromatize)
Add Explicit Hydrogens (ID: AddExplicitH)
Neutralize (ID: Neutralize)
Clean 2D (ID: Clean2D)",,2978,CCCCOC(=O)COc1ccc(Cl)cc1Cl
"InChI=1S/C8H10/c1-7-3-5-8(2)6-4-7/h3-6H,1-2H3",1,106-42-3,1,2982,"Dearomatize (ID: Dearomatize)
Clear Stereo (ID: ClearStereo)
Wedge Clean (ID: WedgeClean)
Mesomerize (ID: Mesomerize)
Tautomerize (ID: Tautomerize)
Aromatize (ID: Aromatize)
Add Explicit Hydrogens (ID: AddExplicitH)
Neutralize (ID: Neutralize)
Clean 2D (ID: Clean2D)",,2982,Cc1ccc(C)cc1
"InChI=1S/C18H22BrNO/c1-18(21-14-13-20(2)3,15-7-5-4-6-8-15)16-9-11-17(19)12-10-16/h4-12H,13-14H2,1-3H3",1,13977-28-1,1,2983,"Dearomatize (ID: Dearomatize)
Clear Stereo (ID: ClearStereo)
Wedge Clean (ID: WedgeClean)
Mesomerize (ID: Mesomerize)
Tautomerize (ID: Tautomerize)
Aromatize (ID: Aromatize)
Add Explicit Hydrogens (ID: AddExplicitH)
Neutralize (ID: Neutralize)
Clean 2D (ID: Clean2D)",,2983,CN(C)CCOC(C)(c1ccccc1)c1ccc(Br)cc1
"InChI=1S/C8H14/c1-2-4-6-8-7-5-3-1/h1-2H,3-8H2",,931-87-3,1,2985,"Clear Stereo (ID: ClearStereo)
Wedge Clean (ID: WedgeClean)
Mesomerize (ID: Mesomerize)
Tautomerize (ID: Tautomerize)
Add Explicit Hydrogens (ID: AddExplicitH)
Neutralize (ID: Neutralize)
Clean 2D (ID: Clean2D)",,2985,C1=CCCCCCC1
InChI=1S/C12H10O/c1-3-7-11(8-4-1)13-12-9-5-2-6-10-12/h1-10H,,101-84-8,1,2986,"Dearomatize (ID: Dearomatize)
Clear Stereo (ID: ClearStereo)
Wedge Clean (ID: WedgeClean)
Mesomerize (ID: Mesomerize)
Tautomerize (ID: Tautomerize)
Aromatize (ID: Aromatize)
Add Explicit Hydrogens (ID: AddExplicitH)
Neutralize (ID: Neutralize)
Clean 2D (ID: Clean2D)",,2986,c1ccc(Oc2ccccc2)cc1
"InChI=1S/C3H8S3/c4-1-3(6)2-5/h3-6H,1-2H2",,4756-13-2,1,2999,"Clear Stereo (ID: ClearStereo)
Wedge Clean (ID: WedgeClean)
Mesomerize (ID: Mesomerize)
Tautomerize (ID: Tautomerize)
Add Explicit Hydrogens (ID: AddExplicitH)
Neutralize (ID: Neutralize)
Clean 2D (ID: Clean2D)",,2999,SCC(S)CS
"InChI=1S/C12H20O2/c1-6-12(5,14-11(4)13)9-7-8-10(2)3/h6,8H,1,7,9H2,2-5H3",,115-95-7,1,3000,"Clear Stereo (ID: ClearStereo)
Wedge Clean (ID: WedgeClean)
Mesomerize (ID: Mesomerize)
Tautomerize (ID: Tautomerize)
Add Explicit Hydrogens (ID: AddExplicitH)
Neutralize (ID: Neutralize)
Clean 2D (ID: Clean2D)",,3000,C=CC(C)(CCC=C(C)C)OC(C)=O
InChI=1S/C2H2Br2/c3-1-2-4/h1-2H,,540-49-8,1,3002,"Clear Stereo (ID: ClearStereo)
Wedge Clean (ID: WedgeClean)
Mesomerize (ID: Mesomerize)
Tautomerize (ID: Tautomerize)
Add Explicit Hydrogens (ID: AddExplicitH)
Neutralize (ID: Neutralize)
Clean 2D (ID: Clean2D)",,3002,BrC=CBr
"InChI=1S/C13H4Cl2F6N4O4/c14-6-1-4(12(16,17)18)3-22-11(6)23-9-7(24(26)27)2-5(13(19,20)21)8(15)10(9)25(28)29/h1-3H,(H,22,23)",,79622-59-6,1,3007,"Dearomatize (ID: Dearomatize)
Clear Stereo (ID: ClearStereo)
Wedge Clean (ID: WedgeClean)
Mesomerize (ID: Mesomerize)
Tautomerize (ID: Tautomerize)
Aromatize (ID: Aromatize)
Add Explicit Hydrogens (ID: AddExplicitH)
Neutralize (ID: Neutralize)
Clean 2D (ID: Clean2D)",,3007,O=[N+]([O-])c1cc(C(F)(F)F)c(Cl)c([N+](=O)[O-])c1Nc1ncc(C(F)(F)F)cc1Cl
InChI=1S/C6H6Br5Cl/c7-1-2(8)4(10)6(12)5(11)3(1)9/h1-6H,,87-84-3,1,3009,"Clear Stereo (ID: ClearStereo)
Wedge Clean (ID: WedgeClean)
Mesomerize (ID: Mesomerize)
Tautomerize (ID: Tautomerize)
Add Explicit Hydrogens (ID: AddExplicitH)
Neutralize (ID: Neutralize)
Clean 2D (ID: Clean2D)",,3009,ClC1C(Br)C(Br)C(Br)C(Br)C1Br
"InChI=1S/C2H6O4S/c1-5-7(3,4)6-2/h1-2H3",,77-78-1,1,3015,"Clear Stereo (ID: ClearStereo)
Wedge Clean (ID: WedgeClean)
Mesomerize (ID: Mesomerize)
Tautomerize (ID: Tautomerize)
Add Explicit Hydrogens (ID: AddExplicitH)
Neutralize (ID: Neutralize)
Clean 2D (ID: Clean2D)",,3015,COS(=O)(=O)OC
"InChI=1S/C3F6O/c4-2(5,6)1(10)3(7,8)9",,684-16-2,1,3017,"Clear Stereo (ID: ClearStereo)
Wedge Clean (ID: WedgeClean)
Mesomerize (ID: Mesomerize)
Tautomerize (ID: Tautomerize)
Clean 2D (ID: Clean2D)",,3017,O=C(C(F)(F)F)C(F)(F)F
"InChI=1S/C4H8O3/c5-4-1-6-3-7-2-4/h4-5H,1-3H2",,4740-78-7,1,3018,"Clear Stereo (ID: ClearStereo)
Wedge Clean (ID: WedgeClean)
Mesomerize (ID: Mesomerize)
Tautomerize (ID: Tautomerize)
Add Explicit Hydrogens (ID: AddExplicitH)
Neutralize (ID: Neutralize)
Clean 2D (ID: Clean2D)",,3018,OC1COCOC1
InChI=1S/C4H8O2/c1-2-5-4-6-3-1/h1-4H2,,505-22-6,1,3021,"Clear Stereo (ID: ClearStereo)
Wedge Clean (ID: WedgeClean)
Mesomerize (ID: Mesomerize)
Tautomerize (ID: Tautomerize)
Add Explicit Hydrogens (ID: AddExplicitH)
Neutralize (ID: Neutralize)
Clean 2D (ID: Clean2D)",,3021,C1COCOC1
InChI=1S/C3H6Br2/c4-2-1-3-5/h1-3H2,,109-64-8,1,3028,"Clear Stereo (ID: ClearStereo)
Wedge Clean (ID: WedgeClean)
Mesomerize (ID: Mesomerize)
Tautomerize (ID: Tautomerize)
Add Explicit Hydrogens (ID: AddExplicitH)
Neutralize (ID: Neutralize)
Clean 2D (ID: Clean2D)",,3028,BrCCCBr
"InChI=1S/C15H12Br4O2/c1-15(2,7-3-9(16)13(20)10(17)4-7)8-5-11(18)14(21)12(19)6-8/h3-6,20-21H,1-2H3",,79-94-7,1,3030,"Dearomatize (ID: Dearomatize)
Clear Stereo (ID: ClearStereo)
Wedge Clean (ID: WedgeClean)
Mesomerize (ID: Mesomerize)
Tautomerize (ID: Tautomerize)
Aromatize (ID: Aromatize)
Add Explicit Hydrogens (ID: AddExplicitH)
Neutralize (ID: Neutralize)
Clean 2D (ID: Clean2D)",,3030,CC(C)(c1cc(Br)c(O)c(Br)c1)c1cc(Br)c(O)c(Br)c1
"InChI=1S/C11H12N2O/c1-9-8-11(14)13(12(9)2)10-6-4-3-5-7-10/h3-8H,1-2H3",,60-80-0,1,3032,"Dearomatize (ID: Dearomatize)
Clear Stereo (ID: ClearStereo)
Wedge Clean (ID: WedgeClean)
Mesomerize (ID: Mesomerize)
Tautomerize (ID: Tautomerize)
Aromatize (ID: Aromatize)
Add Explicit Hydrogens (ID: AddExplicitH)
Neutralize (ID: Neutralize)
Clean 2D (ID: Clean2D)",,3032,Cc1cc(=O)n(-c2ccccc2)n1C
"InChI=1S/C4H7ClO2/c1-2-7-4(6)3-5/h2-3H2,1H3",,105-39-5,1,3033,"Clear Stereo (ID: ClearStereo)
Wedge Clean (ID: WedgeClean)
Mesomerize (ID: Mesomerize)
Tautomerize (ID: Tautomerize)
Add Explicit Hydrogens (ID: AddExplicitH)
Neutralize (ID: Neutralize)
Clean 2D (ID: Clean2D)",,3033,CCOC(=O)CCl
"InChI=1S/C3Cl6/c4-1(2(5)6)3(7,8)9",,1888-71-7,1,3034,"Clear Stereo (ID: ClearStereo)
Wedge Clean (ID: WedgeClean)
Mesomerize (ID: Mesomerize)
Tautomerize (ID: Tautomerize)
Clean 2D (ID: Clean2D)",,3034,ClC(Cl)=C(Cl)C(Cl)(Cl)Cl
InChI=1S/C2H2Cl2O/c3-1-2(4)5/h1H2,,79-04-9,1,3036,"Clear Stereo (ID: ClearStereo)
Wedge Clean (ID: WedgeClean)
Mesomerize (ID: Mesomerize)
Tautomerize (ID: Tautomerize)
Add Explicit Hydrogens (ID: AddExplicitH)
Neutralize (ID: Neutralize)
Clean 2D (ID: Clean2D)",,3036,O=C(Cl)CCl
"InChI=1S/C2H6N2O2/c3-2(6)4-1-5/h5H,1H2,(H3,3,4,6)",,1000-82-4,1,3037,"Clear Stereo (ID: ClearStereo)
Wedge Clean (ID: WedgeClean)
Mesomerize (ID: Mesomerize)
Tautomerize (ID: Tautomerize)
Add Explicit Hydrogens (ID: AddExplicitH)
Neutralize (ID: Neutralize)
Clean 2D (ID: Clean2D)",,3037,NC(=O)NCO
"InChI=1S/C6H2Cl4O/c7-2-1-3(8)6(11)5(10)4(2)9/h1,11H",,58-90-2,1,3042,"Dearomatize (ID: Dearomatize)
Clear Stereo (ID: ClearStereo)
Wedge Clean (ID: WedgeClean)
Mesomerize (ID: Mesomerize)
Tautomerize (ID: Tautomerize)
Aromatize (ID: Aromatize)
Add Explicit Hydrogens (ID: AddExplicitH)
Neutralize (ID: Neutralize)
Clean 2D (ID: Clean2D)",,3042,Oc1c(Cl)cc(Cl)c(Cl)c1Cl
"InChI=1S/C2Cl6/c3-1(4,5)2(6,7)8",,67-72-1,1,3045,"Clear Stereo (ID: ClearStereo)
Wedge Clean (ID: WedgeClean)
Mesomerize (ID: Mesomerize)
Tautomerize (ID: Tautomerize)
Clean 2D (ID: Clean2D)",,3045,ClC(Cl)(Cl)C(Cl)(Cl)Cl
"InChI=1S/C4H5ClO/c1-3(2)4(5)6/h1H2,2H3",,920-46-7,1,3047,"Clear Stereo (ID: ClearStereo)
Wedge Clean (ID: WedgeClean)
Mesomerize (ID: Mesomerize)
Tautomerize (ID: Tautomerize)
Add Explicit Hydrogens (ID: AddExplicitH)
Neutralize (ID: Neutralize)
Clean 2D (ID: Clean2D)",,3047,C=C(C)C(=O)Cl
"InChI=1S/C5H6N2O/c1-5(8)7-3-2-6-4-7/h2-4H,1H3",,2466-76-4,1,3051,"Dearomatize (ID: Dearomatize)
Clear Stereo (ID: ClearStereo)
Wedge Clean (ID: WedgeClean)
Mesomerize (ID: Mesomerize)
Tautomerize (ID: Tautomerize)
Aromatize (ID: Aromatize)
Add Explicit Hydrogens (ID: AddExplicitH)
Neutralize (ID: Neutralize)
Clean 2D (ID: Clean2D)",,3051,CC(=O)n1ccnc1
"InChI=1S/C6H6N2O3/c7-5-3-4(8(10)11)1-2-6(5)9/h1-3,9H,7H2",,99-57-0,1,3065,"Dearomatize (ID: Dearomatize)
Clear Stereo (ID: ClearStereo)
Wedge Clean (ID: WedgeClean)
Mesomerize (ID: Mesomerize)
Tautomerize (ID: Tautomerize)
Aromatize (ID: Aromatize)
Add Explicit Hydrogens (ID: AddExplicitH)
Neutralize (ID: Neutralize)
Clean 2D (ID: Clean2D)",,3065,Nc1cc([N+](=O)[O-])ccc1O
"InChI=1S/C7H9NO/c1-9-7-5-3-2-4-6(7)8/h2-5H,8H2,1H3",,90-04-0,1,3069,"Dearomatize (ID: Dearomatize)
Clear Stereo (ID: ClearStereo)
Wedge Clean (ID: WedgeClean)
Mesomerize (ID: Mesomerize)
Tautomerize (ID: Tautomerize)
Aromatize (ID: Aromatize)
Add Explicit Hydrogens (ID: AddExplicitH)
Neutralize (ID: Neutralize)
Clean 2D (ID: Clean2D)",,3069,COc1ccccc1N
"InChI=1S/C10H16/c1-9-5-3-7-10(2)8-4-6-9/h3,5,7,9H,4,6,8H2,1-2H3",,,1,3070,"Clear Stereo (ID: ClearStereo)
Wedge Clean (ID: WedgeClean)
Mesomerize (ID: Mesomerize)
Tautomerize (ID: Tautomerize)
Add Explicit Hydrogens (ID: AddExplicitH)
Neutralize (ID: Neutralize)
Clean 2D (ID: Clean2D)",,3070,CC1=CC=CC(C)CCC1
"InChI=1S/C22H17ClN2/c23-21-14-8-7-13-20(21)22(25-16-15-24-17-25,18-9-3-1-4-10-18)19-11-5-2-6-12-19/h1-17H",,23593-75-1,1,3071,"Dearomatize (ID: Dearomatize)
Clear Stereo (ID: ClearStereo)
Wedge Clean (ID: WedgeClean)
Mesomerize (ID: Mesomerize)
Tautomerize (ID: Tautomerize)
Aromatize (ID: Aromatize)
Add Explicit Hydrogens (ID: AddExplicitH)
Neutralize (ID: Neutralize)
Clean 2D (ID: Clean2D)",,3071,Clc1ccccc1C(c1ccccc1)(c1ccccc1)n1ccnc1
"InChI=1S/C7H10O3/c1-5(2)7(8)10-4-6-3-9-6/h6H,1,3-4H2,2H3",,106-91-2  106-91-2,1,3077,"Clear Stereo (ID: ClearStereo)
Wedge Clean (ID: WedgeClean)
Mesomerize (ID: Mesomerize)
Tautomerize (ID: Tautomerize)
Add Explicit Hydrogens (ID: AddExplicitH)
Neutralize (ID: Neutralize)
Clean 2D (ID: Clean2D)",,3077,C=C(C)C(=O)OCC1CO1
"InChI=1S/C3H5BrO/c1-3(5)2-4/h2H2,1H3",,598-31-2,1,3083,"Clear Stereo (ID: ClearStereo)
Wedge Clean (ID: WedgeClean)
Mesomerize (ID: Mesomerize)
Tautomerize (ID: Tautomerize)
Add Explicit Hydrogens (ID: AddExplicitH)
Neutralize (ID: Neutralize)
Clean 2D (ID: Clean2D)",,3083,CC(=O)CBr
"InChI=1S/C13H26/c1-3-5-7-9-11-13-12-10-8-6-4-2/h3H,1,4-13H2,2H3",,2437-56-1,1,3084,"Clear Stereo (ID: ClearStereo)
Wedge Clean (ID: WedgeClean)
Mesomerize (ID: Mesomerize)
Tautomerize (ID: Tautomerize)
Add Explicit Hydrogens (ID: AddExplicitH)
Neutralize (ID: Neutralize)
Clean 2D (ID: Clean2D)",,3084,C=CCCCCCCCCCCC
"InChI=1S/C9H12O3S/c1-3-12-13(10,11)9-6-4-8(2)5-7-9/h4-7H,3H2,1-2H3",,80-40-0,1,3090,"Dearomatize (ID: Dearomatize)
Clear Stereo (ID: ClearStereo)
Wedge Clean (ID: WedgeClean)
Mesomerize (ID: Mesomerize)
Tautomerize (ID: Tautomerize)
Aromatize (ID: Aromatize)
Add Explicit Hydrogens (ID: AddExplicitH)
Neutralize (ID: Neutralize)
Clean 2D (ID: Clean2D)",,3090,CCOS(=O)(=O)c1ccc(C)cc1
"InChI=1S/C14H20ClNO2/c1-4-12-8-6-7-11(3)14(12)16(10-18-5-2)13(17)9-15/h6-8H,4-5,9-10H2,1-3H3",,34256-82-1,1,3098,"Dearomatize (ID: Dearomatize)
Clear Stereo (ID: ClearStereo)
Wedge Clean (ID: WedgeClean)
Mesomerize (ID: Mesomerize)
Tautomerize (ID: Tautomerize)
Aromatize (ID: Aromatize)
Add Explicit Hydrogens (ID: AddExplicitH)
Neutralize (ID: Neutralize)
Clean 2D (ID: Clean2D)",,3098,CCOCN(C(=O)CCl)c1c(C)cccc1CC
"InChI=1S/C6H12O2/c1-4-6(2,3)5(7)8/h4H2,1-3H3,(H,7,8)",,595-37-9  595-37-9,1,3100,"Clear Stereo (ID: ClearStereo)
Wedge Clean (ID: WedgeClean)
Mesomerize (ID: Mesomerize)
Tautomerize (ID: Tautomerize)
Add Explicit Hydrogens (ID: AddExplicitH)
Neutralize (ID: Neutralize)
Clean 2D (ID: Clean2D)",,3100,CCC(C)(C)C(=O)O
"InChI=1S/C5Cl6/c6-1-2(7)4(9)5(10,11)3(1)8",,77-47-4,1,3102,"Clear Stereo (ID: ClearStereo)
Wedge Clean (ID: WedgeClean)
Mesomerize (ID: Mesomerize)
Tautomerize (ID: Tautomerize)
Clean 2D (ID: Clean2D)",,3102,ClC1=C(Cl)C(Cl)(Cl)C(Cl)=C1Cl
"InChI=1S/C5H8O2/c1-4(2)5(6)7-3/h1H2,2-3H3",,80-62-6,1,3107,"Clear Stereo (ID: ClearStereo)
Wedge Clean (ID: WedgeClean)
Mesomerize (ID: Mesomerize)
Tautomerize (ID: Tautomerize)
Add Explicit Hydrogens (ID: AddExplicitH)
Neutralize (ID: Neutralize)
Clean 2D (ID: Clean2D)",,3107,C=C(C)C(=O)OC
"InChI=1S/C10H13NO2/c1-8(2)13-10(12)11-9-6-4-3-5-7-9/h3-8H,1-2H3,(H,11,12)",,122-42-9,1,3119,"Dearomatize (ID: Dearomatize)
Clear Stereo (ID: ClearStereo)
Wedge Clean (ID: WedgeClean)
Mesomerize (ID: Mesomerize)
Tautomerize (ID: Tautomerize)
Aromatize (ID: Aromatize)
Add Explicit Hydrogens (ID: AddExplicitH)
Neutralize (ID: Neutralize)
Clean 2D (ID: Clean2D)",,3119,CC(C)OC(=O)Nc1ccccc1
InChI=1S/C6H3ClN2O4/c7-5-2-1-4(8(10)11)3-6(5)9(12)13/h1-3H,,97-00-7,1,3124,"Dearomatize (ID: Dearomatize)
Clear Stereo (ID: ClearStereo)
Wedge Clean (ID: WedgeClean)
Mesomerize (ID: Mesomerize)
Tautomerize (ID: Tautomerize)
Aromatize (ID: Aromatize)
Add Explicit Hydrogens (ID: AddExplicitH)
Neutralize (ID: Neutralize)
Clean 2D (ID: Clean2D)",,3124,O=[N+]([O-])c1ccc(Cl)c([N+](=O)[O-])c1
"InChI=1S/C7H8ClNO3S/c1-4-2-6(9)7(3-5(4)8)13(10,11)12/h2-3H,9H2,1H3,(H,10,11,12)",,88-53-9,1,3125,"Dearomatize (ID: Dearomatize)
Clear Stereo (ID: ClearStereo)
Wedge Clean (ID: WedgeClean)
Mesomerize (ID: Mesomerize)
Tautomerize (ID: Tautomerize)
Aromatize (ID: Aromatize)
Add Explicit Hydrogens (ID: AddExplicitH)
Neutralize (ID: Neutralize)
Clean 2D (ID: Clean2D)",,3125,Cc1cc(N)c(S(=O)(=O)O)cc1Cl
"InChI=1S/CCl4/c2-1(3,4)5",,56-23-5,1,3126,"Clear Stereo (ID: ClearStereo)
Wedge Clean (ID: WedgeClean)
Mesomerize (ID: Mesomerize)
Tautomerize (ID: Tautomerize)
Clean 2D (ID: Clean2D)",,3126,ClC(Cl)(Cl)Cl
InChI=1S/C12HCl7O2/c13-2-1-3-10(7(17)4(2)14)21-12-9(19)6(16)5(15)8(18)11(12)20-3/h1H,,35822-46-9,1,3134,"Dearomatize (ID: Dearomatize)
Clear Stereo (ID: ClearStereo)
Wedge Clean (ID: WedgeClean)
Mesomerize (ID: Mesomerize)
Tautomerize (ID: Tautomerize)
Aromatize (ID: Aromatize)
Add Explicit Hydrogens (ID: AddExplicitH)
Neutralize (ID: Neutralize)
Clean 2D (ID: Clean2D)",,3134,Clc1cc2c(c(Cl)c1Cl)Oc1c(Cl)c(Cl)c(Cl)c(Cl)c1O2
InChI=1S/C12H2Cl6O2/c13-3-1-5-6(2-4(3)14)20-12-10(18)8(16)7(15)9(17)11(12)19-5/h1-2H,,39227-28-6,1,3135,"Dearomatize (ID: Dearomatize)
Clear Stereo (ID: ClearStereo)
Wedge Clean (ID: WedgeClean)
Mesomerize (ID: Mesomerize)
Tautomerize (ID: Tautomerize)
Aromatize (ID: Aromatize)
Add Explicit Hydrogens (ID: AddExplicitH)
Neutralize (ID: Neutralize)
Clean 2D (ID: Clean2D)",,3135,Clc1cc2c(cc1Cl)Oc1c(Cl)c(Cl)c(Cl)c(Cl)c1O2
InChI=1S/C6H4N2O4/c9-7(10)5-2-1-3-6(4-5)8(11)12/h1-4H,2B,99-65-0,1,3136,"Dearomatize (ID: Dearomatize)
Clear Stereo (ID: ClearStereo)
Wedge Clean (ID: WedgeClean)
Mesomerize (ID: Mesomerize)
Tautomerize (ID: Tautomerize)
Aromatize (ID: Aromatize)
Add Explicit Hydrogens (ID: AddExplicitH)
Neutralize (ID: Neutralize)
Clean 2D (ID: Clean2D)",,3136,O=[N+]([O-])c1cccc([N+](=O)[O-])c1
InChI=1S/C12HCl7O/c13-3-1-2-4-6(15)7(16)8(17)10(19)12(4)20-11(2)9(18)5(3)14/h1H,,67562-39-4,1,3141,"Dearomatize (ID: Dearomatize)
Clear Stereo (ID: ClearStereo)
Wedge Clean (ID: WedgeClean)
Mesomerize (ID: Mesomerize)
Tautomerize (ID: Tautomerize)
Aromatize (ID: Aromatize)
Add Explicit Hydrogens (ID: AddExplicitH)
Neutralize (ID: Neutralize)
Clean 2D (ID: Clean2D)",,3141,Clc1cc2c(oc3c(Cl)c(Cl)c(Cl)c(Cl)c32)c(Cl)c1Cl
"InChI=1S/C10H20O/c1-10(2)8-6-4-3-5-7-9-11/h9-10H,3-8H2,1-2H3",,1321-89-7,1,3142,"Clear Stereo (ID: ClearStereo)
Wedge Clean (ID: WedgeClean)
Mesomerize (ID: Mesomerize)
Tautomerize (ID: Tautomerize)
Add Explicit Hydrogens (ID: AddExplicitH)
Neutralize (ID: Neutralize)
Clean 2D (ID: Clean2D)",,3142,CC(C)CCCCCCC=O
"InChI=1S/C10H18O/c1-9(2)8-4-6-10(3,11-9)7-5-8/h8H,4-7H2,1-3H3",,470-82-6,1,3147,"Clear Stereo (ID: ClearStereo)
Wedge Clean (ID: WedgeClean)
Mesomerize (ID: Mesomerize)
Tautomerize (ID: Tautomerize)
Add Explicit Hydrogens (ID: AddExplicitH)
Neutralize (ID: Neutralize)
Clean 2D (ID: Clean2D)",,3147,CC12CCC(CC1)C(C)(C)O2
"InChI=1S/C4H10O2/c5-3-1-2-4-6/h5-6H,1-4H2",,110-63-4,1,3149,"Clear Stereo (ID: ClearStereo)
Wedge Clean (ID: WedgeClean)
Mesomerize (ID: Mesomerize)
Tautomerize (ID: Tautomerize)
Add Explicit Hydrogens (ID: AddExplicitH)
Neutralize (ID: Neutralize)
Clean 2D (ID: Clean2D)",,3149,OCCCCO
InChI=1S/C2H3ClO/c1-2(3)4/h1H3,,75-36-5,1,3150,"Clear Stereo (ID: ClearStereo)
Wedge Clean (ID: WedgeClean)
Mesomerize (ID: Mesomerize)
Tautomerize (ID: Tautomerize)
Add Explicit Hydrogens (ID: AddExplicitH)
Neutralize (ID: Neutralize)
Clean 2D (ID: Clean2D)",,3150,CC(=O)Cl
"InChI=1S/C9H20O3/c1-4-5-11-7-9(3)12-6-8(2)10/h8-10H,4-7H2,1-3H3",2B,29911-27-1,1,3152,"Clear Stereo (ID: ClearStereo)
Wedge Clean (ID: WedgeClean)
Mesomerize (ID: Mesomerize)
Tautomerize (ID: Tautomerize)
Add Explicit Hydrogens (ID: AddExplicitH)
Neutralize (ID: Neutralize)
Clean 2D (ID: Clean2D)",,3152,CCCOCC(C)OCC(C)O
"InChI=1S/C12H18O2/c1-2-3-4-5-6-10-7-8-11(13)9-12(10)14/h7-9,13-14H,2-6H2,1H3",,136-77-6,1,3153,"Dearomatize (ID: Dearomatize)
Clear Stereo (ID: ClearStereo)
Wedge Clean (ID: WedgeClean)
Mesomerize (ID: Mesomerize)
Tautomerize (ID: Tautomerize)
Aromatize (ID: Aromatize)
Add Explicit Hydrogens (ID: AddExplicitH)
Neutralize (ID: Neutralize)
Clean 2D (ID: Clean2D)",,3153,CCCCCCc1ccc(O)cc1O
"InChI=1S/C7H9N/c8-6-7-4-2-1-3-5-7/h1-5H,6,8H2",,100-46-9,1,3159,"Dearomatize (ID: Dearomatize)
Clear Stereo (ID: ClearStereo)
Wedge Clean (ID: WedgeClean)
Mesomerize (ID: Mesomerize)
Tautomerize (ID: Tautomerize)
Aromatize (ID: Aromatize)
Add Explicit Hydrogens (ID: AddExplicitH)
Neutralize (ID: Neutralize)
Clean 2D (ID: Clean2D)",,3159,NCc1ccccc1
"InChI=1S/C3H9N/c1-2-3-4/h2-4H2,1H3",,107-10-8,1,3160,"Clear Stereo (ID: ClearStereo)
Wedge Clean (ID: WedgeClean)
Mesomerize (ID: Mesomerize)
Tautomerize (ID: Tautomerize)
Add Explicit Hydrogens (ID: AddExplicitH)
Neutralize (ID: Neutralize)
Clean 2D (ID: Clean2D)",,3160,CCCN
"InChI=1S/C6H6N2O3/c7-4-1-2-6(9)5(3-4)8(10)11/h1-3,9H,7H2",,119-34-6,1,3163,"Dearomatize (ID: Dearomatize)
Clear Stereo (ID: ClearStereo)
Wedge Clean (ID: WedgeClean)
Mesomerize (ID: Mesomerize)
Tautomerize (ID: Tautomerize)
Aromatize (ID: Aromatize)
Add Explicit Hydrogens (ID: AddExplicitH)
Neutralize (ID: Neutralize)
Clean 2D (ID: Clean2D)",,3163,Nc1ccc(O)c([N+](=O)[O-])c1
"InChI=1S/C11H12Cl2O3/c1-7(2)16-11(14)6-15-10-4-3-8(12)5-9(10)13/h3-5,7H,6H2,1-2H3",,94-11-1,1,3164,"Dearomatize (ID: Dearomatize)
Clear Stereo (ID: ClearStereo)
Wedge Clean (ID: WedgeClean)
Mesomerize (ID: Mesomerize)
Tautomerize (ID: Tautomerize)
Aromatize (ID: Aromatize)
Add Explicit Hydrogens (ID: AddExplicitH)
Neutralize (ID: Neutralize)
Clean 2D (ID: Clean2D)",,3164,CC(C)OC(=O)COc1ccc(Cl)cc1Cl
"InChI=1S/C10H14O/c1-10(2,3)8-6-4-5-7-9(8)11/h4-7,11H,1-3H3",,88-18-6,1,3174,"Dearomatize (ID: Dearomatize)
Clear Stereo (ID: ClearStereo)
Wedge Clean (ID: WedgeClean)
Mesomerize (ID: Mesomerize)
Tautomerize (ID: Tautomerize)
Aromatize (ID: Aromatize)
Add Explicit Hydrogens (ID: AddExplicitH)
Neutralize (ID: Neutralize)
Clean 2D (ID: Clean2D)",,3174,CC(C)(C)c1ccccc1O
"InChI=1S/C8H8O2/c9-8(10)6-7-4-2-1-3-5-7/h1-5H,6H2,(H,9,10)",,103-82-2,1,3179,"Dearomatize (ID: Dearomatize)
Clear Stereo (ID: ClearStereo)
Wedge Clean (ID: WedgeClean)
Mesomerize (ID: Mesomerize)
Tautomerize (ID: Tautomerize)
Aromatize (ID: Aromatize)
Add Explicit Hydrogens (ID: AddExplicitH)
Neutralize (ID: Neutralize)
Clean 2D (ID: Clean2D)",,3179,O=C(O)Cc1ccccc1
"InChI=1S/C17H25NO2/c1-3-5-6-11(4-2)10-18-16(19)14-12-7-8-13(9-12)15(14)17(18)20/h7-8,11-15H,3-6,9-10H2,1-2H3",,113-48-4,1,3180,"Clear Stereo (ID: ClearStereo)
Wedge Clean (ID: WedgeClean)
Mesomerize (ID: Mesomerize)
Tautomerize (ID: Tautomerize)
Add Explicit Hydrogens (ID: AddExplicitH)
Neutralize (ID: Neutralize)
Clean 2D (ID: Clean2D)",,3180,CCCCC(CC)CN1C(=O)C2C3C=CC(C3)C2C1=O
"InChI=1S/C6H12O2/c1-5(7)8-6(2,3)4/h1-4H3",,540-88-5,1,3184,"Clear Stereo (ID: ClearStereo)
Wedge Clean (ID: WedgeClean)
Mesomerize (ID: Mesomerize)
Tautomerize (ID: Tautomerize)
Add Explicit Hydrogens (ID: AddExplicitH)
Neutralize (ID: Neutralize)
Clean 2D (ID: Clean2D)",,3184,CC(=O)OC(C)(C)C
"InChI=1S/C4H10S/c1-4(2,3)5/h5H,1-3H3",,75-66-1,1,3186,"Clear Stereo (ID: ClearStereo)
Wedge Clean (ID: WedgeClean)
Mesomerize (ID: Mesomerize)
Tautomerize (ID: Tautomerize)
Add Explicit Hydrogens (ID: AddExplicitH)
Neutralize (ID: Neutralize)
Clean 2D (ID: Clean2D)",,3186,CC(C)(C)S
"InChI=1S/C12H26S/c1-2-3-4-5-6-7-8-9-10-11-12-13/h13H,2-12H2,1H3",,112-55-0,1,3187,"Clear Stereo (ID: ClearStereo)
Wedge Clean (ID: WedgeClean)
Mesomerize (ID: Mesomerize)
Tautomerize (ID: Tautomerize)
Add Explicit Hydrogens (ID: AddExplicitH)
Neutralize (ID: Neutralize)
Clean 2D (ID: Clean2D)",,3187,CCCCCCCCCCCCS
"InChI=1S/C10H11ClO3/c1-6-5-8(11)3-4-9(6)14-7(2)10(12)13/h3-5,7H,1-2H3,(H,12,13)",,93-65-2,1,3189,"Dearomatize (ID: Dearomatize)
Clear Stereo (ID: ClearStereo)
Wedge Clean (ID: WedgeClean)
Mesomerize (ID: Mesomerize)
Tautomerize (ID: Tautomerize)
Aromatize (ID: Aromatize)
Add Explicit Hydrogens (ID: AddExplicitH)
Neutralize (ID: Neutralize)
Clean 2D (ID: Clean2D)",,3189,Cc1cc(Cl)ccc1OC(C)C(=O)O
"InChI=1S/C7H17O3P/c1-6(2)9-11(5,8)10-7(3)4/h6-7H,1-5H3",,1445-75-6,1,3191,"Clear Stereo (ID: ClearStereo)
Wedge Clean (ID: WedgeClean)
Mesomerize (ID: Mesomerize)
Tautomerize (ID: Tautomerize)
Add Explicit Hydrogens (ID: AddExplicitH)
Neutralize (ID: Neutralize)
Clean 2D (ID: Clean2D)",,3191,CC(C)OP(C)(=O)OC(C)C
"InChI=1S/C12H14O4/c1-2-9(13-5-11-7-15-11)4-10(3-1)14-6-12-8-16-12/h1-4,11-12H,5-8H2",,101-90-6,1,3195,"Dearomatize (ID: Dearomatize)
Clear Stereo (ID: ClearStereo)
Wedge Clean (ID: WedgeClean)
Mesomerize (ID: Mesomerize)
Tautomerize (ID: Tautomerize)
Aromatize (ID: Aromatize)
Add Explicit Hydrogens (ID: AddExplicitH)
Neutralize (ID: Neutralize)
Clean 2D (ID: Clean2D)",,3195,c1cc(OCC2CO2)cc(OCC2CO2)c1
"InChI=1S/C4H10S/c1-2-3-4-5/h5H,2-4H2,1H3",,109-79-5,1,3196,"Clear Stereo (ID: ClearStereo)
Wedge Clean (ID: WedgeClean)
Mesomerize (ID: Mesomerize)
Tautomerize (ID: Tautomerize)
Add Explicit Hydrogens (ID: AddExplicitH)
Neutralize (ID: Neutralize)
Clean 2D (ID: Clean2D)",,3196,CCCCS
"InChI=1S/C6H6O3/c7-4-2-1-3-5(8)6(4)9/h1-3,7-9H",,87-66-1,1,3197,"Dearomatize (ID: Dearomatize)
Clear Stereo (ID: ClearStereo)
Wedge Clean (ID: WedgeClean)
Mesomerize (ID: Mesomerize)
Tautomerize (ID: Tautomerize)
Aromatize (ID: Aromatize)
Add Explicit Hydrogens (ID: AddExplicitH)
Neutralize (ID: Neutralize)
Clean 2D (ID: Clean2D)",,3197,Oc1cccc(O)c1O
"InChI=1S/C8H10O/c9-7-6-8-4-2-1-3-5-8/h1-5,9H,6-7H2",,60-12-8,1,3200,"Dearomatize (ID: Dearomatize)
Clear Stereo (ID: ClearStereo)
Wedge Clean (ID: WedgeClean)
Mesomerize (ID: Mesomerize)
Tautomerize (ID: Tautomerize)
Aromatize (ID: Aromatize)
Add Explicit Hydrogens (ID: AddExplicitH)
Neutralize (ID: Neutralize)
Clean 2D (ID: Clean2D)",,3200,OCCc1ccccc1
"InChI=1S/C7H12N2O4/c1-7(2)5(12)8(3-10)6(13)9(7)4-11/h10-11H,3-4H2,1-2H3",,6440-58-0,1,3202,"Clear Stereo (ID: ClearStereo)
Wedge Clean (ID: WedgeClean)
Mesomerize (ID: Mesomerize)
Tautomerize (ID: Tautomerize)
Add Explicit Hydrogens (ID: AddExplicitH)
Neutralize (ID: Neutralize)
Clean 2D (ID: Clean2D)",,3202,CC1(C)C(=O)N(CO)C(=O)N1CO
InChI=1S/CH2O/c1-2/h1H2,1,50-00-0,1,3204,"Mesomerize (ID: Mesomerize)
Tautomerize (ID: Tautomerize)
Add Explicit Hydrogens (ID: AddExplicitH)
Neutralize (ID: Neutralize)
Clean 2D (ID: Clean2D)",,3204,C=O
"InChI=1S/C3H5NO/c4-2-1-3-5/h5H,1,3H2",,109-78-4,1,3205,"Clear Stereo (ID: ClearStereo)
Wedge Clean (ID: WedgeClean)
Mesomerize (ID: Mesomerize)
Tautomerize (ID: Tautomerize)
Add Explicit Hydrogens (ID: AddExplicitH)
Neutralize (ID: Neutralize)
Clean 2D (ID: Clean2D)",,3205,N#CCCO
InChI=1S/C2H4Cl2/c3-1-2-4/h1-2H2,,107-06-2,1,3206,"Clear Stereo (ID: ClearStereo)
Wedge Clean (ID: WedgeClean)
Mesomerize (ID: Mesomerize)
Tautomerize (ID: Tautomerize)
Add Explicit Hydrogens (ID: AddExplicitH)
Neutralize (ID: Neutralize)
Clean 2D (ID: Clean2D)",,3206,ClCCCl
"InChI=1S/C18H35ClO/c1-2-3-4-5-6-7-8-9-10-11-12-13-14-15-16-17-18(19)20/h2-17H2,1H3",,112-76-5,1,3210,"Clear Stereo (ID: ClearStereo)
Wedge Clean (ID: WedgeClean)
Mesomerize (ID: Mesomerize)
Tautomerize (ID: Tautomerize)
Add Explicit Hydrogens (ID: AddExplicitH)
Neutralize (ID: Neutralize)
Clean 2D (ID: Clean2D)",,3210,CCCCCCCCCCCCCCCCCC(=O)Cl
"InChI=1S/C10H16O/c1-9(2)5-4-6-10(3)7-8-11/h5,7-8H,4,6H2,1-3H3",,5392-40-5,1,3212,"Clear Stereo (ID: ClearStereo)
Wedge Clean (ID: WedgeClean)
Mesomerize (ID: Mesomerize)
Tautomerize (ID: Tautomerize)
Add Explicit Hydrogens (ID: AddExplicitH)
Neutralize (ID: Neutralize)
Clean 2D (ID: Clean2D)",,3212,CC(C)=CCCC(C)=CC=O
"InChI=1S/C3H5NO/c1-2-4-3-5/h2H2,1H3",,109-90-0,1,3214,"Clear Stereo (ID: ClearStereo)
Wedge Clean (ID: WedgeClean)
Mesomerize (ID: Mesomerize)
Tautomerize (ID: Tautomerize)
Add Explicit Hydrogens (ID: AddExplicitH)
Neutralize (ID: Neutralize)
Clean 2D (ID: Clean2D)",,3214,CCN=C=O
"InChI=1S/C9H11Cl2FN2O2S2/c1-13(2)18(15,16)14(17-9(10,11)12)8-6-4-3-5-7-8/h3-7H,1-2H3",,1085-98-9,1,3215,"Dearomatize (ID: Dearomatize)
Clear Stereo (ID: ClearStereo)
Wedge Clean (ID: WedgeClean)
Mesomerize (ID: Mesomerize)
Tautomerize (ID: Tautomerize)
Aromatize (ID: Aromatize)
Add Explicit Hydrogens (ID: AddExplicitH)
Neutralize (ID: Neutralize)
Clean 2D (ID: Clean2D)",,3215,CN(C)S(=O)(=O)N(SC(F)(Cl)Cl)c1ccccc1
"InChI=1S/C7H8O/c8-6-7-4-2-1-3-5-7/h1-5,8H,6H2",,100-51-6,1,3218,"Dearomatize (ID: Dearomatize)
Clear Stereo (ID: ClearStereo)
Wedge Clean (ID: WedgeClean)
Mesomerize (ID: Mesomerize)
Tautomerize (ID: Tautomerize)
Aromatize (ID: Aromatize)
Add Explicit Hydrogens (ID: AddExplicitH)
Neutralize (ID: Neutralize)
Clean 2D (ID: Clean2D)",,3218,OCc1ccccc1
"InChI=1S/C3H9O4P/c1-5-8(4,6-2)7-3/h1-3H3",,512-56-1,1,3219,"Clear Stereo (ID: ClearStereo)
Wedge Clean (ID: WedgeClean)
Mesomerize (ID: Mesomerize)
Tautomerize (ID: Tautomerize)
Add Explicit Hydrogens (ID: AddExplicitH)
Neutralize (ID: Neutralize)
Clean 2D (ID: Clean2D)",,3219,COP(=O)(OC)OC
"InChI=1S/C16H26O3/c1-2-3-4-5-6-7-8-9-10-11-12-14-13-15(17)19-16(14)18/h11-12,14H,2-10,13H2,1H3",,25377-73-5,1,3222,"Clear Stereo (ID: ClearStereo)
Wedge Clean (ID: WedgeClean)
Mesomerize (ID: Mesomerize)
Tautomerize (ID: Tautomerize)
Add Explicit Hydrogens (ID: AddExplicitH)
Neutralize (ID: Neutralize)
Clean 2D (ID: Clean2D)",,3222,CCCCCCCCCCC=CC1CC(=O)OC1=O
"InChI=1S/C8H16O2/c1-2-3-4-5-6-7-8(9)10/h2-7H2,1H3,(H,9,10)",,124-07-2,1,3228,"Clear Stereo (ID: ClearStereo)
Wedge Clean (ID: WedgeClean)
Mesomerize (ID: Mesomerize)
Tautomerize (ID: Tautomerize)
Add Explicit Hydrogens (ID: AddExplicitH)
Neutralize (ID: Neutralize)
Clean 2D (ID: Clean2D)",,3228,CCCCCCCC(=O)O
"InChI=1S/C7H6O4/c8-4-1-2-6(9)5(3-4)7(10)11/h1-3,8-9H,(H,10,11)",,490-79-9,1,3231,"Dearomatize (ID: Dearomatize)
Clear Stereo (ID: ClearStereo)
Wedge Clean (ID: WedgeClean)
Mesomerize (ID: Mesomerize)
Tautomerize (ID: Tautomerize)
Aromatize (ID: Aromatize)
Add Explicit Hydrogens (ID: AddExplicitH)
Neutralize (ID: Neutralize)
Clean 2D (ID: Clean2D)",,3231,O=C(O)c1cc(O)ccc1O
"InChI=1S/C5H12O4/c6-1-5(2-7,3-8)4-9/h6-9H,1-4H2",,115-77-5,1,3233,"Clear Stereo (ID: ClearStereo)
Wedge Clean (ID: WedgeClean)
Mesomerize (ID: Mesomerize)
Tautomerize (ID: Tautomerize)
Add Explicit Hydrogens (ID: AddExplicitH)
Neutralize (ID: Neutralize)
Clean 2D (ID: Clean2D)",,3233,OCC(CO)(CO)CO
"InChI=1S/C17H21NO2/c1-4-18(5-2)17(19)13(3)20-16-12-8-10-14-9-6-7-11-15(14)16/h6-13H,4-5H2,1-3H3",,15299-99-7,1,3234,"Dearomatize (ID: Dearomatize)
Clear Stereo (ID: ClearStereo)
Wedge Clean (ID: WedgeClean)
Mesomerize (ID: Mesomerize)
Tautomerize (ID: Tautomerize)
Aromatize (ID: Aromatize)
Add Explicit Hydrogens (ID: AddExplicitH)
Neutralize (ID: Neutralize)
Clean 2D (ID: Clean2D)",,3234,CCN(CC)C(=O)C(C)Oc1cccc2ccccc12
InChI=1S/C4H8O/c1-2-4-5-3-1/h1-4H2,1,109-99-9,1,3240,"Clear Stereo (ID: ClearStereo)
Wedge Clean (ID: WedgeClean)
Mesomerize (ID: Mesomerize)
Tautomerize (ID: Tautomerize)
Add Explicit Hydrogens (ID: AddExplicitH)
Neutralize (ID: Neutralize)
Clean 2D (ID: Clean2D)",,3240,C1CCOC1
"InChI=1S/C8H12INO2/c1-2-3-6-10-8(11)12-7-4-5-9/h2-3,6-7H2,1H3,(H,10,11)",,55406-53-6,1,3242,"Clear Stereo (ID: ClearStereo)
Wedge Clean (ID: WedgeClean)
Mesomerize (ID: Mesomerize)
Tautomerize (ID: Tautomerize)
Add Explicit Hydrogens (ID: AddExplicitH)
Neutralize (ID: Neutralize)
Clean 2D (ID: Clean2D)",,3242,CCCCNC(=O)OCC#CI
"InChI=1S/C16H14O6/c17-10-2-1-8-13-9-4-12(19)11(18)3-7(9)5-16(13,21)6-22-15(8)14(10)20/h1-4,13,17-21H,5-6H2",,517-28-2,1,3247,"Dearomatize (ID: Dearomatize)
Clear Stereo (ID: ClearStereo)
Wedge Clean (ID: WedgeClean)
Mesomerize (ID: Mesomerize)
Tautomerize (ID: Tautomerize)
Aromatize (ID: Aromatize)
Add Explicit Hydrogens (ID: AddExplicitH)
Neutralize (ID: Neutralize)
Clean 2D (ID: Clean2D)",,3247,Oc1cc2c(cc1O)C1c3ccc(O)c(O)c3OCC1(O)C2
"InChI=1S/C5H10O/c6-5-3-1-2-4-5/h5-6H,1-4H2",2A,96-41-3,1,3258,"Clear Stereo (ID: ClearStereo)
Wedge Clean (ID: WedgeClean)
Mesomerize (ID: Mesomerize)
Tautomerize (ID: Tautomerize)
Add Explicit Hydrogens (ID: AddExplicitH)
Neutralize (ID: Neutralize)
Clean 2D (ID: Clean2D)",,3258,OC1CCCC1
"InChI=1S/C3H8NO5P/c5-3(6)1-4-2-10(7,8)9/h4H,1-2H2,(H,5,6)(H2,7,8,9)",,1071-83-6,1,3261,"Clear Stereo (ID: ClearStereo)
Wedge Clean (ID: WedgeClean)
Mesomerize (ID: Mesomerize)
Tautomerize (ID: Tautomerize)
Add Explicit Hydrogens (ID: AddExplicitH)
Neutralize (ID: Neutralize)
Clean 2D (ID: Clean2D)",,3261,O=C(O)CNCP(=O)(O)O
"InChI=1S/C12H7Cl3O2/c13-7-1-3-11(9(15)5-7)17-12-4-2-8(14)6-10(12)16/h1-6,16H",,3380-34-5,1,3266,"Dearomatize (ID: Dearomatize)
Clear Stereo (ID: ClearStereo)
Wedge Clean (ID: WedgeClean)
Mesomerize (ID: Mesomerize)
Tautomerize (ID: Tautomerize)
Aromatize (ID: Aromatize)
Add Explicit Hydrogens (ID: AddExplicitH)
Neutralize (ID: Neutralize)
Clean 2D (ID: Clean2D)",,3266,Oc1cc(Cl)ccc1Oc1ccc(Cl)cc1Cl
"InChI=1S/C3H6ClNO2/c1-2-3(4)5(6)7/h3H,2H2,1H3",,600-25-9,1,3268,"Clear Stereo (ID: ClearStereo)
Wedge Clean (ID: WedgeClean)
Mesomerize (ID: Mesomerize)
Tautomerize (ID: Tautomerize)
Add Explicit Hydrogens (ID: AddExplicitH)
Neutralize (ID: Neutralize)
Clean 2D (ID: Clean2D)",,3268,CCC(Cl)[N+](=O)[O-]
"InChI=1S/C12H18O5/c1-9(2)11(13)16-7-5-15-6-8-17-12(14)10(3)4/h1,3,5-8H2,2,4H3",,2358-84-1,1,3271,"Clear Stereo (ID: ClearStereo)
Wedge Clean (ID: WedgeClean)
Mesomerize (ID: Mesomerize)
Tautomerize (ID: Tautomerize)
Add Explicit Hydrogens (ID: AddExplicitH)
Neutralize (ID: Neutralize)
Clean 2D (ID: Clean2D)",,3271,C=C(C)C(=O)OCCOCCOC(=O)C(=C)C
InChI=1S/C6H8Cl2O5/c7-5(9)12-3-1-11-2-4-13-6(8)10/h1-4H2,,106-75-2,1,3273,"Clear Stereo (ID: ClearStereo)
Wedge Clean (ID: WedgeClean)
Mesomerize (ID: Mesomerize)
Tautomerize (ID: Tautomerize)
Add Explicit Hydrogens (ID: AddExplicitH)
Neutralize (ID: Neutralize)
Clean 2D (ID: Clean2D)",,3273,O=C(Cl)OCCOCCOC(=O)Cl
"InChI=1S/C8H14ClNS2/c1-4-10(5-2)8(11)12-6-7(3)9/h3-6H2,1-2H3",,95-06-7,1,3283,"Clear Stereo (ID: ClearStereo)
Wedge Clean (ID: WedgeClean)
Mesomerize (ID: Mesomerize)
Tautomerize (ID: Tautomerize)
Add Explicit Hydrogens (ID: AddExplicitH)
Neutralize (ID: Neutralize)
Clean 2D (ID: Clean2D)",,3283,C=C(Cl)CSC(=S)N(CC)CC
"InChI=1S/C6H6ClNO3S/c7-5-2-1-4(3-6(5)8)12(9,10)11/h1-3H,8H2,(H,9,10,11)",1,98-36-2,1,3285,"Dearomatize (ID: Dearomatize)
Clear Stereo (ID: ClearStereo)
Wedge Clean (ID: WedgeClean)
Mesomerize (ID: Mesomerize)
Tautomerize (ID: Tautomerize)
Aromatize (ID: Aromatize)
Add Explicit Hydrogens (ID: AddExplicitH)
Neutralize (ID: Neutralize)
Clean 2D (ID: Clean2D)",,3285,Nc1cc(S(=O)(=O)O)ccc1Cl
"InChI=1S/C2H5ClO/c1-4-2-3/h2H2,1H3",,107-30-2,1,3286,"Clear Stereo (ID: ClearStereo)
Wedge Clean (ID: WedgeClean)
Mesomerize (ID: Mesomerize)
Tautomerize (ID: Tautomerize)
Add Explicit Hydrogens (ID: AddExplicitH)
Neutralize (ID: Neutralize)
Clean 2D (ID: Clean2D)",,3286,COCCl
InChI=1S/C6H3Cl3/c7-4-1-5(8)3-6(9)2-4/h1-3H,,108-70-3,1,3287,"Dearomatize (ID: Dearomatize)
Clear Stereo (ID: ClearStereo)
Wedge Clean (ID: WedgeClean)
Mesomerize (ID: Mesomerize)
Tautomerize (ID: Tautomerize)
Aromatize (ID: Aromatize)
Add Explicit Hydrogens (ID: AddExplicitH)
Neutralize (ID: Neutralize)
Clean 2D (ID: Clean2D)",,3287,Clc1cc(Cl)cc(Cl)c1
"InChI=1S/C5H10O3/c1-5(6)8-4-3-7-2/h3-4H2,1-2H3",1,110-49-6,1,3291,"Clear Stereo (ID: ClearStereo)
Wedge Clean (ID: WedgeClean)
Mesomerize (ID: Mesomerize)
Tautomerize (ID: Tautomerize)
Add Explicit Hydrogens (ID: AddExplicitH)
Neutralize (ID: Neutralize)
Clean 2D (ID: Clean2D)",,3291,COCCOC(C)=O
InChI=1S/C2H3ClO2/c1-5-2(3)4/h1H3,,79-22-1,1,3296,"Clear Stereo (ID: ClearStereo)
Wedge Clean (ID: WedgeClean)
Mesomerize (ID: Mesomerize)
Tautomerize (ID: Tautomerize)
Add Explicit Hydrogens (ID: AddExplicitH)
Neutralize (ID: Neutralize)
Clean 2D (ID: Clean2D)",,3296,COC(=O)Cl
"InChI=1S/C8H6O4/c9-7(10)5-3-1-2-4-6(5)8(11)12/h1-4H,(H,9,10)(H,11,12)",,88-99-3,1,3298,"Dearomatize (ID: Dearomatize)
Clear Stereo (ID: ClearStereo)
Wedge Clean (ID: WedgeClean)
Mesomerize (ID: Mesomerize)
Tautomerize (ID: Tautomerize)
Aromatize (ID: Aromatize)
Add Explicit Hydrogens (ID: AddExplicitH)
Neutralize (ID: Neutralize)
Clean 2D (ID: Clean2D)",,3298,O=C(O)c1ccccc1C(=O)O
"InChI=1S/C11H16O/c1-8-5-6-9(10(12)7-8)11(2,3)4/h5-7,12H,1-4H3",,88-60-8,1,3301,"Dearomatize (ID: Dearomatize)
Clear Stereo (ID: ClearStereo)
Wedge Clean (ID: WedgeClean)
Mesomerize (ID: Mesomerize)
Tautomerize (ID: Tautomerize)
Aromatize (ID: Aromatize)
Add Explicit Hydrogens (ID: AddExplicitH)
Neutralize (ID: Neutralize)
Clean 2D (ID: Clean2D)",,3301,Cc1ccc(C(C)(C)C)c(O)c1
"InChI=1S/C2H4N4O2/c3-1(7)5-6-2(4)8/h(H2,3,7)(H2,4,8)",,123-77-3,1,3303,"Clear Stereo (ID: ClearStereo)
Wedge Clean (ID: WedgeClean)
Mesomerize (ID: Mesomerize)
Tautomerize (ID: Tautomerize)
Add Explicit Hydrogens (ID: AddExplicitH)
Neutralize (ID: Neutralize)
Clean 2D (ID: Clean2D)",,3303,NC(=O)N=NC(N)=O
"InChI=1S/C5H6O2/c6-4-5-2-1-3-7-5/h1-3,6H,4H2",,98-00-0,1,3305,"Dearomatize (ID: Dearomatize)
Clear Stereo (ID: ClearStereo)
Wedge Clean (ID: WedgeClean)
Mesomerize (ID: Mesomerize)
Tautomerize (ID: Tautomerize)
Aromatize (ID: Aromatize)
Add Explicit Hydrogens (ID: AddExplicitH)
Neutralize (ID: Neutralize)
Clean 2D (ID: Clean2D)",,3305,OCc1ccco1
"InChI=1S/C8H7ClO2/c1-11-8(10)6-3-2-4-7(9)5-6/h2-5H,1H3",,2905-65-9,1,3312,"Dearomatize (ID: Dearomatize)
Clear Stereo (ID: ClearStereo)
Wedge Clean (ID: WedgeClean)
Mesomerize (ID: Mesomerize)
Tautomerize (ID: Tautomerize)
Aromatize (ID: Aromatize)
Add Explicit Hydrogens (ID: AddExplicitH)
Neutralize (ID: Neutralize)
Clean 2D (ID: Clean2D)",,3312,COC(=O)c1cccc(Cl)c1
"InChI=1S/C11H14O2/c1-2-3-9-13-11(12)10-7-5-4-6-8-10/h4-8H,2-3,9H2,1H3",,136-60-7,1,3319,"Dearomatize (ID: Dearomatize)
Clear Stereo (ID: ClearStereo)
Wedge Clean (ID: WedgeClean)
Mesomerize (ID: Mesomerize)
Tautomerize (ID: Tautomerize)
Aromatize (ID: Aromatize)
Add Explicit Hydrogens (ID: AddExplicitH)
Neutralize (ID: Neutralize)
Clean 2D (ID: Clean2D)",,3319,CCCCOC(=O)c1ccccc1
InChI=1S/C2HCl3/c3-1-2(4)5/h1H,,79-01-6,1,3320,"Clear Stereo (ID: ClearStereo)
Wedge Clean (ID: WedgeClean)
Mesomerize (ID: Mesomerize)
Tautomerize (ID: Tautomerize)
Add Explicit Hydrogens (ID: AddExplicitH)
Neutralize (ID: Neutralize)
Clean 2D (ID: Clean2D)",,3320,ClC=C(Cl)Cl
InChI=1S/C12H2Cl6O/c13-5-1-3-4-2-6(14)8(16)10(18)12(4)19-11(3)9(17)7(5)15/h1-2H,,60851-34-5,1,3323,"Dearomatize (ID: Dearomatize)
Clear Stereo (ID: ClearStereo)
Wedge Clean (ID: WedgeClean)
Mesomerize (ID: Mesomerize)
Tautomerize (ID: Tautomerize)
Aromatize (ID: Aromatize)
Add Explicit Hydrogens (ID: AddExplicitH)
Neutralize (ID: Neutralize)
Clean 2D (ID: Clean2D)",,3323,Clc1cc2c(oc3c(Cl)c(Cl)c(Cl)cc32)c(Cl)c1Cl
InChI=1S/C3H6N6O6/c10-7(11)4-1-5(8(12)13)3-6(2-4)9(14)15/h1-3H2,,121-82-4,1,3324,"Clear Stereo (ID: ClearStereo)
Wedge Clean (ID: WedgeClean)
Mesomerize (ID: Mesomerize)
Tautomerize (ID: Tautomerize)
Add Explicit Hydrogens (ID: AddExplicitH)
Neutralize (ID: Neutralize)
Clean 2D (ID: Clean2D)",,3324,O=[N+]([O-])N1CN([N+](=O)[O-])CN([N+](=O)[O-])C1
"InChI=1S/C19H22FN3O4/c1-10-8-22(6-5-21-10)16-14(20)7-12-15(18(16)27-2)23(11-3-4-11)9-13(17(12)24)19(25)26/h7,9-11,21H,3-6,8H2,1-2H3,(H,25,26)",,112811-59-3,1,3325,"Dearomatize (ID: Dearomatize)
Clear Stereo (ID: ClearStereo)
Wedge Clean (ID: WedgeClean)
Mesomerize (ID: Mesomerize)
Tautomerize (ID: Tautomerize)
Aromatize (ID: Aromatize)
Add Explicit Hydrogens (ID: AddExplicitH)
Neutralize (ID: Neutralize)
Clean 2D (ID: Clean2D)",,3325,COc1c(N2CCNC(C)C2)c(F)cc2c(=O)c(C(=O)O)cn(C3CC3)c12
"InChI=1S/C8H6BrN/c9-8(6-10)7-4-2-1-3-5-7/h1-5,8H",,5798-79-8,1,3328,"Dearomatize (ID: Dearomatize)
Clear Stereo (ID: ClearStereo)
Wedge Clean (ID: WedgeClean)
Mesomerize (ID: Mesomerize)
Tautomerize (ID: Tautomerize)
Aromatize (ID: Aromatize)
Add Explicit Hydrogens (ID: AddExplicitH)
Neutralize (ID: Neutralize)
Clean 2D (ID: Clean2D)",,3328,N#CC(Br)c1ccccc1
"InChI=1S/C7H13NO3S/c1-5(9)8-6(7(10)11)3-4-12-2/h6H,3-4H2,1-2H3,(H,8,9)(H,10,11)",1,1115-47-5,1,3331,"Clear Stereo (ID: ClearStereo)
Wedge Clean (ID: WedgeClean)
Mesomerize (ID: Mesomerize)
Tautomerize (ID: Tautomerize)
Add Explicit Hydrogens (ID: AddExplicitH)
Neutralize (ID: Neutralize)
Clean 2D (ID: Clean2D)",,3331,CSCCC(NC(C)=O)C(=O)O
InChI=1S/C4H6BrNO4/c5-4(6(7)8)1-9-3-10-2-4/h1-3H2,,30007-47-7,1,3332,"Clear Stereo (ID: ClearStereo)
Wedge Clean (ID: WedgeClean)
Mesomerize (ID: Mesomerize)
Tautomerize (ID: Tautomerize)
Add Explicit Hydrogens (ID: AddExplicitH)
Neutralize (ID: Neutralize)
Clean 2D (ID: Clean2D)",,3332,O=[N+]([O-])C1(Br)COCOC1
"InChI=1S/C4H6Cl2/c1-2-4(6)3-5/h2,4H,1,3H2",,760-23-6,1,3333,"Clear Stereo (ID: ClearStereo)
Wedge Clean (ID: WedgeClean)
Mesomerize (ID: Mesomerize)
Tautomerize (ID: Tautomerize)
Add Explicit Hydrogens (ID: AddExplicitH)
Neutralize (ID: Neutralize)
Clean 2D (ID: Clean2D)",,3333,C=CC(Cl)CCl
"InChI=1S/C3H6O/c1-2-3-4/h2,4H,1,3H2",2A,107-18-6,1,3342,"Clear Stereo (ID: ClearStereo)
Wedge Clean (ID: WedgeClean)
Mesomerize (ID: Mesomerize)
Tautomerize (ID: Tautomerize)
Add Explicit Hydrogens (ID: AddExplicitH)
Neutralize (ID: Neutralize)
Clean 2D (ID: Clean2D)",,3342,C=CCO
"InChI=1S/C11H10BrN5/c12-9-7(17-11-15-5-6-16-11)1-2-8-10(9)14-4-3-13-8/h1-4H,5-6H2,(H2,15,16,17)",,59803-98-4,1,3345,"Dearomatize (ID: Dearomatize)
Clear Stereo (ID: ClearStereo)
Wedge Clean (ID: WedgeClean)
Mesomerize (ID: Mesomerize)
Tautomerize (ID: Tautomerize)
Aromatize (ID: Aromatize)
Add Explicit Hydrogens (ID: AddExplicitH)
Neutralize (ID: Neutralize)
Clean 2D (ID: Clean2D)",,3345,Brc1c(NC2=NCCN2)ccc2nccnc12
"InChI=1S/C9H10/c1-8(2)9-6-4-3-5-7-9/h3-7H,1H2,2H3",,98-83-9,1,3346,"Dearomatize (ID: Dearomatize)
Clear Stereo (ID: ClearStereo)
Wedge Clean (ID: WedgeClean)
Mesomerize (ID: Mesomerize)
Tautomerize (ID: Tautomerize)
Aromatize (ID: Aromatize)
Add Explicit Hydrogens (ID: AddExplicitH)
Neutralize (ID: Neutralize)
Clean 2D (ID: Clean2D)",,3346,C=C(C)c1ccccc1
"InChI=1S/C17H14N2O/c1-12-6-2-5-9-15(12)18-19-17-14-8-4-3-7-13(14)10-11-16(17)20/h2-11,18H,1H3",,2646-17-5,1,3350,"Dearomatize (ID: Dearomatize)
Clear Stereo (ID: ClearStereo)
Wedge Clean (ID: WedgeClean)
Mesomerize (ID: Mesomerize)
Tautomerize (ID: Tautomerize)
Aromatize (ID: Aromatize)
Add Explicit Hydrogens (ID: AddExplicitH)
Neutralize (ID: Neutralize)
Clean 2D (ID: Clean2D)",,3350,Cc1ccccc1NN=C1C(=O)C=Cc2ccccc21
"InChI=1S/C3H8N2O/c1-5(2)3(4)6/h1-2H3,(H2,4,6)",,598-94-7,1,3353,"Clear Stereo (ID: ClearStereo)
Wedge Clean (ID: WedgeClean)
Mesomerize (ID: Mesomerize)
Tautomerize (ID: Tautomerize)
Add Explicit Hydrogens (ID: AddExplicitH)
Neutralize (ID: Neutralize)
Clean 2D (ID: Clean2D)",,3353,CN(C)C(N)=O
"InChI=1S/C4H11N/c1-4(2,3)5/h5H2,1-3H3",,75-64-9,1,3357,"Clear Stereo (ID: ClearStereo)
Wedge Clean (ID: WedgeClean)
Mesomerize (ID: Mesomerize)
Tautomerize (ID: Tautomerize)
Add Explicit Hydrogens (ID: AddExplicitH)
Neutralize (ID: Neutralize)
Clean 2D (ID: Clean2D)",,3357,CC(C)(C)N
"InChI=1S/C6H10O4S2/c7-5(8)1-3-11-12-4-2-6(9)10/h1-4H2,(H,7,8)(H,9,10)",2A,1119-62-6,1,3359,"Clear Stereo (ID: ClearStereo)
Wedge Clean (ID: WedgeClean)
Mesomerize (ID: Mesomerize)
Tautomerize (ID: Tautomerize)
Add Explicit Hydrogens (ID: AddExplicitH)
Neutralize (ID: Neutralize)
Clean 2D (ID: Clean2D)",,3359,O=C(O)CCSSCCC(=O)O
InChI=1S/C12H2Cl6O2/c13-3-1-5-11(9(17)7(3)15)20-6-2-4(14)8(16)10(18)12(6)19-5/h1-2H,,57653-85-7,1,3360,"Dearomatize (ID: Dearomatize)
Clear Stereo (ID: ClearStereo)
Wedge Clean (ID: WedgeClean)
Mesomerize (ID: Mesomerize)
Tautomerize (ID: Tautomerize)
Aromatize (ID: Aromatize)
Add Explicit Hydrogens (ID: AddExplicitH)
Neutralize (ID: Neutralize)
Clean 2D (ID: Clean2D)",,3360,Clc1cc2c(c(Cl)c1Cl)Oc1cc(Cl)c(Cl)c(Cl)c1O2
"InChI=1S/C7H6O6S/c8-6-2-1-4(14(11,12)13)3-5(6)7(9)10/h1-3,8H,(H,9,10)(H,11,12,13)",,97-05-2,1,3361,"Dearomatize (ID: Dearomatize)
Clear Stereo (ID: ClearStereo)
Wedge Clean (ID: WedgeClean)
Mesomerize (ID: Mesomerize)
Tautomerize (ID: Tautomerize)
Aromatize (ID: Aromatize)
Add Explicit Hydrogens (ID: AddExplicitH)
Neutralize (ID: Neutralize)
Clean 2D (ID: Clean2D)",,3361,O=C(O)c1cc(S(=O)(=O)O)ccc1O
"InChI=1S/C14H11N/c15-14-6-5-12-7-10-3-1-2-4-11(10)8-13(12)9-14/h1-9H,15H2",,613-13-8,1,3362,"Dearomatize (ID: Dearomatize)
Clear Stereo (ID: ClearStereo)
Wedge Clean (ID: WedgeClean)
Mesomerize (ID: Mesomerize)
Tautomerize (ID: Tautomerize)
Aromatize (ID: Aromatize)
Add Explicit Hydrogens (ID: AddExplicitH)
Neutralize (ID: Neutralize)
Clean 2D (ID: Clean2D)",,3362,Nc1ccc2cc3ccccc3cc2c1
"InChI=1S/C8H17ClO/c9-7-5-3-1-2-4-6-8-10/h10H,1-8H2",1,23144-52-7,1,3363,"Clear Stereo (ID: ClearStereo)
Wedge Clean (ID: WedgeClean)
Mesomerize (ID: Mesomerize)
Tautomerize (ID: Tautomerize)
Add Explicit Hydrogens (ID: AddExplicitH)
Neutralize (ID: Neutralize)
Clean 2D (ID: Clean2D)",,3363,OCCCCCCCCCl
"InChI=1S/C4H10N2O3/c7-3-1-6(5-9)2-4-8/h7-8H,1-4H2",,1116-54-7,1,3368,"Clear Stereo (ID: ClearStereo)
Wedge Clean (ID: WedgeClean)
Mesomerize (ID: Mesomerize)
Tautomerize (ID: Tautomerize)
Add Explicit Hydrogens (ID: AddExplicitH)
Neutralize (ID: Neutralize)
Clean 2D (ID: Clean2D)",,3368,O=NN(CCO)CCO
InChI=1S/CCl2O/c2-1(3)4,,75-44-5,1,3371,"Clear Stereo (ID: ClearStereo)
Wedge Clean (ID: WedgeClean)
Mesomerize (ID: Mesomerize)
Tautomerize (ID: Tautomerize)
Clean 2D (ID: Clean2D)",,3371,O=C(Cl)Cl
"InChI=1S/C7H6N2S/c10-7-8-5-3-1-2-4-6(5)9-7/h1-4H,(H2,8,9,10)",,583-39-1,1,3373,"Dearomatize (ID: Dearomatize)
Clear Stereo (ID: ClearStereo)
Wedge Clean (ID: WedgeClean)
Mesomerize (ID: Mesomerize)
Tautomerize (ID: Tautomerize)
Aromatize (ID: Aromatize)
Add Explicit Hydrogens (ID: AddExplicitH)
Neutralize (ID: Neutralize)
Clean 2D (ID: Clean2D)",,3373,S=c1[nH]c2ccccc2[nH]1
"InChI=1S/C5H10/c1-4-5(2)3/h4-5H,1H2,2-3H3",,563-45-1,1,3374,"Clear Stereo (ID: ClearStereo)
Wedge Clean (ID: WedgeClean)
Mesomerize (ID: Mesomerize)
Tautomerize (ID: Tautomerize)
Add Explicit Hydrogens (ID: AddExplicitH)
Neutralize (ID: Neutralize)
Clean 2D (ID: Clean2D)",,3374,C=CC(C)C
"InChI=1S/C24H46O4/c1-3-5-7-9-11-13-15-17-19-21-23(25)27-28-24(26)22-20-18-16-14-12-10-8-6-4-2/h3-22H2,1-2H3",,105-74-8,1,3378,"Clear Stereo (ID: ClearStereo)
Wedge Clean (ID: WedgeClean)
Mesomerize (ID: Mesomerize)
Tautomerize (ID: Tautomerize)
Add Explicit Hydrogens (ID: AddExplicitH)
Neutralize (ID: Neutralize)
Clean 2D (ID: Clean2D)",,3378,CCCCCCCCCCCC(=O)OOC(=O)CCCCCCCCCCC
"InChI=1S/C8H18O/c1-3-5-6-8(4-2)7-9/h8-9H,3-7H2,1-2H3",1,12645-31-7,1,3379,"Clear Stereo (ID: ClearStereo)
Wedge Clean (ID: WedgeClean)
Mesomerize (ID: Mesomerize)
Tautomerize (ID: Tautomerize)
Add Explicit Hydrogens (ID: AddExplicitH)
Neutralize (ID: Neutralize)
Clean 2D (ID: Clean2D)",,3379,CCCCC(CC)CO
"InChI=1S/C15H23ClO4S/c1-12(20-21(17)19-10-9-16)11-18-14-7-5-13(6-8-14)15(2,3)4/h5-8,12H,9-11H2,1-4H3",,140-57-8,1,3383,"Dearomatize (ID: Dearomatize)
Clear Stereo (ID: ClearStereo)
Wedge Clean (ID: WedgeClean)
Mesomerize (ID: Mesomerize)
Tautomerize (ID: Tautomerize)
Aromatize (ID: Aromatize)
Add Explicit Hydrogens (ID: AddExplicitH)
Neutralize (ID: Neutralize)
Clean 2D (ID: Clean2D)",,3383,CC(COc1ccc(C(C)(C)C)cc1)OS(=O)OCCCl
"InChI=1S/C18H27NO3/c1-14(2)8-6-4-5-7-9-18(21)19-13-15-10-11-16(20)17(12-15)22-3/h6,8,10-12,14,20H,4-5,7,9,13H2,1-3H3,(H,19,21)",,404-86-4,1,3385,"Dearomatize (ID: Dearomatize)
Clear Stereo (ID: ClearStereo)
Wedge Clean (ID: WedgeClean)
Mesomerize (ID: Mesomerize)
Tautomerize (ID: Tautomerize)
Aromatize (ID: Aromatize)
Add Explicit Hydrogens (ID: AddExplicitH)
Neutralize (ID: Neutralize)
Clean 2D (ID: Clean2D)",,3385,COc1cc(CNC(=O)CCCCC=CC(C)C)ccc1O
"InChI=1S/C5H10O2/c1-3-4-7-5(2)6/h3-4H2,1-2H3",,109-60-4,1,3386,"Clear Stereo (ID: ClearStereo)
Wedge Clean (ID: WedgeClean)
Mesomerize (ID: Mesomerize)
Tautomerize (ID: Tautomerize)
Add Explicit Hydrogens (ID: AddExplicitH)
Neutralize (ID: Neutralize)
Clean 2D (ID: Clean2D)",,3386,CCCOC(C)=O
"InChI=1S/C5H6N2O/c1-8-5-6-3-2-4-7-5/h2-4H,1H3",,931-63-5,1,3393,"Dearomatize (ID: Dearomatize)
Clear Stereo (ID: ClearStereo)
Wedge Clean (ID: WedgeClean)
Mesomerize (ID: Mesomerize)
Tautomerize (ID: Tautomerize)
Aromatize (ID: Aromatize)
Add Explicit Hydrogens (ID: AddExplicitH)
Neutralize (ID: Neutralize)
Clean 2D (ID: Clean2D)",,3393,COc1ncccn1
"InChI=1S/C2HCl3O2/c3-2(4,5)1(6)7/h(H,6,7)",,,1,3398,"Clear Stereo (ID: ClearStereo)
Wedge Clean (ID: WedgeClean)
Mesomerize (ID: Mesomerize)
Tautomerize (ID: Tautomerize)
Add Explicit Hydrogens (ID: AddExplicitH)
Neutralize (ID: Neutralize)
Clean 2D (ID: Clean2D)",,3398,O=C(O)C(Cl)(Cl)Cl
"InChI=1S/C8H10/c1-2-8-6-4-3-5-7-8/h3-7H,2H2,1H3",,100-41-4,1,3399,"Dearomatize (ID: Dearomatize)
Clear Stereo (ID: ClearStereo)
Wedge Clean (ID: WedgeClean)
Mesomerize (ID: Mesomerize)
Tautomerize (ID: Tautomerize)
Aromatize (ID: Aromatize)
Add Explicit Hydrogens (ID: AddExplicitH)
Neutralize (ID: Neutralize)
Clean 2D (ID: Clean2D)",,3399,CCc1ccccc1
"InChI=1S/C18H14O8/c19-15(20)13(25-17(23)11-7-3-1-4-8-11)14(16(21)22)26-18(24)12-9-5-2-6-10-12/h1-10,13-14H,(H,19,20)(H,21,22)",1,2743-38-6,1,3401,"Dearomatize (ID: Dearomatize)
Clear Stereo (ID: ClearStereo)
Wedge Clean (ID: WedgeClean)
Mesomerize (ID: Mesomerize)
Tautomerize (ID: Tautomerize)
Aromatize (ID: Aromatize)
Add Explicit Hydrogens (ID: AddExplicitH)
Neutralize (ID: Neutralize)
Clean 2D (ID: Clean2D)",,3401,O=C(OC(C(=O)O)C(OC(=O)c1ccccc1)C(=O)O)c1ccccc1
"InChI=1S/C3H3Br/c1-2-3-4/h1H,3H2",,106-96-7,1,3402,"Clear Stereo (ID: ClearStereo)
Wedge Clean (ID: WedgeClean)
Mesomerize (ID: Mesomerize)
Tautomerize (ID: Tautomerize)
Add Explicit Hydrogens (ID: AddExplicitH)
Neutralize (ID: Neutralize)
Clean 2D (ID: Clean2D)",,3402,C#CCBr
"InChI=1S/C15H23NO4/c1-8-3-9(2)15(20)11(4-8)12(17)5-10-6-13(18)16-14(19)7-10/h8-12,17H,3-7H2,1-2H3,(H,16,18,19)",,66-81-9,1,3405,"Clear Stereo (ID: ClearStereo)
Wedge Clean (ID: WedgeClean)
Mesomerize (ID: Mesomerize)
Tautomerize (ID: Tautomerize)
Add Explicit Hydrogens (ID: AddExplicitH)
Neutralize (ID: Neutralize)
Clean 2D (ID: Clean2D)",,3405,CC1CC(C)C(=O)C(C(O)CC2CC(=O)NC(=O)C2)C1
"InChI=1S/C7H6O4/c8-5-2-1-4(7(10)11)3-6(5)9/h1-3,8-9H,(H,10,11)",,99-50-3,1,3409,"Dearomatize (ID: Dearomatize)
Clear Stereo (ID: ClearStereo)
Wedge Clean (ID: WedgeClean)
Mesomerize (ID: Mesomerize)
Tautomerize (ID: Tautomerize)
Aromatize (ID: Aromatize)
Add Explicit Hydrogens (ID: AddExplicitH)
Neutralize (ID: Neutralize)
Clean 2D (ID: Clean2D)",,3409,O=C(O)c1ccc(O)c(O)c1
"InChI=1S/C11H22O2/c1-3-4-5-6-7-8-9-10-11(12)13-2/h3-10H2,1-2H3",,110-42-9,1,3411,"Clear Stereo (ID: ClearStereo)
Wedge Clean (ID: WedgeClean)
Mesomerize (ID: Mesomerize)
Tautomerize (ID: Tautomerize)
Add Explicit Hydrogens (ID: AddExplicitH)
Neutralize (ID: Neutralize)
Clean 2D (ID: Clean2D)",,3411,CCCCCCCCCC(=O)OC
InChI=1S/C4H4S/c1-2-4-5-3-1/h1-4H,,110-02-1,1,3417,"Dearomatize (ID: Dearomatize)
Clear Stereo (ID: ClearStereo)
Wedge Clean (ID: WedgeClean)
Mesomerize (ID: Mesomerize)
Tautomerize (ID: Tautomerize)
Aromatize (ID: Aromatize)
Add Explicit Hydrogens (ID: AddExplicitH)
Neutralize (ID: Neutralize)
Clean 2D (ID: Clean2D)",,3417,c1ccsc1
"InChI=1S/C2H5NS/c1-2(3)4/h1H3,(H2,3,4)",,62-55-5,1,3420,"Clear Stereo (ID: ClearStereo)
Wedge Clean (ID: WedgeClean)
Mesomerize (ID: Mesomerize)
Tautomerize (ID: Tautomerize)
Add Explicit Hydrogens (ID: AddExplicitH)
Neutralize (ID: Neutralize)
Clean 2D (ID: Clean2D)",,3420,CC(N)=S
"InChI=1S/C14H9Cl5/c15-11-5-1-9(2-6-11)13(14(17,18)19)10-3-7-12(16)8-4-10/h1-8,13H",,50-29-3,1,3424,"Dearomatize (ID: Dearomatize)
Clear Stereo (ID: ClearStereo)
Wedge Clean (ID: WedgeClean)
Mesomerize (ID: Mesomerize)
Tautomerize (ID: Tautomerize)
Aromatize (ID: Aromatize)
Add Explicit Hydrogens (ID: AddExplicitH)
Neutralize (ID: Neutralize)
Clean 2D (ID: Clean2D)",,3424,Clc1ccc(C(c2ccc(Cl)cc2)C(Cl)(Cl)Cl)cc1
"InChI=1S/C22H40NO/c1-4-5-6-7-8-9-10-11-12-16-19-23(2,3)20-21-24-22-17-14-13-15-18-22/h13-15,17-18H,4-12,16,19-21H2,1-3H3/q+1",1,538-71-6,1,3434,"Dearomatize (ID: Dearomatize)
Clear Stereo (ID: ClearStereo)
Wedge Clean (ID: WedgeClean)
Mesomerize (ID: Mesomerize)
Tautomerize (ID: Tautomerize)
Aromatize (ID: Aromatize)
Add Explicit Hydrogens (ID: AddExplicitH)
Clean 2D (ID: Clean2D)",,3434,CCCCCCCCCCCC[N+](C)(C)CCOc1ccccc1
"InChI=1S/C8H14O2/c1-7(9)10-8-5-3-2-4-6-8/h8H,2-6H2,1H3",,622-45-7,1,3435,"Clear Stereo (ID: ClearStereo)
Wedge Clean (ID: WedgeClean)
Mesomerize (ID: Mesomerize)
Tautomerize (ID: Tautomerize)
Add Explicit Hydrogens (ID: AddExplicitH)
Neutralize (ID: Neutralize)
Clean 2D (ID: Clean2D)",,3435,CC(=O)OC1CCCCC1
"InChI=1S/C2H5Cl2O2P/c1-2-6-7(3,4)5/h2H2,1H3",1,1498-51-7,1,3438,"Clear Stereo (ID: ClearStereo)
Wedge Clean (ID: WedgeClean)
Mesomerize (ID: Mesomerize)
Tautomerize (ID: Tautomerize)
Add Explicit Hydrogens (ID: AddExplicitH)
Neutralize (ID: Neutralize)
Clean 2D (ID: Clean2D)",,3438,CCOP(=O)(Cl)Cl
"InChI=1S/C6H14O/c1-5(2)7-6(3)4/h5-6H,1-4H3",,108-20-3,1,3441,"Clear Stereo (ID: ClearStereo)
Wedge Clean (ID: WedgeClean)
Mesomerize (ID: Mesomerize)
Tautomerize (ID: Tautomerize)
Add Explicit Hydrogens (ID: AddExplicitH)
Neutralize (ID: Neutralize)
Clean 2D (ID: Clean2D)",,3441,CC(C)OC(C)C
"InChI=1S/C19H26O3/c1-7-8-13-12(4)16(10-15(13)20)22-18(21)17-14(9-11(2)3)19(17,5)6/h7,9,14,16-17H,1,8,10H2,2-6H3",2B,28434-00-6,1,3451,"Clear Stereo (ID: ClearStereo)
Wedge Clean (ID: WedgeClean)
Mesomerize (ID: Mesomerize)
Tautomerize (ID: Tautomerize)
Add Explicit Hydrogens (ID: AddExplicitH)
Neutralize (ID: Neutralize)
Clean 2D (ID: Clean2D)",,3451,C=CCC1=C(C)C(OC(=O)C2C(C=C(C)C)C2(C)C)CC1=O
"InChI=1S/C20H10Br2O5/c21-15-13(23)7-5-11-17(15)26-18-12(6-8-14(24)16(18)22)20(11)10-4-2-1-3-9(10)19(25)27-20/h1-8,23-24H",,596-03-2,1,3453,"Dearomatize (ID: Dearomatize)
Clear Stereo (ID: ClearStereo)
Wedge Clean (ID: WedgeClean)
Mesomerize (ID: Mesomerize)
Tautomerize (ID: Tautomerize)
Aromatize (ID: Aromatize)
Add Explicit Hydrogens (ID: AddExplicitH)
Neutralize (ID: Neutralize)
Clean 2D (ID: Clean2D)",,3453,O=C1OC2(c3ccccc31)c1ccc(O)c(Br)c1Oc1c2ccc(O)c1Br
"InChI=1S/C13H11Cl/c14-13(11-7-3-1-4-8-11)12-9-5-2-6-10-12/h1-10,13H",,90-99-3,1,3454,"Dearomatize (ID: Dearomatize)
Clear Stereo (ID: ClearStereo)
Wedge Clean (ID: WedgeClean)
Mesomerize (ID: Mesomerize)
Tautomerize (ID: Tautomerize)
Aromatize (ID: Aromatize)
Add Explicit Hydrogens (ID: AddExplicitH)
Neutralize (ID: Neutralize)
Clean 2D (ID: Clean2D)",,3454,ClC(c1ccccc1)c1ccccc1
"InChI=1S/C8H8O3/c1-11-7-4-2-6(3-5-7)8(9)10/h2-5H,1H3,(H,9,10)",,100-09-4,1,3462,"Dearomatize (ID: Dearomatize)
Clear Stereo (ID: ClearStereo)
Wedge Clean (ID: WedgeClean)
Mesomerize (ID: Mesomerize)
Tautomerize (ID: Tautomerize)
Aromatize (ID: Aromatize)
Add Explicit Hydrogens (ID: AddExplicitH)
Neutralize (ID: Neutralize)
Clean 2D (ID: Clean2D)",,3462,COc1ccc(C(=O)O)cc1
"InChI=1S/C18H32O7/c1-4-7-10-23-15(19)13-18(22,17(21)25-12-9-6-3)14-16(20)24-11-8-5-2/h22H,4-14H2,1-3H3",,77-94-1,1,3463,"Clear Stereo (ID: ClearStereo)
Wedge Clean (ID: WedgeClean)
Mesomerize (ID: Mesomerize)
Tautomerize (ID: Tautomerize)
Add Explicit Hydrogens (ID: AddExplicitH)
Neutralize (ID: Neutralize)
Clean 2D (ID: Clean2D)",,3463,CCCCOC(=O)CC(O)(CC(=O)OCCCC)C(=O)OCCCC
"InChI=1S/C5H8O/c1-4(2)5(3)6/h1H2,2-3H3",,814-78-8,1,3466,"Clear Stereo (ID: ClearStereo)
Wedge Clean (ID: WedgeClean)
Mesomerize (ID: Mesomerize)
Tautomerize (ID: Tautomerize)
Add Explicit Hydrogens (ID: AddExplicitH)
Neutralize (ID: Neutralize)
Clean 2D (ID: Clean2D)",,3466,C=C(C)C(C)=O
"InChI=1S/C23H22F7IN2O4S/c1-12-10-13(21(24,22(25,26)27)23(28,29)30)8-9-16(12)32-18(34)14-6-5-7-15(31)17(14)19(35)33-20(2,3)11-38(4,36)37/h5-10H,11H2,1-4H3,(H,32,34)(H,33,35)",,272451-65-7,1,3467,"Dearomatize (ID: Dearomatize)
Clear Stereo (ID: ClearStereo)
Wedge Clean (ID: WedgeClean)
Mesomerize (ID: Mesomerize)
Tautomerize (ID: Tautomerize)
Aromatize (ID: Aromatize)
Add Explicit Hydrogens (ID: AddExplicitH)
Neutralize (ID: Neutralize)
Clean 2D (ID: Clean2D)",,3467,Cc1cc(C(F)(C(F)(F)F)C(F)(F)F)ccc1NC(=O)c1cccc(I)c1C(=O)NC(C)(C)CS(C)(=O)=O
"InChI=1S/C8H13N2O2P/c1-9-13(11,10-2)12-8-6-4-3-5-7-8/h3-7H,1-2H3,(H2,9,10,11)",,1754-58-1,1,3478,"Dearomatize (ID: Dearomatize)
Clear Stereo (ID: ClearStereo)
Wedge Clean (ID: WedgeClean)
Mesomerize (ID: Mesomerize)
Tautomerize (ID: Tautomerize)
Aromatize (ID: Aromatize)
Add Explicit Hydrogens (ID: AddExplicitH)
Neutralize (ID: Neutralize)
Clean 2D (ID: Clean2D)",,3478,CNP(=O)(NC)Oc1ccccc1
"InChI=1S/C9H7Cl3O3/c1-4(9(13)14)15-8-3-6(11)5(10)2-7(8)12/h2-4H,1H3,(H,13,14)",,93-72-1,1,3484,"Dearomatize (ID: Dearomatize)
Clear Stereo (ID: ClearStereo)
Wedge Clean (ID: WedgeClean)
Mesomerize (ID: Mesomerize)
Tautomerize (ID: Tautomerize)
Aromatize (ID: Aromatize)
Add Explicit Hydrogens (ID: AddExplicitH)
Neutralize (ID: Neutralize)
Clean 2D (ID: Clean2D)",,3484,CC(Oc1cc(Cl)c(Cl)cc1Cl)C(=O)O
"InChI=1S/C6H4Cl2O2S/c7-5-1-3-6(4-2-5)11(8,9)10/h1-4H",,98-60-2,1,3485,"Dearomatize (ID: Dearomatize)
Clear Stereo (ID: ClearStereo)
Wedge Clean (ID: WedgeClean)
Mesomerize (ID: Mesomerize)
Tautomerize (ID: Tautomerize)
Aromatize (ID: Aromatize)
Add Explicit Hydrogens (ID: AddExplicitH)
Neutralize (ID: Neutralize)
Clean 2D (ID: Clean2D)",,3485,O=S(=O)(Cl)c1ccc(Cl)cc1
"InChI=1S/C7H12O3/c1-5(2)7(9)10-6(3)4-8/h6,8H,1,4H2,2-3H3",,27813-02-1,1,3486,"Clear Stereo (ID: ClearStereo)
Wedge Clean (ID: WedgeClean)
Mesomerize (ID: Mesomerize)
Tautomerize (ID: Tautomerize)
Add Explicit Hydrogens (ID: AddExplicitH)
Neutralize (ID: Neutralize)
Clean 2D (ID: Clean2D)",,3486,C=C(C)C(=O)OC(C)CO
"InChI=1S/C14H18Cl2O4/c1-2-3-6-18-7-8-19-14(17)10-20-13-5-4-11(15)9-12(13)16/h4-5,9H,2-3,6-8,10H2,1H3",,1929-73-3,1,3487,"Dearomatize (ID: Dearomatize)
Clear Stereo (ID: ClearStereo)
Wedge Clean (ID: WedgeClean)
Mesomerize (ID: Mesomerize)
Tautomerize (ID: Tautomerize)
Aromatize (ID: Aromatize)
Add Explicit Hydrogens (ID: AddExplicitH)
Neutralize (ID: Neutralize)
Clean 2D (ID: Clean2D)",,3487,CCCCOCCOC(=O)COc1ccc(Cl)cc1Cl
"InChI=1S/C9H12NO5PS/c1-7-6-8(4-5-9(7)10(11)12)15-16(17,13-2)14-3/h4-6H,1-3H3",,122-14-5,1,3491,"Dearomatize (ID: Dearomatize)
Clear Stereo (ID: ClearStereo)
Wedge Clean (ID: WedgeClean)
Mesomerize (ID: Mesomerize)
Tautomerize (ID: Tautomerize)
Aromatize (ID: Aromatize)
Add Explicit Hydrogens (ID: AddExplicitH)
Neutralize (ID: Neutralize)
Clean 2D (ID: Clean2D)",,3491,COP(=S)(OC)Oc1ccc([N+](=O)[O-])c(C)c1
InChI=1S/C4H8Cl2O/c5-1-3-7-4-2-6/h1-4H2,,111-44-4,1,3493,"Clear Stereo (ID: ClearStereo)
Wedge Clean (ID: WedgeClean)
Mesomerize (ID: Mesomerize)
Tautomerize (ID: Tautomerize)
Add Explicit Hydrogens (ID: AddExplicitH)
Neutralize (ID: Neutralize)
Clean 2D (ID: Clean2D)",,3493,ClCCOCCCl
"InChI=1S/C4H5NS/c1-2-3-5-4-6/h2H,1,3H2",,57-06-7,1,3494,"Clear Stereo (ID: ClearStereo)
Wedge Clean (ID: WedgeClean)
Mesomerize (ID: Mesomerize)
Tautomerize (ID: Tautomerize)
Add Explicit Hydrogens (ID: AddExplicitH)
Neutralize (ID: Neutralize)
Clean 2D (ID: Clean2D)",,3494,C=CCN=C=S
"InChI=1S/C12H18/c1-2-4-6-8-10-12-11-9-7-5-3-1/h1-2,7-10H,3-6,11-12H2",,4904-61-4,1,3495,"Clear Stereo (ID: ClearStereo)
Wedge Clean (ID: WedgeClean)
Mesomerize (ID: Mesomerize)
Tautomerize (ID: Tautomerize)
Add Explicit Hydrogens (ID: AddExplicitH)
Neutralize (ID: Neutralize)
Clean 2D (ID: Clean2D)",,3495,C1=CCCC=CCCC=CCC1
InChI=1S/C6H4Cl2/c7-5-2-1-3-6(8)4-5/h1-4H,,541-73-1,1,3502,"Dearomatize (ID: Dearomatize)
Clear Stereo (ID: ClearStereo)
Wedge Clean (ID: WedgeClean)
Mesomerize (ID: Mesomerize)
Tautomerize (ID: Tautomerize)
Aromatize (ID: Aromatize)
Add Explicit Hydrogens (ID: AddExplicitH)
Neutralize (ID: Neutralize)
Clean 2D (ID: Clean2D)",,3502,Clc1cccc(Cl)c1
"InChI=1S/C7H7NO2/c1-6-2-4-7(5-3-6)8(9)10/h2-5H,1H3",,99-99-0,1,3503,"Dearomatize (ID: Dearomatize)
Clear Stereo (ID: ClearStereo)
Wedge Clean (ID: WedgeClean)
Mesomerize (ID: Mesomerize)
Tautomerize (ID: Tautomerize)
Aromatize (ID: Aromatize)
Add Explicit Hydrogens (ID: AddExplicitH)
Neutralize (ID: Neutralize)
Clean 2D (ID: Clean2D)",,3503,Cc1ccc([N+](=O)[O-])cc1
InChI=1S/C4H6O4/c1-3(5)7-8-4(2)6/h1-2H3,,110-22-5,1,3507,"Clear Stereo (ID: ClearStereo)
Wedge Clean (ID: WedgeClean)
Mesomerize (ID: Mesomerize)
Tautomerize (ID: Tautomerize)
Add Explicit Hydrogens (ID: AddExplicitH)
Neutralize (ID: Neutralize)
Clean 2D (ID: Clean2D)",,3507,CC(=O)OOC(C)=O
"InChI=1S/C7H13NO2/c1-2-7-3-9-5-8(7)6-10-4-7/h2-6H2,1H3",,7747-35-5,1,3509,"Clear Stereo (ID: ClearStereo)
Wedge Clean (ID: WedgeClean)
Mesomerize (ID: Mesomerize)
Tautomerize (ID: Tautomerize)
Add Explicit Hydrogens (ID: AddExplicitH)
Neutralize (ID: Neutralize)
Clean 2D (ID: Clean2D)",,3509,CCC12COCN1COC2
"InChI=1S/C5H12S/c1-2-3-4-5-6/h6H,2-5H2,1H3",,110-66-7,1,3512,"Clear Stereo (ID: ClearStereo)
Wedge Clean (ID: WedgeClean)
Mesomerize (ID: Mesomerize)
Tautomerize (ID: Tautomerize)
Add Explicit Hydrogens (ID: AddExplicitH)
Neutralize (ID: Neutralize)
Clean 2D (ID: Clean2D)",,3512,CCCCCS
"InChI=1S/C14H22O2/c1-3-5-11-15-13-7-9-14(10-8-13)16-12-6-4-2/h7-10H,3-6,11-12H2,1-2H3",2B,104-36-9,1,3513,"Dearomatize (ID: Dearomatize)
Clear Stereo (ID: ClearStereo)
Wedge Clean (ID: WedgeClean)
Mesomerize (ID: Mesomerize)
Tautomerize (ID: Tautomerize)
Aromatize (ID: Aromatize)
Add Explicit Hydrogens (ID: AddExplicitH)
Neutralize (ID: Neutralize)
Clean 2D (ID: Clean2D)",,3513,CCCCOc1ccc(OCCCC)cc1
"InChI=1S/C13H16F3N3O4/c1-3-5-17(6-4-2)12-10(18(20)21)7-9(13(14,15)16)8-11(12)19(22)23/h7-8H,3-6H2,1-2H3",,1582-09-8,1,3517,"Dearomatize (ID: Dearomatize)
Clear Stereo (ID: ClearStereo)
Wedge Clean (ID: WedgeClean)
Mesomerize (ID: Mesomerize)
Tautomerize (ID: Tautomerize)
Aromatize (ID: Aromatize)
Add Explicit Hydrogens (ID: AddExplicitH)
Neutralize (ID: Neutralize)
Clean 2D (ID: Clean2D)",,3517,CCCN(CCC)c1c([N+](=O)[O-])cc(C(F)(F)F)cc1[N+](=O)[O-]
"InChI=1S/C5H6/c1-2-4-5-3-1/h1-4H,5H2",,542-92-7,1,3522,"Clear Stereo (ID: ClearStereo)
Wedge Clean (ID: WedgeClean)
Mesomerize (ID: Mesomerize)
Tautomerize (ID: Tautomerize)
Add Explicit Hydrogens (ID: AddExplicitH)
Neutralize (ID: Neutralize)
Clean 2D (ID: Clean2D)",,3522,C1=CCC=C1
"InChI=1S/C4H8O/c1-2-3-4-5/h4H,2-3H2,1H3",2B,123-72-8,1,3523,"Clear Stereo (ID: ClearStereo)
Wedge Clean (ID: WedgeClean)
Mesomerize (ID: Mesomerize)
Tautomerize (ID: Tautomerize)
Add Explicit Hydrogens (ID: AddExplicitH)
Neutralize (ID: Neutralize)
Clean 2D (ID: Clean2D)",,3523,CCCC=O
InChI=1S/C12H10/c1-3-7-11(8-4-1)12-9-5-2-6-10-12/h1-10H,,92-52-4,1,3526,"Dearomatize (ID: Dearomatize)
Clear Stereo (ID: ClearStereo)
Wedge Clean (ID: WedgeClean)
Mesomerize (ID: Mesomerize)
Tautomerize (ID: Tautomerize)
Aromatize (ID: Aromatize)
Add Explicit Hydrogens (ID: AddExplicitH)
Neutralize (ID: Neutralize)
Clean 2D (ID: Clean2D)",,3526,c1ccc(-c2ccccc2)cc1
"InChI=1S/C4H8O/c1-3-4(2)5/h3H2,1-2H3",2A,78-93-3  78-93-3,1,3528,"Clear Stereo (ID: ClearStereo)
Wedge Clean (ID: WedgeClean)
Mesomerize (ID: Mesomerize)
Tautomerize (ID: Tautomerize)
Add Explicit Hydrogens (ID: AddExplicitH)
Neutralize (ID: Neutralize)
Clean 2D (ID: Clean2D)",,3528,CCC(C)=O
"InChI=1S/C32H28N4O8S2/c1-4-44-25-10-8-24(9-11-25)33-34-27-12-5-21(15-19(27)2)22-6-13-28(20(3)16-22)35-36-32-29(37)14-7-23-17-26(45(38,39)40)18-30(31(23)32)46(41,42)43/h5-18,35H,4H2,1-3H3,(H,38,39,40)(H,41,42,43)",,6358-29-8,1,3529,"Dearomatize (ID: Dearomatize)
Clear Stereo (ID: ClearStereo)
Wedge Clean (ID: WedgeClean)
Mesomerize (ID: Mesomerize)
Tautomerize (ID: Tautomerize)
Aromatize (ID: Aromatize)
Add Explicit Hydrogens (ID: AddExplicitH)
Neutralize (ID: Neutralize)
Clean 2D (ID: Clean2D)",,3529,CCOc1ccc(N=Nc2ccc(-c3ccc(NN=C4C(=O)C=Cc5cc(S(=O)(=O)O)cc(S(=O)(=O)O)c54)c(C)c3)cc2C)cc1
"InChI=1S/C8H18O2/c1-7(2,9)5-6-8(3,4)10/h9-10H,5-6H2,1-4H3",1,110-03-2,1,3530,"Clear Stereo (ID: ClearStereo)
Wedge Clean (ID: WedgeClean)
Mesomerize (ID: Mesomerize)
Tautomerize (ID: Tautomerize)
Add Explicit Hydrogens (ID: AddExplicitH)
Neutralize (ID: Neutralize)
Clean 2D (ID: Clean2D)",,3530,CC(C)(O)CCC(C)(C)O
"InChI=1S/C6H7ClN2/c7-5-2-1-4(8)3-6(5)9/h1-3H,8-9H2",,5131-60-2,1,3531,"Dearomatize (ID: Dearomatize)
Clear Stereo (ID: ClearStereo)
Wedge Clean (ID: WedgeClean)
Mesomerize (ID: Mesomerize)
Tautomerize (ID: Tautomerize)
Aromatize (ID: Aromatize)
Add Explicit Hydrogens (ID: AddExplicitH)
Neutralize (ID: Neutralize)
Clean 2D (ID: Clean2D)",,3531,Nc1ccc(Cl)c(N)c1
InChI=1S/CCl2S/c2-1(3)4,,463-71-8,1,3533,"Clear Stereo (ID: ClearStereo)
Wedge Clean (ID: WedgeClean)
Mesomerize (ID: Mesomerize)
Tautomerize (ID: Tautomerize)
Clean 2D (ID: Clean2D)",,3533,S=C(Cl)Cl
"InChI=1S/C7H6N2O5/c1-4-2-5(8(11)12)3-6(7(4)10)9(13)14/h2-3,10H,1H3",,534-52-1,1,3537,"Dearomatize (ID: Dearomatize)
Clear Stereo (ID: ClearStereo)
Wedge Clean (ID: WedgeClean)
Mesomerize (ID: Mesomerize)
Tautomerize (ID: Tautomerize)
Aromatize (ID: Aromatize)
Add Explicit Hydrogens (ID: AddExplicitH)
Neutralize (ID: Neutralize)
Clean 2D (ID: Clean2D)",,3537,Cc1cc([N+](=O)[O-])cc([N+](=O)[O-])c1O
"InChI=1S/C20H4Br4Cl4O5/c21-5-1-3-17(9(23)15(5)29)32-18-4(2-6(22)16(30)10(18)24)20(3)8-7(19(31)33-20)11(25)13(27)14(28)12(8)26/h1-2,29-30H",1,2134-15-8 18472-87-2,1,3539,"Dearomatize (ID: Dearomatize)
Clear Stereo (ID: ClearStereo)
Wedge Clean (ID: WedgeClean)
Mesomerize (ID: Mesomerize)
Tautomerize (ID: Tautomerize)
Aromatize (ID: Aromatize)
Add Explicit Hydrogens (ID: AddExplicitH)
Neutralize (ID: Neutralize)
Clean 2D (ID: Clean2D)",,3539,O=C1OC2(c3cc(Br)c(O)c(Br)c3Oc3c2cc(Br)c(O)c3Br)c2c(Cl)c(Cl)c(Cl)c(Cl)c21
"InChI=1S/C49H74N10O12/c1-26(2)23-37-46(66)58-40(48(69)70)30(6)42(62)55-35(17-14-22-52-49(50)51)45(65)54-34(19-18-27(3)24-28(4)38(71-10)25-33-15-12-11-13-16-33)29(5)41(61)56-36(47(67)68)20-21-39(60)59(9)32(8)44(64)53-31(7)43(63)57-37/h11-13,15-16,18-19,24,26,28-31,34-38,40H,8,14,17,20-23,25H2,1-7,9-10H3,(H,53,64)(H,54,65)(H,55,62)(H,56,61)(H,57,63)(H,58,66)(H,67,68)(H,69,70)(H4,50,51,52)",,101043-37-2,1,3542,"Dearomatize (ID: Dearomatize)
Clear Stereo (ID: ClearStereo)
Wedge Clean (ID: WedgeClean)
Mesomerize (ID: Mesomerize)
Tautomerize (ID: Tautomerize)
Aromatize (ID: Aromatize)
Add Explicit Hydrogens (ID: AddExplicitH)
Neutralize (ID: Neutralize)
Clean 2D (ID: Clean2D)",,3542,[H]/N=C(/N)NCCCC1NC(=O)C(C)C(C(=O)O)NC(=O)C(CC(C)C)NC(=O)C(C)NC(=O)C(=C)N(C)C(=O)CCC(C(=O)O)NC(=O)C(C)C(C=CC(C)=CC(C)C(Cc2ccccc2)OC)NC1=O
"InChI=1S/C14H20O2/c1-13(2,3)9-7-12(16)10(8-11(9)15)14(4,5)6/h7-8H,1-6H3",,2460-77-7,1,3547,"Clear Stereo (ID: ClearStereo)
Wedge Clean (ID: WedgeClean)
Mesomerize (ID: Mesomerize)
Tautomerize (ID: Tautomerize)
Add Explicit Hydrogens (ID: AddExplicitH)
Neutralize (ID: Neutralize)
Clean 2D (ID: Clean2D)",,3547,CC(C)(C)C1=CC(=O)C(C(C)(C)C)=CC1=O
IBSQPLPBRSHTTG-UHFFFAOYSA-N,Non-irritant,95-49-8,0,296,"Dearomatize (ID: Dearomatize)
Clear Stereo (ID: ClearStereo)
Wedge Clean (ID: WedgeClean)
Mesomerize (ID: Mesomerize)
Tautomerize (ID: Tautomerize)
Aromatize (ID: Aromatize)
Add Explicit Hydrogens (ID: AddExplicitH)
Neutralize (ID: Neutralize)
Clean 2D (ID: Clean2D)",1.41421353816986,296,Cc1ccccc1Cl
MVPPADPHJFYWMZ-UHFFFAOYSA-N,Non-irritant,108-90-7,0,501,"Dearomatize (ID: Dearomatize)
Clear Stereo (ID: ClearStereo)
Wedge Clean (ID: WedgeClean)
Mesomerize (ID: Mesomerize)
Tautomerize (ID: Tautomerize)
Aromatize (ID: Aromatize)
Add Explicit Hydrogens (ID: AddExplicitH)
Neutralize (ID: Neutralize)
Clean 2D (ID: Clean2D)",1.41421353816986,501,Clc1ccccc1
OCJBOOLMMGQPQU-UHFFFAOYSA-N,Non-irritant,106-46-7,0,547,"Dearomatize (ID: Dearomatize)
Clear Stereo (ID: ClearStereo)
Wedge Clean (ID: WedgeClean)
Mesomerize (ID: Mesomerize)
Tautomerize (ID: Tautomerize)
Aromatize (ID: Aromatize)
Add Explicit Hydrogens (ID: AddExplicitH)
Neutralize (ID: Neutralize)
Clean 2D (ID: Clean2D)",1.41421353816986,547,Clc1ccc(Cl)cc1
CFXQEHVMCRXUSD-UHFFFAOYSA-N,Non-irritant,96-18-4,0,94,"Clear Stereo (ID: ClearStereo)
Wedge Clean (ID: WedgeClean)
Mesomerize (ID: Mesomerize)
Tautomerize (ID: Tautomerize)
Add Explicit Hydrogens (ID: AddExplicitH)
Neutralize (ID: Neutralize)
Clean 2D (ID: Clean2D)",1.73205077648163,94,ClCC(Cl)CCl
InChI=1S/C6H6Cl6/c7-1-2(8)4(10)6(12)5(11)3(1)9/h1-6H,,58-89-9,0,1895,"Clear Stereo (ID: ClearStereo)
Wedge Clean (ID: WedgeClean)
Mesomerize (ID: Mesomerize)
Tautomerize (ID: Tautomerize)
Add Explicit Hydrogens (ID: AddExplicitH)
Neutralize (ID: Neutralize)
Clean 2D (ID: Clean2D)",1.73205077648163,1895,ClC1C(Cl)C(Cl)C(Cl)C(Cl)C1Cl
"InChI=1S/C12H18O/c1-8(2)10-6-5-7-11(9(3)4)12(10)13/h5-9,13H,1-4H3",,2078-54-8,0,2398,"Dearomatize (ID: Dearomatize)
Clear Stereo (ID: ClearStereo)
Wedge Clean (ID: WedgeClean)
Mesomerize (ID: Mesomerize)
Tautomerize (ID: Tautomerize)
Aromatize (ID: Aromatize)
Add Explicit Hydrogens (ID: AddExplicitH)
Neutralize (ID: Neutralize)
Clean 2D (ID: Clean2D)",1.73205077648163,2398,CC(C)c1cccc(C(C)C)c1O
"InChI=1S/C7H3Cl2F3/c8-5-2-1-4(3-6(5)9)7(10,11)12/h1-3H",,328-84-7,0,3279,"Dearomatize (ID: Dearomatize)
Clear Stereo (ID: ClearStereo)
Wedge Clean (ID: WedgeClean)
Mesomerize (ID: Mesomerize)
Tautomerize (ID: Tautomerize)
Aromatize (ID: Aromatize)
Add Explicit Hydrogens (ID: AddExplicitH)
Neutralize (ID: Neutralize)
Clean 2D (ID: Clean2D)",1.73205077648163,3279,FC(F)(F)c1ccc(Cl)c(Cl)c1
DZKXJUASMGQEMA-UHFFFAOYSA-N,Non-irritant,3234-85-3,0,165,"Clear Stereo (ID: ClearStereo)
Wedge Clean (ID: WedgeClean)
Mesomerize (ID: Mesomerize)
Tautomerize (ID: Tautomerize)
Add Explicit Hydrogens (ID: AddExplicitH)
Neutralize (ID: Neutralize)
Clean 2D (ID: Clean2D)",2.0,165,CCCCCCCCCCCCCCOC(=O)CCCCCCCCCCCCC
YOYAIZYFCNQIRF-UHFFFAOYSA-N,Non-irritant,1194-65-6,0,975,"Dearomatize (ID: Dearomatize)
Clear Stereo (ID: ClearStereo)
Wedge Clean (ID: WedgeClean)
Mesomerize (ID: Mesomerize)
Tautomerize (ID: Tautomerize)
Aromatize (ID: Aromatize)
Add Explicit Hydrogens (ID: AddExplicitH)
Neutralize (ID: Neutralize)
Clean 2D (ID: Clean2D)",2.0,975,N#Cc1c(Cl)cccc1Cl
YXFVVABEGXRONW-UHFFFAOYSA-N,Non-irritant,108-88-3,0,983,"Dearomatize (ID: Dearomatize)
Clear Stereo (ID: ClearStereo)
Wedge Clean (ID: WedgeClean)
Mesomerize (ID: Mesomerize)
Tautomerize (ID: Tautomerize)
Aromatize (ID: Aromatize)
Add Explicit Hydrogens (ID: AddExplicitH)
Neutralize (ID: Neutralize)
Clean 2D (ID: Clean2D)",2.0,983,Cc1ccccc1
"InChI=1S/C25H50O2/c1-3-5-7-9-10-11-12-13-14-15-16-17-18-19-20-22-24-27-25(26)23-21-8-6-4-2/h3-24H2,1-2H3",,66009-41-4,0,1039,"Clear Stereo (ID: ClearStereo)
Wedge Clean (ID: WedgeClean)
Mesomerize (ID: Mesomerize)
Tautomerize (ID: Tautomerize)
Add Explicit Hydrogens (ID: AddExplicitH)
Neutralize (ID: Neutralize)
Clean 2D (ID: Clean2D)",2.0,1039,CCCCCCCCCCCCCCCCCCOC(=O)CCCCCC
"InChI=1S/CClF3/c2-1(3,4)5",,75-72-9,0,1058,"Clear Stereo (ID: ClearStereo)
Wedge Clean (ID: WedgeClean)
Mesomerize (ID: Mesomerize)
Tautomerize (ID: Tautomerize)
Clean 2D (ID: Clean2D)",2.0,1058,FC(F)(F)Cl
"InChI=1S/C2Cl3F3/c3-1(4,6)2(5,7)8",,76-13-1,0,1075,"Clear Stereo (ID: ClearStereo)
Wedge Clean (ID: WedgeClean)
Mesomerize (ID: Mesomerize)
Tautomerize (ID: Tautomerize)
Clean 2D (ID: Clean2D)",2.0,1075,FC(F)(Cl)C(F)(Cl)Cl
"InChI=1S/C18H36O2/c1-3-5-7-8-9-10-11-12-13-14-15-16-18(19)20-17-6-4-2/h3-17H2,1-2H3",,110-36-1,0,1374,"Clear Stereo (ID: ClearStereo)
Wedge Clean (ID: WedgeClean)
Mesomerize (ID: Mesomerize)
Tautomerize (ID: Tautomerize)
Add Explicit Hydrogens (ID: AddExplicitH)
Neutralize (ID: Neutralize)
Clean 2D (ID: Clean2D)",2.0,1374,CCCCCCCCCCCCCC(=O)OCCCC
"InChI=1S/C26H52O2/c1-3-5-7-9-11-12-13-14-15-16-17-18-19-20-22-24-26(27)28-25-23-21-10-8-6-4-2/h3-25H2,1-2H3",,22047-49-0,0,1763,"Clear Stereo (ID: ClearStereo)
Wedge Clean (ID: WedgeClean)
Mesomerize (ID: Mesomerize)
Tautomerize (ID: Tautomerize)
Add Explicit Hydrogens (ID: AddExplicitH)
Neutralize (ID: Neutralize)
Clean 2D (ID: Clean2D)",2.0,1763,CCCCCCCCCCCCCCCCCC(=O)OCCCCCCCC
"InChI=1S/C14H10Cl4/c15-10-7-5-9(6-8-10)13(14(17)18)11-3-1-2-4-12(11)16/h1-8,13-14H",,53-19-0,0,1933,"Dearomatize (ID: Dearomatize)
Clear Stereo (ID: ClearStereo)
Wedge Clean (ID: WedgeClean)
Mesomerize (ID: Mesomerize)
Tautomerize (ID: Tautomerize)
Aromatize (ID: Aromatize)
Add Explicit Hydrogens (ID: AddExplicitH)
Neutralize (ID: Neutralize)
Clean 2D (ID: Clean2D)",2.0,1933,Clc1ccc(C(c2ccccc2Cl)C(Cl)Cl)cc1
"InChI=1S/C32H64O2/c1-3-5-7-9-11-13-15-17-18-19-20-22-24-26-28-30-32(33)34-31-29-27-25-23-21-16-14-12-10-8-6-4-2/h3-31H2,1-2H3",,17661-50-6,0,2172,"Clear Stereo (ID: ClearStereo)
Wedge Clean (ID: WedgeClean)
Mesomerize (ID: Mesomerize)
Tautomerize (ID: Tautomerize)
Add Explicit Hydrogens (ID: AddExplicitH)
Neutralize (ID: Neutralize)
Clean 2D (ID: Clean2D)",2.0,2172,CCCCCCCCCCCCCCCCCC(=O)OCCCCCCCCCCCCCC
"InChI=1S/C16H38N2/c1-17(2,3)15-13-11-9-7-8-10-12-14-16-18(4,5)6/h7-16H2,1-6H3/q+2",,156-74-1,0,2214,"Clear Stereo (ID: ClearStereo)
Wedge Clean (ID: WedgeClean)
Mesomerize (ID: Mesomerize)
Tautomerize (ID: Tautomerize)
Add Explicit Hydrogens (ID: AddExplicitH)
Clean 2D (ID: Clean2D)",2.0,2214,C[N+](C)(C)CCCCCCCCCC[N+](C)(C)C
InChI=1S/CH3Cl/c1-2/h1H3,,74-87-3,0,2267,"Mesomerize (ID: Mesomerize)
Tautomerize (ID: Tautomerize)
Add Explicit Hydrogens (ID: AddExplicitH)
Neutralize (ID: Neutralize)
Clean 2D (ID: Clean2D)",2.0,2267,CCl
"InChI=1S/C23H46O2/c1-3-5-6-7-8-9-10-11-12-13-14-15-16-17-18-19-20-21-22-25-23(24)4-2/h3-22H2,1-2H3",,65591-14-2,0,2411,"Clear Stereo (ID: ClearStereo)
Wedge Clean (ID: WedgeClean)
Mesomerize (ID: Mesomerize)
Tautomerize (ID: Tautomerize)
Add Explicit Hydrogens (ID: AddExplicitH)
Neutralize (ID: Neutralize)
Clean 2D (ID: Clean2D)",2.0,2411,CCCCCCCCCCCCCCCCCCCCOC(=O)CC
"InChI=1S/C24H48O2/c1-3-5-7-9-11-12-13-14-15-16-17-18-20-22-24(25)26-23-21-19-10-8-6-4-2/h3-23H2,1-2H3",,16958-85-3,0,2413,"Clear Stereo (ID: ClearStereo)
Wedge Clean (ID: WedgeClean)
Mesomerize (ID: Mesomerize)
Tautomerize (ID: Tautomerize)
Add Explicit Hydrogens (ID: AddExplicitH)
Neutralize (ID: Neutralize)
Clean 2D (ID: Clean2D)",2.0,2413,CCCCCCCCCCCCCCCC(=O)OCCCCCCCC
"InChI=1S/C6H7N/c7-6-4-2-1-3-5-6/h1-5H,7H2",,62-53-3,0,2459,"Dearomatize (ID: Dearomatize)
Clear Stereo (ID: ClearStereo)
Wedge Clean (ID: WedgeClean)
Mesomerize (ID: Mesomerize)
Tautomerize (ID: Tautomerize)
Aromatize (ID: Aromatize)
Add Explicit Hydrogens (ID: AddExplicitH)
Neutralize (ID: Neutralize)
Clean 2D (ID: Clean2D)",2.0,2459,Nc1ccccc1
"InChI=1S/CCl2F2/c2-1(3,4)5",,75-71-8,0,2556,"Clear Stereo (ID: ClearStereo)
Wedge Clean (ID: WedgeClean)
Mesomerize (ID: Mesomerize)
Tautomerize (ID: Tautomerize)
Clean 2D (ID: Clean2D)",2.0,2556,FC(F)(Cl)Cl
"InChI=1S/C28H54O2/c1-3-5-7-9-11-13-14-15-16-17-18-19-20-22-24-26-28(29)30-27-25-23-21-12-10-8-6-4-2/h15-16H,3-14,17-27H2,1-2H3",,3687-46-5,0,2781,"Clear Stereo (ID: ClearStereo)
Wedge Clean (ID: WedgeClean)
Mesomerize (ID: Mesomerize)
Tautomerize (ID: Tautomerize)
Add Explicit Hydrogens (ID: AddExplicitH)
Neutralize (ID: Neutralize)
Clean 2D (ID: Clean2D)",2.0,2781,CCCCCCCCC=CCCCCCCCC(=O)OCCCCCCCCCC
InChI=1S/CHClF2/c2-1(3)4/h1H,,75-45-6,0,3075,"Clear Stereo (ID: ClearStereo)
Wedge Clean (ID: WedgeClean)
Mesomerize (ID: Mesomerize)
Tautomerize (ID: Tautomerize)
Add Explicit Hydrogens (ID: AddExplicitH)
Neutralize (ID: Neutralize)
Clean 2D (ID: Clean2D)",2.0,3075,FC(F)Cl
"InChI=1S/C12H30N2/c1-13(2,3)11-9-7-8-10-12-14(4,5)6/h7-12H2,1-6H3/q+2",,60-26-4,0,3127,"Clear Stereo (ID: ClearStereo)
Wedge Clean (ID: WedgeClean)
Mesomerize (ID: Mesomerize)
Tautomerize (ID: Tautomerize)
Add Explicit Hydrogens (ID: AddExplicitH)
Clean 2D (ID: Clean2D)",2.0,3127,C[N+](C)(C)CCCCCC[N+](C)(C)C
BSZXAFXFTLXUFV-UHFFFAOYSA-N,Non-irritant,38888-98-1,0,64,"Dearomatize (ID: Dearomatize)
Clear Stereo (ID: ClearStereo)
Wedge Clean (ID: WedgeClean)
Mesomerize (ID: Mesomerize)
Tautomerize (ID: Tautomerize)
Aromatize (ID: Aromatize)
Add Explicit Hydrogens (ID: AddExplicitH)
Neutralize (ID: Neutralize)
Clean 2D (ID: Clean2D)",2.2360680103302,64,CC(c1ccccc1)c1ccccc1
BTFJIXJJCSYFAL-UHFFFAOYSA-N,Non-irritant,629-96-9,0,66,"Clear Stereo (ID: ClearStereo)
Wedge Clean (ID: WedgeClean)
Mesomerize (ID: Mesomerize)
Tautomerize (ID: Tautomerize)
Add Explicit Hydrogens (ID: AddExplicitH)
Neutralize (ID: Neutralize)
Clean 2D (ID: Clean2D)",2.2360680103302,66,CCCCCCCCCCCCCCCCCCCCO
BXWNKGSJHAJOGX-UHFFFAOYSA-N,Non-irritant,36653-82-4,0,73,"Clear Stereo (ID: ClearStereo)
Wedge Clean (ID: WedgeClean)
Mesomerize (ID: Mesomerize)
Tautomerize (ID: Tautomerize)
Add Explicit Hydrogens (ID: AddExplicitH)
Neutralize (ID: Neutralize)
Clean 2D (ID: Clean2D)",2.2360680103302,73,CCCCCCCCCCCCCCCCO
DKPFZGUDAPQIHT-UHFFFAOYSA-N,Non-irritant,123-86-4,0,140,"Clear Stereo (ID: ClearStereo)
Wedge Clean (ID: WedgeClean)
Mesomerize (ID: Mesomerize)
Tautomerize (ID: Tautomerize)
Add Explicit Hydrogens (ID: AddExplicitH)
Neutralize (ID: Neutralize)
Clean 2D (ID: Clean2D)",2.2360680103302,140,CCCCOC(C)=O
FJKROLUGYXJWQN-UHFFFAOYSA-N,Non-irritant,99-96-7,0,183,"Dearomatize (ID: Dearomatize)
Clear Stereo (ID: ClearStereo)
Wedge Clean (ID: WedgeClean)
Mesomerize (ID: Mesomerize)
Tautomerize (ID: Tautomerize)
Aromatize (ID: Aromatize)
Add Explicit Hydrogens (ID: AddExplicitH)
Neutralize (ID: Neutralize)
Clean 2D (ID: Clean2D)",2.2360680103302,183,O=C(O)c1ccc(O)cc1
FPVVYTCTZKCSOJ-UHFFFAOYSA-N,Non-irritant,627-83-8,0,193,"Clear Stereo (ID: ClearStereo)
Wedge Clean (ID: WedgeClean)
Mesomerize (ID: Mesomerize)
Tautomerize (ID: Tautomerize)
Add Explicit Hydrogens (ID: AddExplicitH)
Neutralize (ID: Neutralize)
Clean 2D (ID: Clean2D)",2.2360680103302,193,CCCCCCCCCCCCCCCCCC(=O)OCCOC(=O)CCCCCCCCCCCCCCCCC
FSAJWMJJORKPKS-UHFFFAOYSA-N,Non-irritant,4813-57-4,0,199,"Clear Stereo (ID: ClearStereo)
Wedge Clean (ID: WedgeClean)
Mesomerize (ID: Mesomerize)
Tautomerize (ID: Tautomerize)
Add Explicit Hydrogens (ID: AddExplicitH)
Neutralize (ID: Neutralize)
Clean 2D (ID: Clean2D)",2.2360680103302,199,C=CC(=O)OCCCCCCCCCCCCCCCCCC
GLDOVTGHNKAZLK-UHFFFAOYSA-N,Non-irritant,112-92-5,0,228,"Clear Stereo (ID: ClearStereo)
Wedge Clean (ID: WedgeClean)
Mesomerize (ID: Mesomerize)
Tautomerize (ID: Tautomerize)
Add Explicit Hydrogens (ID: AddExplicitH)
Neutralize (ID: Neutralize)
Clean 2D (ID: Clean2D)",2.2360680103302,228,CCCCCCCCCCCCCCCCCCO
HHECSPXBQJHZAF-UHFFFAOYSA-N,Non-irritant,110-33-8,0,253,"Clear Stereo (ID: ClearStereo)
Wedge Clean (ID: WedgeClean)
Mesomerize (ID: Mesomerize)
Tautomerize (ID: Tautomerize)
Add Explicit Hydrogens (ID: AddExplicitH)
Neutralize (ID: Neutralize)
Clean 2D (ID: Clean2D)",2.2360680103302,253,CCCCCCOC(=O)CCCCC(=O)OCCCCCC
IIVWHGMLFGNMOW-UHFFFAOYSA-N,Non-irritant,7756-94-7,0,310,"Clear Stereo (ID: ClearStereo)
Wedge Clean (ID: WedgeClean)
Mesomerize (ID: Mesomerize)
Tautomerize (ID: Tautomerize)
Add Explicit Hydrogens (ID: AddExplicitH)
Neutralize (ID: Neutralize)
Clean 2D (ID: Clean2D)",2.2360680103302,310,CC(C)C
LQZZUXJYWNFBMV-UHFFFAOYSA-N,Non-irritant,112-53-8,0,448,"Clear Stereo (ID: ClearStereo)
Wedge Clean (ID: WedgeClean)
Mesomerize (ID: Mesomerize)
Tautomerize (ID: Tautomerize)
Add Explicit Hydrogens (ID: AddExplicitH)
Neutralize (ID: Neutralize)
Clean 2D (ID: Clean2D)",2.2360680103302,448,CCCCCCCCCCCCO
LWLRMRFJCCMNML-UHFFFAOYSA-N,Non-irritant,20292-08-4,0,458,"Clear Stereo (ID: ClearStereo)
Wedge Clean (ID: WedgeClean)
Mesomerize (ID: Mesomerize)
Tautomerize (ID: Tautomerize)
Add Explicit Hydrogens (ID: AddExplicitH)
Neutralize (ID: Neutralize)
Clean 2D (ID: Clean2D)",2.2360680103302,458,CCCCCCCCCCCC(=O)OCC(CC)CCCC
LZJUZSYHFSVIGJ-UHFFFAOYSA-N,Non-irritant,16958-92-2,0,463,"Clear Stereo (ID: ClearStereo)
Wedge Clean (ID: WedgeClean)
Mesomerize (ID: Mesomerize)
Tautomerize (ID: Tautomerize)
Add Explicit Hydrogens (ID: AddExplicitH)
Neutralize (ID: Neutralize)
Clean 2D (ID: Clean2D)",2.2360680103302,463,CCCCCCCCCCCCCOC(=O)CCCCC(=O)OCCCCCCCCCCCCC
MDWVSAYEQPLWMX-UHFFFAOYSA-N,Non-irritant,118-82-1,0,468,"Dearomatize (ID: Dearomatize)
Clear Stereo (ID: ClearStereo)
Wedge Clean (ID: WedgeClean)
Mesomerize (ID: Mesomerize)
Tautomerize (ID: Tautomerize)
Aromatize (ID: Aromatize)
Add Explicit Hydrogens (ID: AddExplicitH)
Neutralize (ID: Neutralize)
Clean 2D (ID: Clean2D)",2.2360680103302,468,CC(C)(C)c1cc(Cc2cc(C(C)(C)C)c(O)c(C(C)(C)C)c2)cc(C(C)(C)C)c1O
NOPFSRXAKWQILS-UHFFFAOYSA-N,Non-irritant,661-19-8,0,528,"Clear Stereo (ID: ClearStereo)
Wedge Clean (ID: WedgeClean)
Mesomerize (ID: Mesomerize)
Tautomerize (ID: Tautomerize)
Add Explicit Hydrogens (ID: AddExplicitH)
Neutralize (ID: Neutralize)
Clean 2D (ID: Clean2D)",2.2360680103302,528,CCCCCCCCCCCCCCCCCCCCCCO
NPFVOOAXDOBMCE-PLNGDYQASA-N,Non-irritant,3681-71-8,0,530,"Clear Stereo (ID: ClearStereo)
Wedge Clean (ID: WedgeClean)
Mesomerize (ID: Mesomerize)
Tautomerize (ID: Tautomerize)
Add Explicit Hydrogens (ID: AddExplicitH)
Neutralize (ID: Neutralize)
Clean 2D (ID: Clean2D)",2.2360680103302,530,CCC=CCCOC(C)=O
PKJBWOWQJHHAHG-UHFFFAOYSA-N,Non-irritant,9001-62-1,0,597,"Dearomatize (ID: Dearomatize)
Clear Stereo (ID: ClearStereo)
Wedge Clean (ID: WedgeClean)
Mesomerize (ID: Mesomerize)
Tautomerize (ID: Tautomerize)
Aromatize (ID: Aromatize)
Add Explicit Hydrogens (ID: AddExplicitH)
Neutralize (ID: Neutralize)
Clean 2D (ID: Clean2D)",2.2360680103302,597,Brc1ccc(-c2ccccc2)cc1
RCSBILYQLVXLJG-UHFFFAOYSA-N,Non-irritant,123-68-2,0,669,"Clear Stereo (ID: ClearStereo)
Wedge Clean (ID: WedgeClean)
Mesomerize (ID: Mesomerize)
Tautomerize (ID: Tautomerize)
Add Explicit Hydrogens (ID: AddExplicitH)
Neutralize (ID: Neutralize)
Clean 2D (ID: Clean2D)",2.2360680103302,669,C=CCOC(=O)CCCCC
SFAAOBGYWOUHLU-UHFFFAOYSA-N,Non-irritant,29806-73-3,0,723,"Clear Stereo (ID: ClearStereo)
Wedge Clean (ID: WedgeClean)
Mesomerize (ID: Mesomerize)
Tautomerize (ID: Tautomerize)
Add Explicit Hydrogens (ID: AddExplicitH)
Neutralize (ID: Neutralize)
Clean 2D (ID: Clean2D)",2.2360680103302,723,CCCCCCCCCCCCCCCC(=O)OCC(CC)CCCC
SJWKGDGUQTWDRV-UHFFFAOYSA-N,Non-irritant,142-19-8,0,731,"Clear Stereo (ID: ClearStereo)
Wedge Clean (ID: WedgeClean)
Mesomerize (ID: Mesomerize)
Tautomerize (ID: Tautomerize)
Add Explicit Hydrogens (ID: AddExplicitH)
Neutralize (ID: Neutralize)
Clean 2D (ID: Clean2D)",2.2360680103302,731,C=CCOC(=O)CCCCCC
WNWHHMBRJJOGFJ-UHFFFAOYSA-N,Non-irritant,27458-93-1,0,871,"Clear Stereo (ID: ClearStereo)
Wedge Clean (ID: WedgeClean)
Mesomerize (ID: Mesomerize)
Tautomerize (ID: Tautomerize)
Add Explicit Hydrogens (ID: AddExplicitH)
Neutralize (ID: Neutralize)
Clean 2D (ID: Clean2D)",2.2360680103302,871,CC(C)CCCCCCCCCCCCCCCO
WOYWLLHHWAMFCB-UHFFFAOYSA-N,Non-irritant,103-09-3,0,874,"Clear Stereo (ID: ClearStereo)
Wedge Clean (ID: WedgeClean)
Mesomerize (ID: Mesomerize)
Tautomerize (ID: Tautomerize)
Add Explicit Hydrogens (ID: AddExplicitH)
Neutralize (ID: Neutralize)
Clean 2D (ID: Clean2D)",2.2360680103302,874,CCCCC(CC)COC(C)=O
XUJLWPFSUCHPQL-UHFFFAOYSA-N,Non-irritant,27458-92-0,0,940,"Clear Stereo (ID: ClearStereo)
Wedge Clean (ID: WedgeClean)
Mesomerize (ID: Mesomerize)
Tautomerize (ID: Tautomerize)
Add Explicit Hydrogens (ID: AddExplicitH)
Neutralize (ID: Neutralize)
Clean 2D (ID: Clean2D)",2.2360680103302,940,CC(C)CCCCCCCCCCO
YGSDEFSMJLZEOE-UHFFFAOYSA-M,Non-irritant,54-21-7,0,963,"Dearomatize (ID: Dearomatize)
Clear Stereo (ID: ClearStereo)
Wedge Clean (ID: WedgeClean)
Mesomerize (ID: Mesomerize)
Tautomerize (ID: Tautomerize)
Aromatize (ID: Aromatize)
Add Explicit Hydrogens (ID: AddExplicitH)
Neutralize (ID: Neutralize)
Clean 2D (ID: Clean2D)",2.2360680103302,963,O=C(O)c1ccccc1O
"InChI=1S/C5H12O/c1-2-3-4-5-6/h6H,2-5H2,1H3",,71-41-0,0,1094,"Clear Stereo (ID: ClearStereo)
Wedge Clean (ID: WedgeClean)
Mesomerize (ID: Mesomerize)
Tautomerize (ID: Tautomerize)
Add Explicit Hydrogens (ID: AddExplicitH)
Neutralize (ID: Neutralize)
Clean 2D (ID: Clean2D)",2.2360680103302,1094,CCCCCO
InChI=1S/C12Br10/c13-3-1(4(14)8(18)11(21)7(3)17)2-5(15)9(19)12(22)10(20)6(2)16,,13654-09-6,0,1115,"Dearomatize (ID: Dearomatize)
Clear Stereo (ID: ClearStereo)
Wedge Clean (ID: WedgeClean)
Mesomerize (ID: Mesomerize)
Tautomerize (ID: Tautomerize)
Aromatize (ID: Aromatize)
Clean 2D (ID: Clean2D)",2.2360680103302,1115,Brc1c(Br)c(Br)c(-c2c(Br)c(Br)c(Br)c(Br)c2Br)c(Br)c1Br
"InChI=1S/C2HBrClF3/c3-1(4)2(5,6)7/h1H",,151-67-7,0,1166,"Clear Stereo (ID: ClearStereo)
Wedge Clean (ID: WedgeClean)
Mesomerize (ID: Mesomerize)
Tautomerize (ID: Tautomerize)
Add Explicit Hydrogens (ID: AddExplicitH)
Neutralize (ID: Neutralize)
Clean 2D (ID: Clean2D)",2.2360680103302,1166,FC(F)(F)C(Cl)Br
"InChI=1S/C17H34O2/c1-4-7-9-10-11-12-14-17(18)19-15-16(6-3)13-8-5-2/h16H,4-15H2,1-3H3",,59587-44-9,0,1264,"Clear Stereo (ID: ClearStereo)
Wedge Clean (ID: WedgeClean)
Mesomerize (ID: Mesomerize)
Tautomerize (ID: Tautomerize)
Add Explicit Hydrogens (ID: AddExplicitH)
Neutralize (ID: Neutralize)
Clean 2D (ID: Clean2D)",2.2360680103302,1264,CCCCCCCCC(=O)OCC(CC)CCCC
"InChI=1S/C22H44O2/c1-4-7-9-10-11-12-13-14-15-16-17-19-22(23)24-20-21(6-3)18-8-5-2/h21H,4-20H2,1-3H3",,29806-75-5,0,1595,"Clear Stereo (ID: ClearStereo)
Wedge Clean (ID: WedgeClean)
Mesomerize (ID: Mesomerize)
Tautomerize (ID: Tautomerize)
Add Explicit Hydrogens (ID: AddExplicitH)
Neutralize (ID: Neutralize)
Clean 2D (ID: Clean2D)",2.2360680103302,1595,CCCCCCCCCCCCCC(=O)OCC(CC)CCCC
"InChI=1S/C8H10/c1-7-4-3-5-8(2)6-7/h3-6H,1-2H3",Non-irritant,108-38-3 1330-20-7,0,1816,"Dearomatize (ID: Dearomatize)
Clear Stereo (ID: ClearStereo)
Wedge Clean (ID: WedgeClean)
Mesomerize (ID: Mesomerize)
Tautomerize (ID: Tautomerize)
Aromatize (ID: Aromatize)
Add Explicit Hydrogens (ID: AddExplicitH)
Neutralize (ID: Neutralize)
Clean 2D (ID: Clean2D)",2.2360680103302,1816,Cc1cccc(C)c1
"InChI=1S/C3H2ClF5O/c4-1(5)3(8,9)10-2(6)7/h1-2H",,13838-16-9,0,1906,"Clear Stereo (ID: ClearStereo)
Wedge Clean (ID: WedgeClean)
Mesomerize (ID: Mesomerize)
Tautomerize (ID: Tautomerize)
Add Explicit Hydrogens (ID: AddExplicitH)
Neutralize (ID: Neutralize)
Clean 2D (ID: Clean2D)",2.2360680103302,1906,FC(F)OC(F)(F)C(F)Cl
"InChI=1S/C13H24O2/c1-4-5-6-7-8-9-10-11-15-13(14)12(2)3/h2,4-11H2,1,3H3",,,0,2072,"Clear Stereo (ID: ClearStereo)
Wedge Clean (ID: WedgeClean)
Mesomerize (ID: Mesomerize)
Tautomerize (ID: Tautomerize)
Add Explicit Hydrogens (ID: AddExplicitH)
Neutralize (ID: Neutralize)
Clean 2D (ID: Clean2D)",2.2360680103302,2072,C=C(C)C(=O)OCCCCCCCCC
"InChI=1S/C11H20O2/c1-4-5-6-7-8-9-13-11(12)10(2)3/h2,4-9H2,1,3H3",Non-irritant,5459-37-0,0,2150,"Clear Stereo (ID: ClearStereo)
Wedge Clean (ID: WedgeClean)
Mesomerize (ID: Mesomerize)
Tautomerize (ID: Tautomerize)
Add Explicit Hydrogens (ID: AddExplicitH)
Neutralize (ID: Neutralize)
Clean 2D (ID: Clean2D)",2.2360680103302,2150,C=C(C)C(=O)OCCCCCCC
"InChI=1S/C12H22O2/c1-3-5-6-7-8-9-10-11-14-12(13)4-2/h4H,2-3,5-11H2,1H3",Non-irritant,2664-55-3,0,2152,"Clear Stereo (ID: ClearStereo)
Wedge Clean (ID: WedgeClean)
Mesomerize (ID: Mesomerize)
Tautomerize (ID: Tautomerize)
Add Explicit Hydrogens (ID: AddExplicitH)
Neutralize (ID: Neutralize)
Clean 2D (ID: Clean2D)",2.2360680103302,2152,C=CC(=O)OCCCCCCCCC
"InChI=1S/C21H40O4/c1-3-5-7-14-18-24-20(22)16-12-10-9-11-13-17-21(23)25-19-15-8-6-4-2/h3-19H2,1-2H3",,109-31-9,0,2179,"Clear Stereo (ID: ClearStereo)
Wedge Clean (ID: WedgeClean)
Mesomerize (ID: Mesomerize)
Tautomerize (ID: Tautomerize)
Add Explicit Hydrogens (ID: AddExplicitH)
Neutralize (ID: Neutralize)
Clean 2D (ID: Clean2D)",2.2360680103302,2179,CCCCCCOC(=O)CCCCCCCC(=O)OCCCCCC
InChI=1S/C4H8BrCl/c5-3-1-2-4-6/h1-4H2,Non-irritant,6940-78-9,0,2280,"Clear Stereo (ID: ClearStereo)
Wedge Clean (ID: WedgeClean)
Mesomerize (ID: Mesomerize)
Tautomerize (ID: Tautomerize)
Add Explicit Hydrogens (ID: AddExplicitH)
Neutralize (ID: Neutralize)
Clean 2D (ID: Clean2D)",2.2360680103302,2280,ClCCCCBr
"InChI=1S/C24H46O4/c1-3-5-7-9-11-12-14-18-22-28-24(26)20-16-15-19-23(25)27-21-17-13-10-8-6-4-2/h3-22H2,1-2H3",,110-29-2,0,2335,"Clear Stereo (ID: ClearStereo)
Wedge Clean (ID: WedgeClean)
Mesomerize (ID: Mesomerize)
Tautomerize (ID: Tautomerize)
Add Explicit Hydrogens (ID: AddExplicitH)
Neutralize (ID: Neutralize)
Clean 2D (ID: Clean2D)",2.2360680103302,2335,CCCCCCCCCCOC(=O)CCCCC(=O)OCCCCCCCC
"InChI=1S/C7H8O2/c1-9-7-4-2-6(8)3-5-7/h2-5,8H,1H3",,150-76-5,0,2336,"Dearomatize (ID: Dearomatize)
Clear Stereo (ID: ClearStereo)
Wedge Clean (ID: WedgeClean)
Mesomerize (ID: Mesomerize)
Tautomerize (ID: Tautomerize)
Aromatize (ID: Aromatize)
Add Explicit Hydrogens (ID: AddExplicitH)
Neutralize (ID: Neutralize)
Clean 2D (ID: Clean2D)",2.2360680103302,2336,COc1ccc(O)cc1
"InChI=1S/C28H54O2/c1-4-5-6-7-8-9-10-11-12-13-14-15-16-19-22-25-28(29)30-26-23-20-17-18-21-24-27(2)3/h11-12,27H,4-10,13-26H2,1-3H3",,59231-34-4,0,2360,"Clear Stereo (ID: ClearStereo)
Wedge Clean (ID: WedgeClean)
Mesomerize (ID: Mesomerize)
Tautomerize (ID: Tautomerize)
Add Explicit Hydrogens (ID: AddExplicitH)
Neutralize (ID: Neutralize)
Clean 2D (ID: Clean2D)",2.2360680103302,2360,CCCCCCCCC=CCCCCCCCC(=O)OCCCCCCCC(C)C
InChI=1S/CHI3/c2-1(3)4/h1H,,75-47-8,0,2395,"Clear Stereo (ID: ClearStereo)
Wedge Clean (ID: WedgeClean)
Mesomerize (ID: Mesomerize)
Tautomerize (ID: Tautomerize)
Add Explicit Hydrogens (ID: AddExplicitH)
Neutralize (ID: Neutralize)
Clean 2D (ID: Clean2D)",2.2360680103302,2395,IC(I)I
InChI=1S/C2H6/c1-2/h1-2H3,,74-84-0,0,2428,"Mesomerize (ID: Mesomerize)
Tautomerize (ID: Tautomerize)
Add Explicit Hydrogens (ID: AddExplicitH)
Neutralize (ID: Neutralize)
Clean 2D (ID: Clean2D)",2.2360680103302,2428,CC
"InChI=1S/C7H14O2/c1-3-4-5-6-9-7(2)8/h3-6H2,1-2H3",Non-irritant,628-63-7,0,2480,"Clear Stereo (ID: ClearStereo)
Wedge Clean (ID: WedgeClean)
Mesomerize (ID: Mesomerize)
Tautomerize (ID: Tautomerize)
Add Explicit Hydrogens (ID: AddExplicitH)
Neutralize (ID: Neutralize)
Clean 2D (ID: Clean2D)",2.2360680103302,2480,CCCCCOC(C)=O
"InChI=1S/C3H2ClF5O/c4-1(3(7,8)9)10-2(5)6/h1-2H",,26675-46-7,0,2498,"Clear Stereo (ID: ClearStereo)
Wedge Clean (ID: WedgeClean)
Mesomerize (ID: Mesomerize)
Tautomerize (ID: Tautomerize)
Add Explicit Hydrogens (ID: AddExplicitH)
Neutralize (ID: Neutralize)
Clean 2D (ID: Clean2D)",2.2360680103302,2498,FC(F)OC(Cl)C(F)(F)F
"InChI=1S/C3F8/c4-1(5,2(6,7)8)3(9,10)11",,218599-63-4,0,2648,"Clear Stereo (ID: ClearStereo)
Wedge Clean (ID: WedgeClean)
Mesomerize (ID: Mesomerize)
Tautomerize (ID: Tautomerize)
Clean 2D (ID: Clean2D)",2.2360680103302,2648,FC(F)(F)C(F)(F)C(F)(F)F
"InChI=1S/C8BrF17/c9-7(22,23)5(18,19)3(14,15)1(10,11)2(12,13)4(16,17)6(20,21)8(24,25)26",,423-55-2,0,3213,"Clear Stereo (ID: ClearStereo)
Wedge Clean (ID: WedgeClean)
Mesomerize (ID: Mesomerize)
Tautomerize (ID: Tautomerize)
Clean 2D (ID: Clean2D)",2.2360680103302,3213,FC(F)(F)C(F)(F)C(F)(F)C(F)(F)C(F)(F)C(F)(F)C(F)(F)C(F)(F)Br
"InChI=1S/C24H51N/c1-22(2)16-10-7-13-19-25(20-14-8-11-17-23(3)4)21-15-9-12-18-24(5)6/h22-24H,7-21H2,1-6H3",Non-irritant,25549-16-0,0,3384,"Clear Stereo (ID: ClearStereo)
Wedge Clean (ID: WedgeClean)
Mesomerize (ID: Mesomerize)
Tautomerize (ID: Tautomerize)
Add Explicit Hydrogens (ID: AddExplicitH)
Neutralize (ID: Neutralize)
Clean 2D (ID: Clean2D)",2.2360680103302,3384,CC(C)CCCCCN(CCCCCC(C)C)CCCCCC(C)C
"InChI=1S/C6F14/c7-1(8,3(11,12)5(15,16)17)2(9,10)4(13,14)6(18,19)20",Non-irritant,355-42-0,0,3472,"Clear Stereo (ID: ClearStereo)
Wedge Clean (ID: WedgeClean)
Mesomerize (ID: Mesomerize)
Tautomerize (ID: Tautomerize)
Clean 2D (ID: Clean2D)",2.2360680103302,3472,FC(F)(F)C(F)(F)C(F)(F)C(F)(F)C(F)(F)C(F)(F)F
"InChI=1S/C10H14/c1-3-9(2)10-7-5-4-6-8-10/h4-9H,3H2,1-2H3",Non-irritant,135-98-8 68411-44-9  135-98-8,0,3475,"Dearomatize (ID: Dearomatize)
Clear Stereo (ID: ClearStereo)
Wedge Clean (ID: WedgeClean)
Mesomerize (ID: Mesomerize)
Tautomerize (ID: Tautomerize)
Aromatize (ID: Aromatize)
Add Explicit Hydrogens (ID: AddExplicitH)
Neutralize (ID: Neutralize)
Clean 2D (ID: Clean2D)",2.2360680103302,3475,CCC(C)c1ccccc1
BGHCVCJVXZWKCC-UHFFFAOYSA-N,Non-irritant,629-59-4,0,42,"Clear Stereo (ID: ClearStereo)
Wedge Clean (ID: WedgeClean)
Mesomerize (ID: Mesomerize)
Tautomerize (ID: Tautomerize)
Add Explicit Hydrogens (ID: AddExplicitH)
Neutralize (ID: Neutralize)
Clean 2D (ID: Clean2D)",2.44948983192444,42,CCCCCCCCCCCCCC
BHXIWUJLHYHGSJ-UHFFFAOYSA-N,Non-irritant,763-69-9,0,46,"Clear Stereo (ID: ClearStereo)
Wedge Clean (ID: WedgeClean)
Mesomerize (ID: Mesomerize)
Tautomerize (ID: Tautomerize)
Add Explicit Hydrogens (ID: AddExplicitH)
Neutralize (ID: Neutralize)
Clean 2D (ID: Clean2D)",2.44948983192444,46,CCOCCC(=O)OCC
BZUDVELGTZDOIG-UHFFFAOYSA-N,Non-irritant,1860-26-0,0,79,"Clear Stereo (ID: ClearStereo)
Wedge Clean (ID: WedgeClean)
Mesomerize (ID: Mesomerize)
Tautomerize (ID: Tautomerize)
Add Explicit Hydrogens (ID: AddExplicitH)
Neutralize (ID: Neutralize)
Clean 2D (ID: Clean2D)",2.44948983192444,79,CCCCC(CC)CN(CC(CC)CCCC)CC(CC)CCCC
CBFCDTFDPHXCNY-UHFFFAOYSA-N,Non-irritant,112-95-8,0,81,"Clear Stereo (ID: ClearStereo)
Wedge Clean (ID: WedgeClean)
Mesomerize (ID: Mesomerize)
Tautomerize (ID: Tautomerize)
Add Explicit Hydrogens (ID: AddExplicitH)
Neutralize (ID: Neutralize)
Clean 2D (ID: Clean2D)",2.44948983192444,81,CCCCCCCCCCCCCCCCCCCC
DCAYPVUWAIABOU-UHFFFAOYSA-N,Non-irritant,544-76-3,0,129,"Clear Stereo (ID: ClearStereo)
Wedge Clean (ID: WedgeClean)
Mesomerize (ID: Mesomerize)
Tautomerize (ID: Tautomerize)
Add Explicit Hydrogens (ID: AddExplicitH)
Neutralize (ID: Neutralize)
Clean 2D (ID: Clean2D)",2.44948983192444,129,CCCCCCCCCCCCCCCC
DIOQZVSQGTUSAI-UHFFFAOYSA-N,Non-irritant,124-18-5,0,136,"Clear Stereo (ID: ClearStereo)
Wedge Clean (ID: WedgeClean)
Mesomerize (ID: Mesomerize)
Tautomerize (ID: Tautomerize)
Add Explicit Hydrogens (ID: AddExplicitH)
Neutralize (ID: Neutralize)
Clean 2D (ID: Clean2D)",2.44948983192444,136,CCCCCCCCCC
FLIACVVOZYBSBS-UHFFFAOYSA-N,Non-irritant,112-39-0,0,184,"Clear Stereo (ID: ClearStereo)
Wedge Clean (ID: WedgeClean)
Mesomerize (ID: Mesomerize)
Tautomerize (ID: Tautomerize)
Add Explicit Hydrogens (ID: AddExplicitH)
Neutralize (ID: Neutralize)
Clean 2D (ID: Clean2D)",2.44948983192444,184,CCCCCCCCCCCCCCCC(=O)OC
FNAZRRHPUDJQCJ-UHFFFAOYSA-N,Non-irritant,64741-76-0,0,191,"Clear Stereo (ID: ClearStereo)
Wedge Clean (ID: WedgeClean)
Mesomerize (ID: Mesomerize)
Tautomerize (ID: Tautomerize)
Add Explicit Hydrogens (ID: AddExplicitH)
Neutralize (ID: Neutralize)
Clean 2D (ID: Clean2D)",2.44948983192444,191,CCCCCCCCCCCCCCCCCCCCC
GHMLBKRAJCXXBS-UHFFFAOYSA-N,Non-irritant,108-46-3,0,221,"Dearomatize (ID: Dearomatize)
Clear Stereo (ID: ClearStereo)
Wedge Clean (ID: WedgeClean)
Mesomerize (ID: Mesomerize)
Tautomerize (ID: Tautomerize)
Aromatize (ID: Aromatize)
Add Explicit Hydrogens (ID: AddExplicitH)
Neutralize (ID: Neutralize)
Clean 2D (ID: Clean2D)",2.44948983192444,221,Oc1cccc(O)c1
ICIDSZQHPUZUHC-UHFFFAOYSA-N,Non-irritant,9005-00-9,0,299,"Clear Stereo (ID: ClearStereo)
Wedge Clean (ID: WedgeClean)
Mesomerize (ID: Mesomerize)
Tautomerize (ID: Tautomerize)
Add Explicit Hydrogens (ID: AddExplicitH)
Neutralize (ID: Neutralize)
Clean 2D (ID: Clean2D)",2.44948983192444,299,CCCCCCCCCCCCCCCCCCOCCO
IIYFAKIEWZDVMP-UHFFFAOYSA-N,Non-irritant,629-50-5,0,311,"Clear Stereo (ID: ClearStereo)
Wedge Clean (ID: WedgeClean)
Mesomerize (ID: Mesomerize)
Tautomerize (ID: Tautomerize)
Add Explicit Hydrogens (ID: AddExplicitH)
Neutralize (ID: Neutralize)
Clean 2D (ID: Clean2D)",2.44948983192444,311,CCCCCCCCCCCCC
KZVBBTZJMSWGTK-UHFFFAOYSA-N,Non-irritant,112-73-2,0,420,"Clear Stereo (ID: ClearStereo)
Wedge Clean (ID: WedgeClean)
Mesomerize (ID: Mesomerize)
Tautomerize (ID: Tautomerize)
Add Explicit Hydrogens (ID: AddExplicitH)
Neutralize (ID: Neutralize)
Clean 2D (ID: Clean2D)",2.44948983192444,420,CCCCOCCOCCOCCCC
LGYNIFWIKSEESD-UHFFFAOYSA-N,Non-irritant,123-05-7,0,429,"Clear Stereo (ID: ClearStereo)
Wedge Clean (ID: WedgeClean)
Mesomerize (ID: Mesomerize)
Tautomerize (ID: Tautomerize)
Add Explicit Hydrogens (ID: AddExplicitH)
Neutralize (ID: Neutralize)
Clean 2D (ID: Clean2D)",2.44948983192444,429,CCCCC(C=O)CC
LVGFPWDANALGOY-UHFFFAOYSA-N,Non-irritant,1330-61-6,0,455,"Clear Stereo (ID: ClearStereo)
Wedge Clean (ID: WedgeClean)
Mesomerize (ID: Mesomerize)
Tautomerize (ID: Tautomerize)
Add Explicit Hydrogens (ID: AddExplicitH)
Neutralize (ID: Neutralize)
Clean 2D (ID: Clean2D)",2.44948983192444,455,C=CC(=O)OCCCCCCCC(C)C
NFAVNWJJYQAGNB-UHFFFAOYSA-N,Non-irritant,110-41-8,0,513,"Clear Stereo (ID: ClearStereo)
Wedge Clean (ID: WedgeClean)
Mesomerize (ID: Mesomerize)
Tautomerize (ID: Tautomerize)
Add Explicit Hydrogens (ID: AddExplicitH)
Neutralize (ID: Neutralize)
Clean 2D (ID: Clean2D)",2.44948983192444,513,CCCCCCCCCC(C)C=O
NHTMVDHEPJAVLT-UHFFFAOYSA-N,Non-irritant,540-84-1,0,517,"Clear Stereo (ID: ClearStereo)
Wedge Clean (ID: WedgeClean)
Mesomerize (ID: Mesomerize)
Tautomerize (ID: Tautomerize)
Add Explicit Hydrogens (ID: AddExplicitH)
Neutralize (ID: Neutralize)
Clean 2D (ID: Clean2D)",2.44948983192444,517,CC(C)CC(C)(C)C
NUKZAGXMHTUAFE-UHFFFAOYSA-N,Non-irritant,106-70-7,0,536,"Clear Stereo (ID: ClearStereo)
Wedge Clean (ID: WedgeClean)
Mesomerize (ID: Mesomerize)
Tautomerize (ID: Tautomerize)
Add Explicit Hydrogens (ID: AddExplicitH)
Neutralize (ID: Neutralize)
Clean 2D (ID: Clean2D)",2.44948983192444,536,CCCCCC(=O)OC
OHBQPCCCRFSCAX-UHFFFAOYSA-N,Non-irritant,150-78-7,0,552,"Dearomatize (ID: Dearomatize)
Clear Stereo (ID: ClearStereo)
Wedge Clean (ID: WedgeClean)
Mesomerize (ID: Mesomerize)
Tautomerize (ID: Tautomerize)
Aromatize (ID: Aromatize)
Add Explicit Hydrogens (ID: AddExplicitH)
Neutralize (ID: Neutralize)
Clean 2D (ID: Clean2D)",2.44948983192444,552,COc1ccc(OC)cc1
OSWPMRLSEDHDFF-UHFFFAOYSA-N,Non-irritant,119-36-8,0,565,"Dearomatize (ID: Dearomatize)
Clear Stereo (ID: ClearStereo)
Wedge Clean (ID: WedgeClean)
Mesomerize (ID: Mesomerize)
Tautomerize (ID: Tautomerize)
Aromatize (ID: Aromatize)
Add Explicit Hydrogens (ID: AddExplicitH)
Neutralize (ID: Neutralize)
Clean 2D (ID: Clean2D)",2.44948983192444,565,COC(=O)c1ccccc1O
PQTAUFTUHHRKSS-UHFFFAOYSA-N,Non-irritant,27776-01-8,0,611,"Dearomatize (ID: Dearomatize)
Clear Stereo (ID: ClearStereo)
Wedge Clean (ID: WedgeClean)
Mesomerize (ID: Mesomerize)
Tautomerize (ID: Tautomerize)
Aromatize (ID: Aromatize)
Add Explicit Hydrogens (ID: AddExplicitH)
Neutralize (ID: Neutralize)
Clean 2D (ID: Clean2D)",2.44948983192444,611,Cc1ccccc1Cc1ccccc1
PYGXAGIECVVIOZ-UHFFFAOYSA-N,Non-irritant,109-43-3,0,622,"Clear Stereo (ID: ClearStereo)
Wedge Clean (ID: WedgeClean)
Mesomerize (ID: Mesomerize)
Tautomerize (ID: Tautomerize)
Add Explicit Hydrogens (ID: AddExplicitH)
Neutralize (ID: Neutralize)
Clean 2D (ID: Clean2D)",2.44948983192444,622,CCCCOC(=O)CCCCCCCCC(=O)OCCCC
QGTBRAFPWNISIJ-UHFFFAOYSA-N,Non-irritant,7328-22-5,0,635,"Clear Stereo (ID: ClearStereo)
Wedge Clean (ID: WedgeClean)
Mesomerize (ID: Mesomerize)
Tautomerize (ID: Tautomerize)
Add Explicit Hydrogens (ID: AddExplicitH)
Neutralize (ID: Neutralize)
Clean 2D (ID: Clean2D)",2.44948983192444,635,C=C(C)C(=O)OCCOCCOCCCC
QKBKGNDTLQFSEU-UHFFFAOYSA-N,Non-irritant,1514-82-5,0,640,"Clear Stereo (ID: ClearStereo)
Wedge Clean (ID: WedgeClean)
Mesomerize (ID: Mesomerize)
Tautomerize (ID: Tautomerize)
Add Explicit Hydrogens (ID: AddExplicitH)
Neutralize (ID: Neutralize)
Clean 2D (ID: Clean2D)",2.44948983192444,640,C=C(Br)C(F)(F)F
QLCJOAMJPCOIDI-UHFFFAOYSA-N,Non-irritant,2568-90-3,0,641,"Clear Stereo (ID: ClearStereo)
Wedge Clean (ID: WedgeClean)
Mesomerize (ID: Mesomerize)
Tautomerize (ID: Tautomerize)
Add Explicit Hydrogens (ID: AddExplicitH)
Neutralize (ID: Neutralize)
Clean 2D (ID: Clean2D)",2.44948983192444,641,CCCCOCOCCCC
QNJOVLAFLJQFBF-UHFFFAOYSA-N,Non-irritant,93803-87-3,0,645,"Clear Stereo (ID: ClearStereo)
Wedge Clean (ID: WedgeClean)
Mesomerize (ID: Mesomerize)
Tautomerize (ID: Tautomerize)
Add Explicit Hydrogens (ID: AddExplicitH)
Neutralize (ID: Neutralize)
Clean 2D (ID: Clean2D)",2.44948983192444,645,CCCCCCCCCCC(CCCCCCCC)COC(=O)CCCCCCCCCCCCCCC(C)C
QPJVMBTYPHYUOC-UHFFFAOYSA-N,Non-irritant,93-58-3,0,650,"Dearomatize (ID: Dearomatize)
Clear Stereo (ID: ClearStereo)
Wedge Clean (ID: WedgeClean)
Mesomerize (ID: Mesomerize)
Tautomerize (ID: Tautomerize)
Aromatize (ID: Aromatize)
Add Explicit Hydrogens (ID: AddExplicitH)
Neutralize (ID: Neutralize)
Clean 2D (ID: Clean2D)",2.44948983192444,650,COC(=O)c1ccccc1
RDOXTESZEPMUJZ-UHFFFAOYSA-N,Non-irritant,100-66-3,0,670,"Dearomatize (ID: Dearomatize)
Clear Stereo (ID: ClearStereo)
Wedge Clean (ID: WedgeClean)
Mesomerize (ID: Mesomerize)
Tautomerize (ID: Tautomerize)
Aromatize (ID: Aromatize)
Add Explicit Hydrogens (ID: AddExplicitH)
Neutralize (ID: Neutralize)
Clean 2D (ID: Clean2D)",2.44948983192444,670,COc1ccccc1
RRQYJINTUHWNHW-UHFFFAOYSA-N,Non-irritant,112-36-7,0,685,"Clear Stereo (ID: ClearStereo)
Wedge Clean (ID: WedgeClean)
Mesomerize (ID: Mesomerize)
Tautomerize (ID: Tautomerize)
Add Explicit Hydrogens (ID: AddExplicitH)
Neutralize (ID: Neutralize)
Clean 2D (ID: Clean2D)",2.44948983192444,685,CCOCCOCCOCC
RSJKGSCJYJTIGS-UHFFFAOYSA-N,Non-irritant,1120-21-4,0,686,"Clear Stereo (ID: ClearStereo)
Wedge Clean (ID: WedgeClean)
Mesomerize (ID: Mesomerize)
Tautomerize (ID: Tautomerize)
Add Explicit Hydrogens (ID: AddExplicitH)
Neutralize (ID: Neutralize)
Clean 2D (ID: Clean2D)",2.44948983192444,686,CCCCCCCCCCC
RWGFKTVRMDUZSP-UHFFFAOYSA-N,Non-irritant,98-82-8,0,696,"Dearomatize (ID: Dearomatize)
Clear Stereo (ID: ClearStereo)
Wedge Clean (ID: WedgeClean)
Mesomerize (ID: Mesomerize)
Tautomerize (ID: Tautomerize)
Aromatize (ID: Aromatize)
Add Explicit Hydrogens (ID: AddExplicitH)
Neutralize (ID: Neutralize)
Clean 2D (ID: Clean2D)",2.44948983192444,696,CC(C)c1ccccc1
RXBOCDZLKBPILN-UHFFFAOYSA-N,Non-irritant,149021-58-9,0,701,"Clear Stereo (ID: ClearStereo)
Wedge Clean (ID: WedgeClean)
Mesomerize (ID: Mesomerize)
Tautomerize (ID: Tautomerize)
Add Explicit Hydrogens (ID: AddExplicitH)
Neutralize (ID: Neutralize)
Clean 2D (ID: Clean2D)",2.44948983192444,701,C=CC(=O)OCC(CCC)CCCCC
RZJRJXONCZWCBN-UHFFFAOYSA-N,Non-irritant,593-45-3,0,708,"Clear Stereo (ID: ClearStereo)
Wedge Clean (ID: WedgeClean)
Mesomerize (ID: Mesomerize)
Tautomerize (ID: Tautomerize)
Add Explicit Hydrogens (ID: AddExplicitH)
Neutralize (ID: Neutralize)
Clean 2D (ID: Clean2D)",2.44948983192444,708,CCCCCCCCCCCCCCCCCC
RZXMPPFPUUCRFN-UHFFFAOYSA-N,Non-irritant,106-49-0,0,710,"Dearomatize (ID: Dearomatize)
Clear Stereo (ID: ClearStereo)
Wedge Clean (ID: WedgeClean)
Mesomerize (ID: Mesomerize)
Tautomerize (ID: Tautomerize)
Aromatize (ID: Aromatize)
Add Explicit Hydrogens (ID: AddExplicitH)
Neutralize (ID: Neutralize)
Clean 2D (ID: Clean2D)",2.44948983192444,710,Cc1ccc(N)cc1
SAMYFBLRCRWESN-UHFFFAOYSA-N,Non-irritant,72576-80-8,0,712,"Clear Stereo (ID: ClearStereo)
Wedge Clean (ID: WedgeClean)
Mesomerize (ID: Mesomerize)
Tautomerize (ID: Tautomerize)
Add Explicit Hydrogens (ID: AddExplicitH)
Neutralize (ID: Neutralize)
Clean 2D (ID: Clean2D)",2.44948983192444,712,CCCCCCCCCCCCCCCC(=O)OCCCCCCCCCCCCCCCC(C)C
SKRWRXWNQFQGRU-UHFFFAOYSA-N,Non-irritant,80793-17-5,0,733,"Clear Stereo (ID: ClearStereo)
Wedge Clean (ID: WedgeClean)
Mesomerize (ID: Mesomerize)
Tautomerize (ID: Tautomerize)
Add Explicit Hydrogens (ID: AddExplicitH)
Neutralize (ID: Neutralize)
Clean 2D (ID: Clean2D)",2.44948983192444,733,CCC(F)(F)C(F)(F)C(F)(F)C(F)(F)C(F)(F)C(F)(F)F
UCKMPCXJQFINFW-UHFFFAOYSA-N,Non-irritant,1345-07-9,0,775,"Clear Stereo (ID: ClearStereo)
Mesomerize (ID: Mesomerize)
Tautomerize (ID: Tautomerize)
Add Explicit Hydrogens (ID: AddExplicitH)
Neutralize (ID: Neutralize)
Clean 2D (ID: Clean2D)",2.44948983192444,775,S
UPGSWASWQBLSKZ-UHFFFAOYSA-N,Non-irritant,112-25-4,0,799,"Clear Stereo (ID: ClearStereo)
Wedge Clean (ID: WedgeClean)
Mesomerize (ID: Mesomerize)
Tautomerize (ID: Tautomerize)
Add Explicit Hydrogens (ID: AddExplicitH)
Neutralize (ID: Neutralize)
Clean 2D (ID: Clean2D)",2.44948983192444,799,CCCCCCOCCO
UQDUPQYQJKYHQI-UHFFFAOYSA-N,Non-irritant,111-82-0,0,801,"Clear Stereo (ID: ClearStereo)
Wedge Clean (ID: WedgeClean)
Mesomerize (ID: Mesomerize)
Tautomerize (ID: Tautomerize)
Add Explicit Hydrogens (ID: AddExplicitH)
Neutralize (ID: Neutralize)
Clean 2D (ID: Clean2D)",2.44948983192444,801,CCCCCCCCCCCC(=O)OC
VFWCMGCRMGJXDK-UHFFFAOYSA-N,Non-irritant,109-69-3,0,825,"Clear Stereo (ID: ClearStereo)
Wedge Clean (ID: WedgeClean)
Mesomerize (ID: Mesomerize)
Tautomerize (ID: Tautomerize)
Add Explicit Hydrogens (ID: AddExplicitH)
Neutralize (ID: Neutralize)
Clean 2D (ID: Clean2D)",2.44948983192444,825,CCCCCl
VJHINFRRDQUWOJ-UHFFFAOYSA-N,Non-irritant,122-62-3,0,829,"Clear Stereo (ID: ClearStereo)
Wedge Clean (ID: WedgeClean)
Mesomerize (ID: Mesomerize)
Tautomerize (ID: Tautomerize)
Add Explicit Hydrogens (ID: AddExplicitH)
Neutralize (ID: Neutralize)
Clean 2D (ID: Clean2D)",2.44948983192444,829,CCCCC(CC)COC(=O)CCCCCCCCC(=O)OCC(CC)CCCC
VLKZOEOYAKHREP-UHFFFAOYSA-N,Non-irritant,64742-82-1,0,832,"Clear Stereo (ID: ClearStereo)
Wedge Clean (ID: WedgeClean)
Mesomerize (ID: Mesomerize)
Tautomerize (ID: Tautomerize)
Add Explicit Hydrogens (ID: AddExplicitH)
Neutralize (ID: Neutralize)
Clean 2D (ID: Clean2D)",2.44948983192444,832,CCCCCC
VXNZUUAINFGPBY-UHFFFAOYSA-N,Non-irritant,9003-29-6,0,846,"Clear Stereo (ID: ClearStereo)
Wedge Clean (ID: WedgeClean)
Mesomerize (ID: Mesomerize)
Tautomerize (ID: Tautomerize)
Add Explicit Hydrogens (ID: AddExplicitH)
Neutralize (ID: Neutralize)
Clean 2D (ID: Clean2D)",2.44948983192444,846,C=CCC
WMNULTDOANGXRT-UHFFFAOYSA-N,Non-irritant,2915-57-3,0,868,"Clear Stereo (ID: ClearStereo)
Wedge Clean (ID: WedgeClean)
Mesomerize (ID: Mesomerize)
Tautomerize (ID: Tautomerize)
Add Explicit Hydrogens (ID: AddExplicitH)
Neutralize (ID: Neutralize)
Clean 2D (ID: Clean2D)",2.44948983192444,868,CCCCC(CC)COC(=O)CCC(=O)OCC(CC)CCCC
XTJFFFGAUHQWII-UHFFFAOYSA-N,Non-irritant,105-99-7,0,937,"Clear Stereo (ID: ClearStereo)
Wedge Clean (ID: WedgeClean)
Mesomerize (ID: Mesomerize)
Tautomerize (ID: Tautomerize)
Add Explicit Hydrogens (ID: AddExplicitH)
Neutralize (ID: Neutralize)
Clean 2D (ID: Clean2D)",2.44948983192444,937,CCCCOC(=O)CCCCC(=O)OCCCC
YCOZIPAWZNQLMR-UHFFFAOYSA-N,Non-irritant,629-62-9,0,953,"Clear Stereo (ID: ClearStereo)
Wedge Clean (ID: WedgeClean)
Mesomerize (ID: Mesomerize)
Tautomerize (ID: Tautomerize)
Add Explicit Hydrogens (ID: AddExplicitH)
Neutralize (ID: Neutralize)
Clean 2D (ID: Clean2D)",2.44948983192444,953,CCCCCCCCCCCCCCC
"InChI=1S/C18H36O/c1-2-3-4-5-6-7-8-9-10-11-12-13-14-15-16-17-18-19/h9-10,19H,2-8,11-18H2,1H3",,143-28-2,0,1089,"Clear Stereo (ID: ClearStereo)
Wedge Clean (ID: WedgeClean)
Mesomerize (ID: Mesomerize)
Tautomerize (ID: Tautomerize)
Add Explicit Hydrogens (ID: AddExplicitH)
Neutralize (ID: Neutralize)
Clean 2D (ID: Clean2D)",2.44948983192444,1089,CCCCCCCCC=CCCCCCCCCO
"InChI=1S/C3H8/c1-3-2/h3H2,1-2H3",,74-98-6,0,1130,"Mesomerize (ID: Mesomerize)
Tautomerize (ID: Tautomerize)
Add Explicit Hydrogens (ID: AddExplicitH)
Neutralize (ID: Neutralize)
Clean 2D (ID: Clean2D)",2.44948983192444,1130,CCC
"InChI=1S/C13H24O2/c1-10(2)12(14)15-8-7-11(3)9-13(4,5)6/h11H,1,7-9H2,2-6H3",Non-irritant,13453-03-7,0,1161,"Clear Stereo (ID: ClearStereo)
Wedge Clean (ID: WedgeClean)
Mesomerize (ID: Mesomerize)
Tautomerize (ID: Tautomerize)
Add Explicit Hydrogens (ID: AddExplicitH)
Neutralize (ID: Neutralize)
Clean 2D (ID: Clean2D)",2.44948983192444,1161,C=C(C)C(=O)OCCC(C)CC(C)(C)C
InChI=1S/C2F4/c3-1(4)2(5)6,,116-14-3,0,1173,"Clear Stereo (ID: ClearStereo)
Wedge Clean (ID: WedgeClean)
Mesomerize (ID: Mesomerize)
Tautomerize (ID: Tautomerize)
Clean 2D (ID: Clean2D)",2.44948983192444,1173,FC(F)=C(F)F
"InChI=1S/C10H12O3/c1-7(2)13-10(12)8-3-5-9(11)6-4-8/h3-7,11H,1-2H3",,4191-73-5,0,1301,"Dearomatize (ID: Dearomatize)
Clear Stereo (ID: ClearStereo)
Wedge Clean (ID: WedgeClean)
Mesomerize (ID: Mesomerize)
Tautomerize (ID: Tautomerize)
Aromatize (ID: Aromatize)
Add Explicit Hydrogens (ID: AddExplicitH)
Neutralize (ID: Neutralize)
Clean 2D (ID: Clean2D)",2.44948983192444,1301,CC(C)OC(=O)c1ccc(O)cc1
"InChI=1S/C6H12O2/c1-6(2,3)5(7)8-4/h1-4H3",Non-irritant,598-98-1,0,1305,"Clear Stereo (ID: ClearStereo)
Wedge Clean (ID: WedgeClean)
Mesomerize (ID: Mesomerize)
Tautomerize (ID: Tautomerize)
Add Explicit Hydrogens (ID: AddExplicitH)
Neutralize (ID: Neutralize)
Clean 2D (ID: Clean2D)",2.44948983192444,1305,COC(=O)C(C)(C)C
"InChI=1S/C3H2F6O/c4-1(3(7,8)9)10-2(5)6/h1-2H",,57041-67-5,0,1412,"Clear Stereo (ID: ClearStereo)
Wedge Clean (ID: WedgeClean)
Mesomerize (ID: Mesomerize)
Tautomerize (ID: Tautomerize)
Add Explicit Hydrogens (ID: AddExplicitH)
Neutralize (ID: Neutralize)
Clean 2D (ID: Clean2D)",2.44948983192444,1412,FC(F)OC(F)C(F)(F)F
"InChI=1S/C11H20O2/c1-4-11(12)13-9-7-5-6-8-10(2)3/h4,10H,1,5-9H2,2-3H3",Non-irritant,29590-42-9,0,1434,"Clear Stereo (ID: ClearStereo)
Wedge Clean (ID: WedgeClean)
Mesomerize (ID: Mesomerize)
Tautomerize (ID: Tautomerize)
Add Explicit Hydrogens (ID: AddExplicitH)
Neutralize (ID: Neutralize)
Clean 2D (ID: Clean2D)",2.44948983192444,1434,C=CC(=O)OCCCCCC(C)C
"InChI=1S/C10H14/c1-8(2)10-6-4-9(3)5-7-10/h4-8H,1-3H3",,99-87-6,0,1650,"Dearomatize (ID: Dearomatize)
Clear Stereo (ID: ClearStereo)
Wedge Clean (ID: WedgeClean)
Mesomerize (ID: Mesomerize)
Tautomerize (ID: Tautomerize)
Aromatize (ID: Aromatize)
Add Explicit Hydrogens (ID: AddExplicitH)
Neutralize (ID: Neutralize)
Clean 2D (ID: Clean2D)",2.44948983192444,1650,Cc1ccc(C(C)C)cc1
"InChI=1S/C19H38O2/c1-3-4-5-6-7-8-9-10-11-12-13-14-15-16-17-18-19(20)21-2/h3-18H2,1-2H3",,112-61-8,0,1683,"Clear Stereo (ID: ClearStereo)
Wedge Clean (ID: WedgeClean)
Mesomerize (ID: Mesomerize)
Tautomerize (ID: Tautomerize)
Add Explicit Hydrogens (ID: AddExplicitH)
Neutralize (ID: Neutralize)
Clean 2D (ID: Clean2D)",2.44948983192444,1683,CCCCCCCCCCCCCCCCCC(=O)OC
"InChI=1S/C4H8/c1-3-4-2/h3-4H,1-2H3",,624-64-6,0,1736,"Clear Stereo (ID: ClearStereo)
Wedge Clean (ID: WedgeClean)
Mesomerize (ID: Mesomerize)
Tautomerize (ID: Tautomerize)
Add Explicit Hydrogens (ID: AddExplicitH)
Neutralize (ID: Neutralize)
Clean 2D (ID: Clean2D)",2.44948983192444,1736,CC=CC
"InChI=1S/C4H10/c1-3-4-2/h3-4H2,1-2H3",,106-97-8,0,1770,"Clear Stereo (ID: ClearStereo)
Wedge Clean (ID: WedgeClean)
Mesomerize (ID: Mesomerize)
Tautomerize (ID: Tautomerize)
Add Explicit Hydrogens (ID: AddExplicitH)
Neutralize (ID: Neutralize)
Clean 2D (ID: Clean2D)",2.44948983192444,1770,CCCC
"InChI=1S/C23H46O2/c1-21(2)19-17-15-13-11-9-7-6-8-10-12-14-16-18-20-25-22(24)23(3,4)5/h21H,6-20H2,1-5H3",,58958-60-4,0,1916,"Clear Stereo (ID: ClearStereo)
Wedge Clean (ID: WedgeClean)
Mesomerize (ID: Mesomerize)
Tautomerize (ID: Tautomerize)
Add Explicit Hydrogens (ID: AddExplicitH)
Neutralize (ID: Neutralize)
Clean 2D (ID: Clean2D)",2.44948983192444,1916,CC(C)CCCCCCCCCCCCCCCOC(=O)C(C)(C)C
"InChI=1S/C2H2Cl2O2/c3-1(4)2(5)6/h1H,(H,5,6)",,79-43-6,0,1943,"Clear Stereo (ID: ClearStereo)
Wedge Clean (ID: WedgeClean)
Mesomerize (ID: Mesomerize)
Tautomerize (ID: Tautomerize)
Add Explicit Hydrogens (ID: AddExplicitH)
Neutralize (ID: Neutralize)
Clean 2D (ID: Clean2D)",2.44948983192444,1943,O=C(O)C(Cl)Cl
"InChI=1S/C4H6/c1-3-4-2/h3-4H,1-2H2",,106-99-0,0,1958,"Clear Stereo (ID: ClearStereo)
Wedge Clean (ID: WedgeClean)
Mesomerize (ID: Mesomerize)
Tautomerize (ID: Tautomerize)
Add Explicit Hydrogens (ID: AddExplicitH)
Neutralize (ID: Neutralize)
Clean 2D (ID: Clean2D)",2.44948983192444,1958,C=CC=C
"InChI=1S/C34H68O2/c1-4-5-6-7-8-9-10-11-12-13-16-19-22-25-28-31-34(35)36-32-29-26-23-20-17-14-15-18-21-24-27-30-33(2)3/h33H,4-32H2,1-3H3",,25339-09-7,0,2059,"Clear Stereo (ID: ClearStereo)
Wedge Clean (ID: WedgeClean)
Mesomerize (ID: Mesomerize)
Tautomerize (ID: Tautomerize)
Add Explicit Hydrogens (ID: AddExplicitH)
Neutralize (ID: Neutralize)
Clean 2D (ID: Clean2D)",2.44948983192444,2059,CCCCCCCCCCCCCCCCCC(=O)OCCCCCCCCCCCCCC(C)C
"InChI=1S/C6H14O2/c1-3-7-5-6-8-4-2/h3-6H2,1-2H3",Non-irritant,629-14-1,0,2134,"Clear Stereo (ID: ClearStereo)
Wedge Clean (ID: WedgeClean)
Mesomerize (ID: Mesomerize)
Tautomerize (ID: Tautomerize)
Add Explicit Hydrogens (ID: AddExplicitH)
Neutralize (ID: Neutralize)
Clean 2D (ID: Clean2D)",2.44948983192444,2134,CCOCCOCC
InChI=1S/C13H10O2/c14-10-11-5-4-8-13(9-11)15-12-6-2-1-3-7-12/h1-10H,Non-irritant,39515-51-0,0,2212,"Dearomatize (ID: Dearomatize)
Clear Stereo (ID: ClearStereo)
Wedge Clean (ID: WedgeClean)
Mesomerize (ID: Mesomerize)
Tautomerize (ID: Tautomerize)
Aromatize (ID: Aromatize)
Add Explicit Hydrogens (ID: AddExplicitH)
Neutralize (ID: Neutralize)
Clean 2D (ID: Clean2D)",2.44948983192444,2212,O=Cc1cccc(Oc2ccccc2)c1
InChI=1S/C14H10/c1-2-6-12-10-14-8-4-3-7-13(14)9-11(12)5-1/h1-10H,Non-irritant,120-12-7,0,2234,"Dearomatize (ID: Dearomatize)
Clear Stereo (ID: ClearStereo)
Wedge Clean (ID: WedgeClean)
Mesomerize (ID: Mesomerize)
Tautomerize (ID: Tautomerize)
Aromatize (ID: Aromatize)
Add Explicit Hydrogens (ID: AddExplicitH)
Neutralize (ID: Neutralize)
Clean 2D (ID: Clean2D)",2.44948983192444,2234,c1ccc2cc3ccccc3cc2c1
"InChI=1S/C17H34O2/c1-5-7-12-16(6-2)14-19-17(18)13-10-8-9-11-15(3)4/h15-16H,5-14H2,1-4H3",,71566-49-9,0,2248,"Clear Stereo (ID: ClearStereo)
Wedge Clean (ID: WedgeClean)
Mesomerize (ID: Mesomerize)
Tautomerize (ID: Tautomerize)
Add Explicit Hydrogens (ID: AddExplicitH)
Neutralize (ID: Neutralize)
Clean 2D (ID: Clean2D)",2.44948983192444,2248,CCCCC(CC)COC(=O)CCCCCC(C)C
"InChI=1S/C7H14O/c1-3-5-6-7(8)4-2/h3-6H2,1-2H3",,106-35-4,0,2274,"Clear Stereo (ID: ClearStereo)
Wedge Clean (ID: WedgeClean)
Mesomerize (ID: Mesomerize)
Tautomerize (ID: Tautomerize)
Add Explicit Hydrogens (ID: AddExplicitH)
Neutralize (ID: Neutralize)
Clean 2D (ID: Clean2D)",2.44948983192444,2274,CCCCC(=O)CC
"InChI=1S/C10H18/c1-3-5-7-9-10-8-6-4-2/h3-4H,1-2,5-10H2",Non-irritant,1647-16-1  1647-16-1,0,2293,"Clear Stereo (ID: ClearStereo)
Wedge Clean (ID: WedgeClean)
Mesomerize (ID: Mesomerize)
Tautomerize (ID: Tautomerize)
Add Explicit Hydrogens (ID: AddExplicitH)
Neutralize (ID: Neutralize)
Clean 2D (ID: Clean2D)",2.44948983192444,2293,C=CCCCCCCC=C
"InChI=1S/C6H12O/c1-3-4-5-6(2)7/h3-5H2,1-2H3",,591-78-6,0,2613,"Clear Stereo (ID: ClearStereo)
Wedge Clean (ID: WedgeClean)
Mesomerize (ID: Mesomerize)
Tautomerize (ID: Tautomerize)
Add Explicit Hydrogens (ID: AddExplicitH)
Neutralize (ID: Neutralize)
Clean 2D (ID: Clean2D)",2.44948983192444,2613,CCCCC(C)=O
"InChI=1S/C14H30O2/c1-2-3-4-5-6-7-8-9-10-11-13-16-14-12-15/h15H,2-14H2,1H3",Non-irritant,9002-92-0,0,2801,"Clear Stereo (ID: ClearStereo)
Wedge Clean (ID: WedgeClean)
Mesomerize (ID: Mesomerize)
Tautomerize (ID: Tautomerize)
Add Explicit Hydrogens (ID: AddExplicitH)
Neutralize (ID: Neutralize)
Clean 2D (ID: Clean2D)",2.44948983192444,2801,CCCCCCCCCCCCOCCO
"InChI=1S/C8H14O3/c1-4-10-5-6-11-8(9)7(2)3/h2,4-6H2,1,3H3",Non-irritant,2370-63-0  2370-63-0,0,2803,"Clear Stereo (ID: ClearStereo)
Wedge Clean (ID: WedgeClean)
Mesomerize (ID: Mesomerize)
Tautomerize (ID: Tautomerize)
Add Explicit Hydrogens (ID: AddExplicitH)
Neutralize (ID: Neutralize)
Clean 2D (ID: Clean2D)",2.44948983192444,2803,C=C(C)C(=O)OCCOCC
InChI=1S/C6H12Br2/c7-5-3-1-2-4-6-8/h1-6H2,Non-irritant,629-03-8,0,2807,"Clear Stereo (ID: ClearStereo)
Wedge Clean (ID: WedgeClean)
Mesomerize (ID: Mesomerize)
Tautomerize (ID: Tautomerize)
Add Explicit Hydrogens (ID: AddExplicitH)
Neutralize (ID: Neutralize)
Clean 2D (ID: Clean2D)",2.44948983192444,2807,BrCCCCCCBr
"InChI=1S/C11H8O3/c12-10-8-4-2-1-3-7(8)5-6-9(10)11(13)14/h1-6,12H,(H,13,14)",,86-48-6,0,2817,"Dearomatize (ID: Dearomatize)
Clear Stereo (ID: ClearStereo)
Wedge Clean (ID: WedgeClean)
Mesomerize (ID: Mesomerize)
Tautomerize (ID: Tautomerize)
Aromatize (ID: Aromatize)
Add Explicit Hydrogens (ID: AddExplicitH)
Neutralize (ID: Neutralize)
Clean 2D (ID: Clean2D)",2.44948983192444,2817,O=C(O)c1ccc2ccccc2c1O
"InChI=1S/C18H36O2/c1-4-5-6-7-8-9-10-11-12-13-14-15-18(19)20-16-17(2)3/h17H,4-16H2,1-3H3",,25263-97-2,0,2822,"Clear Stereo (ID: ClearStereo)
Wedge Clean (ID: WedgeClean)
Mesomerize (ID: Mesomerize)
Tautomerize (ID: Tautomerize)
Add Explicit Hydrogens (ID: AddExplicitH)
Neutralize (ID: Neutralize)
Clean 2D (ID: Clean2D)",2.44948983192444,2822,CCCCCCCCCCCCCC(=O)OCC(C)C
"InChI=1S/C12H26/c1-3-5-7-9-11-12-10-8-6-4-2/h3-12H2,1-2H3",Non-irritant,112-40-3  112-40-3,0,2837,"Clear Stereo (ID: ClearStereo)
Wedge Clean (ID: WedgeClean)
Mesomerize (ID: Mesomerize)
Tautomerize (ID: Tautomerize)
Add Explicit Hydrogens (ID: AddExplicitH)
Neutralize (ID: Neutralize)
Clean 2D (ID: Clean2D)",2.44948983192444,2837,CCCCCCCCCCCC
InChI=1S/CO/c1-2,Non-irritant,13463-40-6,0,2935,"Mesomerize (ID: Mesomerize)
Tautomerize (ID: Tautomerize)
Clean 2D (ID: Clean2D)",2.44948983192444,2935,[C-]#[O+]
"InChI=1S/C18H36O2/c1-14(12-17(3,4)5)9-10-20-16(19)11-15(2)13-18(6,7)8/h14-15H,9-13H2,1-8H3",,59219-71-5,0,2951,"Clear Stereo (ID: ClearStereo)
Wedge Clean (ID: WedgeClean)
Mesomerize (ID: Mesomerize)
Tautomerize (ID: Tautomerize)
Add Explicit Hydrogens (ID: AddExplicitH)
Neutralize (ID: Neutralize)
Clean 2D (ID: Clean2D)",2.44948983192444,2951,CC(CCOC(=O)CC(C)CC(C)(C)C)CC(C)(C)C
"InChI=1S/C10H18O4/c1-3-13-9(11)7-5-6-8-10(12)14-4-2/h3-8H2,1-2H3",,141-28-6,0,3055,"Clear Stereo (ID: ClearStereo)
Wedge Clean (ID: WedgeClean)
Mesomerize (ID: Mesomerize)
Tautomerize (ID: Tautomerize)
Add Explicit Hydrogens (ID: AddExplicitH)
Neutralize (ID: Neutralize)
Clean 2D (ID: Clean2D)",2.44948983192444,3055,CCOC(=O)CCCCC(=O)OCC
"InChI=1S/C3H6O2/c1-2-5-3-4/h3H,2H2,1H3",,109-94-4,0,3132,"Clear Stereo (ID: ClearStereo)
Wedge Clean (ID: WedgeClean)
Mesomerize (ID: Mesomerize)
Tautomerize (ID: Tautomerize)
Add Explicit Hydrogens (ID: AddExplicitH)
Neutralize (ID: Neutralize)
Clean 2D (ID: Clean2D)",2.44948983192444,3132,CCOC=O
"InChI=1S/C8H8O2/c1-10-8-4-2-3-7(5-8)6-9/h2-6H,1H3",Non-irritant,591-31-1,0,3185,"Dearomatize (ID: Dearomatize)
Clear Stereo (ID: ClearStereo)
Wedge Clean (ID: WedgeClean)
Mesomerize (ID: Mesomerize)
Tautomerize (ID: Tautomerize)
Aromatize (ID: Aromatize)
Add Explicit Hydrogens (ID: AddExplicitH)
Neutralize (ID: Neutralize)
Clean 2D (ID: Clean2D)",2.44948983192444,3185,COc1cccc(C=O)c1
"InChI=1S/C14H10O5/c15-11-7-3-1-5-9(11)14(18)19-12-8-4-2-6-10(12)13(16)17/h1-8,15H,(H,16,17)",,552-94-3,0,3224,"Dearomatize (ID: Dearomatize)
Clear Stereo (ID: ClearStereo)
Wedge Clean (ID: WedgeClean)
Mesomerize (ID: Mesomerize)
Tautomerize (ID: Tautomerize)
Aromatize (ID: Aromatize)
Add Explicit Hydrogens (ID: AddExplicitH)
Neutralize (ID: Neutralize)
Clean 2D (ID: Clean2D)",2.44948983192444,3224,O=C(Oc1ccccc1C(=O)O)c1ccccc1O
"InChI=1S/C13H10O5/c14-7-1-3-9(11(16)5-7)13(18)10-4-2-8(15)6-12(10)17/h1-6,14-17H",,131-55-5,0,3230,"Dearomatize (ID: Dearomatize)
Clear Stereo (ID: ClearStereo)
Wedge Clean (ID: WedgeClean)
Mesomerize (ID: Mesomerize)
Tautomerize (ID: Tautomerize)
Aromatize (ID: Aromatize)
Add Explicit Hydrogens (ID: AddExplicitH)
Neutralize (ID: Neutralize)
Clean 2D (ID: Clean2D)",2.44948983192444,3230,O=C(c1ccc(O)cc1O)c1ccc(O)cc1O
"InChI=1S/C15H30O2/c1-3-4-5-6-7-8-9-10-11-12-13-14-15(16)17-2/h3-14H2,1-2H3",,124-10-7,0,3444,"Clear Stereo (ID: ClearStereo)
Wedge Clean (ID: WedgeClean)
Mesomerize (ID: Mesomerize)
Tautomerize (ID: Tautomerize)
Add Explicit Hydrogens (ID: AddExplicitH)
Neutralize (ID: Neutralize)
Clean 2D (ID: Clean2D)",2.44948983192444,3444,CCCCCCCCCCCCCC(=O)OC
"InChI=1S/C9H12/c1-3-9-6-4-5-8(2)7-9/h4-7H,3H2,1-2H3",Non-irritant,620-14-4  620-14-4,0,3482,"Dearomatize (ID: Dearomatize)
Clear Stereo (ID: ClearStereo)
Wedge Clean (ID: WedgeClean)
Mesomerize (ID: Mesomerize)
Tautomerize (ID: Tautomerize)
Aromatize (ID: Aromatize)
Add Explicit Hydrogens (ID: AddExplicitH)
Neutralize (ID: Neutralize)
Clean 2D (ID: Clean2D)",2.44948983192444,3482,CCc1cccc(C)c1
"InChI=1S/C4H10O2/c1-2-6-4-3-5/h5H,2-4H2,1H3",Non-irritant,110-80-5,0,3492,"Clear Stereo (ID: ClearStereo)
Wedge Clean (ID: WedgeClean)
Mesomerize (ID: Mesomerize)
Tautomerize (ID: Tautomerize)
Add Explicit Hydrogens (ID: AddExplicitH)
Neutralize (ID: Neutralize)
Clean 2D (ID: Clean2D)",2.44948983192444,3492,CCOCCO
AEIJTFQOBWATKX-UHFFFAOYSA-N,Non-irritant,1117-86-8,0,2,"Clear Stereo (ID: ClearStereo)
Wedge Clean (ID: WedgeClean)
Mesomerize (ID: Mesomerize)
Tautomerize (ID: Tautomerize)
Add Explicit Hydrogens (ID: AddExplicitH)
Neutralize (ID: Neutralize)
Clean 2D (ID: Clean2D)",2.64575123786926,2,CCCCCCC(O)CO
AXISYYRBXTVTFY-UHFFFAOYSA-N,Non-irritant,110-27-0,0,24,"Clear Stereo (ID: ClearStereo)
Wedge Clean (ID: WedgeClean)
Mesomerize (ID: Mesomerize)
Tautomerize (ID: Tautomerize)
Add Explicit Hydrogens (ID: AddExplicitH)
Neutralize (ID: Neutralize)
Clean 2D (ID: Clean2D)",2.64575123786926,24,CCCCCCCCCCCCCC(=O)OC(C)C
AYWLCKHHUFBVGJ-UHFFFAOYSA-N,Non-irritant,33703-08-1,0,26,"Clear Stereo (ID: ClearStereo)
Wedge Clean (ID: WedgeClean)
Mesomerize (ID: Mesomerize)
Tautomerize (ID: Tautomerize)
Add Explicit Hydrogens (ID: AddExplicitH)
Neutralize (ID: Neutralize)
Clean 2D (ID: Clean2D)",2.64575123786926,26,CC(C)CCCCCCOC(=O)CCCCC(=O)OCCCCCCC(C)C
BANXPJUEBPWEOT-UHFFFAOYSA-N,Non-irritant,93685-80-4,0,33,"Clear Stereo (ID: ClearStereo)
Wedge Clean (ID: WedgeClean)
Mesomerize (ID: Mesomerize)
Tautomerize (ID: Tautomerize)
Add Explicit Hydrogens (ID: AddExplicitH)
Neutralize (ID: Neutralize)
Clean 2D (ID: Clean2D)",2.64575123786926,33,CCCCCCCCCCCCCC(C)C
BKOOMYPCSUNDGP-UHFFFAOYSA-N,Non-irritant,513-35-9,0,49,"Clear Stereo (ID: ClearStereo)
Wedge Clean (ID: WedgeClean)
Mesomerize (ID: Mesomerize)
Tautomerize (ID: Tautomerize)
Add Explicit Hydrogens (ID: AddExplicitH)
Neutralize (ID: Neutralize)
Clean 2D (ID: Clean2D)",2.64575123786926,49,CC=C(C)C
BSYNRYMUTXBXSQ-UHFFFAOYSA-N,Non-irritant,50-78-2,0,63,"Dearomatize (ID: Dearomatize)
Clear Stereo (ID: ClearStereo)
Wedge Clean (ID: WedgeClean)
Mesomerize (ID: Mesomerize)
Tautomerize (ID: Tautomerize)
Aromatize (ID: Aromatize)
Add Explicit Hydrogens (ID: AddExplicitH)
Neutralize (ID: Neutralize)
Clean 2D (ID: Clean2D)",2.64575123786926,63,CC(=O)Oc1ccccc1C(=O)O
BWHOZHOGCMHOBV-BQYQJAHWSA-N,Non-irritant,122-57-6,0,72,"Dearomatize (ID: Dearomatize)
Clear Stereo (ID: ClearStereo)
Wedge Clean (ID: WedgeClean)
Mesomerize (ID: Mesomerize)
Tautomerize (ID: Tautomerize)
Aromatize (ID: Aromatize)
Add Explicit Hydrogens (ID: AddExplicitH)
Neutralize (ID: Neutralize)
Clean 2D (ID: Clean2D)",2.64575123786926,72,CC(=O)C=Cc1ccccc1
CRSBERNSMYQZNG-UHFFFAOYSA-N,Non-irritant,112-41-4,0,114,"Clear Stereo (ID: ClearStereo)
Wedge Clean (ID: WedgeClean)
Mesomerize (ID: Mesomerize)
Tautomerize (ID: Tautomerize)
Add Explicit Hydrogens (ID: AddExplicitH)
Neutralize (ID: Neutralize)
Clean 2D (ID: Clean2D)",2.64575123786926,114,C=CCCCCCCCCCC
DCXXMTOCNZCJGO-UHFFFAOYSA-N,Non-irritant,555-43-1,0,130,"Clear Stereo (ID: ClearStereo)
Wedge Clean (ID: WedgeClean)
Mesomerize (ID: Mesomerize)
Tautomerize (ID: Tautomerize)
Add Explicit Hydrogens (ID: AddExplicitH)
Neutralize (ID: Neutralize)
Clean 2D (ID: Clean2D)",2.64575123786926,130,CCCCCCCCCCCCCCCCCC(=O)OCC(COC(=O)CCCCCCCCCCCCCCCCC)OC(=O)CCCCCCCCCCCCCCCCC
DKWHHTWSTXZKDW-UHFFFAOYSA-N,Non-irritant,143-29-3,0,141,"Clear Stereo (ID: ClearStereo)
Wedge Clean (ID: WedgeClean)
Mesomerize (ID: Mesomerize)
Tautomerize (ID: Tautomerize)
Add Explicit Hydrogens (ID: AddExplicitH)
Neutralize (ID: Neutralize)
Clean 2D (ID: Clean2D)",2.64575123786926,141,CCCCOCCOCCOCOCCOCCOCCCC
DURPTKYDGMDSBL-UHFFFAOYSA-N,Non-irritant,142-96-1,0,157,"Clear Stereo (ID: ClearStereo)
Wedge Clean (ID: WedgeClean)
Mesomerize (ID: Mesomerize)
Tautomerize (ID: Tautomerize)
Add Explicit Hydrogens (ID: AddExplicitH)
Neutralize (ID: Neutralize)
Clean 2D (ID: Clean2D)",2.64575123786926,157,CCCCOCCCC
DXGLGDHPHMLXJC-UHFFFAOYSA-N,Non-irritant,131-57-7,0,162,"Dearomatize (ID: Dearomatize)
Clear Stereo (ID: ClearStereo)
Wedge Clean (ID: WedgeClean)
Mesomerize (ID: Mesomerize)
Tautomerize (ID: Tautomerize)
Aromatize (ID: Aromatize)
Add Explicit Hydrogens (ID: AddExplicitH)
Neutralize (ID: Neutralize)
Clean 2D (ID: Clean2D)",2.64575123786926,162,COc1ccc(C(=O)c2ccccc2)c(O)c1
FDBJNQUXZRDJHC-KQQUZDAGSA-N,Non-irritant,68526-56-7,0,172,"Clear Stereo (ID: ClearStereo)
Wedge Clean (ID: WedgeClean)
Mesomerize (ID: Mesomerize)
Tautomerize (ID: Tautomerize)
Add Explicit Hydrogens (ID: AddExplicitH)
Neutralize (ID: Neutralize)
Clean 2D (ID: Clean2D)",2.64575123786926,172,C=CC=CCCC=CCC
FFVPRSKCTDQLBP-UHFFFAOYSA-N,Non-irritant,17438-89-0,0,179,"Clear Stereo (ID: ClearStereo)
Wedge Clean (ID: WedgeClean)
Mesomerize (ID: Mesomerize)
Tautomerize (ID: Tautomerize)
Add Explicit Hydrogens (ID: AddExplicitH)
Neutralize (ID: Neutralize)
Clean 2D (ID: Clean2D)",2.64575123786926,179,CCCCCCCCCCC(C)CCCCCCCC
FRDNONBEXWDRDM-UHFFFAOYSA-N,Non-irritant,144-15-0,0,196,"Clear Stereo (ID: ClearStereo)
Wedge Clean (ID: WedgeClean)
Mesomerize (ID: Mesomerize)
Tautomerize (ID: Tautomerize)
Add Explicit Hydrogens (ID: AddExplicitH)
Neutralize (ID: Neutralize)
Clean 2D (ID: Clean2D)",2.64575123786926,196,CCCCC(CC)COC(=O)CC(CC(=O)OCC(CC)CCCC)(OC(C)=O)C(=O)OCC(CC)CCCC
FRQDZJMEHSJOPU-UHFFFAOYSA-N,Non-irritant,94-28-0,0,198,"Clear Stereo (ID: ClearStereo)
Wedge Clean (ID: WedgeClean)
Mesomerize (ID: Mesomerize)
Tautomerize (ID: Tautomerize)
Add Explicit Hydrogens (ID: AddExplicitH)
Neutralize (ID: Neutralize)
Clean 2D (ID: Clean2D)",2.64575123786926,198,CCCCC(CC)C(=O)OCCOCCOCCOC(=O)C(CC)CCCC
GHKOFFNLGXMVNJ-UHFFFAOYSA-N,Non-irritant,123-28-4,0,220,"Clear Stereo (ID: ClearStereo)
Wedge Clean (ID: WedgeClean)
Mesomerize (ID: Mesomerize)
Tautomerize (ID: Tautomerize)
Add Explicit Hydrogens (ID: AddExplicitH)
Neutralize (ID: Neutralize)
Clean 2D (ID: Clean2D)",2.64575123786926,220,CCCCCCCCCCCCOC(=O)CCSCCC(=O)OCCCCCCCCCCCC
GHVNFZFCNZKVNT-UHFFFAOYSA-N,Non-irritant,68583-51-7,0,222,"Clear Stereo (ID: ClearStereo)
Wedge Clean (ID: WedgeClean)
Mesomerize (ID: Mesomerize)
Tautomerize (ID: Tautomerize)
Add Explicit Hydrogens (ID: AddExplicitH)
Neutralize (ID: Neutralize)
Clean 2D (ID: Clean2D)",2.64575123786926,222,CCCCCCCCCC(=O)O
HFDVRLIODXPAHB-UHFFFAOYSA-N,Non-irritant,1120-36-1,0,250,"Clear Stereo (ID: ClearStereo)
Wedge Clean (ID: WedgeClean)
Mesomerize (ID: Mesomerize)
Tautomerize (ID: Tautomerize)
Add Explicit Hydrogens (ID: AddExplicitH)
Neutralize (ID: Neutralize)
Clean 2D (ID: Clean2D)",2.64575123786926,250,C=CCCCCCCCCCCCC
HGTUJZTUQFXBIH-UHFFFAOYSA-N,Non-irritant,1889-67-4,0,252,"Dearomatize (ID: Dearomatize)
Clear Stereo (ID: ClearStereo)
Wedge Clean (ID: WedgeClean)
Mesomerize (ID: Mesomerize)
Tautomerize (ID: Tautomerize)
Aromatize (ID: Aromatize)
Add Explicit Hydrogens (ID: AddExplicitH)
Neutralize (ID: Neutralize)
Clean 2D (ID: Clean2D)",2.64575123786926,252,CC(C)(c1ccccc1)C(C)(C)c1ccccc1
HWSSEYVMGDIFMH-UHFFFAOYSA-N,Non-irritant,109-16-0,0,282,"Clear Stereo (ID: ClearStereo)
Wedge Clean (ID: WedgeClean)
Mesomerize (ID: Mesomerize)
Tautomerize (ID: Tautomerize)
Add Explicit Hydrogens (ID: AddExplicitH)
Neutralize (ID: Neutralize)
Clean 2D (ID: Clean2D)",2.64575123786926,282,C=C(C)C(=O)OCCOCCOCCOC(=O)C(=C)C
IDGMBCFBOMJIMX-UHFFFAOYSA-N,Non-irritant,1141487-54-8,0,301,"Clear Stereo (ID: ClearStereo)
Wedge Clean (ID: WedgeClean)
Mesomerize (ID: Mesomerize)
Tautomerize (ID: Tautomerize)
Add Explicit Hydrogens (ID: AddExplicitH)
Neutralize (ID: Neutralize)
Clean 2D (ID: Clean2D)",2.64575123786926,301,CC(CO)CCCC1CCCCC1
IGBZOHMCHDADGY-UHFFFAOYSA-N,Non-irritant,94-04-2,0,305,"Clear Stereo (ID: ClearStereo)
Wedge Clean (ID: WedgeClean)
Mesomerize (ID: Mesomerize)
Tautomerize (ID: Tautomerize)
Add Explicit Hydrogens (ID: AddExplicitH)
Neutralize (ID: Neutralize)
Clean 2D (ID: Clean2D)",2.64575123786926,305,C=COC(=O)C(CC)CCCC
IPCSVZSSVZVIGE-UHFFFAOYSA-N,Non-irritant,57-10-3,0,320,"Clear Stereo (ID: ClearStereo)
Wedge Clean (ID: WedgeClean)
Mesomerize (ID: Mesomerize)
Tautomerize (ID: Tautomerize)
Add Explicit Hydrogens (ID: AddExplicitH)
Neutralize (ID: Neutralize)
Clean 2D (ID: Clean2D)",2.64575123786926,320,CCCCCCCCCCCCCCCC(=O)O
IZWHERZFONYXEC-UHFFFAOYSA-N,Non-irritant,68649-11-6,0,334,"Clear Stereo (ID: ClearStereo)
Wedge Clean (ID: WedgeClean)
Mesomerize (ID: Mesomerize)
Tautomerize (ID: Tautomerize)
Add Explicit Hydrogens (ID: AddExplicitH)
Neutralize (ID: Neutralize)
Clean 2D (ID: Clean2D)",2.64575123786926,334,CCCCCCCCC(C)C(C)CCCCCCCC
JJRDRFZYKKFYMO-UHFFFAOYSA-N,Non-irritant,10508-09-5,0,342,"Clear Stereo (ID: ClearStereo)
Wedge Clean (ID: WedgeClean)
Mesomerize (ID: Mesomerize)
Tautomerize (ID: Tautomerize)
Add Explicit Hydrogens (ID: AddExplicitH)
Neutralize (ID: Neutralize)
Clean 2D (ID: Clean2D)",2.64575123786926,342,CCC(C)(C)OOC(C)(C)CC
JRZJOMJEPLMPRA-UHFFFAOYSA-N,Non-irritant,68526-55-6,0,355,"Clear Stereo (ID: ClearStereo)
Wedge Clean (ID: WedgeClean)
Mesomerize (ID: Mesomerize)
Tautomerize (ID: Tautomerize)
Add Explicit Hydrogens (ID: AddExplicitH)
Neutralize (ID: Neutralize)
Clean 2D (ID: Clean2D)",2.64575123786926,355,C=CCCCCCCC
KGRVJHAUYBGFFP-UHFFFAOYSA-N,Non-irritant,119-47-1,0,382,"Dearomatize (ID: Dearomatize)
Clear Stereo (ID: ClearStereo)
Wedge Clean (ID: WedgeClean)
Mesomerize (ID: Mesomerize)
Tautomerize (ID: Tautomerize)
Aromatize (ID: Aromatize)
Add Explicit Hydrogens (ID: AddExplicitH)
Neutralize (ID: Neutralize)
Clean 2D (ID: Clean2D)",2.64575123786926,382,Cc1cc(Cc2cc(C)cc(C(C)(C)C)c2O)c(O)c(C(C)(C)C)c1
KKEYFWRCBNTPAC-UHFFFAOYSA-N,Non-irritant,100-21-0,0,387,"Dearomatize (ID: Dearomatize)
Clear Stereo (ID: ClearStereo)
Wedge Clean (ID: WedgeClean)
Mesomerize (ID: Mesomerize)
Tautomerize (ID: Tautomerize)
Aromatize (ID: Aromatize)
Add Explicit Hydrogens (ID: AddExplicitH)
Neutralize (ID: Neutralize)
Clean 2D (ID: Clean2D)",2.64575123786926,387,O=C(O)c1ccc(C(=O)O)cc1
KPADFPAILITQBG-UHFFFAOYSA-N,Non-irritant,68526-55-6,0,397,"Clear Stereo (ID: ClearStereo)
Wedge Clean (ID: WedgeClean)
Mesomerize (ID: Mesomerize)
Tautomerize (ID: Tautomerize)
Add Explicit Hydrogens (ID: AddExplicitH)
Neutralize (ID: Neutralize)
Clean 2D (ID: Clean2D)",2.64575123786926,397,CCCC=CCCCC
KWKAKUADMBZCLK-UHFFFAOYSA-N,Non-irritant,111-66-0,0,411,"Clear Stereo (ID: ClearStereo)
Wedge Clean (ID: WedgeClean)
Mesomerize (ID: Mesomerize)
Tautomerize (ID: Tautomerize)
Add Explicit Hydrogens (ID: AddExplicitH)
Neutralize (ID: Neutralize)
Clean 2D (ID: Clean2D)",2.64575123786926,411,C=CCCCCCC
KWOLFJPFCHCOCG-UHFFFAOYSA-N,Non-irritant,98-86-2,0,412,"Dearomatize (ID: Dearomatize)
Clear Stereo (ID: ClearStereo)
Wedge Clean (ID: WedgeClean)
Mesomerize (ID: Mesomerize)
Tautomerize (ID: Tautomerize)
Aromatize (ID: Aromatize)
Add Explicit Hydrogens (ID: AddExplicitH)
Neutralize (ID: Neutralize)
Clean 2D (ID: Clean2D)",2.64575123786926,412,CC(=O)c1ccccc1
LFQSCWFLJHTTHZ-UHFFFAOYSA-N,Non-irritant,64-17-5,0,427,"Mesomerize (ID: Mesomerize)
Tautomerize (ID: Tautomerize)
Add Explicit Hydrogens (ID: AddExplicitH)
Neutralize (ID: Neutralize)
Clean 2D (ID: Clean2D)",2.64575123786926,427,CCO
LIKMAJRDDDTEIG-UHFFFAOYSA-N,Non-irritant,592-41-6,0,431,"Clear Stereo (ID: ClearStereo)
Wedge Clean (ID: WedgeClean)
Mesomerize (ID: Mesomerize)
Tautomerize (ID: Tautomerize)
Add Explicit Hydrogens (ID: AddExplicitH)
Neutralize (ID: Neutralize)
Clean 2D (ID: Clean2D)",2.64575123786926,431,C=CCCCC
LSQARZALBDFYQZ-UHFFFAOYSA-N,Non-irritant,345-92-6,0,452,"Dearomatize (ID: Dearomatize)
Clear Stereo (ID: ClearStereo)
Wedge Clean (ID: WedgeClean)
Mesomerize (ID: Mesomerize)
Tautomerize (ID: Tautomerize)
Aromatize (ID: Aromatize)
Add Explicit Hydrogens (ID: AddExplicitH)
Neutralize (ID: Neutralize)
Clean 2D (ID: Clean2D)",2.64575123786926,452,O=C(c1ccc(F)cc1)c1ccc(F)cc1
LSXWFXONGKSEMY-UHFFFAOYSA-N,Non-irritant,110-05-4,0,453,"Clear Stereo (ID: ClearStereo)
Wedge Clean (ID: WedgeClean)
Mesomerize (ID: Mesomerize)
Tautomerize (ID: Tautomerize)
Add Explicit Hydrogens (ID: AddExplicitH)
Neutralize (ID: Neutralize)
Clean 2D (ID: Clean2D)",2.64575123786926,453,CC(C)(C)OOC(C)(C)C
MHNNAWXXUZQSNM-UHFFFAOYSA-N,Non-irritant,26760-64-5,0,479,"Clear Stereo (ID: ClearStereo)
Wedge Clean (ID: WedgeClean)
Mesomerize (ID: Mesomerize)
Tautomerize (ID: Tautomerize)
Add Explicit Hydrogens (ID: AddExplicitH)
Neutralize (ID: Neutralize)
Clean 2D (ID: Clean2D)",2.64575123786926,479,C=C(C)CC
MNWFXJYAOYHMED-UHFFFAOYSA-N,Non-irritant,68855-18-5,0,487,"Clear Stereo (ID: ClearStereo)
Wedge Clean (ID: WedgeClean)
Mesomerize (ID: Mesomerize)
Tautomerize (ID: Tautomerize)
Add Explicit Hydrogens (ID: AddExplicitH)
Neutralize (ID: Neutralize)
Clean 2D (ID: Clean2D)",2.64575123786926,487,CCCCCCC(=O)O
NEOZOXKVMDBOSG-UHFFFAOYSA-N,Non-irritant,68171-33-5,0,512,"Clear Stereo (ID: ClearStereo)
Wedge Clean (ID: WedgeClean)
Mesomerize (ID: Mesomerize)
Tautomerize (ID: Tautomerize)
Add Explicit Hydrogens (ID: AddExplicitH)
Neutralize (ID: Neutralize)
Clean 2D (ID: Clean2D)",2.64575123786926,512,CC(C)CCCCCCCCCCCCCCC(=O)OC(C)C
NOPLRNXKHZRXHT-UHFFFAOYSA-N,Non-irritant,8028-48-6,0,529,"Clear Stereo (ID: ClearStereo)
Wedge Clean (ID: WedgeClean)
Mesomerize (ID: Mesomerize)
Tautomerize (ID: Tautomerize)
Add Explicit Hydrogens (ID: AddExplicitH)
Neutralize (ID: Neutralize)
Clean 2D (ID: Clean2D)",2.64575123786926,529,C=CC(=C)CCC=C(C)CCC=C(C)C=O
OMXANELYEWRDAW-UHFFFAOYSA-N,Non-irritant,93924-11-9,0,560,"Clear Stereo (ID: ClearStereo)
Wedge Clean (ID: WedgeClean)
Mesomerize (ID: Mesomerize)
Tautomerize (ID: Tautomerize)
Add Explicit Hydrogens (ID: AddExplicitH)
Neutralize (ID: Neutralize)
Clean 2D (ID: Clean2D)",2.64575123786926,560,C=CCCCCCCCCCCCCCCCCCCCCCCCC
PFBLRDXPNUJYJM-UHFFFAOYSA-N,Non-irritant,109-13-7,0,585,"Clear Stereo (ID: ClearStereo)
Wedge Clean (ID: WedgeClean)
Mesomerize (ID: Mesomerize)
Tautomerize (ID: Tautomerize)
Add Explicit Hydrogens (ID: AddExplicitH)
Neutralize (ID: Neutralize)
Clean 2D (ID: Clean2D)",2.64575123786926,585,CC(C)C(=O)OOC(C)(C)C
PIZFEKJNYKNABG-UHFFFAOYSA-N,Non-irritant,67762-53-2,0,591,"Clear Stereo (ID: ClearStereo)
Wedge Clean (ID: WedgeClean)
Mesomerize (ID: Mesomerize)
Tautomerize (ID: Tautomerize)
Add Explicit Hydrogens (ID: AddExplicitH)
Neutralize (ID: Neutralize)
Clean 2D (ID: Clean2D)",2.64575123786926,591,CCCCCCCOCC(COCCCCCCC)(COCCCCCCC)COCCCCCCC
PJHKBYALYHRYSK-UHFFFAOYSA-N,Non-irritant,620-67-7,0,592,"Clear Stereo (ID: ClearStereo)
Wedge Clean (ID: WedgeClean)
Mesomerize (ID: Mesomerize)
Tautomerize (ID: Tautomerize)
Add Explicit Hydrogens (ID: AddExplicitH)
Neutralize (ID: Neutralize)
Clean 2D (ID: Clean2D)",2.64575123786926,592,CCCCCCC(=O)OCC(COC(=O)CCCCCC)OC(=O)CCCCCC
POULHZVOKOAJMA-UHFFFAOYSA-N,Non-irritant,143-07-7,0,607,"Clear Stereo (ID: ClearStereo)
Wedge Clean (ID: WedgeClean)
Mesomerize (ID: Mesomerize)
Tautomerize (ID: Tautomerize)
Add Explicit Hydrogens (ID: AddExplicitH)
Neutralize (ID: Neutralize)
Clean 2D (ID: Clean2D)",2.64575123786926,607,CCCCCCCCCCCC(=O)O
PTTPXKJBFFKCEK-UHFFFAOYSA-N,Non-irritant,108-83-8,0,614,"Clear Stereo (ID: ClearStereo)
Wedge Clean (ID: WedgeClean)
Mesomerize (ID: Mesomerize)
Tautomerize (ID: Tautomerize)
Add Explicit Hydrogens (ID: AddExplicitH)
Neutralize (ID: Neutralize)
Clean 2D (ID: Clean2D)",2.64575123786926,614,CC(C)CC(=O)CC(C)C
PWWSSIYVTQUJQQ-UHFFFAOYSA-N,Non-irritant,693-36-7,0,617,"Clear Stereo (ID: ClearStereo)
Wedge Clean (ID: WedgeClean)
Mesomerize (ID: Mesomerize)
Tautomerize (ID: Tautomerize)
Add Explicit Hydrogens (ID: AddExplicitH)
Neutralize (ID: Neutralize)
Clean 2D (ID: Clean2D)",2.64575123786926,617,CCCCCCCCCCCCCCCCCCOC(=O)CCSCCC(=O)OCCCCCCCCCCCCCCCCCC
PXTQQOLKZBLYDY-UHFFFAOYSA-N,Non-irritant,14858-73-2,0,619,"Clear Stereo (ID: ClearStereo)
Wedge Clean (ID: WedgeClean)
Mesomerize (ID: Mesomerize)
Tautomerize (ID: Tautomerize)
Add Explicit Hydrogens (ID: AddExplicitH)
Neutralize (ID: Neutralize)
Clean 2D (ID: Clean2D)",2.64575123786926,619,CCCCC(CC)COC(=O)OCC(CC)CCCC
QIQXTHQIDYTFRH-UHFFFAOYSA-M,Non-irritant,13586-84-0,0,637,"Clear Stereo (ID: ClearStereo)
Wedge Clean (ID: WedgeClean)
Mesomerize (ID: Mesomerize)
Tautomerize (ID: Tautomerize)
Add Explicit Hydrogens (ID: AddExplicitH)
Neutralize (ID: Neutralize)
Clean 2D (ID: Clean2D)",2.64575123786926,637,CCCCCCCCCCCCCCCCCC(=O)O
QJJDJWUCRAPCOL-UHFFFAOYSA-N,Non-irritant,930-02-9,0,639,"Clear Stereo (ID: ClearStereo)
Wedge Clean (ID: WedgeClean)
Mesomerize (ID: Mesomerize)
Tautomerize (ID: Tautomerize)
Add Explicit Hydrogens (ID: AddExplicitH)
Neutralize (ID: Neutralize)
Clean 2D (ID: Clean2D)",2.64575123786926,639,C=COCCCCCCCCCCCCCCCCCC
QPIWJVQXEMCELO-UHFFFAOYSA-N,Non-irritant,22174-70-5,0,649,"Clear Stereo (ID: ClearStereo)
Wedge Clean (ID: WedgeClean)
Mesomerize (ID: Mesomerize)
Tautomerize (ID: Tautomerize)
Add Explicit Hydrogens (ID: AddExplicitH)
Neutralize (ID: Neutralize)
Clean 2D (ID: Clean2D)",2.64575123786926,649,CCCCC(CC)COCOCC(CC)CCCC
QQVIHTHCMHWDBS-UHFFFAOYSA-N,Non-irritant,121-91-5,0,652,"Dearomatize (ID: Dearomatize)
Clear Stereo (ID: ClearStereo)
Wedge Clean (ID: WedgeClean)
Mesomerize (ID: Mesomerize)
Tautomerize (ID: Tautomerize)
Aromatize (ID: Aromatize)
Add Explicit Hydrogens (ID: AddExplicitH)
Neutralize (ID: Neutralize)
Clean 2D (ID: Clean2D)",2.64575123786926,652,O=C(O)c1cccc(C(=O)O)c1
RMLFHPWPTXWZNJ-UHFFFAOYSA-N,Non-irritant,756-13-8,0,676,"Clear Stereo (ID: ClearStereo)
Wedge Clean (ID: WedgeClean)
Mesomerize (ID: Mesomerize)
Tautomerize (ID: Tautomerize)
Clean 2D (ID: Clean2D)",2.64575123786926,676,O=C(C(F)(F)C(F)(F)F)C(F)(C(F)(F)F)C(F)(F)F
RUVINXPYWBROJD-ONEGZZNKSA-N,Non-irritant,4180-23-8,0,695,"Dearomatize (ID: Dearomatize)
Clear Stereo (ID: ClearStereo)
Wedge Clean (ID: WedgeClean)
Mesomerize (ID: Mesomerize)
Tautomerize (ID: Tautomerize)
Aromatize (ID: Aromatize)
Add Explicit Hydrogens (ID: AddExplicitH)
Neutralize (ID: Neutralize)
Clean 2D (ID: Clean2D)",2.64575123786926,695,CC=Cc1ccc(OC)cc1
RWNUSVWFHDHRCJ-UHFFFAOYSA-N,Non-irritant,5131-66-8,0,698,"Clear Stereo (ID: ClearStereo)
Wedge Clean (ID: WedgeClean)
Mesomerize (ID: Mesomerize)
Tautomerize (ID: Tautomerize)
Add Explicit Hydrogens (ID: AddExplicitH)
Neutralize (ID: Neutralize)
Clean 2D (ID: Clean2D)",2.64575123786926,698,CCCCOCC(C)O
SBZXBUIDTXKZTM-UHFFFAOYSA-N,Non-irritant,111-96-6,0,719,"Clear Stereo (ID: ClearStereo)
Wedge Clean (ID: WedgeClean)
Mesomerize (ID: Mesomerize)
Tautomerize (ID: Tautomerize)
Add Explicit Hydrogens (ID: AddExplicitH)
Neutralize (ID: Neutralize)
Clean 2D (ID: Clean2D)",2.64575123786926,719,COCCOCCOC
SPURMHFLEKVAAS-UHFFFAOYSA-N,Non-irritant,93924-10-8,0,742,"Clear Stereo (ID: ClearStereo)
Wedge Clean (ID: WedgeClean)
Mesomerize (ID: Mesomerize)
Tautomerize (ID: Tautomerize)
Add Explicit Hydrogens (ID: AddExplicitH)
Neutralize (ID: Neutralize)
Clean 2D (ID: Clean2D)",2.64575123786926,742,C=CCCCCCCCCCCCCCCCCCCCC
SXFJDZNJHVPHPH-UHFFFAOYSA-N,Non-irritant,4457-71-0,0,753,"Clear Stereo (ID: ClearStereo)
Wedge Clean (ID: WedgeClean)
Mesomerize (ID: Mesomerize)
Tautomerize (ID: Tautomerize)
Add Explicit Hydrogens (ID: AddExplicitH)
Neutralize (ID: Neutralize)
Clean 2D (ID: Clean2D)",2.64575123786926,753,CC(CCO)CCO
UQJDVLPHTXQTRP-UHFFFAOYSA-N,Non-irritant,78-16-0,0,803,"Clear Stereo (ID: ClearStereo)
Wedge Clean (ID: WedgeClean)
Mesomerize (ID: Mesomerize)
Tautomerize (ID: Tautomerize)
Add Explicit Hydrogens (ID: AddExplicitH)
Neutralize (ID: Neutralize)
Clean 2D (ID: Clean2D)",2.64575123786926,803,CCCCCCC(=O)OCC(CC)(COC(=O)CCCCCC)COC(=O)CCCCCC
VCCBEIPGXKNHFW-UHFFFAOYSA-N,Non-irritant,92-88-6,0,817,"Dearomatize (ID: Dearomatize)
Clear Stereo (ID: ClearStereo)
Wedge Clean (ID: WedgeClean)
Mesomerize (ID: Mesomerize)
Tautomerize (ID: Tautomerize)
Aromatize (ID: Aromatize)
Add Explicit Hydrogens (ID: AddExplicitH)
Neutralize (ID: Neutralize)
Clean 2D (ID: Clean2D)",2.64575123786926,817,Oc1ccc(-c2ccc(O)cc2)cc1
VLUMOWNVWOXZAU-CLFYSBASSA-N,Non-irritant,101-39-3,0,833,"Dearomatize (ID: Dearomatize)
Clear Stereo (ID: ClearStereo)
Wedge Clean (ID: WedgeClean)
Mesomerize (ID: Mesomerize)
Tautomerize (ID: Tautomerize)
Aromatize (ID: Aromatize)
Add Explicit Hydrogens (ID: AddExplicitH)
Neutralize (ID: Neutralize)
Clean 2D (ID: Clean2D)",2.64575123786926,833,CC(C=O)=Cc1ccccc1
WPUKZOKYKHYASK-UHFFFAOYSA-N,Non-irritant,26401-35-4,0,875,"Clear Stereo (ID: ClearStereo)
Wedge Clean (ID: WedgeClean)
Mesomerize (ID: Mesomerize)
Tautomerize (ID: Tautomerize)
Add Explicit Hydrogens (ID: AddExplicitH)
Neutralize (ID: Neutralize)
Clean 2D (ID: Clean2D)",2.64575123786926,875,CC(C)CCCCCCCCCCOC(=O)CCCCC(=O)OCCCCCCCCCCC(C)C
XBDQKXXYIPTUBI-UHFFFAOYSA-M,Non-irritant,84057-80-7,0,898,"Clear Stereo (ID: ClearStereo)
Wedge Clean (ID: WedgeClean)
Mesomerize (ID: Mesomerize)
Tautomerize (ID: Tautomerize)
Add Explicit Hydrogens (ID: AddExplicitH)
Neutralize (ID: Neutralize)
Clean 2D (ID: Clean2D)",2.64575123786926,898,CCC(=O)O
XEKOWRVHYACXOJ-UHFFFAOYSA-N,Non-irritant,141-78-6,0,903,"Clear Stereo (ID: ClearStereo)
Wedge Clean (ID: WedgeClean)
Mesomerize (ID: Mesomerize)
Tautomerize (ID: Tautomerize)
Add Explicit Hydrogens (ID: AddExplicitH)
Neutralize (ID: Neutralize)
Clean 2D (ID: Clean2D)",2.64575123786926,903,CCOC(C)=O
XTXRWKRVRITETP-UHFFFAOYSA-N,Non-irritant,108-05-4,0,938,"Clear Stereo (ID: ClearStereo)
Wedge Clean (ID: WedgeClean)
Mesomerize (ID: Mesomerize)
Tautomerize (ID: Tautomerize)
Add Explicit Hydrogens (ID: AddExplicitH)
Neutralize (ID: Neutralize)
Clean 2D (ID: Clean2D)",2.64575123786926,938,C=COC(C)=O
XUGNVMKQXJXZCD-UHFFFAOYSA-N,Non-irritant,142-91-6,0,939,"Clear Stereo (ID: ClearStereo)
Wedge Clean (ID: WedgeClean)
Mesomerize (ID: Mesomerize)
Tautomerize (ID: Tautomerize)
Add Explicit Hydrogens (ID: AddExplicitH)
Neutralize (ID: Neutralize)
Clean 2D (ID: Clean2D)",2.64575123786926,939,CCCCCCCCCCCCCCCC(=O)OC(C)C
XXJWXESWEXIICW-UHFFFAOYSA-N,Non-irritant,111-90-0,0,944,"Clear Stereo (ID: ClearStereo)
Wedge Clean (ID: WedgeClean)
Mesomerize (ID: Mesomerize)
Tautomerize (ID: Tautomerize)
Add Explicit Hydrogens (ID: AddExplicitH)
Neutralize (ID: Neutralize)
Clean 2D (ID: Clean2D)",2.64575123786926,944,CCOCCOCCO
YBRVSVVVWCFQMG-UHFFFAOYSA-N,Non-irritant,101-77-9,0,949,"Dearomatize (ID: Dearomatize)
Clear Stereo (ID: ClearStereo)
Wedge Clean (ID: WedgeClean)
Mesomerize (ID: Mesomerize)
Tautomerize (ID: Tautomerize)
Aromatize (ID: Aromatize)
Add Explicit Hydrogens (ID: AddExplicitH)
Neutralize (ID: Neutralize)
Clean 2D (ID: Clean2D)",2.64575123786926,949,Nc1ccc(Cc2ccc(N)cc2)cc1
YFHFHLSMISYUAQ-UHFFFAOYSA-N,Non-irritant,3891-98-3,0,959,"Clear Stereo (ID: ClearStereo)
Wedge Clean (ID: WedgeClean)
Mesomerize (ID: Mesomerize)
Tautomerize (ID: Tautomerize)
Add Explicit Hydrogens (ID: AddExplicitH)
Neutralize (ID: Neutralize)
Clean 2D (ID: Clean2D)",2.64575123786926,959,CCC(C)CCCC(C)CCCC(C)C
YKGYQYOQRGPFTO-UHFFFAOYSA-N,Non-irritant,27178-16-1,0,966,"Clear Stereo (ID: ClearStereo)
Wedge Clean (ID: WedgeClean)
Mesomerize (ID: Mesomerize)
Tautomerize (ID: Tautomerize)
Add Explicit Hydrogens (ID: AddExplicitH)
Neutralize (ID: Neutralize)
Clean 2D (ID: Clean2D)",2.64575123786926,966,CC(C)CCCCCCCOC(=O)CCCCC(=O)OCCCCCCCC(C)C
YXVFYQXJAXKLAK-UHFFFAOYSA-N,Non-irritant,92-69-3,0,984,"Dearomatize (ID: Dearomatize)
Clear Stereo (ID: ClearStereo)
Wedge Clean (ID: WedgeClean)
Mesomerize (ID: Mesomerize)
Tautomerize (ID: Tautomerize)
Aromatize (ID: Aromatize)
Add Explicit Hydrogens (ID: AddExplicitH)
Neutralize (ID: Neutralize)
Clean 2D (ID: Clean2D)",2.64575123786926,984,Oc1ccc(-c2ccccc2)cc1
"InChI=1S/C7H16/c1-5-7(3,4)6-2/h5-6H2,1-4H3",Non-irritant,562-49-2,0,1053,"Clear Stereo (ID: ClearStereo)
Wedge Clean (ID: WedgeClean)
Mesomerize (ID: Mesomerize)
Tautomerize (ID: Tautomerize)
Add Explicit Hydrogens (ID: AddExplicitH)
Neutralize (ID: Neutralize)
Clean 2D (ID: Clean2D)",2.64575123786926,1053,CCC(C)(C)CC
"InChI=1S/C6H12Cl2O/c1-5(2,7)9-6(3,4)8/h1-4H3",,39638-32-9,0,1234,"Clear Stereo (ID: ClearStereo)
Wedge Clean (ID: WedgeClean)
Mesomerize (ID: Mesomerize)
Tautomerize (ID: Tautomerize)
Add Explicit Hydrogens (ID: AddExplicitH)
Neutralize (ID: Neutralize)
Clean 2D (ID: Clean2D)",2.64575123786926,1234,CC(C)(Cl)OC(C)(C)Cl
"InChI=1S/C14H28O3/c1-2-3-4-5-6-7-8-9-10-11-14(16)17-13-12-15/h15H,2-13H2,1H3",Non-irritant,9004-81-3,0,1327,"Clear Stereo (ID: ClearStereo)
Wedge Clean (ID: WedgeClean)
Mesomerize (ID: Mesomerize)
Tautomerize (ID: Tautomerize)
Add Explicit Hydrogens (ID: AddExplicitH)
Neutralize (ID: Neutralize)
Clean 2D (ID: Clean2D)",2.64575123786926,1327,CCCCCCCCCCCC(=O)OCCO
"InChI=1S/C17H30O2/c1-6-19-17(18)13-16(5)12-8-11-15(4)10-7-9-14(2)3/h8,12-15H,6-7,9-11H2,1-5H3",,41096-46-2,0,1522,"Clear Stereo (ID: ClearStereo)
Wedge Clean (ID: WedgeClean)
Mesomerize (ID: Mesomerize)
Tautomerize (ID: Tautomerize)
Add Explicit Hydrogens (ID: AddExplicitH)
Neutralize (ID: Neutralize)
Clean 2D (ID: Clean2D)",2.64575123786926,1522,CCOC(=O)C=C(C)C=CCC(C)CCCC(C)C
"InChI=1S/C8H14O2/c1-7(2,9)5-6-8(3,4)10/h9-10H,1-4H3",,142-30-3,0,1761,"Clear Stereo (ID: ClearStereo)
Wedge Clean (ID: WedgeClean)
Mesomerize (ID: Mesomerize)
Tautomerize (ID: Tautomerize)
Add Explicit Hydrogens (ID: AddExplicitH)
Neutralize (ID: Neutralize)
Clean 2D (ID: Clean2D)",2.64575123786926,1761,CC(C)(O)C#CC(C)(C)O
"InChI=1S/C6H10O4/c1-5(7)9-3-4-10-6(2)8/h3-4H2,1-2H3",,111-55-7,0,1922,"Clear Stereo (ID: ClearStereo)
Wedge Clean (ID: WedgeClean)
Mesomerize (ID: Mesomerize)
Tautomerize (ID: Tautomerize)
Add Explicit Hydrogens (ID: AddExplicitH)
Neutralize (ID: Neutralize)
Clean 2D (ID: Clean2D)",2.64575123786926,1922,CC(=O)OCCOC(C)=O
"InChI=1S/C11H14O2/c1-11(2,3)9-6-4-8(5-7-9)10(12)13/h4-7H,1-3H3,(H,12,13)",,98-73-7,0,1964,"Dearomatize (ID: Dearomatize)
Clear Stereo (ID: ClearStereo)
Wedge Clean (ID: WedgeClean)
Mesomerize (ID: Mesomerize)
Tautomerize (ID: Tautomerize)
Aromatize (ID: Aromatize)
Add Explicit Hydrogens (ID: AddExplicitH)
Neutralize (ID: Neutralize)
Clean 2D (ID: Clean2D)",2.64575123786926,1964,CC(C)(C)c1ccc(C(=O)O)cc1
"InChI=1S/C6H8O4/c1-9-5(7)3-4-6(8)10-2/h3-4H,1-2H3",,624-49-7,0,2046,"Clear Stereo (ID: ClearStereo)
Wedge Clean (ID: WedgeClean)
Mesomerize (ID: Mesomerize)
Tautomerize (ID: Tautomerize)
Add Explicit Hydrogens (ID: AddExplicitH)
Neutralize (ID: Neutralize)
Clean 2D (ID: Clean2D)",2.64575123786926,2046,COC(=O)C=CC(=O)OC
InChI=1S/C7H3Cl5S/c1-13-7-5(11)3(9)2(8)4(10)6(7)12/h1H3,,1825-19-0,0,2063,"Dearomatize (ID: Dearomatize)
Clear Stereo (ID: ClearStereo)
Wedge Clean (ID: WedgeClean)
Mesomerize (ID: Mesomerize)
Tautomerize (ID: Tautomerize)
Aromatize (ID: Aromatize)
Add Explicit Hydrogens (ID: AddExplicitH)
Neutralize (ID: Neutralize)
Clean 2D (ID: Clean2D)",2.64575123786926,2063,CSc1c(Cl)c(Cl)c(Cl)c(Cl)c1Cl
"InChI=1S/C4H10S/c1-3-4(2)5/h4-5H,3H2,1-2H3",,513-53-1,0,2092,"Clear Stereo (ID: ClearStereo)
Wedge Clean (ID: WedgeClean)
Mesomerize (ID: Mesomerize)
Tautomerize (ID: Tautomerize)
Add Explicit Hydrogens (ID: AddExplicitH)
Neutralize (ID: Neutralize)
Clean 2D (ID: Clean2D)",2.64575123786926,2092,CCC(C)S
"InChI=1S/CH4S/c1-2/h2H,1H3",,74-93-1,0,2102,"Mesomerize (ID: Mesomerize)
Tautomerize (ID: Tautomerize)
Add Explicit Hydrogens (ID: AddExplicitH)
Neutralize (ID: Neutralize)
Clean 2D (ID: Clean2D)",2.64575123786926,2102,CS
"InChI=1S/C6H13Br/c1-2-3-4-5-6-7/h2-6H2,1H3",Non-irritant,111-25-1,0,2195,"Clear Stereo (ID: ClearStereo)
Wedge Clean (ID: WedgeClean)
Mesomerize (ID: Mesomerize)
Tautomerize (ID: Tautomerize)
Add Explicit Hydrogens (ID: AddExplicitH)
Neutralize (ID: Neutralize)
Clean 2D (ID: Clean2D)",2.64575123786926,2195,CCCCCCBr
"InChI=1S/C30H62O10/c1-2-3-4-5-6-7-8-9-10-11-13-32-15-17-34-19-21-36-23-25-38-27-29-40-30-28-39-26-24-37-22-20-35-18-16-33-14-12-31/h31H,2-30H2,1H3",,3055-99-0,0,2404,"Clear Stereo (ID: ClearStereo)
Wedge Clean (ID: WedgeClean)
Mesomerize (ID: Mesomerize)
Tautomerize (ID: Tautomerize)
Add Explicit Hydrogens (ID: AddExplicitH)
Neutralize (ID: Neutralize)
Clean 2D (ID: Clean2D)",2.64575123786926,2404,CCCCCCCCCCCCOCCOCCOCCOCCOCCOCCOCCOCCOCCO
"InChI=1S/C13H26O/c1-13(2)11-9-7-5-3-4-6-8-10-12-14/h12-13H,3-11H2,1-2H3",Non-irritant,61497-46-9,0,2431,"Clear Stereo (ID: ClearStereo)
Wedge Clean (ID: WedgeClean)
Mesomerize (ID: Mesomerize)
Tautomerize (ID: Tautomerize)
Add Explicit Hydrogens (ID: AddExplicitH)
Neutralize (ID: Neutralize)
Clean 2D (ID: Clean2D)",2.64575123786926,2431,CC(C)CCCCCCCCCC=O
"InChI=1S/C8H8S/c1-7-2-4-8(6-9)5-3-7/h2-6H,1H3",,,0,2497,"Dearomatize (ID: Dearomatize)
Clear Stereo (ID: ClearStereo)
Wedge Clean (ID: WedgeClean)
Mesomerize (ID: Mesomerize)
Tautomerize (ID: Tautomerize)
Aromatize (ID: Aromatize)
Add Explicit Hydrogens (ID: AddExplicitH)
Neutralize (ID: Neutralize)
Clean 2D (ID: Clean2D)",2.64575123786926,2497,Cc1ccc(C=S)cc1
"InChI=1S/C19H36O2/c1-3-4-5-6-7-8-9-10-11-12-13-14-15-16-17-18-19(20)21-2/h10-11H,3-9,12-18H2,1-2H3",,112-62-9,0,2645,"Clear Stereo (ID: ClearStereo)
Wedge Clean (ID: WedgeClean)
Mesomerize (ID: Mesomerize)
Tautomerize (ID: Tautomerize)
Add Explicit Hydrogens (ID: AddExplicitH)
Neutralize (ID: Neutralize)
Clean 2D (ID: Clean2D)",2.64575123786926,2645,CCCCCCCCC=CCCCCCCCC(=O)OC
"InChI=1S/C20H34O8/c1-5-8-11-25-17(22)14-20(28-16(4)21,19(24)27-13-10-7-3)15-18(23)26-12-9-6-2/h5-15H2,1-4H3",,77-90-7,0,2651,"Clear Stereo (ID: ClearStereo)
Wedge Clean (ID: WedgeClean)
Mesomerize (ID: Mesomerize)
Tautomerize (ID: Tautomerize)
Add Explicit Hydrogens (ID: AddExplicitH)
Neutralize (ID: Neutralize)
Clean 2D (ID: Clean2D)",2.64575123786926,2651,CCCCOC(=O)CC(CC(=O)OCCCC)(OC(C)=O)C(=O)OCCCC
"InChI=1S/C15H14O3/c1-11(15(16)17)12-6-5-9-14(10-12)18-13-7-3-2-4-8-13/h2-11H,1H3,(H,16,17)",,31879-05-7,0,2668,"Dearomatize (ID: Dearomatize)
Clear Stereo (ID: ClearStereo)
Wedge Clean (ID: WedgeClean)
Mesomerize (ID: Mesomerize)
Tautomerize (ID: Tautomerize)
Aromatize (ID: Aromatize)
Add Explicit Hydrogens (ID: AddExplicitH)
Neutralize (ID: Neutralize)
Clean 2D (ID: Clean2D)",2.64575123786926,2668,CC(C(=O)O)c1cccc(Oc2ccccc2)c1
"InChI=1S/C3H4Cl2F2O/c1-8-3(6,7)2(4)5/h2H,1H3",,76-38-0,0,2681,"Clear Stereo (ID: ClearStereo)
Wedge Clean (ID: WedgeClean)
Mesomerize (ID: Mesomerize)
Tautomerize (ID: Tautomerize)
Add Explicit Hydrogens (ID: AddExplicitH)
Neutralize (ID: Neutralize)
Clean 2D (ID: Clean2D)",2.64575123786926,2681,COC(F)(F)C(Cl)Cl
"InChI=1S/C20H40O3/c1-2-3-4-5-6-7-8-9-10-11-12-13-14-15-16-17-20(22)23-19-18-21/h21H,2-19H2,1H3",Non-irritant,9004-99-3,0,2682,"Clear Stereo (ID: ClearStereo)
Wedge Clean (ID: WedgeClean)
Mesomerize (ID: Mesomerize)
Tautomerize (ID: Tautomerize)
Add Explicit Hydrogens (ID: AddExplicitH)
Neutralize (ID: Neutralize)
Clean 2D (ID: Clean2D)",2.64575123786926,2682,CCCCCCCCCCCCCCCCCC(=O)OCCO
InChI=1S/C13H10O/c14-13(11-7-3-1-4-8-11)12-9-5-2-6-10-12/h1-10H,,119-61-9,0,2751,"Dearomatize (ID: Dearomatize)
Clear Stereo (ID: ClearStereo)
Wedge Clean (ID: WedgeClean)
Mesomerize (ID: Mesomerize)
Tautomerize (ID: Tautomerize)
Aromatize (ID: Aromatize)
Add Explicit Hydrogens (ID: AddExplicitH)
Neutralize (ID: Neutralize)
Clean 2D (ID: Clean2D)",2.64575123786926,2751,O=C(c1ccccc1)c1ccccc1
"InChI=1S/C2H5ClO/c3-1-2-4/h4H,1-2H2",,107-07-3,0,2880,"Clear Stereo (ID: ClearStereo)
Wedge Clean (ID: WedgeClean)
Mesomerize (ID: Mesomerize)
Tautomerize (ID: Tautomerize)
Add Explicit Hydrogens (ID: AddExplicitH)
Neutralize (ID: Neutralize)
Clean 2D (ID: Clean2D)",2.64575123786926,2880,OCCCl
"InChI=1S/C14H28O2/c1-2-3-4-5-6-7-8-9-10-11-12-13-14(15)16/h2-13H2,1H3,(H,15,16)",,544-63-8,0,2886,"Clear Stereo (ID: ClearStereo)
Wedge Clean (ID: WedgeClean)
Mesomerize (ID: Mesomerize)
Tautomerize (ID: Tautomerize)
Add Explicit Hydrogens (ID: AddExplicitH)
Neutralize (ID: Neutralize)
Clean 2D (ID: Clean2D)",2.64575123786926,2886,CCCCCCCCCCCCCC(=O)O
"InChI=1S/C4H9Br/c1-3-4(2)5/h4H,3H2,1-2H3",Non-irritant,78-76-2,0,2974,"Clear Stereo (ID: ClearStereo)
Wedge Clean (ID: WedgeClean)
Mesomerize (ID: Mesomerize)
Tautomerize (ID: Tautomerize)
Add Explicit Hydrogens (ID: AddExplicitH)
Neutralize (ID: Neutralize)
Clean 2D (ID: Clean2D)",2.64575123786926,2974,CCC(C)Br
"InChI=1S/C7H16/c1-4-6-7(3)5-2/h7H,4-6H2,1-3H3",Non-irritant,589-34-4  589-34-4,0,3061,"Clear Stereo (ID: ClearStereo)
Wedge Clean (ID: WedgeClean)
Mesomerize (ID: Mesomerize)
Tautomerize (ID: Tautomerize)
Add Explicit Hydrogens (ID: AddExplicitH)
Neutralize (ID: Neutralize)
Clean 2D (ID: Clean2D)",2.64575123786926,3061,CCCC(C)CC
"InChI=1S/C8H17Br/c1-2-3-4-5-6-7-8-9/h2-8H2,1H3",Non-irritant,111-83-1,0,3067,"Clear Stereo (ID: ClearStereo)
Wedge Clean (ID: WedgeClean)
Mesomerize (ID: Mesomerize)
Tautomerize (ID: Tautomerize)
Add Explicit Hydrogens (ID: AddExplicitH)
Neutralize (ID: Neutralize)
Clean 2D (ID: Clean2D)",2.64575123786926,3067,CCCCCCCCBr
"InChI=1S/C8H15ClO/c1-3-5-6-7(4-2)8(9)10/h7H,3-6H2,1-2H3",Non-irritant,760-67-8,0,3156,"Clear Stereo (ID: ClearStereo)
Wedge Clean (ID: WedgeClean)
Mesomerize (ID: Mesomerize)
Tautomerize (ID: Tautomerize)
Add Explicit Hydrogens (ID: AddExplicitH)
Neutralize (ID: Neutralize)
Clean 2D (ID: Clean2D)",2.64575123786926,3156,CCCCC(CC)C(=O)Cl
"InChI=1S/C5H11Br/c1-2-3-4-5-6/h2-5H2,1H3",Non-irritant,110-53-2,0,3439,"Clear Stereo (ID: ClearStereo)
Wedge Clean (ID: WedgeClean)
Mesomerize (ID: Mesomerize)
Tautomerize (ID: Tautomerize)
Add Explicit Hydrogens (ID: AddExplicitH)
Neutralize (ID: Neutralize)
Clean 2D (ID: Clean2D)",2.64575123786926,3439,CCCCCBr
"InChI=1S/C11H10O2/c1-7-6-10(12)8-4-2-3-5-9(8)11(7)13/h2-6,12-13H,1H3",,481-85-6,0,3476,"Dearomatize (ID: Dearomatize)
Clear Stereo (ID: ClearStereo)
Wedge Clean (ID: WedgeClean)
Mesomerize (ID: Mesomerize)
Tautomerize (ID: Tautomerize)
Aromatize (ID: Aromatize)
Add Explicit Hydrogens (ID: AddExplicitH)
Neutralize (ID: Neutralize)
Clean 2D (ID: Clean2D)",2.64575123786926,3476,Cc1cc(O)c2ccccc2c1O
"InChI=1S/C14H30OS/c1-2-3-4-5-6-7-8-9-10-11-13-16-14-12-15/h15H,2-14H2,1H3",Non-irritant,1462-55-1,0,3499,"Clear Stereo (ID: ClearStereo)
Wedge Clean (ID: WedgeClean)
Mesomerize (ID: Mesomerize)
Tautomerize (ID: Tautomerize)
Add Explicit Hydrogens (ID: AddExplicitH)
Neutralize (ID: Neutralize)
Clean 2D (ID: Clean2D)",2.64575123786926,3499,CCCCCCCCCCCCSCCO
"InChI=1S/C21H42O2/c1-4-5-6-7-8-9-10-11-12-13-14-15-16-17-18-19-21(22)23-20(2)3/h20H,4-19H2,1-3H3",,112-10-7,0,3504,"Clear Stereo (ID: ClearStereo)
Wedge Clean (ID: WedgeClean)
Mesomerize (ID: Mesomerize)
Tautomerize (ID: Tautomerize)
Add Explicit Hydrogens (ID: AddExplicitH)
Neutralize (ID: Neutralize)
Clean 2D (ID: Clean2D)",2.64575123786926,3504,CCCCCCCCCCCCCCCCCC(=O)OC(C)C
ALQSHHUCVQOPAS-UHFFFAOYSA-N,Non-irritant,111-29-5,0,10,"Clear Stereo (ID: ClearStereo)
Wedge Clean (ID: WedgeClean)
Mesomerize (ID: Mesomerize)
Tautomerize (ID: Tautomerize)
Add Explicit Hydrogens (ID: AddExplicitH)
Neutralize (ID: Neutralize)
Clean 2D (ID: Clean2D)",2.82842707633972,10,OCCCCCO
AZZWZMUXHALBCQ-UHFFFAOYSA-N,Non-irritant,5384-21-4,0,30,"Dearomatize (ID: Dearomatize)
Clear Stereo (ID: ClearStereo)
Wedge Clean (ID: WedgeClean)
Mesomerize (ID: Mesomerize)
Tautomerize (ID: Tautomerize)
Aromatize (ID: Aromatize)
Add Explicit Hydrogens (ID: AddExplicitH)
Neutralize (ID: Neutralize)
Clean 2D (ID: Clean2D)",2.82842707633972,30,Cc1cc(Cc2cc(C)c(O)c(C)c2)cc(C)c1O
BLTXWCKMNMYXEA-UHFFFAOYSA-N,Non-irritant,1187-93-5,0,50,"Clear Stereo (ID: ClearStereo)
Wedge Clean (ID: WedgeClean)
Mesomerize (ID: Mesomerize)
Tautomerize (ID: Tautomerize)
Clean 2D (ID: Clean2D)",2.82842707633972,50,FC(F)=C(F)OC(F)(F)F
BZQKBFHEWDPQHD-UHFFFAOYSA-N,Non-irritant,84852-53-9,0,78,"Dearomatize (ID: Dearomatize)
Clear Stereo (ID: ClearStereo)
Wedge Clean (ID: WedgeClean)
Mesomerize (ID: Mesomerize)
Tautomerize (ID: Tautomerize)
Aromatize (ID: Aromatize)
Add Explicit Hydrogens (ID: AddExplicitH)
Neutralize (ID: Neutralize)
Clean 2D (ID: Clean2D)",2.82842707633972,78,Brc1c(Br)c(Br)c(CCc2c(Br)c(Br)c(Br)c(Br)c2Br)c(Br)c1Br
CSKKAINPUYTTRW-UHFFFAOYSA-N,Non-irritant,53220-22-7,0,117,"Clear Stereo (ID: ClearStereo)
Wedge Clean (ID: WedgeClean)
Mesomerize (ID: Mesomerize)
Tautomerize (ID: Tautomerize)
Add Explicit Hydrogens (ID: AddExplicitH)
Neutralize (ID: Neutralize)
Clean 2D (ID: Clean2D)",2.82842707633972,117,CCCCCCCCCCCCCCOC(=O)OOC(=O)OCCCCCCCCCCCCCC
CUVLMZNMSPJDON-UHFFFAOYSA-N,Non-irritant,29911-28-2,0,119,"Clear Stereo (ID: ClearStereo)
Wedge Clean (ID: WedgeClean)
Mesomerize (ID: Mesomerize)
Tautomerize (ID: Tautomerize)
Add Explicit Hydrogens (ID: AddExplicitH)
Neutralize (ID: Neutralize)
Clean 2D (ID: Clean2D)",2.82842707633972,119,CCCCOCC(C)OCC(C)O
CYIGRWUIQAVBFG-UHFFFAOYSA-N,Non-irritant,765-12-8,0,123,"Clear Stereo (ID: ClearStereo)
Wedge Clean (ID: WedgeClean)
Mesomerize (ID: Mesomerize)
Tautomerize (ID: Tautomerize)
Add Explicit Hydrogens (ID: AddExplicitH)
Neutralize (ID: Neutralize)
Clean 2D (ID: Clean2D)",2.82842707633972,123,C=COCCOCCOCCOC=C
DLAHAXOYRFRPFQ-UHFFFAOYSA-N,Non-irritant,68411-27-8,0,142,"Dearomatize (ID: Dearomatize)
Clear Stereo (ID: ClearStereo)
Wedge Clean (ID: WedgeClean)
Mesomerize (ID: Mesomerize)
Tautomerize (ID: Tautomerize)
Aromatize (ID: Aromatize)
Add Explicit Hydrogens (ID: AddExplicitH)
Neutralize (ID: Neutralize)
Clean 2D (ID: Clean2D)",2.82842707633972,142,CCCCCCCCCCCCOC(=O)c1ccccc1
DTQVDTLACAAQTR-UHFFFAOYSA-M,Non-irritant,2923-16-2,0,154,"Clear Stereo (ID: ClearStereo)
Wedge Clean (ID: WedgeClean)
Mesomerize (ID: Mesomerize)
Tautomerize (ID: Tautomerize)
Add Explicit Hydrogens (ID: AddExplicitH)
Neutralize (ID: Neutralize)
Clean 2D (ID: Clean2D)",2.82842707633972,154,O=C(O)C(F)(F)F
FXNDIJDIPNCZQJ-UHFFFAOYSA-N,Non-irritant,25167-70-8,0,205,"Clear Stereo (ID: ClearStereo)
Wedge Clean (ID: WedgeClean)
Mesomerize (ID: Mesomerize)
Tautomerize (ID: Tautomerize)
Add Explicit Hydrogens (ID: AddExplicitH)
Neutralize (ID: Neutralize)
Clean 2D (ID: Clean2D)",2.82842707633972,205,C=C(C)CC(C)(C)C
GEZOSPWWMQDYMS-UHFFFAOYSA-N,Non-irritant,30025-38-8,0,216,"Clear Stereo (ID: ClearStereo)
Wedge Clean (ID: WedgeClean)
Mesomerize (ID: Mesomerize)
Tautomerize (ID: Tautomerize)
Add Explicit Hydrogens (ID: AddExplicitH)
Neutralize (ID: Neutralize)
Clean 2D (ID: Clean2D)",2.82842707633972,216,CCOCCCOC(O)CC
GJRQTCIYDGXPES-UHFFFAOYSA-N,Non-irritant,110-19-0,0,226,"Clear Stereo (ID: ClearStereo)
Wedge Clean (ID: WedgeClean)
Mesomerize (ID: Mesomerize)
Tautomerize (ID: Tautomerize)
Add Explicit Hydrogens (ID: AddExplicitH)
Neutralize (ID: Neutralize)
Clean 2D (ID: Clean2D)",2.82842707633972,226,CC(=O)OCC(C)C
GORMSINSWZJIKL-UHFFFAOYSA-N,Non-irritant,28510-23-8,0,231,"Clear Stereo (ID: ClearStereo)
Wedge Clean (ID: WedgeClean)
Mesomerize (ID: Mesomerize)
Tautomerize (ID: Tautomerize)
Add Explicit Hydrogens (ID: AddExplicitH)
Neutralize (ID: Neutralize)
Clean 2D (ID: Clean2D)",2.82842707633972,231,CCCCC(CC)C(=O)OCC(C)(C)COC(=O)C(CC)CCCC
HETCEOQFVDFGSY-UHFFFAOYSA-N,Non-irritant,108-22-5,0,248,"Clear Stereo (ID: ClearStereo)
Wedge Clean (ID: WedgeClean)
Mesomerize (ID: Mesomerize)
Tautomerize (ID: Tautomerize)
Add Explicit Hydrogens (ID: AddExplicitH)
Neutralize (ID: Neutralize)
Clean 2D (ID: Clean2D)",2.82842707633972,248,C=C(C)OC(C)=O
IICQZTQZQSBHBY-HWKANZROSA-N,Non-irritant,27215-95-8,0,308,"Clear Stereo (ID: ClearStereo)
Wedge Clean (ID: WedgeClean)
Mesomerize (ID: Mesomerize)
Tautomerize (ID: Tautomerize)
Add Explicit Hydrogens (ID: AddExplicitH)
Neutralize (ID: Neutralize)
Clean 2D (ID: Clean2D)",2.82842707633972,308,CC=CCCCCCC
INYHZQLKOKTDAI-UHFFFAOYSA-N,Non-irritant,3048-64-4,0,318,"Clear Stereo (ID: ClearStereo)
Wedge Clean (ID: WedgeClean)
Mesomerize (ID: Mesomerize)
Tautomerize (ID: Tautomerize)
Add Explicit Hydrogens (ID: AddExplicitH)
Neutralize (ID: Neutralize)
Clean 2D (ID: Clean2D)",2.82842707633972,318,C=CC1CC2C=CC1C2
JBSLOWBPDRZSMB-BQYQJAHWSA-N,Non-irritant,105-75-9,0,336,"Clear Stereo (ID: ClearStereo)
Wedge Clean (ID: WedgeClean)
Mesomerize (ID: Mesomerize)
Tautomerize (ID: Tautomerize)
Add Explicit Hydrogens (ID: AddExplicitH)
Neutralize (ID: Neutralize)
Clean 2D (ID: Clean2D)",2.82842707633972,336,CCCCOC(=O)C=CC(=O)OCCCC
JNFDQAYPZCYWLD-UHFFFAOYSA-N,Non-irritant,922165-31-9,0,347,"Clear Stereo (ID: ClearStereo)
Wedge Clean (ID: WedgeClean)
Mesomerize (ID: Mesomerize)
Tautomerize (ID: Tautomerize)
Add Explicit Hydrogens (ID: AddExplicitH)
Neutralize (ID: Neutralize)
Clean 2D (ID: Clean2D)",2.82842707633972,347,CCOCCOCCOC(=O)C1CCC(C(=O)OCCOCCOCC)CC1
KQHBSKZGPQPRIT-UHFFFAOYSA-N,Non-irritant,56677-60-2,0,398,"Clear Stereo (ID: ClearStereo)
Wedge Clean (ID: WedgeClean)
Mesomerize (ID: Mesomerize)
Tautomerize (ID: Tautomerize)
Add Explicit Hydrogens (ID: AddExplicitH)
Neutralize (ID: Neutralize)
Clean 2D (ID: Clean2D)",2.82842707633972,398,CCCCCCCCCCCCCCOC(=O)Cl
KYWZILPIDASSGE-UHFFFAOYSA-N,Non-irritant,24293-43-4,0,417,"Clear Stereo (ID: ClearStereo)
Wedge Clean (ID: WedgeClean)
Mesomerize (ID: Mesomerize)
Tautomerize (ID: Tautomerize)
Add Explicit Hydrogens (ID: AddExplicitH)
Neutralize (ID: Neutralize)
Clean 2D (ID: Clean2D)",2.82842707633972,417,CCCCC(CC)COC(=O)CSCC(=O)OCC(CC)CCCC
LIPRQQHINVWJCH-UHFFFAOYSA-N,Non-irritant,54839-24-6,0,432,"Clear Stereo (ID: ClearStereo)
Wedge Clean (ID: WedgeClean)
Mesomerize (ID: Mesomerize)
Tautomerize (ID: Tautomerize)
Add Explicit Hydrogens (ID: AddExplicitH)
Neutralize (ID: Neutralize)
Clean 2D (ID: Clean2D)",2.82842707633972,432,CCOCC(C)OC(C)=O
LIWYPQFTKLABSJ-WAYWQWQTSA-N,Non-irritant,292605-05-1,0,433,"Clear Stereo (ID: ClearStereo)
Wedge Clean (ID: WedgeClean)
Mesomerize (ID: Mesomerize)
Tautomerize (ID: Tautomerize)
Add Explicit Hydrogens (ID: AddExplicitH)
Neutralize (ID: Neutralize)
Clean 2D (ID: Clean2D)",2.82842707633972,433,C=C(C)COCCC=CCC
LPGFSDGXTDNTCB-UHFFFAOYSA-N,Non-irritant,62125-22-8,0,444,"Clear Stereo (ID: ClearStereo)
Wedge Clean (ID: WedgeClean)
Mesomerize (ID: Mesomerize)
Tautomerize (ID: Tautomerize)
Add Explicit Hydrogens (ID: AddExplicitH)
Neutralize (ID: Neutralize)
Clean 2D (ID: Clean2D)",2.82842707633972,444,CC(C)CCCCCCCCCCCCCCC(=O)OCC(COC(=O)CCCCCCCCCCCCCCC(C)C)(COC(=O)CCCCCCCCCCCCCCC(C)C)COC(=O)CCCCCCCCCCCCCCC(C)C
MFARGUPPFBTESX-UHFFFAOYSA-N,Non-irritant,5343-44-2,0,470,"Clear Stereo (ID: ClearStereo)
Wedge Clean (ID: WedgeClean)
Mesomerize (ID: Mesomerize)
Tautomerize (ID: Tautomerize)
Add Explicit Hydrogens (ID: AddExplicitH)
Neutralize (ID: Neutralize)
Clean 2D (ID: Clean2D)",2.82842707633972,470,CCCCCCCCCCCC(=O)N(CCCC)CCCC
NUVBSKCKDOMJSU-UHFFFAOYSA-N,Non-irritant,120-47-8,0,537,"Dearomatize (ID: Dearomatize)
Clear Stereo (ID: ClearStereo)
Wedge Clean (ID: WedgeClean)
Mesomerize (ID: Mesomerize)
Tautomerize (ID: Tautomerize)
Aromatize (ID: Aromatize)
Add Explicit Hydrogens (ID: AddExplicitH)
Neutralize (ID: Neutralize)
Clean 2D (ID: Clean2D)",2.82842707633972,537,CCOC(=O)c1ccc(O)cc1
NYIQECIYDUSNRC-UHFFFAOYSA-N,Non-irritant,25265-78-5,0,540,"Dearomatize (ID: Dearomatize)
Clear Stereo (ID: ClearStereo)
Wedge Clean (ID: WedgeClean)
Mesomerize (ID: Mesomerize)
Tautomerize (ID: Tautomerize)
Aromatize (ID: Aromatize)
Add Explicit Hydrogens (ID: AddExplicitH)
Neutralize (ID: Neutralize)
Clean 2D (ID: Clean2D)",2.82842707633972,540,CCCc1cc(CCC)c(CCC)c(CCC)c1
OBDUMNZXAIUUTH-HWKANZROSA-N,Non-irritant,26952-13-6,0,544,"Clear Stereo (ID: ClearStereo)
Wedge Clean (ID: WedgeClean)
Mesomerize (ID: Mesomerize)
Tautomerize (ID: Tautomerize)
Add Explicit Hydrogens (ID: AddExplicitH)
Neutralize (ID: Neutralize)
Clean 2D (ID: Clean2D)",2.82842707633972,544,CC=CCCCCCCCCCCC
OBETXYAYXDNJHR-UHFFFAOYSA-N,Non-irritant,149-57-5,0,546,"Clear Stereo (ID: ClearStereo)
Wedge Clean (ID: WedgeClean)
Mesomerize (ID: Mesomerize)
Tautomerize (ID: Tautomerize)
Add Explicit Hydrogens (ID: AddExplicitH)
Neutralize (ID: Neutralize)
Clean 2D (ID: Clean2D)",2.82842707633972,546,CCCCC(CC)C(=O)O
OHLUUHNLEMFGTQ-UHFFFAOYSA-N,Non-irritant,79-16-3,0,553,"Clear Stereo (ID: ClearStereo)
Wedge Clean (ID: WedgeClean)
Mesomerize (ID: Mesomerize)
Tautomerize (ID: Tautomerize)
Add Explicit Hydrogens (ID: AddExplicitH)
Neutralize (ID: Neutralize)
Clean 2D (ID: Clean2D)",2.82842707633972,553,CNC(C)=O
PKQYSCBUFZOAPE-UHFFFAOYSA-N,Non-irritant,26898-17-9,0,599,"Dearomatize (ID: Dearomatize)
Clear Stereo (ID: ClearStereo)
Wedge Clean (ID: WedgeClean)
Mesomerize (ID: Mesomerize)
Tautomerize (ID: Tautomerize)
Aromatize (ID: Aromatize)
Add Explicit Hydrogens (ID: AddExplicitH)
Neutralize (ID: Neutralize)
Clean 2D (ID: Clean2D)",2.82842707633972,599,Cc1cccc(Cc2ccccc2)c1Cc1ccccc1
PQSXNIMHIHYFEE-UHFFFAOYSA-N,Non-irritant,85-27-8,0,610,"Dearomatize (ID: Dearomatize)
Clear Stereo (ID: ClearStereo)
Wedge Clean (ID: WedgeClean)
Mesomerize (ID: Mesomerize)
Tautomerize (ID: Tautomerize)
Aromatize (ID: Aromatize)
Add Explicit Hydrogens (ID: AddExplicitH)
Neutralize (ID: Neutralize)
Clean 2D (ID: Clean2D)",2.82842707633972,610,CC(c1ccccc1)c1ccc(O)cc1O
RMTVKKKRDAWJCP-RHYUXORRSA-N,Non-irritant,93762-80-2,0,677,"Clear Stereo (ID: ClearStereo)
Wedge Clean (ID: WedgeClean)
Mesomerize (ID: Mesomerize)
Tautomerize (ID: Tautomerize)
Add Explicit Hydrogens (ID: AddExplicitH)
Neutralize (ID: Neutralize)
Clean 2D (ID: Clean2D)",2.82842707633972,677,CCCCC=CCCC=CCCCCCC
ROPXFXOUUANXRR-UHFFFAOYSA-N,Non-irritant,142-16-5,0,682,"Clear Stereo (ID: ClearStereo)
Wedge Clean (ID: WedgeClean)
Mesomerize (ID: Mesomerize)
Tautomerize (ID: Tautomerize)
Add Explicit Hydrogens (ID: AddExplicitH)
Neutralize (ID: Neutralize)
Clean 2D (ID: Clean2D)",2.82842707633972,682,CCCCC(CC)COC(=O)C=CC(=O)OCC(CC)CCCC
SBASXUCJHJRPEV-UHFFFAOYSA-N,Non-irritant,111-77-3,0,715,"Clear Stereo (ID: ClearStereo)
Wedge Clean (ID: WedgeClean)
Mesomerize (ID: Mesomerize)
Tautomerize (ID: Tautomerize)
Add Explicit Hydrogens (ID: AddExplicitH)
Neutralize (ID: Neutralize)
Clean 2D (ID: Clean2D)",2.82842707633972,715,COCCOCCO
SBIGSHCJXYGFMX-UHFFFAOYSA-N,Non-irritant,25601-41-6,0,717,"Clear Stereo (ID: ClearStereo)
Wedge Clean (ID: WedgeClean)
Mesomerize (ID: Mesomerize)
Tautomerize (ID: Tautomerize)
Add Explicit Hydrogens (ID: AddExplicitH)
Neutralize (ID: Neutralize)
Clean 2D (ID: Clean2D)",2.82842707633972,717,C=CCCCCCCCC(=O)OC
SJMYWORNLPSJQO-UHFFFAOYSA-N,Non-irritant,585-07-9,0,729,"Clear Stereo (ID: ClearStereo)
Wedge Clean (ID: WedgeClean)
Mesomerize (ID: Mesomerize)
Tautomerize (ID: Tautomerize)
Add Explicit Hydrogens (ID: AddExplicitH)
Neutralize (ID: Neutralize)
Clean 2D (ID: Clean2D)",2.82842707633972,729,C=C(C)C(=O)OC(C)(C)C
UADWUILHKRXHMM-UHFFFAOYSA-N,Non-irritant,5444-75-7,0,770,"Dearomatize (ID: Dearomatize)
Clear Stereo (ID: ClearStereo)
Wedge Clean (ID: WedgeClean)
Mesomerize (ID: Mesomerize)
Tautomerize (ID: Tautomerize)
Aromatize (ID: Aromatize)
Add Explicit Hydrogens (ID: AddExplicitH)
Neutralize (ID: Neutralize)
Clean 2D (ID: Clean2D)",2.82842707633972,770,CCCCC(CC)COC(=O)c1ccccc1
UAEPNZWRGJTJPN-UHFFFAOYSA-N,Non-irritant,108-87-2,0,771,"Clear Stereo (ID: ClearStereo)
Wedge Clean (ID: WedgeClean)
Mesomerize (ID: Mesomerize)
Tautomerize (ID: Tautomerize)
Add Explicit Hydrogens (ID: AddExplicitH)
Neutralize (ID: Neutralize)
Clean 2D (ID: Clean2D)",2.82842707633972,771,CC1CCCCC1
VCLJODPNBNEBKW-UHFFFAOYSA-N,Non-irritant,93685-80-4,0,818,"Clear Stereo (ID: ClearStereo)
Wedge Clean (ID: WedgeClean)
Mesomerize (ID: Mesomerize)
Tautomerize (ID: Tautomerize)
Add Explicit Hydrogens (ID: AddExplicitH)
Neutralize (ID: Neutralize)
Clean 2D (ID: Clean2D)",2.82842707633972,818,CC(CC(C)(C)C)CC(C)(C)CC(C)(C)C
WBCCOWHDSAVXAO-AATRIKPKSA-N,Non-irritant,68920-66-1,0,850,"Clear Stereo (ID: ClearStereo)
Wedge Clean (ID: WedgeClean)
Mesomerize (ID: Mesomerize)
Tautomerize (ID: Tautomerize)
Add Explicit Hydrogens (ID: AddExplicitH)
Neutralize (ID: Neutralize)
Clean 2D (ID: Clean2D)",2.82842707633972,850,CCC=CCCCCCCCCCCCCCCOCC
XDOFQFKRPWOURC-UHFFFAOYSA-N,Non-irritant,30399-84-9,0,901,"Clear Stereo (ID: ClearStereo)
Wedge Clean (ID: WedgeClean)
Mesomerize (ID: Mesomerize)
Tautomerize (ID: Tautomerize)
Add Explicit Hydrogens (ID: AddExplicitH)
Neutralize (ID: Neutralize)
Clean 2D (ID: Clean2D)",2.82842707633972,901,CC(C)CCCCCCCCCCCCCCC(=O)O
XJOBOFWTZOKMOH-UHFFFAOYSA-N,Non-irritant,762-12-9,0,910,"Clear Stereo (ID: ClearStereo)
Wedge Clean (ID: WedgeClean)
Mesomerize (ID: Mesomerize)
Tautomerize (ID: Tautomerize)
Add Explicit Hydrogens (ID: AddExplicitH)
Neutralize (ID: Neutralize)
Clean 2D (ID: Clean2D)",2.82842707633972,910,CCCCCCCCCC(=O)OOC(=O)CCCCCCCCC
XJRBAMWJDBPFIM-UHFFFAOYSA-N,Non-irritant,107-25-5,0,911,"Clear Stereo (ID: ClearStereo)
Wedge Clean (ID: WedgeClean)
Mesomerize (ID: Mesomerize)
Tautomerize (ID: Tautomerize)
Add Explicit Hydrogens (ID: AddExplicitH)
Neutralize (ID: Neutralize)
Clean 2D (ID: Clean2D)",2.82842707633972,911,C=COC
XMLYCEVDHLAQEL-UHFFFAOYSA-N,Non-irritant,7473-98-5,0,916,"Dearomatize (ID: Dearomatize)
Clear Stereo (ID: ClearStereo)
Wedge Clean (ID: WedgeClean)
Mesomerize (ID: Mesomerize)
Tautomerize (ID: Tautomerize)
Aromatize (ID: Aromatize)
Add Explicit Hydrogens (ID: AddExplicitH)
Neutralize (ID: Neutralize)
Clean 2D (ID: Clean2D)",2.82842707633972,916,CC(C)(O)C(=O)c1ccccc1
XOJWAAUYNWGQAU-UHFFFAOYSA-N,Non-irritant,2082-81-7,0,924,"Clear Stereo (ID: ClearStereo)
Wedge Clean (ID: WedgeClean)
Mesomerize (ID: Mesomerize)
Tautomerize (ID: Tautomerize)
Add Explicit Hydrogens (ID: AddExplicitH)
Neutralize (ID: Neutralize)
Clean 2D (ID: Clean2D)",2.82842707633972,924,C=C(C)C(=O)OCCCCOC(=O)C(=C)C
XTHFKEDIFFGKHM-UHFFFAOYSA-N,Non-irritant,110-71-4,0,936,"Clear Stereo (ID: ClearStereo)
Wedge Clean (ID: WedgeClean)
Mesomerize (ID: Mesomerize)
Tautomerize (ID: Tautomerize)
Add Explicit Hydrogens (ID: AddExplicitH)
Neutralize (ID: Neutralize)
Clean 2D (ID: Clean2D)",2.82842707633972,936,COCCOC
XWVHBWQEYOROBE-HWKANZROSA-N,Non-irritant,25377-82-6,0,943,"Clear Stereo (ID: ClearStereo)
Wedge Clean (ID: WedgeClean)
Mesomerize (ID: Mesomerize)
Tautomerize (ID: Tautomerize)
Add Explicit Hydrogens (ID: AddExplicitH)
Neutralize (ID: Neutralize)
Clean 2D (ID: Clean2D)",2.82842707633972,943,CC=CCCCCCCCCCC
YCTDZYMMFQCTEO-FNORWQNLSA-N,Non-irritant,25377-83-7,0,954,"Clear Stereo (ID: ClearStereo)
Wedge Clean (ID: WedgeClean)
Mesomerize (ID: Mesomerize)
Tautomerize (ID: Tautomerize)
Add Explicit Hydrogens (ID: AddExplicitH)
Neutralize (ID: Neutralize)
Clean 2D (ID: Clean2D)",2.82842707633972,954,CCC=CCCCC
YKNMBTZOEVIJCM-HWKANZROSA-N,Non-irritant,25339-53-1,0,967,"Clear Stereo (ID: ClearStereo)
Wedge Clean (ID: WedgeClean)
Mesomerize (ID: Mesomerize)
Tautomerize (ID: Tautomerize)
Add Explicit Hydrogens (ID: AddExplicitH)
Neutralize (ID: Neutralize)
Clean 2D (ID: Clean2D)",2.82842707633972,967,CC=CCCCCCCC
ZAKSCXKVYUNNHM-UHFFFAOYSA-N,Non-irritant,12108-13-3,0,990,"Clear Stereo (ID: ClearStereo)
Wedge Clean (ID: WedgeClean)
Mesomerize (ID: Mesomerize)
Tautomerize (ID: Tautomerize)
Add Explicit Hydrogens (ID: AddExplicitH)
Neutralize (ID: Neutralize)
Clean 2D (ID: Clean2D)",2.82842707633972,990,CC1C=CC=C1
ZKHMKHBSASMXEZ-UHFFFAOYSA-N,Non-irritant,71662-46-9,0,1004,"Dearomatize (ID: Dearomatize)
Clear Stereo (ID: ClearStereo)
Wedge Clean (ID: WedgeClean)
Mesomerize (ID: Mesomerize)
Tautomerize (ID: Tautomerize)
Aromatize (ID: Aromatize)
Add Explicit Hydrogens (ID: AddExplicitH)
Neutralize (ID: Neutralize)
Clean 2D (ID: Clean2D)",2.82842707633972,1004,CCCCCCCCCOC(=O)c1ccccc1C(=O)OCCCCCCCC
ZOXJGFHDIHLPTG-UHFFFAOYSA-N,Non-irritant,11128-29-3,0,1015,"Clear Stereo (ID: ClearStereo)
Mesomerize (ID: Mesomerize)
Tautomerize (ID: Tautomerize)
Add Explicit Hydrogens (ID: AddExplicitH)
Neutralize (ID: Neutralize)
Clean 2D (ID: Clean2D)",2.82842707633972,1015,B
ZQPPMHVWECSIRJ-KTKRTIGZSA-N,Non-irritant,68815-51-0,0,1018,"Clear Stereo (ID: ClearStereo)
Wedge Clean (ID: WedgeClean)
Mesomerize (ID: Mesomerize)
Tautomerize (ID: Tautomerize)
Add Explicit Hydrogens (ID: AddExplicitH)
Neutralize (ID: Neutralize)
Clean 2D (ID: Clean2D)",2.82842707633972,1018,CCCCCCCCC=CCCCCCCCC(=O)O
ZUHZGEOKBKGPSW-UHFFFAOYSA-N,Non-irritant,143-24-8,0,1027,"Clear Stereo (ID: ClearStereo)
Wedge Clean (ID: WedgeClean)
Mesomerize (ID: Mesomerize)
Tautomerize (ID: Tautomerize)
Add Explicit Hydrogens (ID: AddExplicitH)
Neutralize (ID: Neutralize)
Clean 2D (ID: Clean2D)",2.82842707633972,1027,COCCOCCOCCOCCOC
"InChI=1S/C6H14/c1-4-5-6(2)3/h6H,4-5H2,1-3H3",Non-irritant,107-83-5  107-83-5,0,1054,"Clear Stereo (ID: ClearStereo)
Wedge Clean (ID: WedgeClean)
Mesomerize (ID: Mesomerize)
Tautomerize (ID: Tautomerize)
Add Explicit Hydrogens (ID: AddExplicitH)
Neutralize (ID: Neutralize)
Clean 2D (ID: Clean2D)",2.82842707633972,1054,CCCC(C)C
"InChI=1S/C20H38O3/c1-3-5-6-13-16-19(21)17-14-11-9-7-8-10-12-15-18-20(22)23-4-2/h11,14,19,21H,3-10,12-13,15-18H2,1-2H3",,55066-53-0,0,1150,"Clear Stereo (ID: ClearStereo)
Wedge Clean (ID: WedgeClean)
Mesomerize (ID: Mesomerize)
Tautomerize (ID: Tautomerize)
Add Explicit Hydrogens (ID: AddExplicitH)
Neutralize (ID: Neutralize)
Clean 2D (ID: Clean2D)",2.82842707633972,1150,CCCCCCC(O)CC=CCCCCCCCC(=O)OCC
InChI=1S/C12H24/c1-2-4-6-8-10-12-11-9-7-5-3-1/h1-12H2,,294-62-2,0,1360,"Clear Stereo (ID: ClearStereo)
Wedge Clean (ID: WedgeClean)
Mesomerize (ID: Mesomerize)
Tautomerize (ID: Tautomerize)
Add Explicit Hydrogens (ID: AddExplicitH)
Neutralize (ID: Neutralize)
Clean 2D (ID: Clean2D)",2.82842707633972,1360,C1CCCCCCCCCCC1
"InChI=1S/C12H18Br6/c13-7-1-2-8(14)10(16)5-6-12(18)11(17)4-3-9(7)15/h7-12H,1-6H2",,3194-55-6,0,1363,"Clear Stereo (ID: ClearStereo)
Wedge Clean (ID: WedgeClean)
Mesomerize (ID: Mesomerize)
Tautomerize (ID: Tautomerize)
Add Explicit Hydrogens (ID: AddExplicitH)
Neutralize (ID: Neutralize)
Clean 2D (ID: Clean2D)",2.82842707633972,1363,BrC1CCC(Br)C(Br)CCC(Br)C(Br)CCC1Br
"InChI=1S/C31H48O2S2/c1-27(2,3)21-15-19(16-22(25(21)32)28(4,5)6)34-31(13,14)35-20-17-23(29(7,8)9)26(33)24(18-20)30(10,11)12/h15-18,32-33H,1-14H3",,23288-49-5,0,1521,"Dearomatize (ID: Dearomatize)
Clear Stereo (ID: ClearStereo)
Wedge Clean (ID: WedgeClean)
Mesomerize (ID: Mesomerize)
Tautomerize (ID: Tautomerize)
Aromatize (ID: Aromatize)
Add Explicit Hydrogens (ID: AddExplicitH)
Neutralize (ID: Neutralize)
Clean 2D (ID: Clean2D)",2.82842707633972,1521,CC(C)(Sc1cc(C(C)(C)C)c(O)c(C(C)(C)C)c1)Sc1cc(C(C)(C)C)c(O)c(C(C)(C)C)c1
"InChI=1S/C7H14O2/c1-5-9-6(8)7(2,3)4/h5H2,1-4H3",Non-irritant,3938-95-2,0,1657,"Clear Stereo (ID: ClearStereo)
Wedge Clean (ID: WedgeClean)
Mesomerize (ID: Mesomerize)
Tautomerize (ID: Tautomerize)
Add Explicit Hydrogens (ID: AddExplicitH)
Neutralize (ID: Neutralize)
Clean 2D (ID: Clean2D)",2.82842707633972,1657,CCOC(=O)C(C)(C)C
"InChI=1S/C14H10Cl2O3/c15-10-5-6-13(11(16)8-10)19-12-4-2-1-3-9(12)7-14(17)18/h1-6,8H,7H2,(H,17,18)",,34645-84-6,0,1750,"Dearomatize (ID: Dearomatize)
Clear Stereo (ID: ClearStereo)
Wedge Clean (ID: WedgeClean)
Mesomerize (ID: Mesomerize)
Tautomerize (ID: Tautomerize)
Aromatize (ID: Aromatize)
Add Explicit Hydrogens (ID: AddExplicitH)
Neutralize (ID: Neutralize)
Clean 2D (ID: Clean2D)",2.82842707633972,1750,O=C(O)Cc1ccccc1Oc1ccc(Cl)cc1Cl
"InChI=1S/C10H10N2/c11-9-5-1-3-7-8(9)4-2-6-10(7)12/h1-6H,11-12H2",,2243-62-1,0,2015,"Dearomatize (ID: Dearomatize)
Clear Stereo (ID: ClearStereo)
Wedge Clean (ID: WedgeClean)
Mesomerize (ID: Mesomerize)
Tautomerize (ID: Tautomerize)
Aromatize (ID: Aromatize)
Add Explicit Hydrogens (ID: AddExplicitH)
Neutralize (ID: Neutralize)
Clean 2D (ID: Clean2D)",2.82842707633972,2015,Nc1cccc2c(N)cccc12
InChI=1S/C3H6/c1-2-3-1/h1-3H2,,75-19-4,0,2116,"Mesomerize (ID: Mesomerize)
Tautomerize (ID: Tautomerize)
Add Explicit Hydrogens (ID: AddExplicitH)
Neutralize (ID: Neutralize)
Clean 2D (ID: Clean2D)",2.82842707633972,2116,C1CC1
"InChI=1S/C10Cl10/c11-1-2(12)6(16)9(19,5(1)15)10(20)7(17)3(13)4(14)8(10)18",,2227-17-0,0,2119,"Clear Stereo (ID: ClearStereo)
Wedge Clean (ID: WedgeClean)
Mesomerize (ID: Mesomerize)
Tautomerize (ID: Tautomerize)
Clean 2D (ID: Clean2D)",2.82842707633972,2119,ClC1=C(Cl)C(Cl)(C2(Cl)C(Cl)=C(Cl)C(Cl)=C2Cl)C(Cl)=C1Cl
"InChI=1S/C2H6O2/c3-1-2-4/h3-4H,1-2H2",Non-irritant,107-21-1 25322-68-3,0,2129,"Clear Stereo (ID: ClearStereo)
Wedge Clean (ID: WedgeClean)
Mesomerize (ID: Mesomerize)
Tautomerize (ID: Tautomerize)
Add Explicit Hydrogens (ID: AddExplicitH)
Neutralize (ID: Neutralize)
Clean 2D (ID: Clean2D)",2.82842707633972,2129,OCCO
"InChI=1S/C8H16O2/c1-3-5-7(6-4-2)8(9)10/h7H,3-6H2,1-2H3,(H,9,10)",,99-66-1,0,2281,"Clear Stereo (ID: ClearStereo)
Wedge Clean (ID: WedgeClean)
Mesomerize (ID: Mesomerize)
Tautomerize (ID: Tautomerize)
Add Explicit Hydrogens (ID: AddExplicitH)
Neutralize (ID: Neutralize)
Clean 2D (ID: Clean2D)",2.82842707633972,2281,CCCC(CCC)C(=O)O
"InChI=1S/C15H32O/c1-11(2)7-14(8-12(3)4)10-15(16)9-13(5)6/h11-16H,7-10H2,1-6H3",,10143-20-1,0,2426,"Clear Stereo (ID: ClearStereo)
Wedge Clean (ID: WedgeClean)
Mesomerize (ID: Mesomerize)
Tautomerize (ID: Tautomerize)
Add Explicit Hydrogens (ID: AddExplicitH)
Neutralize (ID: Neutralize)
Clean 2D (ID: Clean2D)",2.82842707633972,2426,CC(C)CC(O)CC(CC(C)C)CC(C)C
"InChI=1S/C10H20O2S/c1-3-5-6-9(4-2)7-12-10(11)8-13/h9,13H,3-8H2,1-2H3",,,0,2440,"Clear Stereo (ID: ClearStereo)
Wedge Clean (ID: WedgeClean)
Mesomerize (ID: Mesomerize)
Tautomerize (ID: Tautomerize)
Add Explicit Hydrogens (ID: AddExplicitH)
Neutralize (ID: Neutralize)
Clean 2D (ID: Clean2D)",2.82842707633972,2440,CCCCC(CC)COC(=O)CS
"InChI=1S/C6H6ClN/c7-5-2-1-3-6(8)4-5/h1-4H,8H2",,108-42-9,0,2517,"Dearomatize (ID: Dearomatize)
Clear Stereo (ID: ClearStereo)
Wedge Clean (ID: WedgeClean)
Mesomerize (ID: Mesomerize)
Tautomerize (ID: Tautomerize)
Aromatize (ID: Aromatize)
Add Explicit Hydrogens (ID: AddExplicitH)
Neutralize (ID: Neutralize)
Clean 2D (ID: Clean2D)",2.82842707633972,2517,Nc1cccc(Cl)c1
"InChI=1S/C18H40O4P2/c1-5-19-9-13-23(14-10-20-6-2)17-18-24(15-11-21-7-3)16-12-22-8-4/h5-18H2,1-4H3",,127502-06-1,0,2581,"Clear Stereo (ID: ClearStereo)
Wedge Clean (ID: WedgeClean)
Mesomerize (ID: Mesomerize)
Tautomerize (ID: Tautomerize)
Add Explicit Hydrogens (ID: AddExplicitH)
Neutralize (ID: Neutralize)
Clean 2D (ID: Clean2D)",2.82842707633972,2581,CCOCCP(CCOCC)CCP(CCOCC)CCOCC
"InChI=1S/C24H44Cl6/c1-3-7-19(25)9-5-11-21(27)13-15-23(29)17-18-24(30)16-14-22(28)12-6-10-20(26)8-4-2/h19-24H,3-18H2,1-2H3",,63449-39-8,0,2595,"Clear Stereo (ID: ClearStereo)
Wedge Clean (ID: WedgeClean)
Mesomerize (ID: Mesomerize)
Tautomerize (ID: Tautomerize)
Add Explicit Hydrogens (ID: AddExplicitH)
Neutralize (ID: Neutralize)
Clean 2D (ID: Clean2D)",2.82842707633972,2595,CCCC(Cl)CCCC(Cl)CCC(Cl)CCC(Cl)CCC(Cl)CCCC(Cl)CCC
"InChI=1S/C14H26O4/c1-11(2)9-17-13(15)7-5-6-8-14(16)18-10-12(3)4/h11-12H,5-10H2,1-4H3",,141-04-8,0,2670,"Clear Stereo (ID: ClearStereo)
Wedge Clean (ID: WedgeClean)
Mesomerize (ID: Mesomerize)
Tautomerize (ID: Tautomerize)
Add Explicit Hydrogens (ID: AddExplicitH)
Neutralize (ID: Neutralize)
Clean 2D (ID: Clean2D)",2.82842707633972,2670,CC(C)COC(=O)CCCCC(=O)OCC(C)C
"InChI=1S/C10H9N/c11-10-7-3-5-8-4-1-2-6-9(8)10/h1-7H,11H2",,134-32-7,0,2747,"Dearomatize (ID: Dearomatize)
Clear Stereo (ID: ClearStereo)
Wedge Clean (ID: WedgeClean)
Mesomerize (ID: Mesomerize)
Tautomerize (ID: Tautomerize)
Aromatize (ID: Aromatize)
Add Explicit Hydrogens (ID: AddExplicitH)
Neutralize (ID: Neutralize)
Clean 2D (ID: Clean2D)",2.82842707633972,2747,Nc1cccc2ccccc12
"InChI=1S/C10H16/c1-9-5-3-7-10(2)8-4-6-9/h5,8H,3-4,6-7H2,1-2H3",,3760-14-3,0,2763,"Clear Stereo (ID: ClearStereo)
Wedge Clean (ID: WedgeClean)
Mesomerize (ID: Mesomerize)
Tautomerize (ID: Tautomerize)
Add Explicit Hydrogens (ID: AddExplicitH)
Neutralize (ID: Neutralize)
Clean 2D (ID: Clean2D)",2.82842707633972,2763,CC1=CCCC(C)=CCC1
"InChI=1S/C4H8O3/c5-3-1-2-4(6)7/h5H,1-3H2,(H,6,7)",,502-85-2,0,2819,"Clear Stereo (ID: ClearStereo)
Wedge Clean (ID: WedgeClean)
Mesomerize (ID: Mesomerize)
Tautomerize (ID: Tautomerize)
Add Explicit Hydrogens (ID: AddExplicitH)
Neutralize (ID: Neutralize)
Clean 2D (ID: Clean2D)",2.82842707633972,2819,O=C(O)CCCO
"InChI=1S/C15H14O5/c1-19-9-3-5-11(13(16)7-9)15(18)12-6-4-10(20-2)8-14(12)17/h3-8,16-17H,1-2H3",,131-54-4,0,2838,"Dearomatize (ID: Dearomatize)
Clear Stereo (ID: ClearStereo)
Wedge Clean (ID: WedgeClean)
Mesomerize (ID: Mesomerize)
Tautomerize (ID: Tautomerize)
Aromatize (ID: Aromatize)
Add Explicit Hydrogens (ID: AddExplicitH)
Neutralize (ID: Neutralize)
Clean 2D (ID: Clean2D)",2.82842707633972,2838,COc1ccc(C(=O)c2ccc(OC)cc2O)c(O)c1
"InChI=1S/C8H14O2S/c1-4-11-6-5-10-8(9)7(2)3/h2,4-6H2,1,3H3",Non-irritant,14216-25-2,0,3068,"Clear Stereo (ID: ClearStereo)
Wedge Clean (ID: WedgeClean)
Mesomerize (ID: Mesomerize)
Tautomerize (ID: Tautomerize)
Add Explicit Hydrogens (ID: AddExplicitH)
Neutralize (ID: Neutralize)
Clean 2D (ID: Clean2D)",2.82842707633972,3068,C=C(C)C(=O)OCCSCC
"InChI=1S/C13H12O2/c14-12-6-8-13(9-7-12)15-10-11-4-2-1-3-5-11/h1-9,14H,10H2",,103-16-2,0,3123,"Dearomatize (ID: Dearomatize)
Clear Stereo (ID: ClearStereo)
Wedge Clean (ID: WedgeClean)
Mesomerize (ID: Mesomerize)
Tautomerize (ID: Tautomerize)
Aromatize (ID: Aromatize)
Add Explicit Hydrogens (ID: AddExplicitH)
Neutralize (ID: Neutralize)
Clean 2D (ID: Clean2D)",2.82842707633972,3123,Oc1ccc(OCc2ccccc2)cc1
"InChI=1S/C18H36O/c1-15(2)9-6-10-16(3)11-7-12-17(4)13-8-14-18(5)19/h15-17H,6-14H2,1-5H3",Non-irritant,502-69-2,0,3168,"Clear Stereo (ID: ClearStereo)
Wedge Clean (ID: WedgeClean)
Mesomerize (ID: Mesomerize)
Tautomerize (ID: Tautomerize)
Add Explicit Hydrogens (ID: AddExplicitH)
Neutralize (ID: Neutralize)
Clean 2D (ID: Clean2D)",2.82842707633972,3168,CC(=O)CCCC(C)CCCC(C)CCCC(C)C
"InChI=1S/C9H10O3/c1-11-8-4-3-7(6-10)5-9(8)12-2/h3-6H,1-2H3",Non-irritant,120-14-9,0,3175,"Dearomatize (ID: Dearomatize)
Clear Stereo (ID: ClearStereo)
Wedge Clean (ID: WedgeClean)
Mesomerize (ID: Mesomerize)
Tautomerize (ID: Tautomerize)
Aromatize (ID: Aromatize)
Add Explicit Hydrogens (ID: AddExplicitH)
Neutralize (ID: Neutralize)
Clean 2D (ID: Clean2D)",2.82842707633972,3175,COc1ccc(C=O)cc1OC
"InChI=1S/C34H66O3/c1-3-5-7-9-10-11-12-13-14-15-18-21-24-28-32-37-34(36)31-27-23-20-17-16-19-22-26-30-33(35)29-25-8-6-4-2/h22,26,33,35H,3-21,23-25,27-32H2,1-2H3",,10401-55-5,0,3252,"Clear Stereo (ID: ClearStereo)
Wedge Clean (ID: WedgeClean)
Mesomerize (ID: Mesomerize)
Tautomerize (ID: Tautomerize)
Add Explicit Hydrogens (ID: AddExplicitH)
Neutralize (ID: Neutralize)
Clean 2D (ID: Clean2D)",2.82842707633972,3252,CCCCCCCCCCCCCCCCOC(=O)CCCCCCCC=CCC(O)CCCCCC
"InChI=1S/C17H28/c1-2-3-4-5-6-7-8-9-11-14-17-15-12-10-13-16-17/h10,12-13,15-16H,2-9,11,14H2,1H3",,6742-54-7,0,3255,"Dearomatize (ID: Dearomatize)
Clear Stereo (ID: ClearStereo)
Wedge Clean (ID: WedgeClean)
Mesomerize (ID: Mesomerize)
Tautomerize (ID: Tautomerize)
Aromatize (ID: Aromatize)
Add Explicit Hydrogens (ID: AddExplicitH)
Neutralize (ID: Neutralize)
Clean 2D (ID: Clean2D)",2.82842707633972,3255,CCCCCCCCCCCc1ccccc1
"InChI=1S/C6H14O2/c7-5-3-1-2-4-6-8/h7-8H,1-6H2",,629-11-8,0,3341,"Clear Stereo (ID: ClearStereo)
Wedge Clean (ID: WedgeClean)
Mesomerize (ID: Mesomerize)
Tautomerize (ID: Tautomerize)
Add Explicit Hydrogens (ID: AddExplicitH)
Neutralize (ID: Neutralize)
Clean 2D (ID: Clean2D)",2.82842707633972,3341,OCCCCCCO
AKGGYBADQZYZPD-UHFFFAOYSA-N,Non-irritant,2550-26-7,0,7,"Dearomatize (ID: Dearomatize)
Clear Stereo (ID: ClearStereo)
Wedge Clean (ID: WedgeClean)
Mesomerize (ID: Mesomerize)
Tautomerize (ID: Tautomerize)
Aromatize (ID: Aromatize)
Add Explicit Hydrogens (ID: AddExplicitH)
Neutralize (ID: Neutralize)
Clean 2D (ID: Clean2D)",3.0,7,CC(=O)CCc1ccccc1
BFCFYVKQTRLZHA-UHFFFAOYSA-N,Non-irritant,88-73-3,0,39,"Dearomatize (ID: Dearomatize)
Clear Stereo (ID: ClearStereo)
Wedge Clean (ID: WedgeClean)
Mesomerize (ID: Mesomerize)
Tautomerize (ID: Tautomerize)
Aromatize (ID: Aromatize)
Add Explicit Hydrogens (ID: AddExplicitH)
Neutralize (ID: Neutralize)
Clean 2D (ID: Clean2D)",3.0,39,O=[N+]([O-])c1ccccc1Cl
BTNXBLUGMAMSSH-UHFFFAOYSA-N,Non-irritant,629-40-3,0,67,"Clear Stereo (ID: ClearStereo)
Wedge Clean (ID: WedgeClean)
Mesomerize (ID: Mesomerize)
Tautomerize (ID: Tautomerize)
Add Explicit Hydrogens (ID: AddExplicitH)
Neutralize (ID: Neutralize)
Clean 2D (ID: Clean2D)",3.0,67,N#CCCCCCCC#N
BVKZGUZCCUSVTD-UHFFFAOYSA-N,Non-irritant,10361-29-2,0,70,"Clear Stereo (ID: ClearStereo)
Wedge Clean (ID: WedgeClean)
Mesomerize (ID: Mesomerize)
Tautomerize (ID: Tautomerize)
Add Explicit Hydrogens (ID: AddExplicitH)
Neutralize (ID: Neutralize)
Clean 2D (ID: Clean2D)",3.0,70,O=C(O)O
CZDYPVPMEAXLPK-UHFFFAOYSA-N,Non-irritant,75-76-3,0,126,"Clear Stereo (ID: ClearStereo)
Wedge Clean (ID: WedgeClean)
Mesomerize (ID: Mesomerize)
Tautomerize (ID: Tautomerize)
Add Explicit Hydrogens (ID: AddExplicitH)
Neutralize (ID: Neutralize)
Clean 2D (ID: Clean2D)",3.0,126,C[Si](C)(C)C
DJWFNQUDPJTSAD-UHFFFAOYSA-N,Non-irritant,13276-08-9,0,138,"Clear Stereo (ID: ClearStereo)
Wedge Clean (ID: WedgeClean)
Mesomerize (ID: Mesomerize)
Tautomerize (ID: Tautomerize)
Add Explicit Hydrogens (ID: AddExplicitH)
Neutralize (ID: Neutralize)
Clean 2D (ID: Clean2D)",3.0,138,CCCCCCCCCCCCCCCCCCNC(=O)CCCCCCCCCCCCCCCCC
DOIRQSBPFJWKBE-UHFFFAOYSA-N,Non-irritant,84-74-2,0,150,"Dearomatize (ID: Dearomatize)
Clear Stereo (ID: ClearStereo)
Wedge Clean (ID: WedgeClean)
Mesomerize (ID: Mesomerize)
Tautomerize (ID: Tautomerize)
Aromatize (ID: Aromatize)
Add Explicit Hydrogens (ID: AddExplicitH)
Neutralize (ID: Neutralize)
Clean 2D (ID: Clean2D)",3.0,150,CCCCOC(=O)c1ccccc1C(=O)OCCCC
GFZWCYSEPXDDRI-UHFFFAOYSA-N,Non-irritant,38640-62-9,0,218,"Dearomatize (ID: Dearomatize)
Clear Stereo (ID: ClearStereo)
Wedge Clean (ID: WedgeClean)
Mesomerize (ID: Mesomerize)
Tautomerize (ID: Tautomerize)
Aromatize (ID: Aromatize)
Add Explicit Hydrogens (ID: AddExplicitH)
Neutralize (ID: Neutralize)
Clean 2D (ID: Clean2D)",3.0,218,CC(C)c1cccc2c(C(C)C)cccc12
GWESVXSMPKAFAS-UHFFFAOYSA-N,Non-irritant,696-29-7,0,239,"Clear Stereo (ID: ClearStereo)
Wedge Clean (ID: WedgeClean)
Mesomerize (ID: Mesomerize)
Tautomerize (ID: Tautomerize)
Add Explicit Hydrogens (ID: AddExplicitH)
Neutralize (ID: Neutralize)
Clean 2D (ID: Clean2D)",3.0,239,CC(C)C1CCCCC1
HCDJVEYJSSTYSW-UHFFFAOYSA-N,Non-irritant,19234-20-9,0,244,"Clear Stereo (ID: ClearStereo)
Wedge Clean (ID: WedgeClean)
Mesomerize (ID: Mesomerize)
Tautomerize (ID: Tautomerize)
Add Explicit Hydrogens (ID: AddExplicitH)
Neutralize (ID: Neutralize)
Clean 2D (ID: Clean2D)",3.0,244,CC(=O)OCCOC(C)C
HCUWXYBKPSKTAB-UHFFFAOYSA-N,Non-irritant,7078-98-0,0,246,"Dearomatize (ID: Dearomatize)
Clear Stereo (ID: ClearStereo)
Wedge Clean (ID: WedgeClean)
Mesomerize (ID: Mesomerize)
Tautomerize (ID: Tautomerize)
Aromatize (ID: Aromatize)
Add Explicit Hydrogens (ID: AddExplicitH)
Neutralize (ID: Neutralize)
Clean 2D (ID: Clean2D)",3.0,246,CC(C)(C)C1=CC(=Cc2ccccc2)C=C(C(C)(C)C)C1=O
HOQGHOMLEVKTBY-UHFFFAOYSA-N,Non-irritant,84731-70-4,0,265,"Clear Stereo (ID: ClearStereo)
Wedge Clean (ID: WedgeClean)
Mesomerize (ID: Mesomerize)
Tautomerize (ID: Tautomerize)
Add Explicit Hydrogens (ID: AddExplicitH)
Neutralize (ID: Neutralize)
Clean 2D (ID: Clean2D)",3.0,265,CCCCC(CC)COC(=O)C1CCC(C(=O)OCC(CC)CCCC)CC1
IAUKWGFWINVWKS-UHFFFAOYSA-N,Non-irritant,38640-62-9,0,291,"Dearomatize (ID: Dearomatize)
Clear Stereo (ID: ClearStereo)
Wedge Clean (ID: WedgeClean)
Mesomerize (ID: Mesomerize)
Tautomerize (ID: Tautomerize)
Aromatize (ID: Aromatize)
Add Explicit Hydrogens (ID: AddExplicitH)
Neutralize (ID: Neutralize)
Clean 2D (ID: Clean2D)",3.0,291,CC(C)c1ccc2ccccc2c1C(C)C
ISSXEHJFYXCGSK-UHFFFAOYSA-N,Non-irritant,23235-61-2,0,325,"Clear Stereo (ID: ClearStereo)
Wedge Clean (ID: WedgeClean)
Mesomerize (ID: Mesomerize)
Tautomerize (ID: Tautomerize)
Add Explicit Hydrogens (ID: AddExplicitH)
Neutralize (ID: Neutralize)
Clean 2D (ID: Clean2D)",3.0,325,CCOC(COCC(OCC)OCC)OCC
JLGLQAWTXXGVEM-UHFFFAOYSA-N,Non-irritant,112-35-6,0,345,"Clear Stereo (ID: ClearStereo)
Wedge Clean (ID: WedgeClean)
Mesomerize (ID: Mesomerize)
Tautomerize (ID: Tautomerize)
Add Explicit Hydrogens (ID: AddExplicitH)
Neutralize (ID: Neutralize)
Clean 2D (ID: Clean2D)",3.0,345,COCCOCCOCCO
LQLQDKBJAIILIQ-UHFFFAOYSA-N,Non-irritant,1962-75-0,0,447,"Dearomatize (ID: Dearomatize)
Clear Stereo (ID: ClearStereo)
Wedge Clean (ID: WedgeClean)
Mesomerize (ID: Mesomerize)
Tautomerize (ID: Tautomerize)
Aromatize (ID: Aromatize)
Add Explicit Hydrogens (ID: AddExplicitH)
Neutralize (ID: Neutralize)
Clean 2D (ID: Clean2D)",3.0,447,CCCCOC(=O)c1ccc(C(=O)OCCCC)cc1
MLHOXUWWKVQEJB-UHFFFAOYSA-N,Non-irritant,623-84-7,0,484,"Clear Stereo (ID: ClearStereo)
Wedge Clean (ID: WedgeClean)
Mesomerize (ID: Mesomerize)
Tautomerize (ID: Tautomerize)
Add Explicit Hydrogens (ID: AddExplicitH)
Neutralize (ID: Neutralize)
Clean 2D (ID: Clean2D)",3.0,484,CC(=O)OCC(C)OC(C)=O
MOYAFQVGZZPNRA-UHFFFAOYSA-N,Non-irritant,586-62-9,0,491,"Clear Stereo (ID: ClearStereo)
Wedge Clean (ID: WedgeClean)
Mesomerize (ID: Mesomerize)
Tautomerize (ID: Tautomerize)
Add Explicit Hydrogens (ID: AddExplicitH)
Neutralize (ID: Neutralize)
Clean 2D (ID: Clean2D)",3.0,491,CC1=CCC(=C(C)C)CC1
MUBZPKHOEPUJKR-UHFFFAOYSA-L,Non-irritant,640-67-5,0,499,"Clear Stereo (ID: ClearStereo)
Wedge Clean (ID: WedgeClean)
Mesomerize (ID: Mesomerize)
Tautomerize (ID: Tautomerize)
Add Explicit Hydrogens (ID: AddExplicitH)
Neutralize (ID: Neutralize)
Clean 2D (ID: Clean2D)",3.0,499,O=C(O)C(=O)O
NQGDHQASSFDDLD-UHFFFAOYSA-N,Non-irritant,84170-74-1,0,531,"Clear Stereo (ID: ClearStereo)
Wedge Clean (ID: WedgeClean)
Mesomerize (ID: Mesomerize)
Tautomerize (ID: Tautomerize)
Add Explicit Hydrogens (ID: AddExplicitH)
Neutralize (ID: Neutralize)
Clean 2D (ID: Clean2D)",3.0,531,C=CC(=O)OCCCOCC(C)(C)COCCCOC(=O)C=C
OHRBQTOZYGEWCJ-UHFFFAOYSA-N,Non-irritant,125109-85-5,0,554,"Dearomatize (ID: Dearomatize)
Clear Stereo (ID: ClearStereo)
Wedge Clean (ID: WedgeClean)
Mesomerize (ID: Mesomerize)
Tautomerize (ID: Tautomerize)
Aromatize (ID: Aromatize)
Add Explicit Hydrogens (ID: AddExplicitH)
Neutralize (ID: Neutralize)
Clean 2D (ID: Clean2D)",3.0,554,CC(C)c1cccc(C(C)CC=O)c1
PDUFSBFWOJELLV-UHFFFAOYSA-N,Non-irritant,236391-76-7,0,583,"Clear Stereo (ID: ClearStereo)
Wedge Clean (ID: WedgeClean)
Mesomerize (ID: Mesomerize)
Tautomerize (ID: Tautomerize)
Add Explicit Hydrogens (ID: AddExplicitH)
Neutralize (ID: Neutralize)
Clean 2D (ID: Clean2D)",3.0,583,CCC(=O)OCC(=O)OC(C)C1CCCC(C)(C)C1
QCWRDNFBMVSDEY-UHFFFAOYSA-N,Non-irritant,14338-82-0,0,630,"Clear Stereo (ID: ClearStereo)
Wedge Clean (ID: WedgeClean)
Mesomerize (ID: Mesomerize)
Tautomerize (ID: Tautomerize)
Add Explicit Hydrogens (ID: AddExplicitH)
Neutralize (ID: Neutralize)
Clean 2D (ID: Clean2D)",3.0,630,CCCCOC(=O)CSCSCC(=O)OCCCC
QELSKZZBTMNZEB-UHFFFAOYSA-N,Non-irritant,94-13-3,0,633,"Dearomatize (ID: Dearomatize)
Clear Stereo (ID: ClearStereo)
Wedge Clean (ID: WedgeClean)
Mesomerize (ID: Mesomerize)
Tautomerize (ID: Tautomerize)
Aromatize (ID: Aromatize)
Add Explicit Hydrogens (ID: AddExplicitH)
Neutralize (ID: Neutralize)
Clean 2D (ID: Clean2D)",3.0,633,CCCOC(=O)c1ccc(O)cc1
QMVPMAAFGQKVCJ-SNVBAGLBSA-N,Non-irritant,106-22-9,0,643,"Clear Stereo (ID: ClearStereo)
Wedge Clean (ID: WedgeClean)
Mesomerize (ID: Mesomerize)
Tautomerize (ID: Tautomerize)
Add Explicit Hydrogens (ID: AddExplicitH)
Neutralize (ID: Neutralize)
Clean 2D (ID: Clean2D)",3.0,643,CC(C)=CCCC(C)CCO
QMYGFTJCQFEDST-UHFFFAOYSA-N,Non-irritant,4435-53-4,0,644,"Clear Stereo (ID: ClearStereo)
Wedge Clean (ID: WedgeClean)
Mesomerize (ID: Mesomerize)
Tautomerize (ID: Tautomerize)
Add Explicit Hydrogens (ID: AddExplicitH)
Neutralize (ID: Neutralize)
Clean 2D (ID: Clean2D)",3.0,644,COC(C)CCOC(C)=O
ROORDVPLFPIABK-UHFFFAOYSA-N,Non-irritant,102-09-0,0,681,"Dearomatize (ID: Dearomatize)
Clear Stereo (ID: ClearStereo)
Wedge Clean (ID: WedgeClean)
Mesomerize (ID: Mesomerize)
Tautomerize (ID: Tautomerize)
Aromatize (ID: Aromatize)
Add Explicit Hydrogens (ID: AddExplicitH)
Neutralize (ID: Neutralize)
Clean 2D (ID: Clean2D)",3.0,681,O=C(Oc1ccccc1)Oc1ccccc1
RTGLJCSUKOLTEM-UHFFFAOYSA-N,Non-irritant,24468-13-1,0,689,"Clear Stereo (ID: ClearStereo)
Wedge Clean (ID: WedgeClean)
Mesomerize (ID: Mesomerize)
Tautomerize (ID: Tautomerize)
Add Explicit Hydrogens (ID: AddExplicitH)
Neutralize (ID: Neutralize)
Clean 2D (ID: Clean2D)",3.0,689,CCCCC(CC)COC(=O)Cl
RUMACXVDVNRZJZ-UHFFFAOYSA-N,Non-irritant,97-86-9,0,693,"Clear Stereo (ID: ClearStereo)
Wedge Clean (ID: WedgeClean)
Mesomerize (ID: Mesomerize)
Tautomerize (ID: Tautomerize)
Add Explicit Hydrogens (ID: AddExplicitH)
Neutralize (ID: Neutralize)
Clean 2D (ID: Clean2D)",3.0,693,C=C(C)C(=O)OCC(C)C
SAMJGBVVQUEMGC-UHFFFAOYSA-N,Non-irritant,764-99-8,0,711,"Clear Stereo (ID: ClearStereo)
Wedge Clean (ID: WedgeClean)
Mesomerize (ID: Mesomerize)
Tautomerize (ID: Tautomerize)
Add Explicit Hydrogens (ID: AddExplicitH)
Neutralize (ID: Neutralize)
Clean 2D (ID: Clean2D)",3.0,711,C=COCCOCCOC=C
SESFRYSPDFLNCH-UHFFFAOYSA-N,Non-irritant,120-51-4,0,721,"Dearomatize (ID: Dearomatize)
Clear Stereo (ID: ClearStereo)
Wedge Clean (ID: WedgeClean)
Mesomerize (ID: Mesomerize)
Tautomerize (ID: Tautomerize)
Aromatize (ID: Aromatize)
Add Explicit Hydrogens (ID: AddExplicitH)
Neutralize (ID: Neutralize)
Clean 2D (ID: Clean2D)",3.0,721,O=C(OCc1ccccc1)c1ccccc1
TZFKKLGCVKORLS-UHFFFAOYSA-N,Non-irritant,64742-95-6,0,767,"Dearomatize (ID: Dearomatize)
Clear Stereo (ID: ClearStereo)
Wedge Clean (ID: WedgeClean)
Mesomerize (ID: Mesomerize)
Tautomerize (ID: Tautomerize)
Aromatize (ID: Aromatize)
Add Explicit Hydrogens (ID: AddExplicitH)
Neutralize (ID: Neutralize)
Clean 2D (ID: Clean2D)",3.0,767,O=C(O)c1cc(F)c(Br)cc1Cl
ULQISTXYYBZJSJ-UHFFFAOYSA-M,Non-irritant,7620-77-1,0,795,"Clear Stereo (ID: ClearStereo)
Wedge Clean (ID: WedgeClean)
Mesomerize (ID: Mesomerize)
Tautomerize (ID: Tautomerize)
Add Explicit Hydrogens (ID: AddExplicitH)
Neutralize (ID: Neutralize)
Clean 2D (ID: Clean2D)",3.0,795,CCCCCCC(O)CCCCCCCCCCC(=O)O
VDYWHVQKENANGY-UHFFFAOYSA-N,Non-irritant,1189-08-8,0,820,"Clear Stereo (ID: ClearStereo)
Wedge Clean (ID: WedgeClean)
Mesomerize (ID: Mesomerize)
Tautomerize (ID: Tautomerize)
Add Explicit Hydrogens (ID: AddExplicitH)
Neutralize (ID: Neutralize)
Clean 2D (ID: Clean2D)",3.0,820,C=C(C)C(=O)OCCC(C)OC(=O)C(=C)C
VHOMAPWVLKRQAZ-UHFFFAOYSA-N,Non-irritant,122-63-4,0,827,"Dearomatize (ID: Dearomatize)
Clear Stereo (ID: ClearStereo)
Wedge Clean (ID: WedgeClean)
Mesomerize (ID: Mesomerize)
Tautomerize (ID: Tautomerize)
Aromatize (ID: Aromatize)
Add Explicit Hydrogens (ID: AddExplicitH)
Neutralize (ID: Neutralize)
Clean 2D (ID: Clean2D)",3.0,827,CCC(=O)OCc1ccccc1
VSJBBIJIXZVVLQ-UHFFFAOYSA-N,Non-irritant,13122-18-4,0,841,"Clear Stereo (ID: ClearStereo)
Wedge Clean (ID: WedgeClean)
Mesomerize (ID: Mesomerize)
Tautomerize (ID: Tautomerize)
Add Explicit Hydrogens (ID: AddExplicitH)
Neutralize (ID: Neutralize)
Clean 2D (ID: Clean2D)",3.0,841,CC(CC(=O)OOC(C)(C)C)CC(C)(C)C
WLVCBAMXYMWGLJ-UHFFFAOYSA-N,Non-irritant,123-04-6,0,867,"Clear Stereo (ID: ClearStereo)
Wedge Clean (ID: WedgeClean)
Mesomerize (ID: Mesomerize)
Tautomerize (ID: Tautomerize)
Add Explicit Hydrogens (ID: AddExplicitH)
Neutralize (ID: Neutralize)
Clean 2D (ID: Clean2D)",3.0,867,CCCCC(CC)CCl
WNLRTRBMVRJNCN-UHFFFAOYSA-N,Non-irritant,3323-53-3,0,870,"Clear Stereo (ID: ClearStereo)
Wedge Clean (ID: WedgeClean)
Mesomerize (ID: Mesomerize)
Tautomerize (ID: Tautomerize)
Add Explicit Hydrogens (ID: AddExplicitH)
Neutralize (ID: Neutralize)
Clean 2D (ID: Clean2D)",3.0,870,O=C(O)CCCCC(=O)O
XMGQYMWWDOXHJM-UHFFFAOYSA-N,Non-irritant,5989-27-5,0,915,"Clear Stereo (ID: ClearStereo)
Wedge Clean (ID: WedgeClean)
Mesomerize (ID: Mesomerize)
Tautomerize (ID: Tautomerize)
Add Explicit Hydrogens (ID: AddExplicitH)
Neutralize (ID: Neutralize)
Clean 2D (ID: Clean2D)",3.0,915,C=C(C)C1CC=C(C)CC1
XMNIXWIUMCBBBL-UHFFFAOYSA-N,Non-irritant,80-43-3,0,917,"Dearomatize (ID: Dearomatize)
Clear Stereo (ID: ClearStereo)
Wedge Clean (ID: WedgeClean)
Mesomerize (ID: Mesomerize)
Tautomerize (ID: Tautomerize)
Aromatize (ID: Aromatize)
Add Explicit Hydrogens (ID: AddExplicitH)
Neutralize (ID: Neutralize)
Clean 2D (ID: Clean2D)",3.0,917,CC(C)(OOC(C)(C)c1ccccc1)c1ccccc1
XNEFYCZVKIDDMS-UHFFFAOYSA-N,Non-irritant,70356-09-1,0,920,"Dearomatize (ID: Dearomatize)
Clear Stereo (ID: ClearStereo)
Wedge Clean (ID: WedgeClean)
Mesomerize (ID: Mesomerize)
Tautomerize (ID: Tautomerize)
Aromatize (ID: Aromatize)
Add Explicit Hydrogens (ID: AddExplicitH)
Neutralize (ID: Neutralize)
Clean 2D (ID: Clean2D)",3.0,920,COc1ccc(C(=O)C=C(O)c2ccc(C(C)(C)C)cc2)cc1
XQVWYOYUZDUNRW-UHFFFAOYSA-N,Non-irritant,90-30-2,0,928,"Dearomatize (ID: Dearomatize)
Clear Stereo (ID: ClearStereo)
Wedge Clean (ID: WedgeClean)
Mesomerize (ID: Mesomerize)
Tautomerize (ID: Tautomerize)
Aromatize (ID: Aromatize)
Add Explicit Hydrogens (ID: AddExplicitH)
Neutralize (ID: Neutralize)
Clean 2D (ID: Clean2D)",3.0,928,c1ccc(Nc2cccc3ccccc23)cc1
XTDYIOOONNVFMA-UHFFFAOYSA-N,Non-irritant,1119-40-0,0,935,"Clear Stereo (ID: ClearStereo)
Wedge Clean (ID: WedgeClean)
Mesomerize (ID: Mesomerize)
Tautomerize (ID: Tautomerize)
Add Explicit Hydrogens (ID: AddExplicitH)
Neutralize (ID: Neutralize)
Clean 2D (ID: Clean2D)",3.0,935,COC(=O)CCCC(=O)OC
YPFDHNVEDLHUCE-UHFFFAOYSA-N,Non-irritant,504-63-2,0,977,"Clear Stereo (ID: ClearStereo)
Wedge Clean (ID: WedgeClean)
Mesomerize (ID: Mesomerize)
Tautomerize (ID: Tautomerize)
Add Explicit Hydrogens (ID: AddExplicitH)
Neutralize (ID: Neutralize)
Clean 2D (ID: Clean2D)",3.0,977,OCCCO
"InChI=1S/C8H20N/c1-5-9(6-2,7-3)8-4/h5-8H2,1-4H3/q+1",,66-40-0,0,1263,"Clear Stereo (ID: ClearStereo)
Wedge Clean (ID: WedgeClean)
Mesomerize (ID: Mesomerize)
Tautomerize (ID: Tautomerize)
Add Explicit Hydrogens (ID: AddExplicitH)
Clean 2D (ID: Clean2D)",3.0,1263,CC[N+](CC)(CC)CC
"InChI=1S/C4H3F7O/c5-1-12-2(3(6,7)8)4(9,10)11/h2H,1H2",,28523-86-6,0,1367,"Clear Stereo (ID: ClearStereo)
Wedge Clean (ID: WedgeClean)
Mesomerize (ID: Mesomerize)
Tautomerize (ID: Tautomerize)
Add Explicit Hydrogens (ID: AddExplicitH)
Neutralize (ID: Neutralize)
Clean 2D (ID: Clean2D)",3.0,1367,FCOC(C(F)(F)F)C(F)(F)F
"InChI=1S/C7H10N2/c1-5-2-3-6(8)7(9)4-5/h2-4H,8-9H2,1H3",,496-72-0,0,1371,"Dearomatize (ID: Dearomatize)
Clear Stereo (ID: ClearStereo)
Wedge Clean (ID: WedgeClean)
Mesomerize (ID: Mesomerize)
Tautomerize (ID: Tautomerize)
Aromatize (ID: Aromatize)
Add Explicit Hydrogens (ID: AddExplicitH)
Neutralize (ID: Neutralize)
Clean 2D (ID: Clean2D)",3.0,1371,Cc1ccc(N)c(N)c1
"InChI=1S/C5H12O2/c1-4(6)3-5(2)7/h4-7H,3H2,1-2H3",Non-irritant,625-69-4,0,1601,"Clear Stereo (ID: ClearStereo)
Wedge Clean (ID: WedgeClean)
Mesomerize (ID: Mesomerize)
Tautomerize (ID: Tautomerize)
Add Explicit Hydrogens (ID: AddExplicitH)
Neutralize (ID: Neutralize)
Clean 2D (ID: Clean2D)",3.0,1601,CC(O)CC(C)O
"InChI=1S/C13H18O2/c1-9(2)8-11-4-6-12(7-5-11)10(3)13(14)15/h4-7,9-10H,8H2,1-3H3,(H,14,15)",,15687-27-1,0,1647,"Dearomatize (ID: Dearomatize)
Clear Stereo (ID: ClearStereo)
Wedge Clean (ID: WedgeClean)
Mesomerize (ID: Mesomerize)
Tautomerize (ID: Tautomerize)
Aromatize (ID: Aromatize)
Add Explicit Hydrogens (ID: AddExplicitH)
Neutralize (ID: Neutralize)
Clean 2D (ID: Clean2D)",3.0,1647,CC(C)Cc1ccc(C(C)C(=O)O)cc1
"InChI=1S/C13H18O/c1-10(2)12-4-6-13(7-5-12)11(3)8-9-14/h4-7,9-11H,8H2,1-3H3",,103-95-7,0,1690,"Dearomatize (ID: Dearomatize)
Clear Stereo (ID: ClearStereo)
Wedge Clean (ID: WedgeClean)
Mesomerize (ID: Mesomerize)
Tautomerize (ID: Tautomerize)
Aromatize (ID: Aromatize)
Add Explicit Hydrogens (ID: AddExplicitH)
Neutralize (ID: Neutralize)
Clean 2D (ID: Clean2D)",3.0,1690,CC(C)c1ccc(C(C)CC=O)cc1
"InChI=1S/C10H12O4/c1-12-8-5-10(14-3)9(13-2)4-7(8)6-11/h4-6H,1-3H3",,4460-86-0,0,1732,"Dearomatize (ID: Dearomatize)
Clear Stereo (ID: ClearStereo)
Wedge Clean (ID: WedgeClean)
Mesomerize (ID: Mesomerize)
Tautomerize (ID: Tautomerize)
Aromatize (ID: Aromatize)
Add Explicit Hydrogens (ID: AddExplicitH)
Neutralize (ID: Neutralize)
Clean 2D (ID: Clean2D)",3.0,1732,COc1cc(OC)c(OC)cc1C=O
"InChI=1S/C33H54O6/c1-4-7-10-13-16-19-24-37-31(34)28-22-23-29(32(35)38-25-20-17-14-11-8-5-2)30(27-28)33(36)39-26-21-18-15-12-9-6-3/h22-23,27H,4-21,24-26H2,1-3H3",,89-04-3,0,1902,"Dearomatize (ID: Dearomatize)
Clear Stereo (ID: ClearStereo)
Wedge Clean (ID: WedgeClean)
Mesomerize (ID: Mesomerize)
Tautomerize (ID: Tautomerize)
Aromatize (ID: Aromatize)
Add Explicit Hydrogens (ID: AddExplicitH)
Neutralize (ID: Neutralize)
Clean 2D (ID: Clean2D)",3.0,1902,CCCCCCCCOC(=O)c1ccc(C(=O)OCCCCCCCC)c(C(=O)OCCCCCCCC)c1
"InChI=1S/C13H12O2/c14-10-11-5-4-8-13(9-11)15-12-6-2-1-3-7-12/h1-9,14H,10H2",Non-irritant,13826-35-2,0,1974,"Dearomatize (ID: Dearomatize)
Clear Stereo (ID: ClearStereo)
Wedge Clean (ID: WedgeClean)
Mesomerize (ID: Mesomerize)
Tautomerize (ID: Tautomerize)
Aromatize (ID: Aromatize)
Add Explicit Hydrogens (ID: AddExplicitH)
Neutralize (ID: Neutralize)
Clean 2D (ID: Clean2D)",3.0,1974,OCc1cccc(Oc2ccccc2)c1
"InChI=1S/C12H18Br6/c13-7-1-8(14)3-10(16)5-12(18)6-11(17)4-9(15)2-7/h7-12H,1-6H2",Non-irritant,25637-99-4,0,2051,"Clear Stereo (ID: ClearStereo)
Wedge Clean (ID: WedgeClean)
Mesomerize (ID: Mesomerize)
Tautomerize (ID: Tautomerize)
Add Explicit Hydrogens (ID: AddExplicitH)
Neutralize (ID: Neutralize)
Clean 2D (ID: Clean2D)",3.0,2051,BrC1CC(Br)CC(Br)CC(Br)CC(Br)CC(Br)C1
"InChI=1S/C4H10O3/c5-1-3-7-4-2-6/h5-6H,1-4H2",,111-46-6,0,2215,"Clear Stereo (ID: ClearStereo)
Wedge Clean (ID: WedgeClean)
Mesomerize (ID: Mesomerize)
Tautomerize (ID: Tautomerize)
Add Explicit Hydrogens (ID: AddExplicitH)
Neutralize (ID: Neutralize)
Clean 2D (ID: Clean2D)",3.0,2215,OCCOCCO
"InChI=1S/C18H18O2/c1-3-17(13-5-9-15(19)10-6-13)18(4-2)14-7-11-16(20)12-8-14/h3-12,19-20H,1-2H3",,84-17-3,0,2273,"Dearomatize (ID: Dearomatize)
Clear Stereo (ID: ClearStereo)
Wedge Clean (ID: WedgeClean)
Mesomerize (ID: Mesomerize)
Tautomerize (ID: Tautomerize)
Aromatize (ID: Aromatize)
Add Explicit Hydrogens (ID: AddExplicitH)
Neutralize (ID: Neutralize)
Clean 2D (ID: Clean2D)",3.0,2273,CC=C(C(=CC)c1ccc(O)cc1)c1ccc(O)cc1
"InChI=1S/C10H10O4/c1-13-9(11)7-5-3-4-6-8(7)10(12)14-2/h3-6H,1-2H3",,131-11-3,0,2283,"Dearomatize (ID: Dearomatize)
Clear Stereo (ID: ClearStereo)
Wedge Clean (ID: WedgeClean)
Mesomerize (ID: Mesomerize)
Tautomerize (ID: Tautomerize)
Aromatize (ID: Aromatize)
Add Explicit Hydrogens (ID: AddExplicitH)
Neutralize (ID: Neutralize)
Clean 2D (ID: Clean2D)",3.0,2283,COC(=O)c1ccccc1C(=O)OC
"InChI=1S/C16H14Cl2O3/c1-16(2,21-14-9-5-12(18)6-10-14)15(19)20-13-7-3-11(17)4-8-13/h3-10H,1-2H3",,61887-16-9,0,2284,"Dearomatize (ID: Dearomatize)
Clear Stereo (ID: ClearStereo)
Wedge Clean (ID: WedgeClean)
Mesomerize (ID: Mesomerize)
Tautomerize (ID: Tautomerize)
Aromatize (ID: Aromatize)
Add Explicit Hydrogens (ID: AddExplicitH)
Neutralize (ID: Neutralize)
Clean 2D (ID: Clean2D)",3.0,2284,CC(C)(Oc1ccc(Cl)cc1)C(=O)Oc1ccc(Cl)cc1
"InChI=1S/C14H10O3/c15-10-5-1-3-8-7-9-4-2-6-11(16)13(9)14(17)12(8)10/h1-6,15-16H,7H2",,1143-38-0,0,2328,"Dearomatize (ID: Dearomatize)
Clear Stereo (ID: ClearStereo)
Wedge Clean (ID: WedgeClean)
Mesomerize (ID: Mesomerize)
Tautomerize (ID: Tautomerize)
Aromatize (ID: Aromatize)
Add Explicit Hydrogens (ID: AddExplicitH)
Neutralize (ID: Neutralize)
Clean 2D (ID: Clean2D)",3.0,2328,O=C1c2c(O)cccc2Cc2cccc(O)c21
"InChI=1S/C6H3N3O7/c10-6-4(8(13)14)1-3(7(11)12)2-5(6)9(15)16/h1-2,10H",,88-89-1,0,2448,"Dearomatize (ID: Dearomatize)
Clear Stereo (ID: ClearStereo)
Wedge Clean (ID: WedgeClean)
Mesomerize (ID: Mesomerize)
Tautomerize (ID: Tautomerize)
Aromatize (ID: Aromatize)
Add Explicit Hydrogens (ID: AddExplicitH)
Neutralize (ID: Neutralize)
Clean 2D (ID: Clean2D)",3.0,2448,O=[N+]([O-])c1cc([N+](=O)[O-])c(O)c([N+](=O)[O-])c1
"InChI=1S/C14H15N3/c1-10-5-3-4-6-14(10)17-16-12-7-8-13(15)11(2)9-12/h3-9H,15H2,1-2H3",,97-56-3,0,2477,"Dearomatize (ID: Dearomatize)
Clear Stereo (ID: ClearStereo)
Wedge Clean (ID: WedgeClean)
Mesomerize (ID: Mesomerize)
Tautomerize (ID: Tautomerize)
Aromatize (ID: Aromatize)
Add Explicit Hydrogens (ID: AddExplicitH)
Neutralize (ID: Neutralize)
Clean 2D (ID: Clean2D)",3.0,2477,Cc1cc(N=Nc2ccccc2C)ccc1N
InChI=1S/C2H8N2/c3-1-2-4/h1-4H2,,107-15-3,0,2495,"Clear Stereo (ID: ClearStereo)
Wedge Clean (ID: WedgeClean)
Mesomerize (ID: Mesomerize)
Tautomerize (ID: Tautomerize)
Add Explicit Hydrogens (ID: AddExplicitH)
Neutralize (ID: Neutralize)
Clean 2D (ID: Clean2D)",3.0,2495,NCCN
"InChI=1S/C12H11N3/c13-10-6-8-12(9-7-10)15-14-11-4-2-1-3-5-11/h1-9H,13H2",,60-09-3,0,2611,"Dearomatize (ID: Dearomatize)
Clear Stereo (ID: ClearStereo)
Wedge Clean (ID: WedgeClean)
Mesomerize (ID: Mesomerize)
Tautomerize (ID: Tautomerize)
Aromatize (ID: Aromatize)
Add Explicit Hydrogens (ID: AddExplicitH)
Neutralize (ID: Neutralize)
Clean 2D (ID: Clean2D)",3.0,2611,Nc1ccc(N=Nc2ccccc2)cc1
"InChI=1S/C7H10N2/c1-5-6(8)3-2-4-7(5)9/h2-4H,8-9H2,1H3",,823-40-5,0,2709,"Dearomatize (ID: Dearomatize)
Clear Stereo (ID: ClearStereo)
Wedge Clean (ID: WedgeClean)
Mesomerize (ID: Mesomerize)
Tautomerize (ID: Tautomerize)
Aromatize (ID: Aromatize)
Add Explicit Hydrogens (ID: AddExplicitH)
Neutralize (ID: Neutralize)
Clean 2D (ID: Clean2D)",3.0,2709,Cc1c(N)cccc1N
"InChI=1S/C2H3Cl3O2/c3-2(4,5)1(6)7/h1,6-7H",,302-17-0,0,2718,"Clear Stereo (ID: ClearStereo)
Wedge Clean (ID: WedgeClean)
Mesomerize (ID: Mesomerize)
Tautomerize (ID: Tautomerize)
Add Explicit Hydrogens (ID: AddExplicitH)
Neutralize (ID: Neutralize)
Clean 2D (ID: Clean2D)",3.0,2718,OC(O)C(Cl)(Cl)Cl
"InChI=1S/C7H17N/c1-3-4-5-6-7(2)8/h7H,3-6,8H2,1-2H3",,123-82-0,0,3093,"Clear Stereo (ID: ClearStereo)
Wedge Clean (ID: WedgeClean)
Mesomerize (ID: Mesomerize)
Tautomerize (ID: Tautomerize)
Add Explicit Hydrogens (ID: AddExplicitH)
Neutralize (ID: Neutralize)
Clean 2D (ID: Clean2D)",3.0,3093,CCCCCC(C)N
"InChI=1S/C36H60O2/c1-7-8-9-10-11-12-13-14-15-16-17-18-19-25-35(37)38-30-28-32(3)23-20-22-31(2)26-27-34-33(4)24-21-29-36(34,5)6/h20,22-23,26-28H,7-19,21,24-25,29-30H2,1-6H3",,79-81-2,0,3121,"Clear Stereo (ID: ClearStereo)
Wedge Clean (ID: WedgeClean)
Mesomerize (ID: Mesomerize)
Tautomerize (ID: Tautomerize)
Add Explicit Hydrogens (ID: AddExplicitH)
Neutralize (ID: Neutralize)
Clean 2D (ID: Clean2D)",3.0,3121,CCCCCCCCCCCCCCCC(=O)OCC=C(C)C=CC=C(C)C=CC1=C(C)CCCC1(C)C
"InChI=1S/C4H8O/c1-4(2)5-3/h1H2,2-3H3",,116-11-0,0,3403,"Clear Stereo (ID: ClearStereo)
Wedge Clean (ID: WedgeClean)
Mesomerize (ID: Mesomerize)
Tautomerize (ID: Tautomerize)
Add Explicit Hydrogens (ID: AddExplicitH)
Neutralize (ID: Neutralize)
Clean 2D (ID: Clean2D)",3.0,3403,C=C(C)OC
"InChI=1S/C3H7NO/c1-4(2)3-5/h3H,1-2H3",,68-12-2,0,3488,"Clear Stereo (ID: ClearStereo)
Wedge Clean (ID: WedgeClean)
Mesomerize (ID: Mesomerize)
Tautomerize (ID: Tautomerize)
Add Explicit Hydrogens (ID: AddExplicitH)
Neutralize (ID: Neutralize)
Clean 2D (ID: Clean2D)",3.0,3488,CN(C)C=O
AOJOEFVRHOZDFN-UHFFFAOYSA-N,Non-irritant,2495-37-6,0,13,"Dearomatize (ID: Dearomatize)
Clear Stereo (ID: ClearStereo)
Wedge Clean (ID: WedgeClean)
Mesomerize (ID: Mesomerize)
Tautomerize (ID: Tautomerize)
Aromatize (ID: Aromatize)
Add Explicit Hydrogens (ID: AddExplicitH)
Neutralize (ID: Neutralize)
Clean 2D (ID: Clean2D)",3.16227769851685,13,C=C(C)C(=O)OCc1ccccc1
BFXIKLCIZHOAAZ-UHFFFAOYSA-N,Non-irritant,1185-55-3,0,40,"Clear Stereo (ID: ClearStereo)
Wedge Clean (ID: WedgeClean)
Mesomerize (ID: Mesomerize)
Tautomerize (ID: Tautomerize)
Add Explicit Hydrogens (ID: AddExplicitH)
Neutralize (ID: Neutralize)
Clean 2D (ID: Clean2D)",3.16227769851685,40,CO[Si](C)(OC)OC
BJQHLKABXJIVAM-UHFFFAOYSA-N,Non-irritant,117-81-7,0,47,"Dearomatize (ID: Dearomatize)
Clear Stereo (ID: ClearStereo)
Wedge Clean (ID: WedgeClean)
Mesomerize (ID: Mesomerize)
Tautomerize (ID: Tautomerize)
Aromatize (ID: Aromatize)
Add Explicit Hydrogens (ID: AddExplicitH)
Neutralize (ID: Neutralize)
Clean 2D (ID: Clean2D)",3.16227769851685,47,CCCCC(CC)COC(=O)c1ccccc1C(=O)OCC(CC)CCCC
BOTDANWDWHJENH-UHFFFAOYSA-N,Non-irritant,78-10-4,0,54,"Clear Stereo (ID: ClearStereo)
Wedge Clean (ID: WedgeClean)
Mesomerize (ID: Mesomerize)
Tautomerize (ID: Tautomerize)
Add Explicit Hydrogens (ID: AddExplicitH)
Neutralize (ID: Neutralize)
Clean 2D (ID: Clean2D)",3.16227769851685,54,CCO[Si](OCC)(OCC)OCC
CFJYNSNXFXLKNS-UHFFFAOYSA-N,Non-irritant,99-82-1,0,93,"Clear Stereo (ID: ClearStereo)
Wedge Clean (ID: WedgeClean)
Mesomerize (ID: Mesomerize)
Tautomerize (ID: Tautomerize)
Add Explicit Hydrogens (ID: AddExplicitH)
Neutralize (ID: Neutralize)
Clean 2D (ID: Clean2D)",3.16227769851685,93,CC1CCC(C(C)C)CC1
CIZUMWWHWPJAAK-UHFFFAOYSA-N,Non-irritant,107934-68-9,0,97,"Dearomatize (ID: Dearomatize)
Clear Stereo (ID: ClearStereo)
Wedge Clean (ID: WedgeClean)
Mesomerize (ID: Mesomerize)
Tautomerize (ID: Tautomerize)
Aromatize (ID: Aromatize)
Add Explicit Hydrogens (ID: AddExplicitH)
Neutralize (ID: Neutralize)
Clean 2D (ID: Clean2D)",3.16227769851685,97,Nc1ccc(C2(c3ccc(N)c(Cl)c3)c3ccccc3-c3ccccc32)cc1Cl
DAFHKNAQFPVRKR-UHFFFAOYSA-N,Non-irritant,25265-77-4,0,127,"Clear Stereo (ID: ClearStereo)
Wedge Clean (ID: WedgeClean)
Mesomerize (ID: Mesomerize)
Tautomerize (ID: Tautomerize)
Add Explicit Hydrogens (ID: AddExplicitH)
Neutralize (ID: Neutralize)
Clean 2D (ID: Clean2D)",3.16227769851685,127,CC(C)C(=O)OCC(C)(C)C(O)C(C)C
DLDJFQGPPSQZKI-UHFFFAOYSA-N,Non-irritant,110-65-6,0,143,"Clear Stereo (ID: ClearStereo)
Wedge Clean (ID: WedgeClean)
Mesomerize (ID: Mesomerize)
Tautomerize (ID: Tautomerize)
Add Explicit Hydrogens (ID: AddExplicitH)
Neutralize (ID: Neutralize)
Clean 2D (ID: Clean2D)",3.16227769851685,143,OCC#CCO
DUKPKQFHJQGTGU-UHFFFAOYSA-N,Non-irritant,6259-76-3,0,156,"Dearomatize (ID: Dearomatize)
Clear Stereo (ID: ClearStereo)
Wedge Clean (ID: WedgeClean)
Mesomerize (ID: Mesomerize)
Tautomerize (ID: Tautomerize)
Aromatize (ID: Aromatize)
Add Explicit Hydrogens (ID: AddExplicitH)
Neutralize (ID: Neutralize)
Clean 2D (ID: Clean2D)",3.16227769851685,156,CCCCCCOC(=O)c1ccccc1O
GKASDNZWUGIAMG-UHFFFAOYSA-N,Non-irritant,122-51-0,0,227,"Clear Stereo (ID: ClearStereo)
Wedge Clean (ID: WedgeClean)
Mesomerize (ID: Mesomerize)
Tautomerize (ID: Tautomerize)
Add Explicit Hydrogens (ID: AddExplicitH)
Neutralize (ID: Neutralize)
Clean 2D (ID: Clean2D)",3.16227769851685,227,CCOC(OCC)OCC
GSEJCLTVZPLZKY-UHFFFAOYSA-N,Non-irritant,102-71-6,0,236,"Clear Stereo (ID: ClearStereo)
Wedge Clean (ID: WedgeClean)
Mesomerize (ID: Mesomerize)
Tautomerize (ID: Tautomerize)
Add Explicit Hydrogens (ID: AddExplicitH)
Neutralize (ID: Neutralize)
Clean 2D (ID: Clean2D)",3.16227769851685,236,OCCN(CCO)CCO
GWQOYRSARAWVTC-UHFFFAOYSA-N,Non-irritant,25155-25-3,0,240,"Dearomatize (ID: Dearomatize)
Clear Stereo (ID: ClearStereo)
Wedge Clean (ID: WedgeClean)
Mesomerize (ID: Mesomerize)
Tautomerize (ID: Tautomerize)
Aromatize (ID: Aromatize)
Add Explicit Hydrogens (ID: AddExplicitH)
Neutralize (ID: Neutralize)
Clean 2D (ID: Clean2D)",3.16227769851685,240,CC(C)(C)OOC(C)(C)c1ccc(C(C)(C)OOC(C)(C)C)cc1
GYUVMLBYMPKZAZ-UHFFFAOYSA-N,Non-irritant,840-65-3,0,242,"Dearomatize (ID: Dearomatize)
Clear Stereo (ID: ClearStereo)
Wedge Clean (ID: WedgeClean)
Mesomerize (ID: Mesomerize)
Tautomerize (ID: Tautomerize)
Aromatize (ID: Aromatize)
Add Explicit Hydrogens (ID: AddExplicitH)
Neutralize (ID: Neutralize)
Clean 2D (ID: Clean2D)",3.16227769851685,242,COC(=O)c1ccc2cc(C(=O)OC)ccc2c1
HTCRKQHJUYBQTK-UHFFFAOYSA-N,Non-irritant,70833-40-8,0,274,"Clear Stereo (ID: ClearStereo)
Wedge Clean (ID: WedgeClean)
Mesomerize (ID: Mesomerize)
Tautomerize (ID: Tautomerize)
Add Explicit Hydrogens (ID: AddExplicitH)
Neutralize (ID: Neutralize)
Clean 2D (ID: Clean2D)",3.16227769851685,274,CCCCC(CC)COC(=O)OOC(C)(C)CC
IBDVWXAVKPRHCU-UHFFFAOYSA-N,Non-irritant,21282-97-3,0,294,"Clear Stereo (ID: ClearStereo)
Wedge Clean (ID: WedgeClean)
Mesomerize (ID: Mesomerize)
Tautomerize (ID: Tautomerize)
Add Explicit Hydrogens (ID: AddExplicitH)
Neutralize (ID: Neutralize)
Clean 2D (ID: Clean2D)",3.16227769851685,294,C=C(C)C(=O)OCCOC(=O)C=C(C)O
IXHMHWIBCIYOAZ-UHFFFAOYSA-L,Non-irritant,15245-44-0,0,331,"Dearomatize (ID: Dearomatize)
Clear Stereo (ID: ClearStereo)
Wedge Clean (ID: WedgeClean)
Mesomerize (ID: Mesomerize)
Tautomerize (ID: Tautomerize)
Aromatize (ID: Aromatize)
Add Explicit Hydrogens (ID: AddExplicitH)
Neutralize (ID: Neutralize)
Clean 2D (ID: Clean2D)",3.16227769851685,331,O=[N+]([O-])c1cc([N+](=O)[O-])c(O)c([N+](=O)[O-])c1O
JHQVCQDWGSXTFE-UHFFFAOYSA-N,Non-irritant,142-22-3,0,340,"Clear Stereo (ID: ClearStereo)
Wedge Clean (ID: WedgeClean)
Mesomerize (ID: Mesomerize)
Tautomerize (ID: Tautomerize)
Add Explicit Hydrogens (ID: AddExplicitH)
Neutralize (ID: Neutralize)
Clean 2D (ID: Clean2D)",3.16227769851685,340,C=CCOC(=O)OCCOCCOC(=O)OCC=C
JOLQKTGDSGKSKJ-UHFFFAOYSA-N,Non-irritant,1569-02-4,0,349,"Clear Stereo (ID: ClearStereo)
Wedge Clean (ID: WedgeClean)
Mesomerize (ID: Mesomerize)
Tautomerize (ID: Tautomerize)
Add Explicit Hydrogens (ID: AddExplicitH)
Neutralize (ID: Neutralize)
Clean 2D (ID: Clean2D)",3.16227769851685,349,CCOCC(C)O
JSGVZVOGOQILFM-UHFFFAOYSA-N,Non-irritant,2517-43-3,0,358,"Clear Stereo (ID: ClearStereo)
Wedge Clean (ID: WedgeClean)
Mesomerize (ID: Mesomerize)
Tautomerize (ID: Tautomerize)
Add Explicit Hydrogens (ID: AddExplicitH)
Neutralize (ID: Neutralize)
Clean 2D (ID: Clean2D)",3.16227769851685,358,COC(C)CCO
KRJHRNUTLDTSKY-UHFFFAOYSA-N,Non-irritant,72903-27-6,0,399,"Clear Stereo (ID: ClearStereo)
Wedge Clean (ID: WedgeClean)
Mesomerize (ID: Mesomerize)
Tautomerize (ID: Tautomerize)
Add Explicit Hydrogens (ID: AddExplicitH)
Neutralize (ID: Neutralize)
Clean 2D (ID: Clean2D)",3.16227769851685,399,CCOC(=O)C1CCC(C(=O)OCC)CC1
LLHKCFNBLRBOGN-UHFFFAOYSA-N,Non-irritant,108-65-6,0,436,"Clear Stereo (ID: ClearStereo)
Wedge Clean (ID: WedgeClean)
Mesomerize (ID: Mesomerize)
Tautomerize (ID: Tautomerize)
Add Explicit Hydrogens (ID: AddExplicitH)
Neutralize (ID: Neutralize)
Clean 2D (ID: Clean2D)",3.16227769851685,436,COCC(C)OC(C)=O
LMODBLQHQHXPEI-UHFFFAOYSA-N,Non-irritant,10254-57-6,0,437,"Clear Stereo (ID: ClearStereo)
Wedge Clean (ID: WedgeClean)
Mesomerize (ID: Mesomerize)
Tautomerize (ID: Tautomerize)
Add Explicit Hydrogens (ID: AddExplicitH)
Neutralize (ID: Neutralize)
Clean 2D (ID: Clean2D)",3.16227769851685,437,CCCCN(CCCC)C(=S)SCSC(=S)N(CCCC)CCCC
MQQKTNDBASEZSD-UHFFFAOYSA-N,Non-irritant,2500-88-1,0,492,"Clear Stereo (ID: ClearStereo)
Wedge Clean (ID: WedgeClean)
Mesomerize (ID: Mesomerize)
Tautomerize (ID: Tautomerize)
Add Explicit Hydrogens (ID: AddExplicitH)
Neutralize (ID: Neutralize)
Clean 2D (ID: Clean2D)",3.16227769851685,492,CCCCCCCCCCCCCCCCCCSSCCCCCCCCCCCCCCCCCC
MTYUOIVEVPTXFX-UHFFFAOYSA-N,Non-irritant,53306-54-0,0,498,"Dearomatize (ID: Dearomatize)
Clear Stereo (ID: ClearStereo)
Wedge Clean (ID: WedgeClean)
Mesomerize (ID: Mesomerize)
Tautomerize (ID: Tautomerize)
Aromatize (ID: Aromatize)
Add Explicit Hydrogens (ID: AddExplicitH)
Neutralize (ID: Neutralize)
Clean 2D (ID: Clean2D)",3.16227769851685,498,CCCCCC(CCC)COC(=O)c1ccccc1C(=O)OCC(CCC)CCCCC
MZGNSEAPZQGJRB-UHFFFAOYSA-M,Non-irritant,128-04-1,0,504,"Clear Stereo (ID: ClearStereo)
Wedge Clean (ID: WedgeClean)
Mesomerize (ID: Mesomerize)
Tautomerize (ID: Tautomerize)
Add Explicit Hydrogens (ID: AddExplicitH)
Neutralize (ID: Neutralize)
Clean 2D (ID: Clean2D)",3.16227769851685,504,CN(C)C(=S)S
NLXGURFLBLRZRO-UHFFFAOYSA-N,Non-irritant,111-91-1,0,523,"Clear Stereo (ID: ClearStereo)
Wedge Clean (ID: WedgeClean)
Mesomerize (ID: Mesomerize)
Tautomerize (ID: Tautomerize)
Add Explicit Hydrogens (ID: AddExplicitH)
Neutralize (ID: Neutralize)
Clean 2D (ID: Clean2D)",3.16227769851685,523,ClCCOCOCCCl
NMOALOSNPWTWRH-UHFFFAOYSA-N,Non-irritant,26748-41-4,0,525,"Clear Stereo (ID: ClearStereo)
Wedge Clean (ID: WedgeClean)
Mesomerize (ID: Mesomerize)
Tautomerize (ID: Tautomerize)
Add Explicit Hydrogens (ID: AddExplicitH)
Neutralize (ID: Neutralize)
Clean 2D (ID: Clean2D)",3.16227769851685,525,CC(C)(C)CCCCCC(=O)OOC(C)(C)C
OKKRPWIIYQTPQF-UHFFFAOYSA-N,Non-irritant,3290-92-4,0,556,"Clear Stereo (ID: ClearStereo)
Wedge Clean (ID: WedgeClean)
Mesomerize (ID: Mesomerize)
Tautomerize (ID: Tautomerize)
Add Explicit Hydrogens (ID: AddExplicitH)
Neutralize (ID: Neutralize)
Clean 2D (ID: Clean2D)",3.16227769851685,556,C=C(C)C(=O)OCC(CC)(COC(=O)C(=C)C)COC(=O)C(=C)C
OMVSWZDEEGIJJI-UHFFFAOYSA-N,Non-irritant,6846-50-0,0,559,"Clear Stereo (ID: ClearStereo)
Wedge Clean (ID: WedgeClean)
Mesomerize (ID: Mesomerize)
Tautomerize (ID: Tautomerize)
Add Explicit Hydrogens (ID: AddExplicitH)
Neutralize (ID: Neutralize)
Clean 2D (ID: Clean2D)",3.16227769851685,559,CC(C)C(=O)OCC(C)(C)C(OC(=O)C(C)C)C(C)C
OTERUZJEJFMEEB-UHFFFAOYSA-N,Non-irritant,3508-98-3,0,567,"Dearomatize (ID: Dearomatize)
Clear Stereo (ID: ClearStereo)
Wedge Clean (ID: WedgeClean)
Mesomerize (ID: Mesomerize)
Tautomerize (ID: Tautomerize)
Aromatize (ID: Aromatize)
Add Explicit Hydrogens (ID: AddExplicitH)
Neutralize (ID: Neutralize)
Clean 2D (ID: Clean2D)",3.16227769851685,567,CCCCC(C#N)c1ccccc1
PLIKAWJENQZMHA-UHFFFAOYSA-N,Non-irritant,123-30-8,0,600,"Dearomatize (ID: Dearomatize)
Clear Stereo (ID: ClearStereo)
Wedge Clean (ID: WedgeClean)
Mesomerize (ID: Mesomerize)
Tautomerize (ID: Tautomerize)
Aromatize (ID: Aromatize)
Add Explicit Hydrogens (ID: AddExplicitH)
Neutralize (ID: Neutralize)
Clean 2D (ID: Clean2D)",3.16227769851685,600,Nc1ccc(O)cc1
PZNSFCLAULLKQX-UHFFFAOYSA-N,Non-irritant,10043-11-5,0,626,"Mesomerize (ID: Mesomerize)
Tautomerize (ID: Tautomerize)
Clean 2D (ID: Clean2D)",3.16227769851685,626,B#N
QEMXHQIAXOOASZ-UHFFFAOYSA-N,Non-irritant,75-57-0,0,634,"Clear Stereo (ID: ClearStereo)
Wedge Clean (ID: WedgeClean)
Mesomerize (ID: Mesomerize)
Tautomerize (ID: Tautomerize)
Add Explicit Hydrogens (ID: AddExplicitH)
Clean 2D (ID: Clean2D)",3.16227769851685,634,C[N+](C)(C)C
QVIFIIFBFORLSL-UHFFFAOYSA-N,Non-irritant,55934-93-5,0,662,"Clear Stereo (ID: ClearStereo)
Wedge Clean (ID: WedgeClean)
Mesomerize (ID: Mesomerize)
Tautomerize (ID: Tautomerize)
Add Explicit Hydrogens (ID: AddExplicitH)
Neutralize (ID: Neutralize)
Clean 2D (ID: Clean2D)",3.16227769851685,662,CCOCCCC(C)OCCOCC(C)CO
RYNQKSJRFHJZTK-UHFFFAOYSA-N,Non-irritant,103429-90-9,0,705,"Clear Stereo (ID: ClearStereo)
Wedge Clean (ID: WedgeClean)
Mesomerize (ID: Mesomerize)
Tautomerize (ID: Tautomerize)
Add Explicit Hydrogens (ID: AddExplicitH)
Neutralize (ID: Neutralize)
Clean 2D (ID: Clean2D)",3.16227769851685,705,COC(C)(C)CCOC(C)=O
TWXUTZNBHUWMKJ-UHFFFAOYSA-N,Non-irritant,2705-87-5,0,764,"Clear Stereo (ID: ClearStereo)
Wedge Clean (ID: WedgeClean)
Mesomerize (ID: Mesomerize)
Tautomerize (ID: Tautomerize)
Add Explicit Hydrogens (ID: AddExplicitH)
Neutralize (ID: Neutralize)
Clean 2D (ID: Clean2D)",3.16227769851685,764,C=CCOC(=O)CCC1CCCCC1
UBRWPVTUQDJKCC-UHFFFAOYSA-N,Non-irritant,2212-81-9,0,774,"Dearomatize (ID: Dearomatize)
Clear Stereo (ID: ClearStereo)
Wedge Clean (ID: WedgeClean)
Mesomerize (ID: Mesomerize)
Tautomerize (ID: Tautomerize)
Aromatize (ID: Aromatize)
Add Explicit Hydrogens (ID: AddExplicitH)
Neutralize (ID: Neutralize)
Clean 2D (ID: Clean2D)",3.16227769851685,774,CC(C)(C)OOC(C)(C)c1cccc(C(C)(C)OOC(C)(C)C)c1
UGQQAJOWXNCOPY-UHFFFAOYSA-N,Non-irritant,13560-89-9,0,785,"Clear Stereo (ID: ClearStereo)
Wedge Clean (ID: WedgeClean)
Mesomerize (ID: Mesomerize)
Tautomerize (ID: Tautomerize)
Add Explicit Hydrogens (ID: AddExplicitH)
Neutralize (ID: Neutralize)
Clean 2D (ID: Clean2D)",3.16227769851685,785,ClC1=C(Cl)C2(Cl)C3CCC4C(CCC3C1(Cl)C2(Cl)Cl)C1(Cl)C(Cl)=C(Cl)C4(Cl)C1(Cl)Cl
URAYPUMNDPQOKB-UHFFFAOYSA-N,Non-irritant,102-76-1,0,804,"Clear Stereo (ID: ClearStereo)
Wedge Clean (ID: WedgeClean)
Mesomerize (ID: Mesomerize)
Tautomerize (ID: Tautomerize)
Add Explicit Hydrogens (ID: AddExplicitH)
Neutralize (ID: Neutralize)
Clean 2D (ID: Clean2D)",3.16227769851685,804,CC(=O)OCC(COC(C)=O)OC(C)=O
UWHCKJMYHZGTIT-UHFFFAOYSA-N,Non-irritant,112-60-7,0,810,"Clear Stereo (ID: ClearStereo)
Wedge Clean (ID: WedgeClean)
Mesomerize (ID: Mesomerize)
Tautomerize (ID: Tautomerize)
Add Explicit Hydrogens (ID: AddExplicitH)
Neutralize (ID: Neutralize)
Clean 2D (ID: Clean2D)",3.16227769851685,810,OCCOCCOCCOCCO
VPKQPPJQTZJZDB-UHFFFAOYSA-N,Non-irritant,17527-29-6,0,838,"Clear Stereo (ID: ClearStereo)
Wedge Clean (ID: WedgeClean)
Mesomerize (ID: Mesomerize)
Tautomerize (ID: Tautomerize)
Add Explicit Hydrogens (ID: AddExplicitH)
Neutralize (ID: Neutralize)
Clean 2D (ID: Clean2D)",3.16227769851685,838,C=CC(=O)OCCC(F)(F)C(F)(F)C(F)(F)C(F)(F)C(F)(F)C(F)(F)F
WCOXQTXVACYMLM-UHFFFAOYSA-N,Non-irritant,8001-78-3,0,853,"Clear Stereo (ID: ClearStereo)
Wedge Clean (ID: WedgeClean)
Mesomerize (ID: Mesomerize)
Tautomerize (ID: Tautomerize)
Add Explicit Hydrogens (ID: AddExplicitH)
Neutralize (ID: Neutralize)
Clean 2D (ID: Clean2D)",3.16227769851685,853,CCCCCCC(O)CCCCCCCCCCC(=O)OCC(COC(=O)CCCCCCCCCCC(O)CCCCCC)OC(=O)CCCCCCCCCCC(O)CCCCCC
XHXUANMFYXWVNG-UHFFFAOYSA-N,Non-irritant,89-48-5,0,908,"Clear Stereo (ID: ClearStereo)
Wedge Clean (ID: WedgeClean)
Mesomerize (ID: Mesomerize)
Tautomerize (ID: Tautomerize)
Add Explicit Hydrogens (ID: AddExplicitH)
Neutralize (ID: Neutralize)
Clean 2D (ID: Clean2D)",3.16227769851685,908,CC(=O)OC1CC(C)CCC1C(C)C
XWBTWKLPOWCMEX-UHFFFAOYSA-N,Non-irritant,68955-53-3,0,942,"Clear Stereo (ID: ClearStereo)
Wedge Clean (ID: WedgeClean)
Mesomerize (ID: Mesomerize)
Tautomerize (ID: Tautomerize)
Add Explicit Hydrogens (ID: AddExplicitH)
Neutralize (ID: Neutralize)
Clean 2D (ID: Clean2D)",3.16227769851685,942,CC(C)(C)CCCCCCCCCN
YLFBFPXKTIQSSY-UHFFFAOYSA-N,Non-irritant,868-85-9,0,968,"Clear Stereo (ID: ClearStereo)
Wedge Clean (ID: WedgeClean)
Mesomerize (ID: Mesomerize)
Tautomerize (ID: Tautomerize)
Add Explicit Hydrogens (ID: AddExplicitH)
Clean 2D (ID: Clean2D)",3.16227769851685,968,CO[P+](=O)OC
YPLYFEUBZLLLIY-UHFFFAOYSA-N,Non-irritant,924-88-9,0,978,"Clear Stereo (ID: ClearStereo)
Wedge Clean (ID: WedgeClean)
Mesomerize (ID: Mesomerize)
Tautomerize (ID: Tautomerize)
Add Explicit Hydrogens (ID: AddExplicitH)
Neutralize (ID: Neutralize)
Clean 2D (ID: Clean2D)",3.16227769851685,978,CC(C)OC(=O)CCC(=O)OC(C)C
ZDQWESQEGGJUCH-UHFFFAOYSA-N,Non-irritant,6938-94-9,0,995,"Clear Stereo (ID: ClearStereo)
Wedge Clean (ID: WedgeClean)
Mesomerize (ID: Mesomerize)
Tautomerize (ID: Tautomerize)
Add Explicit Hydrogens (ID: AddExplicitH)
Neutralize (ID: Neutralize)
Clean 2D (ID: Clean2D)",3.16227769851685,995,CC(C)OC(=O)CCCCC(=O)OC(C)C
"InChI=1S/C6H14S2/c1-3-5-7-8-6-4-2/h3-6H2,1-2H3",Non-irritant,629-19-6,0,1090,"Clear Stereo (ID: ClearStereo)
Wedge Clean (ID: WedgeClean)
Mesomerize (ID: Mesomerize)
Tautomerize (ID: Tautomerize)
Add Explicit Hydrogens (ID: AddExplicitH)
Neutralize (ID: Neutralize)
Clean 2D (ID: Clean2D)",3.16227769851685,1090,CCCSSCCC
"InChI=1S/C4H10O2/c1-4(5)3-6-2/h4-5H,3H2,1-2H3",,107-98-2,0,1121,"Clear Stereo (ID: ClearStereo)
Wedge Clean (ID: WedgeClean)
Mesomerize (ID: Mesomerize)
Tautomerize (ID: Tautomerize)
Add Explicit Hydrogens (ID: AddExplicitH)
Neutralize (ID: Neutralize)
Clean 2D (ID: Clean2D)",3.16227769851685,1121,COCC(C)O
"InChI=1S/C4H5F3O/c1-2-8-3-4(5,6)7/h2H,1,3H2",,406-90-6,0,1389,"Clear Stereo (ID: ClearStereo)
Wedge Clean (ID: WedgeClean)
Mesomerize (ID: Mesomerize)
Tautomerize (ID: Tautomerize)
Add Explicit Hydrogens (ID: AddExplicitH)
Neutralize (ID: Neutralize)
Clean 2D (ID: Clean2D)",3.16227769851685,1389,C=COCC(F)(F)F
"InChI=1S/C3H8O2/c1-3(5)2-4/h3-5H,2H2,1H3",Non-irritant,57-55-6  57-55-6,0,1399,"Clear Stereo (ID: ClearStereo)
Wedge Clean (ID: WedgeClean)
Mesomerize (ID: Mesomerize)
Tautomerize (ID: Tautomerize)
Add Explicit Hydrogens (ID: AddExplicitH)
Neutralize (ID: Neutralize)
Clean 2D (ID: Clean2D)",3.16227769851685,1399,CC(O)CO
InChI=1S/C6H3ClFNO2/c7-5-3-4(9(10)11)1-2-6(5)8/h1-3H,,350-30-1,0,1409,"Dearomatize (ID: Dearomatize)
Clear Stereo (ID: ClearStereo)
Wedge Clean (ID: WedgeClean)
Mesomerize (ID: Mesomerize)
Tautomerize (ID: Tautomerize)
Aromatize (ID: Aromatize)
Add Explicit Hydrogens (ID: AddExplicitH)
Neutralize (ID: Neutralize)
Clean 2D (ID: Clean2D)",3.16227769851685,1409,O=[N+]([O-])c1ccc(F)c(Cl)c1
"InChI=1S/C6H10O8/c7-1(3(9)5(11)12)2(8)4(10)6(13)14/h1-4,7-10H,(H,11,12)(H,13,14)",,526-99-8,0,1419,"Clear Stereo (ID: ClearStereo)
Wedge Clean (ID: WedgeClean)
Mesomerize (ID: Mesomerize)
Tautomerize (ID: Tautomerize)
Add Explicit Hydrogens (ID: AddExplicitH)
Neutralize (ID: Neutralize)
Clean 2D (ID: Clean2D)",3.16227769851685,1419,O=C(O)C(O)C(O)C(O)C(O)C(=O)O
InChI=1S/C13H9N/c1-3-7-12-10(5-1)9-11-6-2-4-8-13(11)14-12/h1-9H,,260-94-6,0,1440,"Dearomatize (ID: Dearomatize)
Clear Stereo (ID: ClearStereo)
Wedge Clean (ID: WedgeClean)
Mesomerize (ID: Mesomerize)
Tautomerize (ID: Tautomerize)
Aromatize (ID: Aromatize)
Add Explicit Hydrogens (ID: AddExplicitH)
Neutralize (ID: Neutralize)
Clean 2D (ID: Clean2D)",3.16227769851685,1440,c1ccc2nc3ccccc3cc2c1
"InChI=1S/C4H6O6/c5-1(3(7)8)2(6)4(9)10/h1-2,5-6H,(H,7,8)(H,9,10)",,87-69-4,0,1457,"Clear Stereo (ID: ClearStereo)
Wedge Clean (ID: WedgeClean)
Mesomerize (ID: Mesomerize)
Tautomerize (ID: Tautomerize)
Add Explicit Hydrogens (ID: AddExplicitH)
Neutralize (ID: Neutralize)
Clean 2D (ID: Clean2D)",3.16227769851685,1457,O=C(O)C(O)C(O)C(=O)O
"InChI=1S/C12H14O4/c1-3-15-11(13)9-7-5-6-8-10(9)12(14)16-4-2/h5-8H,3-4H2,1-2H3",,84-66-2,0,1477,"Dearomatize (ID: Dearomatize)
Clear Stereo (ID: ClearStereo)
Wedge Clean (ID: WedgeClean)
Mesomerize (ID: Mesomerize)
Tautomerize (ID: Tautomerize)
Aromatize (ID: Aromatize)
Add Explicit Hydrogens (ID: AddExplicitH)
Neutralize (ID: Neutralize)
Clean 2D (ID: Clean2D)",3.16227769851685,1477,CCOC(=O)c1ccccc1C(=O)OCC
"InChI=1S/C15H20O/c1-2-3-4-6-11-15(13-16)12-14-9-7-5-8-10-14/h5,7-10,12-13H,2-4,6,11H2,1H3",Non-irritant,101-86-0,0,1605,"Dearomatize (ID: Dearomatize)
Clear Stereo (ID: ClearStereo)
Wedge Clean (ID: WedgeClean)
Mesomerize (ID: Mesomerize)
Tautomerize (ID: Tautomerize)
Aromatize (ID: Aromatize)
Add Explicit Hydrogens (ID: AddExplicitH)
Neutralize (ID: Neutralize)
Clean 2D (ID: Clean2D)",3.16227769851685,1605,CCCCCCC(C=O)=Cc1ccccc1
"InChI=1S/C5H11Cl2N/c1-8(4-2-6)5-3-7/h2-5H2,1H3",,51-75-2,0,1630,"Clear Stereo (ID: ClearStereo)
Wedge Clean (ID: WedgeClean)
Mesomerize (ID: Mesomerize)
Tautomerize (ID: Tautomerize)
Add Explicit Hydrogens (ID: AddExplicitH)
Neutralize (ID: Neutralize)
Clean 2D (ID: Clean2D)",3.16227769851685,1630,CN(CCCl)CCCl
"InChI=1S/C13H8F2O3/c14-8-2-3-9(11(15)6-8)7-1-4-12(16)10(5-7)13(17)18/h1-6,16H,(H,17,18)",,22494-42-4,0,1707,"Dearomatize (ID: Dearomatize)
Clear Stereo (ID: ClearStereo)
Wedge Clean (ID: WedgeClean)
Mesomerize (ID: Mesomerize)
Tautomerize (ID: Tautomerize)
Aromatize (ID: Aromatize)
Add Explicit Hydrogens (ID: AddExplicitH)
Neutralize (ID: Neutralize)
Clean 2D (ID: Clean2D)",3.16227769851685,1707,O=C(O)c1cc(-c2ccc(F)cc2F)ccc1O
"InChI=1S/C12H6Cl4O2S/c13-5-1-7(15)11(17)9(3-5)19-10-4-6(14)2-8(16)12(10)18/h1-4,17-18H",,97-18-7,0,1862,"Dearomatize (ID: Dearomatize)
Clear Stereo (ID: ClearStereo)
Wedge Clean (ID: WedgeClean)
Mesomerize (ID: Mesomerize)
Tautomerize (ID: Tautomerize)
Aromatize (ID: Aromatize)
Add Explicit Hydrogens (ID: AddExplicitH)
Neutralize (ID: Neutralize)
Clean 2D (ID: Clean2D)",3.16227769851685,1862,Oc1c(Cl)cc(Cl)cc1Sc1cc(Cl)cc(Cl)c1O
InChI=1S/C6H10O/c7-6-4-2-1-3-5-6/h1-5H2,Non-irritant,108-94-1,0,1874,"Clear Stereo (ID: ClearStereo)
Wedge Clean (ID: WedgeClean)
Mesomerize (ID: Mesomerize)
Tautomerize (ID: Tautomerize)
Add Explicit Hydrogens (ID: AddExplicitH)
Neutralize (ID: Neutralize)
Clean 2D (ID: Clean2D)",3.16227769851685,1874,O=C1CCCCC1
"InChI=1S/C7H5Cl2NO/c8-4-2-1-3-5(9)6(4)7(10)11/h1-3H,(H2,10,11)",,2008-58-4,0,1876,"Dearomatize (ID: Dearomatize)
Clear Stereo (ID: ClearStereo)
Wedge Clean (ID: WedgeClean)
Mesomerize (ID: Mesomerize)
Tautomerize (ID: Tautomerize)
Aromatize (ID: Aromatize)
Add Explicit Hydrogens (ID: AddExplicitH)
Neutralize (ID: Neutralize)
Clean 2D (ID: Clean2D)",3.16227769851685,1876,NC(=O)c1c(Cl)cccc1Cl
"InChI=1S/C8H11N/c1-9(2)8-6-4-3-5-7-8/h3-7H,1-2H3",,121-69-7,0,1892,"Dearomatize (ID: Dearomatize)
Clear Stereo (ID: ClearStereo)
Wedge Clean (ID: WedgeClean)
Mesomerize (ID: Mesomerize)
Tautomerize (ID: Tautomerize)
Aromatize (ID: Aromatize)
Add Explicit Hydrogens (ID: AddExplicitH)
Neutralize (ID: Neutralize)
Clean 2D (ID: Clean2D)",3.16227769851685,1892,CN(C)c1ccccc1
"InChI=1S/C12H14O4/c1-3-15-11(13)9-6-5-7-10(8-9)12(14)16-4-2/h5-8H,3-4H2,1-2H3",,636-53-3,0,1894,"Dearomatize (ID: Dearomatize)
Clear Stereo (ID: ClearStereo)
Wedge Clean (ID: WedgeClean)
Mesomerize (ID: Mesomerize)
Tautomerize (ID: Tautomerize)
Aromatize (ID: Aromatize)
Add Explicit Hydrogens (ID: AddExplicitH)
Neutralize (ID: Neutralize)
Clean 2D (ID: Clean2D)",3.16227769851685,1894,CCOC(=O)c1cccc(C(=O)OCC)c1
"InChI=1S/C14H14S/c1-3-7-13(8-4-1)11-15-12-14-9-5-2-6-10-14/h1-10H,11-12H2",,538-74-9,0,2109,"Dearomatize (ID: Dearomatize)
Clear Stereo (ID: ClearStereo)
Wedge Clean (ID: WedgeClean)
Mesomerize (ID: Mesomerize)
Tautomerize (ID: Tautomerize)
Aromatize (ID: Aromatize)
Add Explicit Hydrogens (ID: AddExplicitH)
Neutralize (ID: Neutralize)
Clean 2D (ID: Clean2D)",3.16227769851685,2109,c1ccc(CSCc2ccccc2)cc1
"InChI=1S/C7H11NO/c1-7(2,3)6(9)4-5-8/h4H2,1-3H3",Non-irritant,59997-51-2,0,2240,"Clear Stereo (ID: ClearStereo)
Wedge Clean (ID: WedgeClean)
Mesomerize (ID: Mesomerize)
Tautomerize (ID: Tautomerize)
Add Explicit Hydrogens (ID: AddExplicitH)
Neutralize (ID: Neutralize)
Clean 2D (ID: Clean2D)",3.16227769851685,2240,CC(C)(C)C(=O)CC#N
InChI=1S/C6H6N2/c1-6(5-8)3-2-4-7/h1-3H2,Non-irritant,1572-52-7,0,2276,"Clear Stereo (ID: ClearStereo)
Wedge Clean (ID: WedgeClean)
Mesomerize (ID: Mesomerize)
Tautomerize (ID: Tautomerize)
Add Explicit Hydrogens (ID: AddExplicitH)
Neutralize (ID: Neutralize)
Clean 2D (ID: Clean2D)",3.16227769851685,2276,C=C(C#N)CCC#N
"InChI=1S/C5H6N2/c6-5-1-3-7-4-2-5/h1-4H,(H2,6,7)",,504-24-5,0,2325,"Dearomatize (ID: Dearomatize)
Clear Stereo (ID: ClearStereo)
Wedge Clean (ID: WedgeClean)
Mesomerize (ID: Mesomerize)
Tautomerize (ID: Tautomerize)
Aromatize (ID: Aromatize)
Add Explicit Hydrogens (ID: AddExplicitH)
Neutralize (ID: Neutralize)
Clean 2D (ID: Clean2D)",3.16227769851685,2325,Nc1ccncc1
"InChI=1S/C10H12O2/c11-10(12)8-4-7-9-5-2-1-3-6-9/h1-3,5-6H,4,7-8H2,(H,11,12)",,1821-12-1,0,2350,"Dearomatize (ID: Dearomatize)
Clear Stereo (ID: ClearStereo)
Wedge Clean (ID: WedgeClean)
Mesomerize (ID: Mesomerize)
Tautomerize (ID: Tautomerize)
Aromatize (ID: Aromatize)
Add Explicit Hydrogens (ID: AddExplicitH)
Neutralize (ID: Neutralize)
Clean 2D (ID: Clean2D)",3.16227769851685,2350,O=C(O)CCCc1ccccc1
"InChI=1S/C5H14NO/c1-6(2,3)4-5-7/h7H,4-5H2,1-3H3/q+1",,62-49-7,0,2366,"Clear Stereo (ID: ClearStereo)
Wedge Clean (ID: WedgeClean)
Mesomerize (ID: Mesomerize)
Tautomerize (ID: Tautomerize)
Add Explicit Hydrogens (ID: AddExplicitH)
Clean 2D (ID: Clean2D)",3.16227769851685,2366,C[N+](C)(C)CCO
"InChI=1S/C11H14O3/c1-2-3-8-14-11(13)9-4-6-10(12)7-5-9/h4-7,12H,2-3,8H2,1H3",,94-26-8,0,2585,"Dearomatize (ID: Dearomatize)
Clear Stereo (ID: ClearStereo)
Wedge Clean (ID: WedgeClean)
Mesomerize (ID: Mesomerize)
Tautomerize (ID: Tautomerize)
Aromatize (ID: Aromatize)
Add Explicit Hydrogens (ID: AddExplicitH)
Neutralize (ID: Neutralize)
Clean 2D (ID: Clean2D)",3.16227769851685,2585,CCCCOC(=O)c1ccc(O)cc1
"InChI=1S/C8H8OS/c1-10-8-4-2-7(6-9)3-5-8/h2-6H,1H3",Non-irritant,3446-89-7,0,2616,"Dearomatize (ID: Dearomatize)
Clear Stereo (ID: ClearStereo)
Wedge Clean (ID: WedgeClean)
Mesomerize (ID: Mesomerize)
Tautomerize (ID: Tautomerize)
Aromatize (ID: Aromatize)
Add Explicit Hydrogens (ID: AddExplicitH)
Neutralize (ID: Neutralize)
Clean 2D (ID: Clean2D)",3.16227769851685,2616,CSc1ccc(C=O)cc1
"InChI=1S/C6H7F3O2/c1-4(2)5(10)11-3-6(7,8)9/h1,3H2,2H3",,,0,2627,"Clear Stereo (ID: ClearStereo)
Wedge Clean (ID: WedgeClean)
Mesomerize (ID: Mesomerize)
Tautomerize (ID: Tautomerize)
Add Explicit Hydrogens (ID: AddExplicitH)
Neutralize (ID: Neutralize)
Clean 2D (ID: Clean2D)",3.16227769851685,2627,C=C(C)C(=O)OCC(F)(F)F
"InChI=1S/C10H20O2S/c1-9(2)6-4-3-5-7-12-10(11)8-13/h9,13H,3-8H2,1-2H3",Non-irritant,25103-09-7,0,2767,"Clear Stereo (ID: ClearStereo)
Wedge Clean (ID: WedgeClean)
Mesomerize (ID: Mesomerize)
Tautomerize (ID: Tautomerize)
Add Explicit Hydrogens (ID: AddExplicitH)
Neutralize (ID: Neutralize)
Clean 2D (ID: Clean2D)",3.16227769851685,2767,CC(C)CCCCCOC(=O)CS
"InChI=1S/C21H40O3/c1-4-5-6-13-16-20(22)17-14-11-9-7-8-10-12-15-18-21(23)24-19(2)3/h11,14,19-20,22H,4-10,12-13,15-18H2,1-3H3",,71685-99-9,0,2795,"Clear Stereo (ID: ClearStereo)
Wedge Clean (ID: WedgeClean)
Mesomerize (ID: Mesomerize)
Tautomerize (ID: Tautomerize)
Add Explicit Hydrogens (ID: AddExplicitH)
Neutralize (ID: Neutralize)
Clean 2D (ID: Clean2D)",3.16227769851685,2795,CCCCCCC(O)CC=CCCCCCCCC(=O)OC(C)C
"InChI=1S/C19H12O8/c1-8(20)26-13-5-3-4-11-15(13)18(23)16-12(17(11)22)6-10(19(24)25)7-14(16)27-9(2)21/h3-7H,1-2H3,(H,24,25)",,13739-02-1,0,2897,"Dearomatize (ID: Dearomatize)
Clear Stereo (ID: ClearStereo)
Wedge Clean (ID: WedgeClean)
Mesomerize (ID: Mesomerize)
Tautomerize (ID: Tautomerize)
Aromatize (ID: Aromatize)
Add Explicit Hydrogens (ID: AddExplicitH)
Neutralize (ID: Neutralize)
Clean 2D (ID: Clean2D)",3.16227769851685,2897,CC(=O)Oc1cccc2c1C(=O)c1c(OC(C)=O)cc(C(=O)O)cc1C2=O
"InChI=1S/C2H7NS/c3-1-2-4/h4H,1-3H2",,60-23-1,0,2933,"Clear Stereo (ID: ClearStereo)
Wedge Clean (ID: WedgeClean)
Mesomerize (ID: Mesomerize)
Tautomerize (ID: Tautomerize)
Add Explicit Hydrogens (ID: AddExplicitH)
Neutralize (ID: Neutralize)
Clean 2D (ID: Clean2D)",3.16227769851685,2933,NCCS
"InChI=1S/C20H32O3/c1-2-3-4-5-6-7-8-9-10-11-14-17-23-20(22)18-15-12-13-16-19(18)21/h12-13,15-16,21H,2-11,14,17H2,1H3",,19666-16-1,0,3062,"Dearomatize (ID: Dearomatize)
Clear Stereo (ID: ClearStereo)
Wedge Clean (ID: WedgeClean)
Mesomerize (ID: Mesomerize)
Tautomerize (ID: Tautomerize)
Aromatize (ID: Aromatize)
Add Explicit Hydrogens (ID: AddExplicitH)
Neutralize (ID: Neutralize)
Clean 2D (ID: Clean2D)",3.16227769851685,3062,CCCCCCCCCCCCCOC(=O)c1ccccc1O
"InChI=1S/C18H34O3/c1-2-3-4-11-14-17(19)15-12-9-7-5-6-8-10-13-16-18(20)21/h9,12,17,19H,2-8,10-11,13-16H2,1H3,(H,20,21)",,141-22-0,0,3131,"Clear Stereo (ID: ClearStereo)
Wedge Clean (ID: WedgeClean)
Mesomerize (ID: Mesomerize)
Tautomerize (ID: Tautomerize)
Add Explicit Hydrogens (ID: AddExplicitH)
Neutralize (ID: Neutralize)
Clean 2D (ID: Clean2D)",3.16227769851685,3131,CCCCCCC(O)CC=CCCCCCCCC(=O)O
"InChI=1S/C12H11NO/c13-10-6-8-12(9-7-10)14-11-4-2-1-3-5-11/h1-9H,13H2",,139-59-3,0,3192,"Dearomatize (ID: Dearomatize)
Clear Stereo (ID: ClearStereo)
Wedge Clean (ID: WedgeClean)
Mesomerize (ID: Mesomerize)
Tautomerize (ID: Tautomerize)
Aromatize (ID: Aromatize)
Add Explicit Hydrogens (ID: AddExplicitH)
Neutralize (ID: Neutralize)
Clean 2D (ID: Clean2D)",3.16227769851685,3192,Nc1ccc(Oc2ccccc2)cc1
"InChI=1S/C8H9BrO/c1-2-10-8-5-3-7(9)4-6-8/h3-6H,2H2,1H3",,588-96-5,0,3223,"Dearomatize (ID: Dearomatize)
Clear Stereo (ID: ClearStereo)
Wedge Clean (ID: WedgeClean)
Mesomerize (ID: Mesomerize)
Tautomerize (ID: Tautomerize)
Aromatize (ID: Aromatize)
Add Explicit Hydrogens (ID: AddExplicitH)
Neutralize (ID: Neutralize)
Clean 2D (ID: Clean2D)",3.16227769851685,3223,CCOc1ccc(Br)cc1
"InChI=1S/C19H36O3/c1-3-4-5-12-15-18(20)16-13-10-8-6-7-9-11-14-17-19(21)22-2/h10,13,18,20H,3-9,11-12,14-17H2,1-2H3",,141-24-2,0,3289,"Clear Stereo (ID: ClearStereo)
Wedge Clean (ID: WedgeClean)
Mesomerize (ID: Mesomerize)
Tautomerize (ID: Tautomerize)
Add Explicit Hydrogens (ID: AddExplicitH)
Neutralize (ID: Neutralize)
Clean 2D (ID: Clean2D)",3.16227769851685,3289,CCCCCCC(O)CC=CCCCCCCCC(=O)OC
"InChI=1S/C20H38O4/c1-2-3-4-11-14-19(22)15-12-9-7-5-6-8-10-13-16-20(23)24-18-17-21/h9,12,19,21-22H,2-8,10-11,13-18H2,1H3",,106-17-2,0,3293,"Clear Stereo (ID: ClearStereo)
Wedge Clean (ID: WedgeClean)
Mesomerize (ID: Mesomerize)
Tautomerize (ID: Tautomerize)
Add Explicit Hydrogens (ID: AddExplicitH)
Neutralize (ID: Neutralize)
Clean 2D (ID: Clean2D)",3.16227769851685,3293,CCCCCCC(O)CC=CCCCCCCCC(=O)OCCO
InChI=1S/C4H4O/c1-2-4-5-3-1/h1-4H,Non-irritant,110-00-9,0,3389,"Dearomatize (ID: Dearomatize)
Clear Stereo (ID: ClearStereo)
Wedge Clean (ID: WedgeClean)
Mesomerize (ID: Mesomerize)
Tautomerize (ID: Tautomerize)
Aromatize (ID: Aromatize)
Add Explicit Hydrogens (ID: AddExplicitH)
Neutralize (ID: Neutralize)
Clean 2D (ID: Clean2D)",3.16227769851685,3389,c1ccoc1
"InChI=1S/C13H10Cl2S/c14-11-3-1-10(2-4-11)9-16-13-7-5-12(15)6-8-13/h1-8H,9H2",,103-17-3,0,3469,"Dearomatize (ID: Dearomatize)
Clear Stereo (ID: ClearStereo)
Wedge Clean (ID: WedgeClean)
Mesomerize (ID: Mesomerize)
Tautomerize (ID: Tautomerize)
Aromatize (ID: Aromatize)
Add Explicit Hydrogens (ID: AddExplicitH)
Neutralize (ID: Neutralize)
Clean 2D (ID: Clean2D)",3.16227769851685,3469,Clc1ccc(CSc2ccc(Cl)cc2)cc1
"InChI=1S/C6H14O3/c7-4-2-1-3-6(9)5-8/h6-9H,1-5H2",Non-irritant,106-69-4,0,3532,"Clear Stereo (ID: ClearStereo)
Wedge Clean (ID: WedgeClean)
Mesomerize (ID: Mesomerize)
Tautomerize (ID: Tautomerize)
Add Explicit Hydrogens (ID: AddExplicitH)
Neutralize (ID: Neutralize)
Clean 2D (ID: Clean2D)",3.16227769851685,3532,OCCCCC(O)CO
AMOKUAKXKXBFIW-UHFFFAOYSA-N,Non-irritant,61788-89-4,0,12,"Clear Stereo (ID: ClearStereo)
Wedge Clean (ID: WedgeClean)
Mesomerize (ID: Mesomerize)
Tautomerize (ID: Tautomerize)
Add Explicit Hydrogens (ID: AddExplicitH)
Neutralize (ID: Neutralize)
Clean 2D (ID: Clean2D)",3.31662487983704,12,CCCCCC=CCCC(CCCCCCCC(=O)O)C(CCCCCCCC)CCCCCCCCC(=O)O
AZEOMCMPNPXNDQ-UHFFFAOYSA-N,Non-irritant,9051-49-4,0,28,"Clear Stereo (ID: ClearStereo)
Wedge Clean (ID: WedgeClean)
Mesomerize (ID: Mesomerize)
Tautomerize (ID: Tautomerize)
Add Explicit Hydrogens (ID: AddExplicitH)
Neutralize (ID: Neutralize)
Clean 2D (ID: Clean2D)",3.31662487983704,28,OCCCOCC(COCCCO)(COCCCO)COCCCO
BRQMAAFGEXNUOL-UHFFFAOYSA-N,Non-irritant,34443-12-4,0,60,"Clear Stereo (ID: ClearStereo)
Wedge Clean (ID: WedgeClean)
Mesomerize (ID: Mesomerize)
Tautomerize (ID: Tautomerize)
Add Explicit Hydrogens (ID: AddExplicitH)
Neutralize (ID: Neutralize)
Clean 2D (ID: Clean2D)",3.31662487983704,60,CCCCC(CC)COC(=O)OOC(C)(C)C
BZLYOWSSNHNYKW-UHFFFAOYSA-N,Non-irritant,477218-42-1,0,77,"Clear Stereo (ID: ClearStereo)
Wedge Clean (ID: WedgeClean)
Mesomerize (ID: Mesomerize)
Tautomerize (ID: Tautomerize)
Add Explicit Hydrogens (ID: AddExplicitH)
Neutralize (ID: Neutralize)
Clean 2D (ID: Clean2D)",3.31662487983704,77,CC(OC(C)(C)COC(=O)C1CC1)C1CCCC(C)(C)C1
CBIFNLUPCWCNQT-UHFFFAOYSA-N,Non-irritant,18516-18-2,0,82,"Clear Stereo (ID: ClearStereo)
Wedge Clean (ID: WedgeClean)
Mesomerize (ID: Mesomerize)
Tautomerize (ID: Tautomerize)
Add Explicit Hydrogens (ID: AddExplicitH)
Neutralize (ID: Neutralize)
Clean 2D (ID: Clean2D)",3.31662487983704,82,CC(C=O)(CO)CO
CDBAMNGURPMUTG-UHFFFAOYSA-N,Non-irritant,80-04-6,0,87,"Clear Stereo (ID: ClearStereo)
Wedge Clean (ID: WedgeClean)
Mesomerize (ID: Mesomerize)
Tautomerize (ID: Tautomerize)
Add Explicit Hydrogens (ID: AddExplicitH)
Neutralize (ID: Neutralize)
Clean 2D (ID: Clean2D)",3.31662487983704,87,CC(C)(C1CCC(O)CC1)C1CCC(O)CC1
CPUDPFPXCZDNGI-UHFFFAOYSA-N,Non-irritant,2031-67-6,0,111,"Clear Stereo (ID: ClearStereo)
Wedge Clean (ID: WedgeClean)
Mesomerize (ID: Mesomerize)
Tautomerize (ID: Tautomerize)
Add Explicit Hydrogens (ID: AddExplicitH)
Neutralize (ID: Neutralize)
Clean 2D (ID: Clean2D)",3.31662487983704,111,CCO[Si](C)(OCC)OCC
GJBRNHKUVLOCEB-UHFFFAOYSA-N,Non-irritant,614-45-9,0,225,"Dearomatize (ID: Dearomatize)
Clear Stereo (ID: ClearStereo)
Wedge Clean (ID: WedgeClean)
Mesomerize (ID: Mesomerize)
Tautomerize (ID: Tautomerize)
Aromatize (ID: Aromatize)
Add Explicit Hydrogens (ID: AddExplicitH)
Neutralize (ID: Neutralize)
Clean 2D (ID: Clean2D)",3.31662487983704,225,CC(C)(C)OOC(=O)c1ccccc1
IXAWTPMDMPUGLV-UHFFFAOYSA-N,Non-irritant,32167-31-0,0,330,"Clear Stereo (ID: ClearStereo)
Wedge Clean (ID: WedgeClean)
Mesomerize (ID: Mesomerize)
Tautomerize (ID: Tautomerize)
Add Explicit Hydrogens (ID: AddExplicitH)
Neutralize (ID: Neutralize)
Clean 2D (ID: Clean2D)",3.31662487983704,330,OCCOCC#CCOCCO
KFGFVPMRLOQXNB-UHFFFAOYSA-N,Non-irritant,3851-87-4,0,375,"Clear Stereo (ID: ClearStereo)
Wedge Clean (ID: WedgeClean)
Mesomerize (ID: Mesomerize)
Tautomerize (ID: Tautomerize)
Add Explicit Hydrogens (ID: AddExplicitH)
Neutralize (ID: Neutralize)
Clean 2D (ID: Clean2D)",3.31662487983704,375,CC(CC(=O)OOC(=O)CC(C)CC(C)(C)C)CC(C)(C)C
KGEKLUUHTZCSIP-JFGNBEQYSA-N,Non-irritant,125-12-2,0,379,"Clear Stereo (ID: ClearStereo)
Wedge Clean (ID: WedgeClean)
Mesomerize (ID: Mesomerize)
Tautomerize (ID: Tautomerize)
Add Explicit Hydrogens (ID: AddExplicitH)
Neutralize (ID: Neutralize)
Clean 2D (ID: Clean2D)",3.31662487983704,379,CC(=O)OC1CC2CCC1(C)C2(C)C
KRKNYBCHXYNGOX-UHFFFAOYSA-N,Non-irritant,77-92-9,0,400,"Clear Stereo (ID: ClearStereo)
Wedge Clean (ID: WedgeClean)
Mesomerize (ID: Mesomerize)
Tautomerize (ID: Tautomerize)
Add Explicit Hydrogens (ID: AddExplicitH)
Neutralize (ID: Neutralize)
Clean 2D (ID: Clean2D)",3.31662487983704,400,O=C(O)CC(O)(CC(=O)O)C(=O)O
KVMPUXDNESXNOH-UHFFFAOYSA-N,Non-irritant,13674-84-5,0,403,"Clear Stereo (ID: ClearStereo)
Wedge Clean (ID: WedgeClean)
Mesomerize (ID: Mesomerize)
Tautomerize (ID: Tautomerize)
Add Explicit Hydrogens (ID: AddExplicitH)
Neutralize (ID: Neutralize)
Clean 2D (ID: Clean2D)",3.31662487983704,403,CC(CCl)OP(=O)(OC(C)CCl)OC(C)CCl
MBZRJSQZCBXRGK-UHFFFAOYSA-N,Non-irritant,32210-23-4,0,464,"Clear Stereo (ID: ClearStereo)
Wedge Clean (ID: WedgeClean)
Mesomerize (ID: Mesomerize)
Tautomerize (ID: Tautomerize)
Add Explicit Hydrogens (ID: AddExplicitH)
Neutralize (ID: Neutralize)
Clean 2D (ID: Clean2D)",3.31662487983704,464,CC(=O)OC1CCC(C(C)(C)C)CC1
MHDVGSVTJDSBDK-UHFFFAOYSA-N,Non-irritant,103-50-4,0,478,"Dearomatize (ID: Dearomatize)
Clear Stereo (ID: ClearStereo)
Wedge Clean (ID: WedgeClean)
Mesomerize (ID: Mesomerize)
Tautomerize (ID: Tautomerize)
Aromatize (ID: Aromatize)
Add Explicit Hydrogens (ID: AddExplicitH)
Neutralize (ID: Neutralize)
Clean 2D (ID: Clean2D)",3.31662487983704,478,c1ccc(COCc2ccccc2)cc1
MSRJTTSHWYDFIU-UHFFFAOYSA-N,Non-irritant,2943-75-1,0,495,"Clear Stereo (ID: ClearStereo)
Wedge Clean (ID: WedgeClean)
Mesomerize (ID: Mesomerize)
Tautomerize (ID: Tautomerize)
Add Explicit Hydrogens (ID: AddExplicitH)
Neutralize (ID: Neutralize)
Clean 2D (ID: Clean2D)",3.31662487983704,495,CCCCCCCC[Si](OCC)(OCC)OCC
OJZGCEDLMNSDNY-UHFFFAOYSA-N,Non-irritant,52625-13-5,0,555,"Clear Stereo (ID: ClearStereo)
Wedge Clean (ID: WedgeClean)
Mesomerize (ID: Mesomerize)
Tautomerize (ID: Tautomerize)
Add Explicit Hydrogens (ID: AddExplicitH)
Neutralize (ID: Neutralize)
Clean 2D (ID: Clean2D)",3.31662487983704,555,OCCCOCC(OCCCO)C(OCCCO)C(OCCCO)C(COCCCO)OCCCO
OZCMOJQQLBXBKI-UHFFFAOYSA-N,Non-irritant,109-53-5,0,576,"Clear Stereo (ID: ClearStereo)
Wedge Clean (ID: WedgeClean)
Mesomerize (ID: Mesomerize)
Tautomerize (ID: Tautomerize)
Add Explicit Hydrogens (ID: AddExplicitH)
Neutralize (ID: Neutralize)
Clean 2D (ID: Clean2D)",3.31662487983704,576,C=COCC(C)C
PEDCQBHIVMGVHV-UHFFFAOYSA-N,Non-irritant,25618-55-7,0,584,"Clear Stereo (ID: ClearStereo)
Wedge Clean (ID: WedgeClean)
Mesomerize (ID: Mesomerize)
Tautomerize (ID: Tautomerize)
Add Explicit Hydrogens (ID: AddExplicitH)
Neutralize (ID: Neutralize)
Clean 2D (ID: Clean2D)",3.31662487983704,584,OCC(O)CO
PJZFNEYJOZUEGS-UHFFFAOYSA-N,Non-irritant,125643-61-0,0,595,"Dearomatize (ID: Dearomatize)
Clear Stereo (ID: ClearStereo)
Wedge Clean (ID: WedgeClean)
Mesomerize (ID: Mesomerize)
Tautomerize (ID: Tautomerize)
Aromatize (ID: Aromatize)
Add Explicit Hydrogens (ID: AddExplicitH)
Neutralize (ID: Neutralize)
Clean 2D (ID: Clean2D)",3.31662487983704,595,CCCC(CC)COC(=O)CCc1cc(C(C)(C)C)c(O)c(C(C)(C)C)c1
QUKHPBOCBWDYMW-UHFFFAOYSA-N,Non-irritant,70969-58-3,0,659,"Clear Stereo (ID: ClearStereo)
Wedge Clean (ID: WedgeClean)
Mesomerize (ID: Mesomerize)
Tautomerize (ID: Tautomerize)
Add Explicit Hydrogens (ID: AddExplicitH)
Neutralize (ID: Neutralize)
Clean 2D (ID: Clean2D)",3.31662487983704,659,CC(C)COC(=O)C1CCCCC1C(=O)OCC(C)C
RXKJFZQQPQGTFL-UHFFFAOYSA-N,Non-irritant,96-26-4,0,703,"Clear Stereo (ID: ClearStereo)
Wedge Clean (ID: WedgeClean)
Mesomerize (ID: Mesomerize)
Tautomerize (ID: Tautomerize)
Add Explicit Hydrogens (ID: AddExplicitH)
Neutralize (ID: Neutralize)
Clean 2D (ID: Clean2D)",3.31662487983704,703,O=C(CO)CO
SJEBAWHUJDUKQK-UHFFFAOYSA-N,Non-irritant,84-51-5,0,728,"Dearomatize (ID: Dearomatize)
Clear Stereo (ID: ClearStereo)
Wedge Clean (ID: WedgeClean)
Mesomerize (ID: Mesomerize)
Tautomerize (ID: Tautomerize)
Aromatize (ID: Aromatize)
Add Explicit Hydrogens (ID: AddExplicitH)
Neutralize (ID: Neutralize)
Clean 2D (ID: Clean2D)",3.31662487983704,728,CCc1ccc2c(c1)C(=O)c1ccccc1C2=O
SNDGLCYYBKJSOT-UHFFFAOYSA-N,Non-irritant,4559-86-8,0,736,"Clear Stereo (ID: ClearStereo)
Wedge Clean (ID: WedgeClean)
Mesomerize (ID: Mesomerize)
Tautomerize (ID: Tautomerize)
Add Explicit Hydrogens (ID: AddExplicitH)
Neutralize (ID: Neutralize)
Clean 2D (ID: Clean2D)",3.31662487983704,736,CCCCN(CCCC)C(=O)N(CCCC)CCCC
SSDSCDGVMJFTEQ-UHFFFAOYSA-N,Non-irritant,2082-79-3,0,744,"Dearomatize (ID: Dearomatize)
Clear Stereo (ID: ClearStereo)
Wedge Clean (ID: WedgeClean)
Mesomerize (ID: Mesomerize)
Tautomerize (ID: Tautomerize)
Aromatize (ID: Aromatize)
Add Explicit Hydrogens (ID: AddExplicitH)
Neutralize (ID: Neutralize)
Clean 2D (ID: Clean2D)",3.31662487983704,744,CCCCCCCCCCCCCCCCCCOC(=O)CCc1cc(C(C)(C)C)c(O)c(C(C)(C)C)c1
TVJPBVNWVPUZBM-UHFFFAOYSA-N,Non-irritant,4253-34-3,0,762,"Clear Stereo (ID: ClearStereo)
Wedge Clean (ID: WedgeClean)
Mesomerize (ID: Mesomerize)
Tautomerize (ID: Tautomerize)
Add Explicit Hydrogens (ID: AddExplicitH)
Neutralize (ID: Neutralize)
Clean 2D (ID: Clean2D)",3.31662487983704,762,CC(=O)O[Si](C)(OC(C)=O)OC(C)=O
TVWGHFVGFWIHFN-UHFFFAOYSA-N,Non-irritant,134701-20-5,0,763,"Dearomatize (ID: Dearomatize)
Clear Stereo (ID: ClearStereo)
Wedge Clean (ID: WedgeClean)
Mesomerize (ID: Mesomerize)
Tautomerize (ID: Tautomerize)
Aromatize (ID: Aromatize)
Add Explicit Hydrogens (ID: AddExplicitH)
Neutralize (ID: Neutralize)
Clean 2D (ID: Clean2D)",3.31662487983704,763,CCCCCCCCCCCCCCC(C)c1cc(C)cc(C)c1O
UQEAIHBTYFGYIE-UHFFFAOYSA-N,Non-irritant,107-46-0,0,802,"Clear Stereo (ID: ClearStereo)
Wedge Clean (ID: WedgeClean)
Mesomerize (ID: Mesomerize)
Tautomerize (ID: Tautomerize)
Add Explicit Hydrogens (ID: AddExplicitH)
Neutralize (ID: Neutralize)
Clean 2D (ID: Clean2D)",3.31662487983704,802,C[Si](C)(C)O[Si](C)(C)C
VMRGZRVLZQSNHC-UHFFFAOYSA-N,Non-irritant,16260-09-6,0,835,"Clear Stereo (ID: ClearStereo)
Wedge Clean (ID: WedgeClean)
Mesomerize (ID: Mesomerize)
Tautomerize (ID: Tautomerize)
Add Explicit Hydrogens (ID: AddExplicitH)
Neutralize (ID: Neutralize)
Clean 2D (ID: Clean2D)",3.31662487983704,835,CCCCCCCCC=CCCCCCCCCNC(=O)CCCCCCCCCCCCCCC
WYKYCHHWIJXDAO-UHFFFAOYSA-N,Non-irritant,3006-82-4,0,893,"Clear Stereo (ID: ClearStereo)
Wedge Clean (ID: WedgeClean)
Mesomerize (ID: Mesomerize)
Tautomerize (ID: Tautomerize)
Add Explicit Hydrogens (ID: AddExplicitH)
Neutralize (ID: Neutralize)
Clean 2D (ID: Clean2D)",3.31662487983704,893,CCCCC(CC)C(=O)OOC(C)(C)C
XCSGHNKDXGYELG-UHFFFAOYSA-N,Non-irritant,104-66-5,0,900,"Dearomatize (ID: Dearomatize)
Clear Stereo (ID: ClearStereo)
Wedge Clean (ID: WedgeClean)
Mesomerize (ID: Mesomerize)
Tautomerize (ID: Tautomerize)
Aromatize (ID: Aromatize)
Add Explicit Hydrogens (ID: AddExplicitH)
Neutralize (ID: Neutralize)
Clean 2D (ID: Clean2D)",3.31662487983704,900,c1ccc(OCCOc2ccccc2)cc1
XLJMAIOERFSOGZ-UHFFFAOYSA-M,Non-irritant,917-61-3,0,914,"Mesomerize (ID: Mesomerize)
Tautomerize (ID: Tautomerize)
Add Explicit Hydrogens (ID: AddExplicitH)
Neutralize (ID: Neutralize)
Clean 2D (ID: Clean2D)",3.31662487983704,914,N#CO
XROXSXGRRMHJFJ-UHFFFAOYSA-N,Non-irritant,67124-09-8,0,933,"Clear Stereo (ID: ClearStereo)
Wedge Clean (ID: WedgeClean)
Mesomerize (ID: Mesomerize)
Tautomerize (ID: Tautomerize)
Add Explicit Hydrogens (ID: AddExplicitH)
Neutralize (ID: Neutralize)
Clean 2D (ID: Clean2D)",3.31662487983704,933,CC(O)CSCCCCCCCCC(C)(C)C
ZBCBWPMODOFKDW-UHFFFAOYSA-N,Non-irritant,35176-06-8,0,992,"Clear Stereo (ID: ClearStereo)
Wedge Clean (ID: WedgeClean)
Mesomerize (ID: Mesomerize)
Tautomerize (ID: Tautomerize)
Add Explicit Hydrogens (ID: AddExplicitH)
Neutralize (ID: Neutralize)
Clean 2D (ID: Clean2D)",3.31662487983704,992,OCCNCCO
ZFGBKXBPHOUSJX-UHFFFAOYSA-N,Non-irritant,259854-70-1,0,997,"Clear Stereo (ID: ClearStereo)
Wedge Clean (ID: WedgeClean)
Mesomerize (ID: Mesomerize)
Tautomerize (ID: Tautomerize)
Add Explicit Hydrogens (ID: AddExplicitH)
Neutralize (ID: Neutralize)
Clean 2D (ID: Clean2D)",3.31662487983704,997,CC1CC=CCCCCCCCCC(=O)C1
ZOKCNEIWFQCSCM-UHFFFAOYSA-N,Non-irritant,6362-80-7,0,1013,"Dearomatize (ID: Dearomatize)
Clear Stereo (ID: ClearStereo)
Wedge Clean (ID: WedgeClean)
Mesomerize (ID: Mesomerize)
Tautomerize (ID: Tautomerize)
Aromatize (ID: Aromatize)
Add Explicit Hydrogens (ID: AddExplicitH)
Neutralize (ID: Neutralize)
Clean 2D (ID: Clean2D)",3.31662487983704,1013,C=C(CC(C)(C)c1ccccc1)c1ccccc1
ZOZIRNMDEZKZHM-UHFFFAOYSA-N,Non-irritant,102-20-5,0,1016,"Dearomatize (ID: Dearomatize)
Clear Stereo (ID: ClearStereo)
Wedge Clean (ID: WedgeClean)
Mesomerize (ID: Mesomerize)
Tautomerize (ID: Tautomerize)
Aromatize (ID: Aromatize)
Add Explicit Hydrogens (ID: AddExplicitH)
Neutralize (ID: Neutralize)
Clean 2D (ID: Clean2D)",3.31662487983704,1016,O=C(Cc1ccccc1)OCCc1ccccc1
"InChI=1S/C4H6O4S2/c5-3(6)1(9)2(10)4(7)8/h1-2,9-10H,(H,5,6)(H,7,8)",,304-55-2,0,1044,"Clear Stereo (ID: ClearStereo)
Wedge Clean (ID: WedgeClean)
Mesomerize (ID: Mesomerize)
Tautomerize (ID: Tautomerize)
Add Explicit Hydrogens (ID: AddExplicitH)
Neutralize (ID: Neutralize)
Clean 2D (ID: Clean2D)",3.31662487983704,1044,O=C(O)C(S)C(S)C(=O)O
"InChI=1S/C6H10O7/c7-1-2(8)4(5(10)11)13-6(12)3(1)9/h1-4,6-9,12H,(H,10,11)",,14982-50-4 9046-38-2,0,1050,"Clear Stereo (ID: ClearStereo)
Wedge Clean (ID: WedgeClean)
Mesomerize (ID: Mesomerize)
Tautomerize (ID: Tautomerize)
Add Explicit Hydrogens (ID: AddExplicitH)
Neutralize (ID: Neutralize)
Clean 2D (ID: Clean2D)",3.31662487983704,1050,O=C(O)C1OC(O)C(O)C(O)C1O
"InChI=1S/C7H7NO2/c8-6-3-1-5(2-4-6)7(9)10/h1-4H,8H2,(H,9,10)",,150-13-0,0,1092,"Dearomatize (ID: Dearomatize)
Clear Stereo (ID: ClearStereo)
Wedge Clean (ID: WedgeClean)
Mesomerize (ID: Mesomerize)
Tautomerize (ID: Tautomerize)
Aromatize (ID: Aromatize)
Add Explicit Hydrogens (ID: AddExplicitH)
Neutralize (ID: Neutralize)
Clean 2D (ID: Clean2D)",3.31662487983704,1092,Nc1ccc(C(=O)O)cc1
"InChI=1S/C11H11ClO3/c1-2-5-15-10-4-3-8(6-9(10)12)7-11(13)14/h2-4,6H,1,5,7H2,(H,13,14)",,22131-79-9,0,1118,"Dearomatize (ID: Dearomatize)
Clear Stereo (ID: ClearStereo)
Wedge Clean (ID: WedgeClean)
Mesomerize (ID: Mesomerize)
Tautomerize (ID: Tautomerize)
Aromatize (ID: Aromatize)
Add Explicit Hydrogens (ID: AddExplicitH)
Neutralize (ID: Neutralize)
Clean 2D (ID: Clean2D)",3.31662487983704,1118,C=CCOc1ccc(CC(=O)O)cc1Cl
"InChI=1S/C17H17ClO4/c1-17(2,16(20)21)22-14-9-5-12(6-10-14)15(19)11-3-7-13(18)8-4-11/h3-10,15,19H,1-2H3,(H,20,21)",,54419-31-7,0,1122,"Dearomatize (ID: Dearomatize)
Clear Stereo (ID: ClearStereo)
Wedge Clean (ID: WedgeClean)
Mesomerize (ID: Mesomerize)
Tautomerize (ID: Tautomerize)
Aromatize (ID: Aromatize)
Add Explicit Hydrogens (ID: AddExplicitH)
Neutralize (ID: Neutralize)
Clean 2D (ID: Clean2D)",3.31662487983704,1122,CC(C)(Oc1ccc(C(O)c2ccc(Cl)cc2)cc1)C(=O)O
"InChI=1S/C10H10O3/c1-8(11)13-7-10(12)9-5-3-2-4-6-9/h2-6H,7H2,1H3",Non-irritant,2243-35-8,0,1179,"Dearomatize (ID: Dearomatize)
Clear Stereo (ID: ClearStereo)
Wedge Clean (ID: WedgeClean)
Mesomerize (ID: Mesomerize)
Tautomerize (ID: Tautomerize)
Aromatize (ID: Aromatize)
Add Explicit Hydrogens (ID: AddExplicitH)
Neutralize (ID: Neutralize)
Clean 2D (ID: Clean2D)",3.31662487983704,1179,CC(=O)OCC(=O)c1ccccc1
"InChI=1S/C3H5ClO/c4-1-3-2-5-3/h3H,1-2H2",,106-89-8,0,1224,"Clear Stereo (ID: ClearStereo)
Wedge Clean (ID: WedgeClean)
Mesomerize (ID: Mesomerize)
Tautomerize (ID: Tautomerize)
Add Explicit Hydrogens (ID: AddExplicitH)
Neutralize (ID: Neutralize)
Clean 2D (ID: Clean2D)",3.31662487983704,1224,ClCC1CO1
"InChI=1S/C7H5Cl2NO2/c8-3-1-4(7(11)12)6(9)5(10)2-3/h1-2H,10H2,(H,11,12)",,133-90-4,0,1698,"Dearomatize (ID: Dearomatize)
Clear Stereo (ID: ClearStereo)
Wedge Clean (ID: WedgeClean)
Mesomerize (ID: Mesomerize)
Tautomerize (ID: Tautomerize)
Aromatize (ID: Aromatize)
Add Explicit Hydrogens (ID: AddExplicitH)
Neutralize (ID: Neutralize)
Clean 2D (ID: Clean2D)",3.31662487983704,1698,Nc1cc(Cl)cc(C(=O)O)c1Cl
"InChI=1S/C11H15ClO2/c1-10(2,13)11(3,14)8-4-6-9(12)7-5-8/h4-7,13-14H,1-3H3",,79-93-6,0,1701,"Dearomatize (ID: Dearomatize)
Clear Stereo (ID: ClearStereo)
Wedge Clean (ID: WedgeClean)
Mesomerize (ID: Mesomerize)
Tautomerize (ID: Tautomerize)
Aromatize (ID: Aromatize)
Add Explicit Hydrogens (ID: AddExplicitH)
Neutralize (ID: Neutralize)
Clean 2D (ID: Clean2D)",3.31662487983704,1701,CC(C)(O)C(C)(O)c1ccc(Cl)cc1
"InChI=1S/C20H14O4/c21-15-9-5-13(6-10-15)20(14-7-11-16(22)12-8-14)18-4-2-1-3-17(18)19(23)24-20/h1-12,21-22H",,77-09-8,0,1986,"Dearomatize (ID: Dearomatize)
Clear Stereo (ID: ClearStereo)
Wedge Clean (ID: WedgeClean)
Mesomerize (ID: Mesomerize)
Tautomerize (ID: Tautomerize)
Aromatize (ID: Aromatize)
Add Explicit Hydrogens (ID: AddExplicitH)
Neutralize (ID: Neutralize)
Clean 2D (ID: Clean2D)",3.31662487983704,1986,O=C1OC(c2ccc(O)cc2)(c2ccc(O)cc2)c2ccccc21
"InChI=1S/C8H14O/c1-2-4-6-8-7(9-8)5-3-1/h7-8H,1-6H2",Non-irritant,286-62-4,0,2155,"Clear Stereo (ID: ClearStereo)
Wedge Clean (ID: WedgeClean)
Mesomerize (ID: Mesomerize)
Tautomerize (ID: Tautomerize)
Add Explicit Hydrogens (ID: AddExplicitH)
Neutralize (ID: Neutralize)
Clean 2D (ID: Clean2D)",3.31662487983704,2155,C1CCCC2OC2CC1
"InChI=1S/C17H15ClO4/c1-17(2,16(20)21)22-14-9-5-12(6-10-14)15(19)11-3-7-13(18)8-4-11/h3-10H,1-2H3,(H,20,21)",,42017-89-0,0,2209,"Dearomatize (ID: Dearomatize)
Clear Stereo (ID: ClearStereo)
Wedge Clean (ID: WedgeClean)
Mesomerize (ID: Mesomerize)
Tautomerize (ID: Tautomerize)
Aromatize (ID: Aromatize)
Add Explicit Hydrogens (ID: AddExplicitH)
Neutralize (ID: Neutralize)
Clean 2D (ID: Clean2D)",3.31662487983704,2209,CC(C)(Oc1ccc(C(=O)c2ccc(Cl)cc2)cc1)C(=O)O
"InChI=1S/C40H56/c1-31(19-13-21-33(3)25-27-37-35(5)23-15-29-39(37,7)8)17-11-12-18-32(2)20-14-22-34(4)26-28-38-36(6)24-16-30-40(38,9)10/h11-14,17-22,25-28H,15-16,23-24,29-30H2,1-10H3",,7235-40-7,0,2364,"Clear Stereo (ID: ClearStereo)
Wedge Clean (ID: WedgeClean)
Mesomerize (ID: Mesomerize)
Tautomerize (ID: Tautomerize)
Add Explicit Hydrogens (ID: AddExplicitH)
Neutralize (ID: Neutralize)
Clean 2D (ID: Clean2D)",3.31662487983704,2364,CC(C=CC=C(C)C=CC1=C(C)CCCC1(C)C)=CC=CC=C(C)C=CC=C(C)C=CC1=C(C)CCCC1(C)C
"InChI=1S/C12H14O6/c13-5-7-17-11(15)9-1-2-10(4-3-9)12(16)18-8-6-14/h1-4,13-14H,5-8H2",,959-26-2,0,2608,"Dearomatize (ID: Dearomatize)
Clear Stereo (ID: ClearStereo)
Wedge Clean (ID: WedgeClean)
Mesomerize (ID: Mesomerize)
Tautomerize (ID: Tautomerize)
Aromatize (ID: Aromatize)
Add Explicit Hydrogens (ID: AddExplicitH)
Neutralize (ID: Neutralize)
Clean 2D (ID: Clean2D)",3.31662487983704,2608,O=C(OCCO)c1ccc(C(=O)OCCO)cc1
"InChI=1S/C14H12O2/c15-14(16)10-11-6-8-13(9-7-11)12-4-2-1-3-5-12/h1-9H,10H2,(H,15,16)",,5728-52-9,0,2619,"Dearomatize (ID: Dearomatize)
Clear Stereo (ID: ClearStereo)
Wedge Clean (ID: WedgeClean)
Mesomerize (ID: Mesomerize)
Tautomerize (ID: Tautomerize)
Aromatize (ID: Aromatize)
Add Explicit Hydrogens (ID: AddExplicitH)
Neutralize (ID: Neutralize)
Clean 2D (ID: Clean2D)",3.31662487983704,2619,O=C(O)Cc1ccc(-c2ccccc2)cc1
"InChI=1S/C8H12O2/c1-7(2)5(9)8(3,4)6(7)10/h1-4H3",,933-52-8,0,2683,"Clear Stereo (ID: ClearStereo)
Wedge Clean (ID: WedgeClean)
Mesomerize (ID: Mesomerize)
Tautomerize (ID: Tautomerize)
Add Explicit Hydrogens (ID: AddExplicitH)
Neutralize (ID: Neutralize)
Clean 2D (ID: Clean2D)",3.31662487983704,2683,CC1(C)C(=O)C(C)(C)C1=O
"InChI=1S/C14H20O2/c1-4-13(14(15)16)12-7-5-11(6-8-12)9-10(2)3/h5-8,10,13H,4,9H2,1-3H3,(H,15,16)",,55837-18-8,0,2991,"Dearomatize (ID: Dearomatize)
Clear Stereo (ID: ClearStereo)
Wedge Clean (ID: WedgeClean)
Mesomerize (ID: Mesomerize)
Tautomerize (ID: Tautomerize)
Aromatize (ID: Aromatize)
Add Explicit Hydrogens (ID: AddExplicitH)
Neutralize (ID: Neutralize)
Clean 2D (ID: Clean2D)",3.31662487983704,2991,CCC(C(=O)O)c1ccc(CC(C)C)cc1
"InChI=1S/C21H42O4/c1-2-3-4-5-6-7-8-9-10-11-12-13-14-15-16-17-21(24)25-19-20(23)18-22/h20,22-23H,2-19H2,1H3",,31566-31-1,0,3016,"Clear Stereo (ID: ClearStereo)
Wedge Clean (ID: WedgeClean)
Mesomerize (ID: Mesomerize)
Tautomerize (ID: Tautomerize)
Add Explicit Hydrogens (ID: AddExplicitH)
Neutralize (ID: Neutralize)
Clean 2D (ID: Clean2D)",3.31662487983704,3016,CCCCCCCCCCCCCCCCCC(=O)OCC(O)CO
"InChI=1S/C16H22O3/c1-11-8-12(10-16(2,3)9-11)19-15(18)13-6-4-5-7-14(13)17/h4-7,11-12,17H,8-10H2,1-3H3",,118-56-9,0,3209,"Dearomatize (ID: Dearomatize)
Clear Stereo (ID: ClearStereo)
Wedge Clean (ID: WedgeClean)
Mesomerize (ID: Mesomerize)
Tautomerize (ID: Tautomerize)
Aromatize (ID: Aromatize)
Add Explicit Hydrogens (ID: AddExplicitH)
Neutralize (ID: Neutralize)
Clean 2D (ID: Clean2D)",3.31662487983704,3209,CC1CC(OC(=O)c2ccccc2O)CC(C)(C)C1
"InChI=1S/C13H10N2/c14-13-9-5-1-3-7-11(9)15-12-8-4-2-6-10(12)13/h1-8H,(H2,14,15)",,90-45-9,0,3284,"Dearomatize (ID: Dearomatize)
Clear Stereo (ID: ClearStereo)
Wedge Clean (ID: WedgeClean)
Mesomerize (ID: Mesomerize)
Tautomerize (ID: Tautomerize)
Aromatize (ID: Aromatize)
Add Explicit Hydrogens (ID: AddExplicitH)
Neutralize (ID: Neutralize)
Clean 2D (ID: Clean2D)",3.31662487983704,3284,Nc1c2ccccc2nc2ccccc12
"InChI=1S/C18H14N4O2/c23-22(24)18-12-10-17(11-13-18)21-20-16-8-6-15(7-9-16)19-14-4-2-1-3-5-14/h1-13,19H",,2581-69-3,0,3370,"Dearomatize (ID: Dearomatize)
Clear Stereo (ID: ClearStereo)
Wedge Clean (ID: WedgeClean)
Mesomerize (ID: Mesomerize)
Tautomerize (ID: Tautomerize)
Aromatize (ID: Aromatize)
Add Explicit Hydrogens (ID: AddExplicitH)
Neutralize (ID: Neutralize)
Clean 2D (ID: Clean2D)",3.31662487983704,3370,O=[N+]([O-])c1ccc(N=Nc2ccc(Nc3ccccc3)cc2)cc1
"InChI=1S/C6H14O3/c1-2-6(3-7,4-8)5-9/h7-9H,2-5H2,1H3",,77-99-6,0,3471,"Clear Stereo (ID: ClearStereo)
Wedge Clean (ID: WedgeClean)
Mesomerize (ID: Mesomerize)
Tautomerize (ID: Tautomerize)
Add Explicit Hydrogens (ID: AddExplicitH)
Neutralize (ID: Neutralize)
Clean 2D (ID: Clean2D)",3.31662487983704,3471,CCC(CO)(CO)CO
BDKDHWOPFRTWPP-UHFFFAOYSA-N,Non-irritant,682-09-7,0,38,"Clear Stereo (ID: ClearStereo)
Wedge Clean (ID: WedgeClean)
Mesomerize (ID: Mesomerize)
Tautomerize (ID: Tautomerize)
Add Explicit Hydrogens (ID: AddExplicitH)
Neutralize (ID: Neutralize)
Clean 2D (ID: Clean2D)",3.46410155296326,38,C=CCOCC(CC)(CO)COCC=C
CYJLFSMDQYFKRD-UHFFFAOYSA-N,Non-irritant,93820-33-8,0,124,"Clear Stereo (ID: ClearStereo)
Wedge Clean (ID: WedgeClean)
Mesomerize (ID: Mesomerize)
Tautomerize (ID: Tautomerize)
Add Explicit Hydrogens (ID: AddExplicitH)
Neutralize (ID: Neutralize)
Clean 2D (ID: Clean2D)",3.46410155296326,124,CCCCC(CC)CNC(=O)CCCCCC(C)C
DLLMHEDYJQACRM-UHFFFAOYSA-L,Non-irritant,68223-93-8,0,144,"Clear Stereo (ID: ClearStereo)
Wedge Clean (ID: WedgeClean)
Mesomerize (ID: Mesomerize)
Tautomerize (ID: Tautomerize)
Add Explicit Hydrogens (ID: AddExplicitH)
Neutralize (ID: Neutralize)
Clean 2D (ID: Clean2D)",3.46410155296326,144,O=C(O)CSSCC(=O)O
DSSYKIVIOFKYAU-UHFFFAOYSA-N,Non-irritant,76-22-2,0,153,"Clear Stereo (ID: ClearStereo)
Wedge Clean (ID: WedgeClean)
Mesomerize (ID: Mesomerize)
Tautomerize (ID: Tautomerize)
Add Explicit Hydrogens (ID: AddExplicitH)
Neutralize (ID: Neutralize)
Clean 2D (ID: Clean2D)",3.46410155296326,153,CC12CCC(CC1=O)C2(C)C
FMRHJJZUHUTGKE-UHFFFAOYSA-N,Non-irritant,118-60-5,0,190,"Dearomatize (ID: Dearomatize)
Clear Stereo (ID: ClearStereo)
Wedge Clean (ID: WedgeClean)
Mesomerize (ID: Mesomerize)
Tautomerize (ID: Tautomerize)
Aromatize (ID: Aromatize)
Add Explicit Hydrogens (ID: AddExplicitH)
Neutralize (ID: Neutralize)
Clean 2D (ID: Clean2D)",3.46410155296326,190,CCCCC(CC)COC(=O)c1ccccc1O
GFKCWAROGHMSTC-UHFFFAOYSA-N,Non-irritant,87135-01-1,0,217,"Clear Stereo (ID: ClearStereo)
Wedge Clean (ID: WedgeClean)
Mesomerize (ID: Mesomerize)
Tautomerize (ID: Tautomerize)
Add Explicit Hydrogens (ID: AddExplicitH)
Neutralize (ID: Neutralize)
Clean 2D (ID: Clean2D)",3.46410155296326,217,CO[Si](CCCCCC[Si](OC)(OC)OC)(OC)OC
GPLRAVKSCUXZTP-UHFFFAOYSA-N,Non-irritant,59113-36-9,0,233,"Clear Stereo (ID: ClearStereo)
Wedge Clean (ID: WedgeClean)
Mesomerize (ID: Mesomerize)
Tautomerize (ID: Tautomerize)
Add Explicit Hydrogens (ID: AddExplicitH)
Neutralize (ID: Neutralize)
Clean 2D (ID: Clean2D)",3.46410155296326,233,OCC(O)COCC(O)CO
IVINYWARLXOTLP-UHFFFAOYSA-N,Non-irritant,77745-66-5,0,329,"Clear Stereo (ID: ClearStereo)
Wedge Clean (ID: WedgeClean)
Mesomerize (ID: Mesomerize)
Tautomerize (ID: Tautomerize)
Add Explicit Hydrogens (ID: AddExplicitH)
Neutralize (ID: Neutralize)
Clean 2D (ID: Clean2D)",3.46410155296326,329,CC(C)CCCCCCCCCCOP(OCCCCCCCCCCC(C)C)OCCCCCCCCCCC(C)C
JKIJEFPNVSHHEI-UHFFFAOYSA-N,Non-irritant,31570-04-4,0,344,"Dearomatize (ID: Dearomatize)
Clear Stereo (ID: ClearStereo)
Wedge Clean (ID: WedgeClean)
Mesomerize (ID: Mesomerize)
Tautomerize (ID: Tautomerize)
Aromatize (ID: Aromatize)
Add Explicit Hydrogens (ID: AddExplicitH)
Neutralize (ID: Neutralize)
Clean 2D (ID: Clean2D)",3.46410155296326,344,CC(C)(C)c1ccc(OP(Oc2ccc(C(C)(C)C)cc2C(C)(C)C)Oc2ccc(C(C)(C)C)cc2C(C)(C)C)c(C(C)(C)C)c1
JOBBTVPTPXRUBP-UHFFFAOYSA-N,Non-irritant,7575-23-7,0,348,"Clear Stereo (ID: ClearStereo)
Wedge Clean (ID: WedgeClean)
Mesomerize (ID: Mesomerize)
Tautomerize (ID: Tautomerize)
Add Explicit Hydrogens (ID: AddExplicitH)
Neutralize (ID: Neutralize)
Clean 2D (ID: Clean2D)",3.46410155296326,348,O=C(CCS)OCC(COC(=O)CCS)(COC(=O)CCS)COC(=O)CCS
JOXIMZWYDAKGHI-UHFFFAOYSA-M,Non-irritant,657-84-1,0,351,"Dearomatize (ID: Dearomatize)
Clear Stereo (ID: ClearStereo)
Wedge Clean (ID: WedgeClean)
Mesomerize (ID: Mesomerize)
Tautomerize (ID: Tautomerize)
Aromatize (ID: Aromatize)
Add Explicit Hydrogens (ID: AddExplicitH)
Neutralize (ID: Neutralize)
Clean 2D (ID: Clean2D)",3.46410155296326,351,Cc1ccc(S(=O)(=O)O)cc1
JUIBLDFFVYKUAC-UHFFFAOYSA-N,Non-irritant,13052-09-0,0,359,"Clear Stereo (ID: ClearStereo)
Wedge Clean (ID: WedgeClean)
Mesomerize (ID: Mesomerize)
Tautomerize (ID: Tautomerize)
Add Explicit Hydrogens (ID: AddExplicitH)
Neutralize (ID: Neutralize)
Clean 2D (ID: Clean2D)",3.46410155296326,359,CCCCC(CC)C(=O)OOC(C)(C)CCC(C)(C)OOC(=O)C(CC)CCCC
KNHGOYVXAHUDHP-UHFFFAOYSA-N,Non-irritant,95962-14-4,0,393,"Clear Stereo (ID: ClearStereo)
Wedge Clean (ID: WedgeClean)
Mesomerize (ID: Mesomerize)
Tautomerize (ID: Tautomerize)
Add Explicit Hydrogens (ID: AddExplicitH)
Neutralize (ID: Neutralize)
Clean 2D (ID: Clean2D)",3.46410155296326,393,CC1=CCC(C(C)CC2CCCC2=O)CC1
LDDUCKDUDZVHLN-UHFFFAOYSA-N,Non-irritant,67938-21-0,0,424,"Clear Stereo (ID: ClearStereo)
Wedge Clean (ID: WedgeClean)
Mesomerize (ID: Mesomerize)
Tautomerize (ID: Tautomerize)
Add Explicit Hydrogens (ID: AddExplicitH)
Neutralize (ID: Neutralize)
Clean 2D (ID: Clean2D)",3.46410155296326,424,CC(C)CCCCCCCCCCCCCCC(=O)OCC(O)COCC(O)COC(=O)CCCCCCCCCCCCCCC(C)C
MGWAVDBGNNKXQV-UHFFFAOYSA-N,Non-irritant,84-69-5,0,476,"Dearomatize (ID: Dearomatize)
Clear Stereo (ID: ClearStereo)
Wedge Clean (ID: WedgeClean)
Mesomerize (ID: Mesomerize)
Tautomerize (ID: Tautomerize)
Aromatize (ID: Aromatize)
Add Explicit Hydrogens (ID: AddExplicitH)
Neutralize (ID: Neutralize)
Clean 2D (ID: Clean2D)",3.46410155296326,476,CC(C)COC(=O)c1ccccc1C(=O)OCC(C)C
MHAJPDPJQMAIIY-UHFFFAOYSA-N,Non-irritant,7722-84-1,0,477,"Mesomerize (ID: Mesomerize)
Tautomerize (ID: Tautomerize)
Add Explicit Hydrogens (ID: AddExplicitH)
Neutralize (ID: Neutralize)
Clean 2D (ID: Clean2D)",3.46410155296326,477,OO
OALYTRUKMRCXNH-QMMMGPOBSA-N,Non-irritant,104-61-0,0,543,"Clear Stereo (ID: ClearStereo)
Wedge Clean (ID: WedgeClean)
Mesomerize (ID: Mesomerize)
Tautomerize (ID: Tautomerize)
Add Explicit Hydrogens (ID: AddExplicitH)
Neutralize (ID: Neutralize)
Clean 2D (ID: Clean2D)",3.46410155296326,543,CCCCCC1CCC(=O)O1
PHXATPHONSXBIL-JTQLQIEISA-N,Non-irritant,104-67-6,0,590,"Clear Stereo (ID: ClearStereo)
Wedge Clean (ID: WedgeClean)
Mesomerize (ID: Mesomerize)
Tautomerize (ID: Tautomerize)
Add Explicit Hydrogens (ID: AddExplicitH)
Neutralize (ID: Neutralize)
Clean 2D (ID: Clean2D)",3.46410155296326,590,CCCCCCCC1CCC(=O)O1
PQSIXYSSKXAOFE-UHFFFAOYSA-N,Non-irritant,157859-20-6,0,609,"Clear Stereo (ID: ClearStereo)
Wedge Clean (ID: WedgeClean)
Mesomerize (ID: Mesomerize)
Tautomerize (ID: Tautomerize)
Add Explicit Hydrogens (ID: AddExplicitH)
Neutralize (ID: Neutralize)
Clean 2D (ID: Clean2D)",3.46410155296326,609,C=CC(=O)O[Si](C(C)C)(C(C)C)C(C)C
QEDNBHNWMHJNAB-UHFFFAOYSA-N,Non-irritant,25448-25-3,0,631,"Clear Stereo (ID: ClearStereo)
Wedge Clean (ID: WedgeClean)
Mesomerize (ID: Mesomerize)
Tautomerize (ID: Tautomerize)
Add Explicit Hydrogens (ID: AddExplicitH)
Neutralize (ID: Neutralize)
Clean 2D (ID: Clean2D)",3.46410155296326,631,CC(C)CCCCCCCOP(OCCCCCCCC(C)C)OCCCCCCCC(C)C
QTMHHQFADWIZCP-UHFFFAOYSA-N,Non-irritant,86960-46-5,0,656,"Dearomatize (ID: Dearomatize)
Clear Stereo (ID: ClearStereo)
Wedge Clean (ID: WedgeClean)
Mesomerize (ID: Mesomerize)
Tautomerize (ID: Tautomerize)
Aromatize (ID: Aromatize)
Add Explicit Hydrogens (ID: AddExplicitH)
Neutralize (ID: Neutralize)
Clean 2D (ID: Clean2D)",3.46410155296326,656,CCCCCCCCCC(=O)Oc1ccc(C(=O)O)cc1
QUAMTGJKVDWJEQ-UHFFFAOYSA-N,Non-irritant,1843-05-6,0,657,"Dearomatize (ID: Dearomatize)
Clear Stereo (ID: ClearStereo)
Wedge Clean (ID: WedgeClean)
Mesomerize (ID: Mesomerize)
Tautomerize (ID: Tautomerize)
Aromatize (ID: Aromatize)
Add Explicit Hydrogens (ID: AddExplicitH)
Neutralize (ID: Neutralize)
Clean 2D (ID: Clean2D)",3.46410155296326,657,CCCCCCCCOc1ccc(C(=O)c2ccccc2)c(O)c1
SVOBELCYOCEECO-UHFFFAOYSA-N,Non-irritant,2362-14-3,0,750,"Dearomatize (ID: Dearomatize)
Clear Stereo (ID: ClearStereo)
Wedge Clean (ID: WedgeClean)
Mesomerize (ID: Mesomerize)
Tautomerize (ID: Tautomerize)
Aromatize (ID: Aromatize)
Add Explicit Hydrogens (ID: AddExplicitH)
Neutralize (ID: Neutralize)
Clean 2D (ID: Clean2D)",3.46410155296326,750,Cc1cc(C2(c3ccc(O)c(C)c3)CCCCC2)ccc1O
UMGDCJDMYOKAJW-UHFFFAOYSA-N,Non-irritant,62-56-6,0,796,"Clear Stereo (ID: ClearStereo)
Wedge Clean (ID: WedgeClean)
Mesomerize (ID: Mesomerize)
Tautomerize (ID: Tautomerize)
Add Explicit Hydrogens (ID: AddExplicitH)
Neutralize (ID: Neutralize)
Clean 2D (ID: Clean2D)",3.46410155296326,796,NC(N)=S
WHUUTDBJXJRKMK-UHFFFAOYSA-N,Non-irritant,56-86-0,0,861,"Clear Stereo (ID: ClearStereo)
Wedge Clean (ID: WedgeClean)
Mesomerize (ID: Mesomerize)
Tautomerize (ID: Tautomerize)
Add Explicit Hydrogens (ID: AddExplicitH)
Neutralize (ID: Neutralize)
Clean 2D (ID: Clean2D)",3.46410155296326,861,NC(CCC(=O)O)C(=O)O
WTARULDDTDQWMU-UHFFFAOYSA-N,Non-irritant,127-91-3,0,881,"Clear Stereo (ID: ClearStereo)
Wedge Clean (ID: WedgeClean)
Mesomerize (ID: Mesomerize)
Tautomerize (ID: Tautomerize)
Add Explicit Hydrogens (ID: AddExplicitH)
Neutralize (ID: Neutralize)
Clean 2D (ID: Clean2D)",3.46410155296326,881,C=C1CCC2CC1C2(C)C
XREKLQOUFWBSFH-UHFFFAOYSA-N,Non-irritant,10420-33-4,0,929,"Clear Stereo (ID: ClearStereo)
Wedge Clean (ID: WedgeClean)
Mesomerize (ID: Mesomerize)
Tautomerize (ID: Tautomerize)
Add Explicit Hydrogens (ID: AddExplicitH)
Neutralize (ID: Neutralize)
Clean 2D (ID: Clean2D)",3.46410155296326,929,COC(=O)CC(C(=O)OC)=C(C)O
XRHCAGNSDHCHFJ-UHFFFAOYSA-N,Non-irritant,105-95-3,0,930,"Clear Stereo (ID: ClearStereo)
Wedge Clean (ID: WedgeClean)
Mesomerize (ID: Mesomerize)
Tautomerize (ID: Tautomerize)
Add Explicit Hydrogens (ID: AddExplicitH)
Neutralize (ID: Neutralize)
Clean 2D (ID: Clean2D)",3.46410155296326,930,O=C1CCCCCCCCCCCC(=O)OCCO1
"InChI=1S/C12H14O4/c1-3-16-12(14)7-5-9-4-6-10(13)11(8-9)15-2/h4-8,13H,3H2,1-2H3",,4046-02-0,0,1129,"Dearomatize (ID: Dearomatize)
Clear Stereo (ID: ClearStereo)
Wedge Clean (ID: WedgeClean)
Mesomerize (ID: Mesomerize)
Tautomerize (ID: Tautomerize)
Aromatize (ID: Aromatize)
Add Explicit Hydrogens (ID: AddExplicitH)
Neutralize (ID: Neutralize)
Clean 2D (ID: Clean2D)",3.46410155296326,1129,CCOC(=O)C=Cc1ccc(O)c(OC)c1
InChI=1S/C5H12N2O/c1-6(2)5(8)7(3)4/h1-4H3,,632-22-4,0,1139,"Clear Stereo (ID: ClearStereo)
Wedge Clean (ID: WedgeClean)
Mesomerize (ID: Mesomerize)
Tautomerize (ID: Tautomerize)
Add Explicit Hydrogens (ID: AddExplicitH)
Neutralize (ID: Neutralize)
Clean 2D (ID: Clean2D)",3.46410155296326,1139,CN(C)C(=O)N(C)C
"InChI=1S/C23H21ClO3/c1-25-19-10-4-16(5-11-19)22(17-6-12-20(26-2)13-7-17)23(24)18-8-14-21(27-3)15-9-18/h4-15H,1-3H3",,569-57-3,0,1174,"Dearomatize (ID: Dearomatize)
Clear Stereo (ID: ClearStereo)
Wedge Clean (ID: WedgeClean)
Mesomerize (ID: Mesomerize)
Tautomerize (ID: Tautomerize)
Aromatize (ID: Aromatize)
Add Explicit Hydrogens (ID: AddExplicitH)
Neutralize (ID: Neutralize)
Clean 2D (ID: Clean2D)",3.46410155296326,1174,COc1ccc(C(Cl)=C(c2ccc(OC)cc2)c2ccc(OC)cc2)cc1
InChI=1S/C16H11NO2/c18-16(13-6-2-1-3-7-13)19-14-10-4-8-12-9-5-11-17-15(12)14/h1-11H,,86-75-9,0,1188,"Dearomatize (ID: Dearomatize)
Clear Stereo (ID: ClearStereo)
Wedge Clean (ID: WedgeClean)
Mesomerize (ID: Mesomerize)
Tautomerize (ID: Tautomerize)
Aromatize (ID: Aromatize)
Add Explicit Hydrogens (ID: AddExplicitH)
Neutralize (ID: Neutralize)
Clean 2D (ID: Clean2D)",3.46410155296326,1188,O=C(Oc1cccc2cccnc12)c1ccccc1
"InChI=1S/C6H12O6/c7-1-3(9)5(11)6(12)4(10)2-8/h3,5-9,11-12H,1-2H2",,87-79-6,0,1193,"Clear Stereo (ID: ClearStereo)
Wedge Clean (ID: WedgeClean)
Mesomerize (ID: Mesomerize)
Tautomerize (ID: Tautomerize)
Add Explicit Hydrogens (ID: AddExplicitH)
Neutralize (ID: Neutralize)
Clean 2D (ID: Clean2D)",3.46410155296326,1193,O=C(CO)C(O)C(O)C(O)CO
"InChI=1S/C6H7NO/c7-5-3-1-2-4-6(5)8/h1-4,8H,7H2",Non-irritant,95-55-6,0,1267,"Dearomatize (ID: Dearomatize)
Clear Stereo (ID: ClearStereo)
Wedge Clean (ID: WedgeClean)
Mesomerize (ID: Mesomerize)
Tautomerize (ID: Tautomerize)
Aromatize (ID: Aromatize)
Add Explicit Hydrogens (ID: AddExplicitH)
Neutralize (ID: Neutralize)
Clean 2D (ID: Clean2D)",3.46410155296326,1267,Nc1ccccc1O
"InChI=1S/C8H11NO/c1-6-5-7(10-2)3-4-8(6)9/h3-5H,9H2,1-2H3",,102-50-1,0,1268,"Dearomatize (ID: Dearomatize)
Clear Stereo (ID: ClearStereo)
Wedge Clean (ID: WedgeClean)
Mesomerize (ID: Mesomerize)
Tautomerize (ID: Tautomerize)
Aromatize (ID: Aromatize)
Add Explicit Hydrogens (ID: AddExplicitH)
Neutralize (ID: Neutralize)
Clean 2D (ID: Clean2D)",3.46410155296326,1268,COc1ccc(N)c(C)c1
"InChI=1S/C13H11N/c14-11-5-6-13-10(8-11)7-9-3-1-2-4-12(9)13/h1-6,8H,7,14H2",,153-78-6,0,1280,"Dearomatize (ID: Dearomatize)
Clear Stereo (ID: ClearStereo)
Wedge Clean (ID: WedgeClean)
Mesomerize (ID: Mesomerize)
Tautomerize (ID: Tautomerize)
Aromatize (ID: Aromatize)
Add Explicit Hydrogens (ID: AddExplicitH)
Neutralize (ID: Neutralize)
Clean 2D (ID: Clean2D)",3.46410155296326,1280,Nc1ccc2c(c1)Cc1ccccc1-2
"InChI=1S/C10H15N/c1-10(2,11)8-9-6-4-3-5-7-9/h3-7H,8,11H2,1-2H3",,122-09-8,0,1375,"Dearomatize (ID: Dearomatize)
Clear Stereo (ID: ClearStereo)
Wedge Clean (ID: WedgeClean)
Mesomerize (ID: Mesomerize)
Tautomerize (ID: Tautomerize)
Aromatize (ID: Aromatize)
Add Explicit Hydrogens (ID: AddExplicitH)
Neutralize (ID: Neutralize)
Clean 2D (ID: Clean2D)",3.46410155296326,1375,CC(C)(N)Cc1ccccc1
"InChI=1S/C6H14O6/c7-1-3(9)5(11)6(12)4(10)2-8/h3-12H,1-2H2",,50-70-4 69-65-8,0,1451,"Clear Stereo (ID: ClearStereo)
Wedge Clean (ID: WedgeClean)
Mesomerize (ID: Mesomerize)
Tautomerize (ID: Tautomerize)
Add Explicit Hydrogens (ID: AddExplicitH)
Neutralize (ID: Neutralize)
Clean 2D (ID: Clean2D)",3.46410155296326,1451,OCC(O)C(O)C(O)C(O)CO
"InChI=1S/C17H16Br2O3/c1-11(2)22-16(20)17(21,12-3-7-14(18)8-4-12)13-5-9-15(19)10-6-13/h3-11,21H,1-2H3",,18181-80-1,0,1487,"Dearomatize (ID: Dearomatize)
Clear Stereo (ID: ClearStereo)
Wedge Clean (ID: WedgeClean)
Mesomerize (ID: Mesomerize)
Tautomerize (ID: Tautomerize)
Aromatize (ID: Aromatize)
Add Explicit Hydrogens (ID: AddExplicitH)
Neutralize (ID: Neutralize)
Clean 2D (ID: Clean2D)",3.46410155296326,1487,CC(C)OC(=O)C(O)(c1ccc(Br)cc1)c1ccc(Br)cc1
"InChI=1S/C20H30O/c1-16(8-6-9-17(2)13-15-21)11-12-19-18(3)10-7-14-20(19,4)5/h6,8-9,11-13,21H,7,10,14-15H2,1-5H3",,68-26-8,0,1492,"Clear Stereo (ID: ClearStereo)
Wedge Clean (ID: WedgeClean)
Mesomerize (ID: Mesomerize)
Tautomerize (ID: Tautomerize)
Add Explicit Hydrogens (ID: AddExplicitH)
Neutralize (ID: Neutralize)
Clean 2D (ID: Clean2D)",3.46410155296326,1492,CC(C=CC1=C(C)CCCC1(C)C)=CC=CC(C)=CCO
"InChI=1S/C7H8N2S/c8-7(10)9-6-4-2-1-3-5-6/h1-5H,(H3,8,9,10)",Non-irritant,103-85-5,0,1508,"Dearomatize (ID: Dearomatize)
Clear Stereo (ID: ClearStereo)
Wedge Clean (ID: WedgeClean)
Mesomerize (ID: Mesomerize)
Tautomerize (ID: Tautomerize)
Aromatize (ID: Aromatize)
Add Explicit Hydrogens (ID: AddExplicitH)
Neutralize (ID: Neutralize)
Clean 2D (ID: Clean2D)",3.46410155296326,1508,NC(=S)Nc1ccccc1
"InChI=1S/C7H13O6P/c1-6(5-7(8)10-2)13-14(9,11-3)12-4/h5H,1-4H3",,7786-34-7,0,1544,"Clear Stereo (ID: ClearStereo)
Wedge Clean (ID: WedgeClean)
Mesomerize (ID: Mesomerize)
Tautomerize (ID: Tautomerize)
Add Explicit Hydrogens (ID: AddExplicitH)
Neutralize (ID: Neutralize)
Clean 2D (ID: Clean2D)",3.46410155296326,1544,COC(=O)C=C(C)OP(=O)(OC)OC
InChI=1S/C15H10O/c16-15-13(11-7-3-1-4-8-11)14(15)12-9-5-2-6-10-12/h1-10H,,886-38-4,0,1634,"Dearomatize (ID: Dearomatize)
Clear Stereo (ID: ClearStereo)
Wedge Clean (ID: WedgeClean)
Mesomerize (ID: Mesomerize)
Tautomerize (ID: Tautomerize)
Aromatize (ID: Aromatize)
Add Explicit Hydrogens (ID: AddExplicitH)
Neutralize (ID: Neutralize)
Clean 2D (ID: Clean2D)",3.46410155296326,1634,O=c1c(-c2ccccc2)c1-c1ccccc1
"InChI=1S/C21H40O5/c1-2-3-4-11-14-19(23)15-12-9-7-5-6-8-10-13-16-21(25)26-18-20(24)17-22/h9,12,19-20,22-24H,2-8,10-11,13-18H2,1H3",,141-08-2,0,1641,"Clear Stereo (ID: ClearStereo)
Wedge Clean (ID: WedgeClean)
Mesomerize (ID: Mesomerize)
Tautomerize (ID: Tautomerize)
Add Explicit Hydrogens (ID: AddExplicitH)
Neutralize (ID: Neutralize)
Clean 2D (ID: Clean2D)",3.46410155296326,1641,CCCCCCC(O)CC=CCCCCCCCC(=O)OCC(O)CO
"InChI=1S/C6H12Cl3O4P/c7-1-4-11-14(10,12-5-2-8)13-6-3-9/h1-6H2",Non-irritant,115-96-8,0,1691,"Clear Stereo (ID: ClearStereo)
Wedge Clean (ID: WedgeClean)
Mesomerize (ID: Mesomerize)
Tautomerize (ID: Tautomerize)
Add Explicit Hydrogens (ID: AddExplicitH)
Neutralize (ID: Neutralize)
Clean 2D (ID: Clean2D)",3.46410155296326,1691,O=P(OCCCl)(OCCCl)OCCCl
"InChI=1S/C12H20O2/c1-9-5-7-11(8-6-9)12(3,4)14-10(2)13/h5,11H,6-8H2,1-4H3",,80-26-2,0,1760,"Clear Stereo (ID: ClearStereo)
Wedge Clean (ID: WedgeClean)
Mesomerize (ID: Mesomerize)
Tautomerize (ID: Tautomerize)
Add Explicit Hydrogens (ID: AddExplicitH)
Neutralize (ID: Neutralize)
Clean 2D (ID: Clean2D)",3.46410155296326,1760,CC(=O)OC(C)(C)C1CC=C(C)CC1
"InChI=1S/C12H16/c1-7-3-11-9-5-8(2)10(6-9)12(11)4-7/h4-5,9-12H,3,6H2,1-2H3",Non-irritant,26472-00-4,0,1834,"Clear Stereo (ID: ClearStereo)
Wedge Clean (ID: WedgeClean)
Mesomerize (ID: Mesomerize)
Tautomerize (ID: Tautomerize)
Add Explicit Hydrogens (ID: AddExplicitH)
Neutralize (ID: Neutralize)
Clean 2D (ID: Clean2D)",3.46410155296326,1834,CC1=CC2C3CC(C=C3C)C2C1
"InChI=1S/C23H16O3/c24-21-17-13-7-8-14-18(17)22(25)20(21)23(26)19(15-9-3-1-4-10-15)16-11-5-2-6-12-16/h1-14,19-20H",Non-irritant,82-66-6,0,1945,"Dearomatize (ID: Dearomatize)
Clear Stereo (ID: ClearStereo)
Wedge Clean (ID: WedgeClean)
Mesomerize (ID: Mesomerize)
Tautomerize (ID: Tautomerize)
Aromatize (ID: Aromatize)
Add Explicit Hydrogens (ID: AddExplicitH)
Neutralize (ID: Neutralize)
Clean 2D (ID: Clean2D)",3.46410155296326,1945,O=C1c2ccccc2C(=O)C1C(=O)C(c1ccccc1)c1ccccc1
"InChI=1S/C12H15ClO3/c1-4-15-11(14)12(2,3)16-10-7-5-9(13)6-8-10/h5-8H,4H2,1-3H3",,637-07-0,0,2002,"Dearomatize (ID: Dearomatize)
Clear Stereo (ID: ClearStereo)
Wedge Clean (ID: WedgeClean)
Mesomerize (ID: Mesomerize)
Tautomerize (ID: Tautomerize)
Aromatize (ID: Aromatize)
Add Explicit Hydrogens (ID: AddExplicitH)
Neutralize (ID: Neutralize)
Clean 2D (ID: Clean2D)",3.46410155296326,2002,CCOC(=O)C(C)(C)Oc1ccc(Cl)cc1
"InChI=1S/C13H14Cl2O3/c1-12(2,11(16)17)18-9-5-3-8(4-6-9)10-7-13(10,14)15/h3-6,10H,7H2,1-2H3,(H,16,17)",,52214-84-3,0,2011,"Dearomatize (ID: Dearomatize)
Clear Stereo (ID: ClearStereo)
Wedge Clean (ID: WedgeClean)
Mesomerize (ID: Mesomerize)
Tautomerize (ID: Tautomerize)
Aromatize (ID: Aromatize)
Add Explicit Hydrogens (ID: AddExplicitH)
Neutralize (ID: Neutralize)
Clean 2D (ID: Clean2D)",3.46410155296326,2011,CC(C)(Oc1ccc(C2CC2(Cl)Cl)cc1)C(=O)O
"InChI=1S/C7H14O8/c8-1-2(9)3(10)4(11)5(12)6(13)7(14)15/h2-6,8-13H,1H2,(H,14,15)",,23351-51-1,0,2027,"Clear Stereo (ID: ClearStereo)
Wedge Clean (ID: WedgeClean)
Mesomerize (ID: Mesomerize)
Tautomerize (ID: Tautomerize)
Add Explicit Hydrogens (ID: AddExplicitH)
Neutralize (ID: Neutralize)
Clean 2D (ID: Clean2D)",3.46410155296326,2027,O=C(O)C(O)C(O)C(O)C(O)C(O)CO
"InChI=1S/C9H13N/c1-8(10)7-9-5-3-2-4-6-9/h2-6,8H,7,10H2,1H3",,51-64-9 300-62-9,0,2028,"Dearomatize (ID: Dearomatize)
Clear Stereo (ID: ClearStereo)
Wedge Clean (ID: WedgeClean)
Mesomerize (ID: Mesomerize)
Tautomerize (ID: Tautomerize)
Aromatize (ID: Aromatize)
Add Explicit Hydrogens (ID: AddExplicitH)
Neutralize (ID: Neutralize)
Clean 2D (ID: Clean2D)",3.46410155296326,2028,CC(N)Cc1ccccc1
"InChI=1S/C28H28O3/c1-31-26-7-6-23(21-2-3-22-12-24(27(29)30)5-4-20(22)11-21)13-25(26)28-14-17-8-18(15-28)10-19(9-17)16-28/h2-7,11-13,17-19H,8-10,14-16H2,1H3,(H,29,30)",,106685-40-9,0,2132,"Dearomatize (ID: Dearomatize)
Clear Stereo (ID: ClearStereo)
Wedge Clean (ID: WedgeClean)
Mesomerize (ID: Mesomerize)
Tautomerize (ID: Tautomerize)
Aromatize (ID: Aromatize)
Add Explicit Hydrogens (ID: AddExplicitH)
Neutralize (ID: Neutralize)
Clean 2D (ID: Clean2D)",3.46410155296326,2132,COc1ccc(-c2ccc3cc(C(=O)O)ccc3c2)cc1C12CC3CC(CC(C3)C1)C2
"InChI=1S/C15H10O2/c16-14-11-8-4-5-9-12(11)15(17)13(14)10-6-2-1-3-7-10/h1-9,13H",,83-12-5,0,2272,"Dearomatize (ID: Dearomatize)
Clear Stereo (ID: ClearStereo)
Wedge Clean (ID: WedgeClean)
Mesomerize (ID: Mesomerize)
Tautomerize (ID: Tautomerize)
Aromatize (ID: Aromatize)
Add Explicit Hydrogens (ID: AddExplicitH)
Neutralize (ID: Neutralize)
Clean 2D (ID: Clean2D)",3.46410155296326,2272,O=C1c2ccccc2C(=O)C1c1ccccc1
"InChI=1S/C18H34O3/c1-2-3-4-7-10-15-13-14-17(19)16(15)11-8-5-6-9-12-18(20)21/h15-17,19H,2-14H2,1H3,(H,20,21)",,56695-65-9,0,2299,"Clear Stereo (ID: ClearStereo)
Wedge Clean (ID: WedgeClean)
Mesomerize (ID: Mesomerize)
Tautomerize (ID: Tautomerize)
Add Explicit Hydrogens (ID: AddExplicitH)
Neutralize (ID: Neutralize)
Clean 2D (ID: Clean2D)",3.46410155296326,2299,CCCCCCC1CCC(O)C1CCCCCCC(=O)O
"InChI=1S/C5H7N3/c6-4-1-2-8-3-5(4)7/h1-3H,7H2,(H2,6,8)",,54-96-6,0,2450,"Dearomatize (ID: Dearomatize)
Clear Stereo (ID: ClearStereo)
Wedge Clean (ID: WedgeClean)
Mesomerize (ID: Mesomerize)
Tautomerize (ID: Tautomerize)
Aromatize (ID: Aromatize)
Add Explicit Hydrogens (ID: AddExplicitH)
Neutralize (ID: Neutralize)
Clean 2D (ID: Clean2D)",3.46410155296326,2450,Nc1ccncc1N
"InChI=1S/C6H14O3/c1-3-5(7)9-6(8)4-2/h5-8H,3-4H2,1-2H3",,25265-71-8,0,2650,"Clear Stereo (ID: ClearStereo)
Wedge Clean (ID: WedgeClean)
Mesomerize (ID: Mesomerize)
Tautomerize (ID: Tautomerize)
Add Explicit Hydrogens (ID: AddExplicitH)
Neutralize (ID: Neutralize)
Clean 2D (ID: Clean2D)",3.46410155296326,2650,CCC(O)OC(O)CC
"InChI=1S/C6H12O7/c7-1-2(8)3(9)4(10)5(11)6(12)13/h2-5,7-11H,1H2,(H,12,13)",,133-42-6,0,2685,"Clear Stereo (ID: ClearStereo)
Wedge Clean (ID: WedgeClean)
Mesomerize (ID: Mesomerize)
Tautomerize (ID: Tautomerize)
Add Explicit Hydrogens (ID: AddExplicitH)
Neutralize (ID: Neutralize)
Clean 2D (ID: Clean2D)",3.46410155296326,2685,O=C(O)C(O)C(O)C(O)C(O)CO
"InChI=1S/C18H20O2/c1-3-17(13-5-9-15(19)10-6-13)18(4-2)14-7-11-16(20)12-8-14/h5-12,19-20H,3-4H2,1-2H3",,56-53-1,0,2686,"Dearomatize (ID: Dearomatize)
Clear Stereo (ID: ClearStereo)
Wedge Clean (ID: WedgeClean)
Mesomerize (ID: Mesomerize)
Tautomerize (ID: Tautomerize)
Aromatize (ID: Aromatize)
Add Explicit Hydrogens (ID: AddExplicitH)
Neutralize (ID: Neutralize)
Clean 2D (ID: Clean2D)",3.46410155296326,2686,CCC(=C(CC)c1ccc(O)cc1)c1ccc(O)cc1
"InChI=1S/C21H40O4/c1-2-3-4-5-6-7-8-9-10-11-12-13-14-15-16-17-21(24)25-19-20(23)18-22/h9-10,20,22-23H,2-8,11-19H2,1H3",,25496-72-4,0,2772,"Clear Stereo (ID: ClearStereo)
Wedge Clean (ID: WedgeClean)
Mesomerize (ID: Mesomerize)
Tautomerize (ID: Tautomerize)
Add Explicit Hydrogens (ID: AddExplicitH)
Neutralize (ID: Neutralize)
Clean 2D (ID: Clean2D)",3.46410155296326,2772,CCCCCCCCC=CCCCCCCCC(=O)OCC(O)CO
"InChI=1S/C10H12O4/c1-2-3-7(11)6-4-9(13)10(14)5-8(6)12/h4-5,12-14H,2-3H2,1H3",,1421-63-2,0,2854,"Dearomatize (ID: Dearomatize)
Clear Stereo (ID: ClearStereo)
Wedge Clean (ID: WedgeClean)
Mesomerize (ID: Mesomerize)
Tautomerize (ID: Tautomerize)
Aromatize (ID: Aromatize)
Add Explicit Hydrogens (ID: AddExplicitH)
Neutralize (ID: Neutralize)
Clean 2D (ID: Clean2D)",3.46410155296326,2854,CCCC(=O)c1cc(O)c(O)cc1O
"InChI=1S/C9H13NO2/c1-6(10)9(12)7-3-2-4-8(11)5-7/h2-6,9,11-12H,10H2,1H3",,54-49-9,0,3229,"Dearomatize (ID: Dearomatize)
Clear Stereo (ID: ClearStereo)
Wedge Clean (ID: WedgeClean)
Mesomerize (ID: Mesomerize)
Tautomerize (ID: Tautomerize)
Aromatize (ID: Aromatize)
Add Explicit Hydrogens (ID: AddExplicitH)
Neutralize (ID: Neutralize)
Clean 2D (ID: Clean2D)",3.46410155296326,3229,CC(N)C(O)c1cccc(O)c1
"InChI=1S/C17H24O3/c1-12-9-14(11-17(2,3)10-12)20-16(19)15(18)13-7-5-4-6-8-13/h4-8,12,14-15,18H,9-11H2,1-3H3",,456-59-7,0,3244,"Dearomatize (ID: Dearomatize)
Clear Stereo (ID: ClearStereo)
Wedge Clean (ID: WedgeClean)
Mesomerize (ID: Mesomerize)
Tautomerize (ID: Tautomerize)
Aromatize (ID: Aromatize)
Add Explicit Hydrogens (ID: AddExplicitH)
Neutralize (ID: Neutralize)
Clean 2D (ID: Clean2D)",3.46410155296326,3244,CC1CC(OC(=O)C(O)c2ccccc2)CC(C)(C)C1
"InChI=1S/C16H12O3/c1-19-11-8-6-10(7-9-11)14-15(17)12-4-2-3-5-13(12)16(14)18/h2-9,14H,1H3",,117-37-3,0,3311,"Dearomatize (ID: Dearomatize)
Clear Stereo (ID: ClearStereo)
Wedge Clean (ID: WedgeClean)
Mesomerize (ID: Mesomerize)
Tautomerize (ID: Tautomerize)
Aromatize (ID: Aromatize)
Add Explicit Hydrogens (ID: AddExplicitH)
Neutralize (ID: Neutralize)
Clean 2D (ID: Clean2D)",3.46410155296326,3311,COc1ccc(C2C(=O)c3ccccc3C2=O)cc1
"InChI=1S/C7H9ClO/c1-3-7(9,4-2)5-6-8/h1,5-6,9H,4H2,2H3",,113-18-8,0,3458,"Clear Stereo (ID: ClearStereo)
Wedge Clean (ID: WedgeClean)
Mesomerize (ID: Mesomerize)
Tautomerize (ID: Tautomerize)
Add Explicit Hydrogens (ID: AddExplicitH)
Neutralize (ID: Neutralize)
Clean 2D (ID: Clean2D)",3.46410155296326,3458,C#CC(O)(C=CCl)CC
InChI=1S/C9H6O2/c10-9-6-5-7-3-1-2-4-8(7)11-9/h1-6H,,91-64-5,0,3538,"Dearomatize (ID: Dearomatize)
Clear Stereo (ID: ClearStereo)
Wedge Clean (ID: WedgeClean)
Mesomerize (ID: Mesomerize)
Tautomerize (ID: Tautomerize)
Aromatize (ID: Aromatize)
Add Explicit Hydrogens (ID: AddExplicitH)
Neutralize (ID: Neutralize)
Clean 2D (ID: Clean2D)",3.46410155296326,3538,O=c1ccc2ccccc2o1
AHUXYBVKTIBBJW-UHFFFAOYSA-N,Non-irritant,6843-66-9,0,4,"Dearomatize (ID: Dearomatize)
Clear Stereo (ID: ClearStereo)
Wedge Clean (ID: WedgeClean)
Mesomerize (ID: Mesomerize)
Tautomerize (ID: Tautomerize)
Aromatize (ID: Aromatize)
Add Explicit Hydrogens (ID: AddExplicitH)
Neutralize (ID: Neutralize)
Clean 2D (ID: Clean2D)",3.60555124282837,4,CO[Si](OC)(c1ccccc1)c1ccccc1
ALVYUZIFSCKIFP-UHFFFAOYSA-N,Non-irritant,17980-47-1,0,11,"Clear Stereo (ID: ClearStereo)
Wedge Clean (ID: WedgeClean)
Mesomerize (ID: Mesomerize)
Tautomerize (ID: Tautomerize)
Add Explicit Hydrogens (ID: AddExplicitH)
Neutralize (ID: Neutralize)
Clean 2D (ID: Clean2D)",3.60555124282837,11,CCO[Si](CC(C)C)(OCC)OCC
AWFJMMINHWORIB-PLNGDYQASA-N,Non-irritant,873888-84-7,0,23,"Dearomatize (ID: Dearomatize)
Clear Stereo (ID: ClearStereo)
Wedge Clean (ID: WedgeClean)
Mesomerize (ID: Mesomerize)
Tautomerize (ID: Tautomerize)
Aromatize (ID: Aromatize)
Add Explicit Hydrogens (ID: AddExplicitH)
Neutralize (ID: Neutralize)
Clean 2D (ID: Clean2D)",3.60555124282837,23,CCC=CCC(C)OC(=O)c1ccccc1O
BQOFWKZOCNGFEC-UHFFFAOYSA-N,Non-irritant,13466-78-9,0,58,"Clear Stereo (ID: ClearStereo)
Wedge Clean (ID: WedgeClean)
Mesomerize (ID: Mesomerize)
Tautomerize (ID: Tautomerize)
Add Explicit Hydrogens (ID: AddExplicitH)
Neutralize (ID: Neutralize)
Clean 2D (ID: Clean2D)",3.60555124282837,58,CC1=CCC2C(C1)C2(C)C
BYQDGAVOOHIJQS-UHFFFAOYSA-N,Non-irritant,27138-31-4,0,74,"Dearomatize (ID: Dearomatize)
Clear Stereo (ID: ClearStereo)
Wedge Clean (ID: WedgeClean)
Mesomerize (ID: Mesomerize)
Tautomerize (ID: Tautomerize)
Aromatize (ID: Aromatize)
Add Explicit Hydrogens (ID: AddExplicitH)
Neutralize (ID: Neutralize)
Clean 2D (ID: Clean2D)",3.60555124282837,74,O=C(OCCCOCCCOC(=O)c1ccccc1)c1ccccc1
CLYVDMAATCIVBF-UHFFFAOYSA-N,Non-irritant,128-69-8,0,101,"Dearomatize (ID: Dearomatize)
Clear Stereo (ID: ClearStereo)
Wedge Clean (ID: WedgeClean)
Mesomerize (ID: Mesomerize)
Tautomerize (ID: Tautomerize)
Aromatize (ID: Aromatize)
Add Explicit Hydrogens (ID: AddExplicitH)
Neutralize (ID: Neutralize)
Clean 2D (ID: Clean2D)",3.60555124282837,101,O=C1OC(=O)c2ccc3c4ccc5c6c(ccc(c7ccc1c2c73)c64)C(=O)OC5=O
DHEHEJGXTUCSQF-UHFFFAOYSA-N,Non-irritant,26761-45-5,0,135,"Clear Stereo (ID: ClearStereo)
Wedge Clean (ID: WedgeClean)
Mesomerize (ID: Mesomerize)
Tautomerize (ID: Tautomerize)
Add Explicit Hydrogens (ID: AddExplicitH)
Neutralize (ID: Neutralize)
Clean 2D (ID: Clean2D)",3.60555124282837,135,CCC(C)(CCC(C)C)C(=O)OCC1CO1
DOGJSOZYUGJVKS-UHFFFAOYSA-N,Non-irritant,30618-84-9,0,149,"Clear Stereo (ID: ClearStereo)
Wedge Clean (ID: WedgeClean)
Mesomerize (ID: Mesomerize)
Tautomerize (ID: Tautomerize)
Add Explicit Hydrogens (ID: AddExplicitH)
Neutralize (ID: Neutralize)
Clean 2D (ID: Clean2D)",3.60555124282837,149,O=C(CS)OCC(O)CO
FWDBOZPQNFPOLF-UHFFFAOYSA-N,Non-irritant,78-08-0,0,202,"Clear Stereo (ID: ClearStereo)
Wedge Clean (ID: WedgeClean)
Mesomerize (ID: Mesomerize)
Tautomerize (ID: Tautomerize)
Add Explicit Hydrogens (ID: AddExplicitH)
Neutralize (ID: Neutralize)
Clean 2D (ID: Clean2D)",3.60555124282837,202,C=C[Si](OCC)(OCC)OCC
GUOSQNAUYHMCRU-UHFFFAOYSA-N,Non-irritant,2432-99-7,0,237,"Clear Stereo (ID: ClearStereo)
Wedge Clean (ID: WedgeClean)
Mesomerize (ID: Mesomerize)
Tautomerize (ID: Tautomerize)
Add Explicit Hydrogens (ID: AddExplicitH)
Neutralize (ID: Neutralize)
Clean 2D (ID: Clean2D)",3.60555124282837,237,NCCCCCCCCCCC(=O)O
HQYALQRYBUJWDH-UHFFFAOYSA-N,Non-irritant,1067-25-0,0,271,"Clear Stereo (ID: ClearStereo)
Wedge Clean (ID: WedgeClean)
Mesomerize (ID: Mesomerize)
Tautomerize (ID: Tautomerize)
Add Explicit Hydrogens (ID: AddExplicitH)
Neutralize (ID: Neutralize)
Clean 2D (ID: Clean2D)",3.60555124282837,271,CCC[Si](OC)(OC)OC
IZYUWBATGXUSIK-UHFFFAOYSA-N,Non-irritant,27138-31-4,0,335,"Dearomatize (ID: Dearomatize)
Clear Stereo (ID: ClearStereo)
Wedge Clean (ID: WedgeClean)
Mesomerize (ID: Mesomerize)
Tautomerize (ID: Tautomerize)
Aromatize (ID: Aromatize)
Add Explicit Hydrogens (ID: AddExplicitH)
Neutralize (ID: Neutralize)
Clean 2D (ID: Clean2D)",3.60555124282837,335,CC(COCC(C)OC(=O)c1ccccc1)OC(=O)c1ccccc1
KFUSXMDYOPXKKT-UHFFFAOYSA-N,Non-irritant,2210-79-9,0,378,"Dearomatize (ID: Dearomatize)
Clear Stereo (ID: ClearStereo)
Wedge Clean (ID: WedgeClean)
Mesomerize (ID: Mesomerize)
Tautomerize (ID: Tautomerize)
Aromatize (ID: Aromatize)
Add Explicit Hydrogens (ID: AddExplicitH)
Neutralize (ID: Neutralize)
Clean 2D (ID: Clean2D)",3.60555124282837,378,Cc1ccccc1OCC1CO1
KNNOZYMZRGTZQM-UHFFFAOYSA-N,Non-irritant,134652-60-1,0,394,"Clear Stereo (ID: ClearStereo)
Wedge Clean (ID: WedgeClean)
Mesomerize (ID: Mesomerize)
Tautomerize (ID: Tautomerize)
Add Explicit Hydrogens (ID: AddExplicitH)
Neutralize (ID: Neutralize)
Clean 2D (ID: Clean2D)",3.60555124282837,394,C=C(C)C(=O)O[Si](C(C)C)(C(C)C)C(C)C
KSCAZPYHLGGNPZ-UHFFFAOYSA-N,Non-irritant,5089-70-3,0,402,"Clear Stereo (ID: ClearStereo)
Wedge Clean (ID: WedgeClean)
Mesomerize (ID: Mesomerize)
Tautomerize (ID: Tautomerize)
Add Explicit Hydrogens (ID: AddExplicitH)
Neutralize (ID: Neutralize)
Clean 2D (ID: Clean2D)",3.60555124282837,402,CCO[Si](CCCCl)(OCC)OCC
KZSNJWFQEVHDMF-UHFFFAOYSA-N,Non-irritant,72-18-4,0,418,"Clear Stereo (ID: ClearStereo)
Wedge Clean (ID: WedgeClean)
Mesomerize (ID: Mesomerize)
Tautomerize (ID: Tautomerize)
Add Explicit Hydrogens (ID: AddExplicitH)
Neutralize (ID: Neutralize)
Clean 2D (ID: Clean2D)",3.60555124282837,418,CC(C)C(N)C(=O)O
NBCMACYORPIYNY-NSCUHMNNSA-N,Non-irritant,32764-98-0,0,507,"Clear Stereo (ID: ClearStereo)
Wedge Clean (ID: WedgeClean)
Mesomerize (ID: Mesomerize)
Tautomerize (ID: Tautomerize)
Add Explicit Hydrogens (ID: AddExplicitH)
Neutralize (ID: Neutralize)
Clean 2D (ID: Clean2D)",3.60555124282837,507,CC=CCCC1CCCC(=O)O1
NBIIXXVUZAFLBC-UHFFFAOYSA-M,Non-irritant,7722-76-1,0,509,"Clear Stereo (ID: ClearStereo)
Wedge Clean (ID: WedgeClean)
Mesomerize (ID: Mesomerize)
Tautomerize (ID: Tautomerize)
Add Explicit Hydrogens (ID: AddExplicitH)
Neutralize (ID: Neutralize)
Clean 2D (ID: Clean2D)",3.60555124282837,509,O=P(O)(O)O
NMEPHPOFYLLFTK-UHFFFAOYSA-N,Non-irritant,3069-40-7,0,524,"Clear Stereo (ID: ClearStereo)
Wedge Clean (ID: WedgeClean)
Mesomerize (ID: Mesomerize)
Tautomerize (ID: Tautomerize)
Add Explicit Hydrogens (ID: AddExplicitH)
Neutralize (ID: Neutralize)
Clean 2D (ID: Clean2D)",3.60555124282837,524,CCCCCCCC[Si](OC)(OC)OC
NXQMCAOPTPLPRL-UHFFFAOYSA-N,Non-irritant,120-55-8,0,539,"Dearomatize (ID: Dearomatize)
Clear Stereo (ID: ClearStereo)
Wedge Clean (ID: WedgeClean)
Mesomerize (ID: Mesomerize)
Tautomerize (ID: Tautomerize)
Aromatize (ID: Aromatize)
Add Explicit Hydrogens (ID: AddExplicitH)
Neutralize (ID: Neutralize)
Clean 2D (ID: Clean2D)",3.60555124282837,539,O=C(OCCOCCOC(=O)c1ccccc1)c1ccccc1
PCKZAVNWRLEHIP-UHFFFAOYSA-N,Non-irritant,474510-57-1,0,581,"Dearomatize (ID: Dearomatize)
Clear Stereo (ID: ClearStereo)
Wedge Clean (ID: WedgeClean)
Mesomerize (ID: Mesomerize)
Tautomerize (ID: Tautomerize)
Aromatize (ID: Aromatize)
Add Explicit Hydrogens (ID: AddExplicitH)
Neutralize (ID: Neutralize)
Clean 2D (ID: Clean2D)",3.60555124282837,581,CC(C)(O)C(=O)c1ccc(Cc2ccc(C(=O)C(C)(C)O)cc2)cc1
QNODIIQQMGDSEF-UHFFFAOYSA-N,Non-irritant,947-19-3,0,646,"Dearomatize (ID: Dearomatize)
Clear Stereo (ID: ClearStereo)
Wedge Clean (ID: WedgeClean)
Mesomerize (ID: Mesomerize)
Tautomerize (ID: Tautomerize)
Aromatize (ID: Aromatize)
Add Explicit Hydrogens (ID: AddExplicitH)
Neutralize (ID: Neutralize)
Clean 2D (ID: Clean2D)",3.60555124282837,646,O=C(c1ccccc1)C1(O)CCCCC1
RSKGMYDENCAJEN-UHFFFAOYSA-N,Non-irritant,16415-12-6,0,687,"Clear Stereo (ID: ClearStereo)
Wedge Clean (ID: WedgeClean)
Mesomerize (ID: Mesomerize)
Tautomerize (ID: Tautomerize)
Add Explicit Hydrogens (ID: AddExplicitH)
Neutralize (ID: Neutralize)
Clean 2D (ID: Clean2D)",3.60555124282837,687,CCCCCCCCCCCCCCCC[Si](OC)(OC)OC
UXZFQZANDVDGMM-UHFFFAOYSA-N,Non-irritant,83-73-8,0,812,"Dearomatize (ID: Dearomatize)
Clear Stereo (ID: ClearStereo)
Wedge Clean (ID: WedgeClean)
Mesomerize (ID: Mesomerize)
Tautomerize (ID: Tautomerize)
Aromatize (ID: Aromatize)
Add Explicit Hydrogens (ID: AddExplicitH)
Neutralize (ID: Neutralize)
Clean 2D (ID: Clean2D)",3.60555124282837,812,Oc1c(I)cc(I)c2cccnc12
VQNUNMBDOKEZHS-UHFFFAOYSA-N,Non-irritant,58567-11-6,0,840,"Clear Stereo (ID: ClearStereo)
Wedge Clean (ID: WedgeClean)
Mesomerize (ID: Mesomerize)
Tautomerize (ID: Tautomerize)
Add Explicit Hydrogens (ID: AddExplicitH)
Neutralize (ID: Neutralize)
Clean 2D (ID: Clean2D)",3.60555124282837,840,CCOCOC1CCCCCCCCCCC1
WMYINDVYGQKYMI-UHFFFAOYSA-N,Non-irritant,23235-61-2,0,869,"Clear Stereo (ID: ClearStereo)
Wedge Clean (ID: WedgeClean)
Mesomerize (ID: Mesomerize)
Tautomerize (ID: Tautomerize)
Add Explicit Hydrogens (ID: AddExplicitH)
Neutralize (ID: Neutralize)
Clean 2D (ID: Clean2D)",3.60555124282837,869,CCC(CO)(CO)COCC(CC)(CO)CO
WYCOJIVDCGJKDB-UHFFFAOYSA-M,Non-irritant,1300-72-7,0,891,"Dearomatize (ID: Dearomatize)
Clear Stereo (ID: ClearStereo)
Wedge Clean (ID: WedgeClean)
Mesomerize (ID: Mesomerize)
Tautomerize (ID: Tautomerize)
Aromatize (ID: Aromatize)
Add Explicit Hydrogens (ID: AddExplicitH)
Neutralize (ID: Neutralize)
Clean 2D (ID: Clean2D)",3.60555124282837,891,Cc1ccc(S(=O)(=O)O)cc1C
XLDBGFGREOMWSL-UHFFFAOYSA-N,Non-irritant,2162-74-5,0,913,"Dearomatize (ID: Dearomatize)
Clear Stereo (ID: ClearStereo)
Wedge Clean (ID: WedgeClean)
Mesomerize (ID: Mesomerize)
Tautomerize (ID: Tautomerize)
Aromatize (ID: Aromatize)
Add Explicit Hydrogens (ID: AddExplicitH)
Neutralize (ID: Neutralize)
Clean 2D (ID: Clean2D)",3.60555124282837,913,CC(C)c1cccc(C(C)C)c1N=C=Nc1c(C(C)C)cccc1C(C)C
XYJRNCYWTVGEEG-UHFFFAOYSA-N,Non-irritant,18395-30-7,0,945,"Clear Stereo (ID: ClearStereo)
Wedge Clean (ID: WedgeClean)
Mesomerize (ID: Mesomerize)
Tautomerize (ID: Tautomerize)
Add Explicit Hydrogens (ID: AddExplicitH)
Neutralize (ID: Neutralize)
Clean 2D (ID: Clean2D)",3.60555124282837,945,CO[Si](CC(C)C)(OC)OC
YBUIAJZFOGJGLJ-UHFFFAOYSA-N,Non-irritant,32388-55-9,0,950,"Clear Stereo (ID: ClearStereo)
Wedge Clean (ID: WedgeClean)
Mesomerize (ID: Mesomerize)
Tautomerize (ID: Tautomerize)
Add Explicit Hydrogens (ID: AddExplicitH)
Neutralize (ID: Neutralize)
Clean 2D (ID: Clean2D)",3.60555124282837,950,CC(=O)C1=C(C)C2CC3(C1)C(C)CCC3C2(C)C
ZDOBWJOCPDIBRZ-UHFFFAOYSA-N,Non-irritant,15267-95-5,0,994,"Clear Stereo (ID: ClearStereo)
Wedge Clean (ID: WedgeClean)
Mesomerize (ID: Mesomerize)
Tautomerize (ID: Tautomerize)
Add Explicit Hydrogens (ID: AddExplicitH)
Neutralize (ID: Neutralize)
Clean 2D (ID: Clean2D)",3.60555124282837,994,CCO[Si](CCl)(OCC)OCC
ZNOCGWVLWPVKAO-UHFFFAOYSA-N,Non-irritant,2996-92-1,0,1010,"Dearomatize (ID: Dearomatize)
Clear Stereo (ID: ClearStereo)
Wedge Clean (ID: WedgeClean)
Mesomerize (ID: Mesomerize)
Tautomerize (ID: Tautomerize)
Aromatize (ID: Aromatize)
Add Explicit Hydrogens (ID: AddExplicitH)
Neutralize (ID: Neutralize)
Clean 2D (ID: Clean2D)",3.60555124282837,1010,CO[Si](OC)(OC)c1ccccc1
ZQZCOBSUOFHDEE-UHFFFAOYSA-N,Non-irritant,682-01-9,0,1020,"Clear Stereo (ID: ClearStereo)
Wedge Clean (ID: WedgeClean)
Mesomerize (ID: Mesomerize)
Tautomerize (ID: Tautomerize)
Add Explicit Hydrogens (ID: AddExplicitH)
Neutralize (ID: Neutralize)
Clean 2D (ID: Clean2D)",3.60555124282837,1020,CCCO[Si](OCCC)(OCCC)OCCC
"InChI=1S/C9H11N/c10-9-6-8(9)7-4-2-1-3-5-7/h1-5,8-9H,6,10H2",,95-62-5,0,1049,"Dearomatize (ID: Dearomatize)
Clear Stereo (ID: ClearStereo)
Wedge Clean (ID: WedgeClean)
Mesomerize (ID: Mesomerize)
Tautomerize (ID: Tautomerize)
Aromatize (ID: Aromatize)
Add Explicit Hydrogens (ID: AddExplicitH)
Neutralize (ID: Neutralize)
Clean 2D (ID: Clean2D)",3.60555124282837,1049,NC1CC1c1ccccc1
"InChI=1S/C10H24N2O2/c1-3-9(7-13)11-5-6-12-10(4-2)8-14/h9-14H,3-8H2,1-2H3",,74-55-5,0,1052,"Clear Stereo (ID: ClearStereo)
Wedge Clean (ID: WedgeClean)
Mesomerize (ID: Mesomerize)
Tautomerize (ID: Tautomerize)
Add Explicit Hydrogens (ID: AddExplicitH)
Neutralize (ID: Neutralize)
Clean 2D (ID: Clean2D)",3.60555124282837,1052,CCC(CO)NCCNC(CC)CO
"InChI=1S/C19H20O4/c1-19(2,13-22-17(20)15-9-5-3-6-10-15)14-23-18(21)16-11-7-4-8-12-16/h3-12H,13-14H2,1-2H3",Non-irritant,4196-89-8,0,1438,"Dearomatize (ID: Dearomatize)
Clear Stereo (ID: ClearStereo)
Wedge Clean (ID: WedgeClean)
Mesomerize (ID: Mesomerize)
Tautomerize (ID: Tautomerize)
Aromatize (ID: Aromatize)
Add Explicit Hydrogens (ID: AddExplicitH)
Neutralize (ID: Neutralize)
Clean 2D (ID: Clean2D)",3.60555124282837,1438,CC(C)(COC(=O)c1ccccc1)COC(=O)c1ccccc1
"InChI=1S/C9H13NO3/c1-5(10)9(13)6-2-3-7(11)8(12)4-6/h2-5,9,11-13H,10H2,1H3",,829-74-3,0,1543,"Dearomatize (ID: Dearomatize)
Clear Stereo (ID: ClearStereo)
Wedge Clean (ID: WedgeClean)
Mesomerize (ID: Mesomerize)
Tautomerize (ID: Tautomerize)
Aromatize (ID: Aromatize)
Add Explicit Hydrogens (ID: AddExplicitH)
Neutralize (ID: Neutralize)
Clean 2D (ID: Clean2D)",3.60555124282837,1543,CC(N)C(O)c1ccc(O)c(O)c1
"InChI=1S/C10H7Cl2NO/c1-5-2-3-6-7(11)4-8(12)10(14)9(6)13-5/h2-4,14H,1H3",,72-80-0,0,1586,"Dearomatize (ID: Dearomatize)
Clear Stereo (ID: ClearStereo)
Wedge Clean (ID: WedgeClean)
Mesomerize (ID: Mesomerize)
Tautomerize (ID: Tautomerize)
Aromatize (ID: Aromatize)
Add Explicit Hydrogens (ID: AddExplicitH)
Neutralize (ID: Neutralize)
Clean 2D (ID: Clean2D)",3.60555124282837,1586,Cc1ccc2c(Cl)cc(Cl)c(O)c2n1
"InChI=1S/C10H14O4/c1-13-9-4-2-3-5-10(9)14-7-8(12)6-11/h2-5,8,11-12H,6-7H2,1H3",,93-14-1,0,1697,"Dearomatize (ID: Dearomatize)
Clear Stereo (ID: ClearStereo)
Wedge Clean (ID: WedgeClean)
Mesomerize (ID: Mesomerize)
Tautomerize (ID: Tautomerize)
Aromatize (ID: Aromatize)
Add Explicit Hydrogens (ID: AddExplicitH)
Neutralize (ID: Neutralize)
Clean 2D (ID: Clean2D)",3.60555124282837,1697,COc1ccccc1OCC(O)CO
"InChI=1S/C13H9Cl3N2O/c14-8-1-3-9(4-2-8)17-13(19)18-10-5-6-11(15)12(16)7-10/h1-7H,(H2,17,18,19)",Non-irritant,101-20-2,0,1745,"Dearomatize (ID: Dearomatize)
Clear Stereo (ID: ClearStereo)
Wedge Clean (ID: WedgeClean)
Mesomerize (ID: Mesomerize)
Tautomerize (ID: Tautomerize)
Aromatize (ID: Aromatize)
Add Explicit Hydrogens (ID: AddExplicitH)
Neutralize (ID: Neutralize)
Clean 2D (ID: Clean2D)",3.60555124282837,1745,O=C(Nc1ccc(Cl)cc1)Nc1ccc(Cl)c(Cl)c1
"InChI=1S/C20H32O2/c1-12-11-20(3)13(10-17(12)21)4-5-14-15-6-7-18(22)19(15,2)9-8-16(14)20/h12-16,18,22H,4-11H2,1-3H3",,58-19-5,0,1774,"Clear Stereo (ID: ClearStereo)
Wedge Clean (ID: WedgeClean)
Mesomerize (ID: Mesomerize)
Tautomerize (ID: Tautomerize)
Add Explicit Hydrogens (ID: AddExplicitH)
Neutralize (ID: Neutralize)
Clean 2D (ID: Clean2D)",3.60555124282837,1774,CC1CC2(C)C(CCC3C4CCC(O)C4(C)CCC32)CC1=O
"InChI=1S/C10H21N/c1-9(11-2)8-10-6-4-3-5-7-10/h9-11H,3-8H2,1-2H3",,101-40-6,0,1856,"Clear Stereo (ID: ClearStereo)
Wedge Clean (ID: WedgeClean)
Mesomerize (ID: Mesomerize)
Tautomerize (ID: Tautomerize)
Add Explicit Hydrogens (ID: AddExplicitH)
Neutralize (ID: Neutralize)
Clean 2D (ID: Clean2D)",3.60555124282837,1856,CNC(C)CC1CCCCC1
"InChI=1S/C10H14O3/c1-8-4-2-3-5-10(8)13-7-9(12)6-11/h2-5,9,11-12H,6-7H2,1H3",,59-47-2,0,1935,"Dearomatize (ID: Dearomatize)
Clear Stereo (ID: ClearStereo)
Wedge Clean (ID: WedgeClean)
Mesomerize (ID: Mesomerize)
Tautomerize (ID: Tautomerize)
Aromatize (ID: Aromatize)
Add Explicit Hydrogens (ID: AddExplicitH)
Neutralize (ID: Neutralize)
Clean 2D (ID: Clean2D)",3.60555124282837,1935,Cc1ccccc1OCC(O)CO
"InChI=1S/C18H22O3/c1-5-16(18(2,3)17(19)20)14-7-6-13-11-15(21-4)9-8-12(13)10-14/h6-11,16H,5H2,1-4H3,(H,19,20)",,517-18-0,0,1977,"Dearomatize (ID: Dearomatize)
Clear Stereo (ID: ClearStereo)
Wedge Clean (ID: WedgeClean)
Mesomerize (ID: Mesomerize)
Tautomerize (ID: Tautomerize)
Aromatize (ID: Aromatize)
Add Explicit Hydrogens (ID: AddExplicitH)
Neutralize (ID: Neutralize)
Clean 2D (ID: Clean2D)",3.60555124282837,1977,CCC(c1ccc2cc(OC)ccc2c1)C(C)(C)C(=O)O
"InChI=1S/C9H9Cl2NO/c1-2-9(13)12-6-3-4-7(10)8(11)5-6/h3-5H,2H2,1H3,(H,12,13)",,709-98-8,0,2056,"Dearomatize (ID: Dearomatize)
Clear Stereo (ID: ClearStereo)
Wedge Clean (ID: WedgeClean)
Mesomerize (ID: Mesomerize)
Tautomerize (ID: Tautomerize)
Aromatize (ID: Aromatize)
Add Explicit Hydrogens (ID: AddExplicitH)
Neutralize (ID: Neutralize)
Clean 2D (ID: Clean2D)",3.60555124282837,2056,CCC(=O)Nc1ccc(Cl)c(Cl)c1
"InChI=1S/C13H17N/c1-4-10-14(3)12(2)11-13-8-6-5-7-9-13/h1,5-9,12H,10-11H2,2-3H3",,14611-51-9,0,2158,"Dearomatize (ID: Dearomatize)
Clear Stereo (ID: ClearStereo)
Wedge Clean (ID: WedgeClean)
Mesomerize (ID: Mesomerize)
Tautomerize (ID: Tautomerize)
Aromatize (ID: Aromatize)
Add Explicit Hydrogens (ID: AddExplicitH)
Neutralize (ID: Neutralize)
Clean 2D (ID: Clean2D)",3.60555124282837,2158,C#CCN(C)C(C)Cc1ccccc1
"InChI=1S/C11H8O2/c1-7-6-10(12)8-4-2-3-5-9(8)11(7)13/h2-6H,1H3",,58-27-5,0,2180,"Dearomatize (ID: Dearomatize)
Clear Stereo (ID: ClearStereo)
Wedge Clean (ID: WedgeClean)
Mesomerize (ID: Mesomerize)
Tautomerize (ID: Tautomerize)
Aromatize (ID: Aromatize)
Add Explicit Hydrogens (ID: AddExplicitH)
Neutralize (ID: Neutralize)
Clean 2D (ID: Clean2D)",3.60555124282837,2180,CC1=CC(=O)c2ccccc2C1=O
"InChI=1S/C6H14FO3P/c1-5(2)9-11(7,8)10-6(3)4/h5-6H,1-4H3",,55-91-4,0,2219,"Clear Stereo (ID: ClearStereo)
Wedge Clean (ID: WedgeClean)
Mesomerize (ID: Mesomerize)
Tautomerize (ID: Tautomerize)
Add Explicit Hydrogens (ID: AddExplicitH)
Neutralize (ID: Neutralize)
Clean 2D (ID: Clean2D)",3.60555124282837,2219,CC(C)OP(=O)(F)OC(C)C
"InChI=1S/C10H15N/c1-9(11-2)8-10-6-4-3-5-7-10/h3-7,9,11H,8H2,1-2H3",,537-46-2,0,2244,"Dearomatize (ID: Dearomatize)
Clear Stereo (ID: ClearStereo)
Wedge Clean (ID: WedgeClean)
Mesomerize (ID: Mesomerize)
Tautomerize (ID: Tautomerize)
Aromatize (ID: Aromatize)
Add Explicit Hydrogens (ID: AddExplicitH)
Neutralize (ID: Neutralize)
Clean 2D (ID: Clean2D)",3.60555124282837,2244,CNC(C)Cc1ccccc1
"InChI=1S/C4H10O3/c1-7-3-4(6)2-5/h4-6H,2-3H2,1H3",Non-irritant,623-39-2,0,2539,"Clear Stereo (ID: ClearStereo)
Wedge Clean (ID: WedgeClean)
Mesomerize (ID: Mesomerize)
Tautomerize (ID: Tautomerize)
Add Explicit Hydrogens (ID: AddExplicitH)
Neutralize (ID: Neutralize)
Clean 2D (ID: Clean2D)",3.60555124282837,2539,COCC(O)CO
"InChI=1S/C16H14Cl2O3/c1-2-21-15(19)16(20,11-3-7-13(17)8-4-11)12-5-9-14(18)10-6-12/h3-10,20H,2H2,1H3",,510-15-6,0,2657,"Dearomatize (ID: Dearomatize)
Clear Stereo (ID: ClearStereo)
Wedge Clean (ID: WedgeClean)
Mesomerize (ID: Mesomerize)
Tautomerize (ID: Tautomerize)
Aromatize (ID: Aromatize)
Add Explicit Hydrogens (ID: AddExplicitH)
Neutralize (ID: Neutralize)
Clean 2D (ID: Clean2D)",3.60555124282837,2657,CCOC(=O)C(O)(c1ccc(Cl)cc1)c1ccc(Cl)cc1
"InChI=1S/C2H8N2/c1-4(2)3/h3H2,1-2H3",,57-14-7,0,2689,"Clear Stereo (ID: ClearStereo)
Wedge Clean (ID: WedgeClean)
Mesomerize (ID: Mesomerize)
Tautomerize (ID: Tautomerize)
Add Explicit Hydrogens (ID: AddExplicitH)
Neutralize (ID: Neutralize)
Clean 2D (ID: Clean2D)",3.60555124282837,2689,CN(C)N
"InChI=1S/C8H9NO2/c1-6(10)9-7-2-4-8(11)5-3-7/h2-5,11H,1H3,(H,9,10)",,103-90-2,0,2774,"Dearomatize (ID: Dearomatize)
Clear Stereo (ID: ClearStereo)
Wedge Clean (ID: WedgeClean)
Mesomerize (ID: Mesomerize)
Tautomerize (ID: Tautomerize)
Aromatize (ID: Aromatize)
Add Explicit Hydrogens (ID: AddExplicitH)
Neutralize (ID: Neutralize)
Clean 2D (ID: Clean2D)",3.60555124282837,2774,CC(=O)Nc1ccc(O)cc1
"InChI=1S/C6H13NO2/c7-5-3-1-2-4-6(8)9/h1-5,7H2,(H,8,9)",,60-32-2,0,2828,"Clear Stereo (ID: ClearStereo)
Wedge Clean (ID: WedgeClean)
Mesomerize (ID: Mesomerize)
Tautomerize (ID: Tautomerize)
Add Explicit Hydrogens (ID: AddExplicitH)
Neutralize (ID: Neutralize)
Clean 2D (ID: Clean2D)",3.60555124282837,2828,NCCCCCC(=O)O
"InChI=1S/C10H22O7/c11-1-9(2-12,3-13)7-17-8-10(4-14,5-15)6-16/h11-16H,1-8H2",,126-58-9,0,2893,"Clear Stereo (ID: ClearStereo)
Wedge Clean (ID: WedgeClean)
Mesomerize (ID: Mesomerize)
Tautomerize (ID: Tautomerize)
Add Explicit Hydrogens (ID: AddExplicitH)
Neutralize (ID: Neutralize)
Clean 2D (ID: Clean2D)",3.60555124282837,2893,OCC(CO)(CO)COCC(CO)(CO)CO
"InChI=1S/C15H32N2/c1-16(12-6-7-13-16)10-4-3-5-11-17(2)14-8-9-15-17/h3-15H2,1-2H3/q+2",,144-44-5,0,3314,"Clear Stereo (ID: ClearStereo)
Wedge Clean (ID: WedgeClean)
Mesomerize (ID: Mesomerize)
Tautomerize (ID: Tautomerize)
Add Explicit Hydrogens (ID: AddExplicitH)
Clean 2D (ID: Clean2D)",3.60555124282837,3314,C[N+]1(CCCCC[N+]2(C)CCCC2)CCCC1
"InChI=1S/C15H18O3/c1-10(15(17)18)12-7-5-11(6-8-12)9-13-3-2-4-14(13)16/h5-8,10,13H,2-4,9H2,1H3,(H,17,18)",,68767-14-6,0,3395,"Dearomatize (ID: Dearomatize)
Clear Stereo (ID: ClearStereo)
Wedge Clean (ID: WedgeClean)
Mesomerize (ID: Mesomerize)
Tautomerize (ID: Tautomerize)
Aromatize (ID: Aromatize)
Add Explicit Hydrogens (ID: AddExplicitH)
Neutralize (ID: Neutralize)
Clean 2D (ID: Clean2D)",3.60555124282837,3395,CC(C(=O)O)c1ccc(CC2CCCC2=O)cc1
"InChI=1S/C20H23ClO3/c1-4-20(3,19(22)23-5-2)24-18-12-8-16(9-13-18)14-15-6-10-17(21)11-7-15/h6-13H,4-5,14H2,1-3H3",,55937-99-0,0,3428,"Dearomatize (ID: Dearomatize)
Clear Stereo (ID: ClearStereo)
Wedge Clean (ID: WedgeClean)
Mesomerize (ID: Mesomerize)
Tautomerize (ID: Tautomerize)
Aromatize (ID: Aromatize)
Add Explicit Hydrogens (ID: AddExplicitH)
Neutralize (ID: Neutralize)
Clean 2D (ID: Clean2D)",3.60555124282837,3428,CCOC(=O)C(C)(CC)Oc1ccc(Cc2ccc(Cl)cc2)cc1
"InChI=1S/C16H14O3/c17-15(10-11-16(18)19)14-8-6-13(7-9-14)12-4-2-1-3-5-12/h1-9H,10-11H2,(H,18,19)",,36330-85-5,0,3497,"Dearomatize (ID: Dearomatize)
Clear Stereo (ID: ClearStereo)
Wedge Clean (ID: WedgeClean)
Mesomerize (ID: Mesomerize)
Tautomerize (ID: Tautomerize)
Aromatize (ID: Aromatize)
Add Explicit Hydrogens (ID: AddExplicitH)
Neutralize (ID: Neutralize)
Clean 2D (ID: Clean2D)",3.60555124282837,3497,O=C(O)CCC(=O)c1ccc(-c2ccccc2)cc1
BALAUIYKESNHDW-UHFFFAOYSA-N,Non-irritant,68912-13-0,0,32,"Clear Stereo (ID: ClearStereo)
Wedge Clean (ID: WedgeClean)
Mesomerize (ID: Mesomerize)
Tautomerize (ID: Tautomerize)
Add Explicit Hydrogens (ID: AddExplicitH)
Neutralize (ID: Neutralize)
Clean 2D (ID: Clean2D)",3.74165749549866,32,CCC(=O)OC1C=CC2C3CCC(C3)C12
BYRJZJXBVKUYFH-UHFFFAOYSA-N,Non-irritant,30989-05-0,0,75,"Clear Stereo (ID: ClearStereo)
Wedge Clean (ID: WedgeClean)
Mesomerize (ID: Mesomerize)
Tautomerize (ID: Tautomerize)
Add Explicit Hydrogens (ID: AddExplicitH)
Neutralize (ID: Neutralize)
Clean 2D (ID: Clean2D)",3.74165749549866,75,COCCOCCOCCOB(OCCOCCOCCOC)OCCOCCOCCOC
CENPSTJGQOQKKW-UHFFFAOYSA-N,Non-irritant,31274-51-8,0,91,"Dearomatize (ID: Dearomatize)
Clear Stereo (ID: ClearStereo)
Wedge Clean (ID: WedgeClean)
Mesomerize (ID: Mesomerize)
Tautomerize (ID: Tautomerize)
Aromatize (ID: Aromatize)
Add Explicit Hydrogens (ID: AddExplicitH)
Neutralize (ID: Neutralize)
Clean 2D (ID: Clean2D)",3.74165749549866,91,c1ccc(-c2ccc(-c3nc(-c4ccc(-c5ccccc5)cc4)nc(-c4ccc(-c5ccccc5)cc4)n3)cc2)cc1
CIAZJIQGPOGZDS-UHFFFAOYSA-N,Non-irritant,,0,96,"Clear Stereo (ID: ClearStereo)
Wedge Clean (ID: WedgeClean)
Mesomerize (ID: Mesomerize)
Tautomerize (ID: Tautomerize)
Add Explicit Hydrogens (ID: AddExplicitH)
Neutralize (ID: Neutralize)
Clean 2D (ID: Clean2D)",3.74165749549866,96,CCCCCCCCCCCCCC[Si](C)(O[Si](C)(C)C)O[Si](C)(C)C
CVLHGLWXLDOELD-UHFFFAOYSA-M,Non-irritant,15763-76-5,0,121,"Dearomatize (ID: Dearomatize)
Clear Stereo (ID: ClearStereo)
Wedge Clean (ID: WedgeClean)
Mesomerize (ID: Mesomerize)
Tautomerize (ID: Tautomerize)
Aromatize (ID: Aromatize)
Add Explicit Hydrogens (ID: AddExplicitH)
Neutralize (ID: Neutralize)
Clean 2D (ID: Clean2D)",3.74165749549866,121,CC(C)c1ccc(S(=O)(=O)O)cc1
DFMGMJBWBQNZNK-UHFFFAOYSA-N,Non-irritant,115895-09-5,0,131,"Dearomatize (ID: Dearomatize)
Clear Stereo (ID: ClearStereo)
Wedge Clean (ID: WedgeClean)
Mesomerize (ID: Mesomerize)
Tautomerize (ID: Tautomerize)
Aromatize (ID: Aromatize)
Add Explicit Hydrogens (ID: AddExplicitH)
Neutralize (ID: Neutralize)
Clean 2D (ID: Clean2D)",3.74165749549866,131,CCCCCCCCCCCCCCCCOC(=O)Oc1c(Cl)cc(C(=O)OCC)cc1Cl
FBBATURSCRIBHN-UHFFFAOYSA-N,Non-irritant,56706-10-6,0,168,"Clear Stereo (ID: ClearStereo)
Wedge Clean (ID: WedgeClean)
Mesomerize (ID: Mesomerize)
Tautomerize (ID: Tautomerize)
Add Explicit Hydrogens (ID: AddExplicitH)
Neutralize (ID: Neutralize)
Clean 2D (ID: Clean2D)",3.74165749549866,168,CCO[Si](CCCSSCCC[Si](OCC)(OCC)OCC)(OCC)OCC
FDCWERGDFBPCQG-UHFFFAOYSA-N,Non-irritant,37208-53-0,0,173,"Clear Stereo (ID: ClearStereo)
Wedge Clean (ID: WedgeClean)
Mesomerize (ID: Mesomerize)
Tautomerize (ID: Tautomerize)
Add Explicit Hydrogens (ID: AddExplicitH)
Neutralize (ID: Neutralize)
Clean 2D (ID: Clean2D)",3.74165749549866,173,OCCCOCCN(CCOCCCO)CCOCCCO
HHRACYLRBOUBKM-UHFFFAOYSA-N,Non-irritant,3101-60-8,0,255,"Dearomatize (ID: Dearomatize)
Clear Stereo (ID: ClearStereo)
Wedge Clean (ID: WedgeClean)
Mesomerize (ID: Mesomerize)
Tautomerize (ID: Tautomerize)
Aromatize (ID: Aromatize)
Add Explicit Hydrogens (ID: AddExplicitH)
Neutralize (ID: Neutralize)
Clean 2D (ID: Clean2D)",3.74165749549866,255,CC(C)(C)c1ccc(OCC2CO2)cc1
ICLCCFKUSALICQ-UHFFFAOYSA-N,Non-irritant,91-97-4,0,300,"Dearomatize (ID: Dearomatize)
Clear Stereo (ID: ClearStereo)
Wedge Clean (ID: WedgeClean)
Mesomerize (ID: Mesomerize)
Tautomerize (ID: Tautomerize)
Aromatize (ID: Aromatize)
Add Explicit Hydrogens (ID: AddExplicitH)
Neutralize (ID: Neutralize)
Clean 2D (ID: Clean2D)",3.74165749549866,300,Cc1cc(-c2ccc(N=C=O)c(C)c2)ccc1N=C=O
ISRJTGUYHVPAOR-UHFFFAOYSA-N,Non-irritant,12542-30-2,0,324,"Clear Stereo (ID: ClearStereo)
Wedge Clean (ID: WedgeClean)
Mesomerize (ID: Mesomerize)
Tautomerize (ID: Tautomerize)
Add Explicit Hydrogens (ID: AddExplicitH)
Neutralize (ID: Neutralize)
Clean 2D (ID: Clean2D)",3.74165749549866,324,C=CC(=O)OC1C=CC2C3CCC(C3)C12
KEZMLECYELSZDC-UHFFFAOYSA-N,Non-irritant,13501-76-3,0,373,"Clear Stereo (ID: ClearStereo)
Wedge Clean (ID: WedgeClean)
Mesomerize (ID: Mesomerize)
Tautomerize (ID: Tautomerize)
Add Explicit Hydrogens (ID: AddExplicitH)
Neutralize (ID: Neutralize)
Clean 2D (ID: Clean2D)",3.74165749549866,373,CCO[Si](C)(CCCCl)OCC
KWIUHFFTVRNATP-UHFFFAOYSA-N,Non-irritant,107-43-7,0,410,"Clear Stereo (ID: ClearStereo)
Wedge Clean (ID: WedgeClean)
Mesomerize (ID: Mesomerize)
Tautomerize (ID: Tautomerize)
Add Explicit Hydrogens (ID: AddExplicitH)
Clean 2D (ID: Clean2D)",3.74165749549866,410,C[N+](C)(C)CC(=O)[O-]
KXJLGCBCRCSXQF-UHFFFAOYSA-N,Non-irritant,17689-77-9,0,414,"Clear Stereo (ID: ClearStereo)
Wedge Clean (ID: WedgeClean)
Mesomerize (ID: Mesomerize)
Tautomerize (ID: Tautomerize)
Add Explicit Hydrogens (ID: AddExplicitH)
Neutralize (ID: Neutralize)
Clean 2D (ID: Clean2D)",3.74165749549866,414,CC[Si](OC(C)=O)(OC(C)=O)OC(C)=O
MDVYIGJINBYKOM-UHFFFAOYSA-N,Non-irritant,87061-04-9,0,467,"Clear Stereo (ID: ClearStereo)
Wedge Clean (ID: WedgeClean)
Mesomerize (ID: Mesomerize)
Tautomerize (ID: Tautomerize)
Add Explicit Hydrogens (ID: AddExplicitH)
Neutralize (ID: Neutralize)
Clean 2D (ID: Clean2D)",3.74165749549866,467,CC1CCC(C(C)C)C(OCC(O)CO)C1
MODAACUAXYPNJH-UHFFFAOYSA-N,Non-irritant,3753-18-2,0,488,"Dearomatize (ID: Dearomatize)
Clear Stereo (ID: ClearStereo)
Wedge Clean (ID: WedgeClean)
Mesomerize (ID: Mesomerize)
Tautomerize (ID: Tautomerize)
Aromatize (ID: Aromatize)
Add Explicit Hydrogens (ID: AddExplicitH)
Neutralize (ID: Neutralize)
Clean 2D (ID: Clean2D)",3.74165749549866,488,COCc1ccc(-c2ccc(COC)cc2)cc1
NLGINBDFXRCWQW-UHFFFAOYSA-N,Non-irritant,132900-75-5,0,522,"Dearomatize (ID: Dearomatize)
Clear Stereo (ID: ClearStereo)
Wedge Clean (ID: WedgeClean)
Mesomerize (ID: Mesomerize)
Tautomerize (ID: Tautomerize)
Aromatize (ID: Aromatize)
Add Explicit Hydrogens (ID: AddExplicitH)
Neutralize (ID: Neutralize)
Clean 2D (ID: Clean2D)",3.74165749549866,522,C=CC(=O)OCCCCOc1ccc(C(=O)Oc2ccc(OC(=O)c3ccc(OCCCCOC(=O)C=C)cc3)c(C)c2)cc1
NRCMAYZCPIVABH-UHFFFAOYSA-N,Non-irritant,1047-16-1,0,533,"Dearomatize (ID: Dearomatize)
Clear Stereo (ID: ClearStereo)
Wedge Clean (ID: WedgeClean)
Mesomerize (ID: Mesomerize)
Tautomerize (ID: Tautomerize)
Aromatize (ID: Aromatize)
Add Explicit Hydrogens (ID: AddExplicitH)
Neutralize (ID: Neutralize)
Clean 2D (ID: Clean2D)",3.74165749549866,533,Oc1c2ccccc2nc2cc3c(O)c4ccccc4nc3cc12
UCMIRNVEIXFBKS-UHFFFAOYSA-N,Non-irritant,107-95-9,0,776,"Clear Stereo (ID: ClearStereo)
Wedge Clean (ID: WedgeClean)
Mesomerize (ID: Mesomerize)
Tautomerize (ID: Tautomerize)
Add Explicit Hydrogens (ID: AddExplicitH)
Neutralize (ID: Neutralize)
Clean 2D (ID: Clean2D)",3.74165749549866,776,NCCC(=O)O
UFLLEPHODSEMJD-UHFFFAOYSA-N,Non-irritant,38720-66-0,0,783,"Dearomatize (ID: Dearomatize)
Clear Stereo (ID: ClearStereo)
Wedge Clean (ID: WedgeClean)
Mesomerize (ID: Mesomerize)
Tautomerize (ID: Tautomerize)
Aromatize (ID: Aromatize)
Add Explicit Hydrogens (ID: AddExplicitH)
Neutralize (ID: Neutralize)
Clean 2D (ID: Clean2D)",3.74165749549866,783,Oc1c2ccccc2nc2c(Cl)c3c(O)c4ccccc4nc3c(Cl)c12
UPMLOUAZCHDJJD-UHFFFAOYSA-N,Non-irritant,101-68-8,0,800,"Dearomatize (ID: Dearomatize)
Clear Stereo (ID: ClearStereo)
Wedge Clean (ID: WedgeClean)
Mesomerize (ID: Mesomerize)
Tautomerize (ID: Tautomerize)
Aromatize (ID: Aromatize)
Add Explicit Hydrogens (ID: AddExplicitH)
Neutralize (ID: Neutralize)
Clean 2D (ID: Clean2D)",3.74165749549866,800,O=C=Nc1ccc(Cc2ccc(N=C=O)cc2)cc1
UUAGPGQUHZVJBQ-UHFFFAOYSA-N,Non-irritant,32492-61-8,0,807,"Dearomatize (ID: Dearomatize)
Clear Stereo (ID: ClearStereo)
Wedge Clean (ID: WedgeClean)
Mesomerize (ID: Mesomerize)
Tautomerize (ID: Tautomerize)
Aromatize (ID: Aromatize)
Add Explicit Hydrogens (ID: AddExplicitH)
Neutralize (ID: Neutralize)
Clean 2D (ID: Clean2D)",3.74165749549866,807,CC(C)(c1ccc(OCCO)cc1)c1ccc(OCCO)cc1
UUEDINPOVKWVAZ-UHFFFAOYSA-N,Non-irritant,26040-51-7,0,808,"Dearomatize (ID: Dearomatize)
Clear Stereo (ID: ClearStereo)
Wedge Clean (ID: WedgeClean)
Mesomerize (ID: Mesomerize)
Tautomerize (ID: Tautomerize)
Aromatize (ID: Aromatize)
Add Explicit Hydrogens (ID: AddExplicitH)
Neutralize (ID: Neutralize)
Clean 2D (ID: Clean2D)",3.74165749549866,808,CCCCC(CC)COC(=O)c1c(Br)c(Br)c(Br)c(Br)c1C(=O)OCC(CC)CCCC
UWSYCPWEBZRZNJ-UHFFFAOYSA-N,Non-irritant,34396-03-7,0,811,"Clear Stereo (ID: ClearStereo)
Wedge Clean (ID: WedgeClean)
Mesomerize (ID: Mesomerize)
Tautomerize (ID: Tautomerize)
Add Explicit Hydrogens (ID: AddExplicitH)
Neutralize (ID: Neutralize)
Clean 2D (ID: Clean2D)",3.74165749549866,811,CO[Si](CC(C)CC(C)(C)C)(OC)OC
VCVKIIDXVWEWSZ-UHFFFAOYSA-J,Non-irritant,51981-21-6,0,819,"Clear Stereo (ID: ClearStereo)
Wedge Clean (ID: WedgeClean)
Mesomerize (ID: Mesomerize)
Tautomerize (ID: Tautomerize)
Add Explicit Hydrogens (ID: AddExplicitH)
Neutralize (ID: Neutralize)
Clean 2D (ID: Clean2D)",3.74165749549866,819,O=C(O)CCC(C(=O)O)N(CC(=O)O)CC(=O)O
XPZQBGDNVOHQIS-UHFFFAOYSA-N,Non-irritant,3089-17-6,0,926,"Dearomatize (ID: Dearomatize)
Clear Stereo (ID: ClearStereo)
Wedge Clean (ID: WedgeClean)
Mesomerize (ID: Mesomerize)
Tautomerize (ID: Tautomerize)
Aromatize (ID: Aromatize)
Add Explicit Hydrogens (ID: AddExplicitH)
Neutralize (ID: Neutralize)
Clean 2D (ID: Clean2D)",3.74165749549866,926,Oc1c2cc(Cl)ccc2nc2cc3c(O)c4cc(Cl)ccc4nc3cc12
XZZNDPSIHUTMOC-UHFFFAOYSA-N,Non-irritant,115-86-6,0,947,"Dearomatize (ID: Dearomatize)
Clear Stereo (ID: ClearStereo)
Wedge Clean (ID: WedgeClean)
Mesomerize (ID: Mesomerize)
Tautomerize (ID: Tautomerize)
Aromatize (ID: Aromatize)
Add Explicit Hydrogens (ID: AddExplicitH)
Neutralize (ID: Neutralize)
Clean 2D (ID: Clean2D)",3.74165749549866,947,O=P(Oc1ccccc1)(Oc1ccccc1)Oc1ccccc1
ZAJAQTYSTDTMCU-UHFFFAOYSA-N,Non-irritant,121-47-1,0,988,"Dearomatize (ID: Dearomatize)
Clear Stereo (ID: ClearStereo)
Wedge Clean (ID: WedgeClean)
Mesomerize (ID: Mesomerize)
Tautomerize (ID: Tautomerize)
Aromatize (ID: Aromatize)
Add Explicit Hydrogens (ID: AddExplicitH)
Neutralize (ID: Neutralize)
Clean 2D (ID: Clean2D)",3.74165749549866,988,Nc1cccc(S(=O)(=O)O)c1
ZGHUDSLVQAGWEY-UHFFFAOYSA-N,Non-irritant,38051-10-4,0,1000,"Clear Stereo (ID: ClearStereo)
Wedge Clean (ID: WedgeClean)
Mesomerize (ID: Mesomerize)
Tautomerize (ID: Tautomerize)
Add Explicit Hydrogens (ID: AddExplicitH)
Neutralize (ID: Neutralize)
Clean 2D (ID: Clean2D)",3.74165749549866,1000,O=P(OCCCl)(OCCCl)OCC(CCl)(CCl)COP(=O)(OCCCl)OCCCl
"InChI=1S/C13H12Cl2O4/c1-3-7(2)13(18)8-4-5-9(12(15)11(8)14)19-6-10(16)17/h4-5H,2-3,6H2,1H3,(H,16,17)",,58-54-8,0,1138,"Dearomatize (ID: Dearomatize)
Clear Stereo (ID: ClearStereo)
Wedge Clean (ID: WedgeClean)
Mesomerize (ID: Mesomerize)
Tautomerize (ID: Tautomerize)
Aromatize (ID: Aromatize)
Add Explicit Hydrogens (ID: AddExplicitH)
Neutralize (ID: Neutralize)
Clean 2D (ID: Clean2D)",3.74165749549866,1138,C=C(CC)C(=O)c1ccc(OCC(=O)O)c(Cl)c1Cl
"InChI=1S/C9H11NO2/c1-2-12-9(11)7-3-5-8(10)6-4-7/h3-6H,2,10H2,1H3",,94-09-7,0,1199,"Dearomatize (ID: Dearomatize)
Clear Stereo (ID: ClearStereo)
Wedge Clean (ID: WedgeClean)
Mesomerize (ID: Mesomerize)
Tautomerize (ID: Tautomerize)
Aromatize (ID: Aromatize)
Add Explicit Hydrogens (ID: AddExplicitH)
Neutralize (ID: Neutralize)
Clean 2D (ID: Clean2D)",3.74165749549866,1199,CCOC(=O)c1ccc(N)cc1
"InChI=1S/C21H21O4P/c1-16-4-10-19(11-5-16)23-26(22,24-20-12-6-17(2)7-13-20)25-21-14-8-18(3)9-15-21/h4-15H,1-3H3",Non-irritant,1330-78-5,0,1212,"Dearomatize (ID: Dearomatize)
Clear Stereo (ID: ClearStereo)
Wedge Clean (ID: WedgeClean)
Mesomerize (ID: Mesomerize)
Tautomerize (ID: Tautomerize)
Aromatize (ID: Aromatize)
Add Explicit Hydrogens (ID: AddExplicitH)
Neutralize (ID: Neutralize)
Clean 2D (ID: Clean2D)",3.74165749549866,1212,Cc1ccc(OP(=O)(Oc2ccc(C)cc2)Oc2ccc(C)cc2)cc1
"InChI=1S/C11H16N2O/c1-7-5-4-6-8(2)10(7)13-11(14)9(3)12/h4-6,9H,12H2,1-3H3,(H,13,14)",,41708-72-9,0,1233,"Dearomatize (ID: Dearomatize)
Clear Stereo (ID: ClearStereo)
Wedge Clean (ID: WedgeClean)
Mesomerize (ID: Mesomerize)
Tautomerize (ID: Tautomerize)
Aromatize (ID: Aromatize)
Add Explicit Hydrogens (ID: AddExplicitH)
Neutralize (ID: Neutralize)
Clean 2D (ID: Clean2D)",3.74165749549866,1233,Cc1cccc(C)c1NC(=O)C(C)N
"InChI=1S/C21H36O5/c1-3-4-9-13-21(2,26)14-12-17-16(18(22)15-19(17)23)10-7-5-6-8-11-20(24)25/h5,7,12,14,16-19,22-23,26H,3-4,6,8-11,13,15H2,1-2H3,(H,24,25)",,35700-23-3,0,1391,"Clear Stereo (ID: ClearStereo)
Wedge Clean (ID: WedgeClean)
Mesomerize (ID: Mesomerize)
Tautomerize (ID: Tautomerize)
Add Explicit Hydrogens (ID: AddExplicitH)
Neutralize (ID: Neutralize)
Clean 2D (ID: Clean2D)",3.74165749549866,1391,CCCCCC(C)(O)C=CC1C(O)CC(O)C1CC=CCCCC(=O)O
"InChI=1S/C9H13NO/c1-7(10)9(11)8-5-3-2-4-6-8/h2-7,9,11H,10H2,1H3",,14838-15-4,0,1392,"Dearomatize (ID: Dearomatize)
Clear Stereo (ID: ClearStereo)
Wedge Clean (ID: WedgeClean)
Mesomerize (ID: Mesomerize)
Tautomerize (ID: Tautomerize)
Aromatize (ID: Aromatize)
Add Explicit Hydrogens (ID: AddExplicitH)
Neutralize (ID: Neutralize)
Clean 2D (ID: Clean2D)",3.74165749549866,1392,CC(N)C(O)c1ccccc1
"InChI=1S/C18H22O2/c1-18-9-8-14-13-5-3-12(19)10-11(13)2-4-15(14)16(18)6-7-17(18)20/h3,5,10,14-16,19H,2,4,6-9H2,1H3",,53-16-7,0,1402,"Dearomatize (ID: Dearomatize)
Clear Stereo (ID: ClearStereo)
Wedge Clean (ID: WedgeClean)
Mesomerize (ID: Mesomerize)
Tautomerize (ID: Tautomerize)
Aromatize (ID: Aromatize)
Add Explicit Hydrogens (ID: AddExplicitH)
Neutralize (ID: Neutralize)
Clean 2D (ID: Clean2D)",3.74165749549866,1402,CC12CCC3c4ccc(O)cc4CCC3C1CCC2=O
"InChI=1S/C11H13N/c1-3-9-12(2)10-11-7-5-4-6-8-11/h1,4-8H,9-10H2,2H3",,555-57-7,0,1411,"Dearomatize (ID: Dearomatize)
Clear Stereo (ID: ClearStereo)
Wedge Clean (ID: WedgeClean)
Mesomerize (ID: Mesomerize)
Tautomerize (ID: Tautomerize)
Aromatize (ID: Aromatize)
Add Explicit Hydrogens (ID: AddExplicitH)
Neutralize (ID: Neutralize)
Clean 2D (ID: Clean2D)",3.74165749549866,1411,C#CCN(C)Cc1ccccc1
InChI=1S/C12H8ClNO3/c13-9-1-5-11(6-2-9)17-12-7-3-10(4-8-12)14(15)16/h1-8H,Non-irritant,1836-74-4,0,1537,"Dearomatize (ID: Dearomatize)
Clear Stereo (ID: ClearStereo)
Wedge Clean (ID: WedgeClean)
Mesomerize (ID: Mesomerize)
Tautomerize (ID: Tautomerize)
Aromatize (ID: Aromatize)
Add Explicit Hydrogens (ID: AddExplicitH)
Neutralize (ID: Neutralize)
Clean 2D (ID: Clean2D)",3.74165749549866,1537,O=[N+]([O-])c1ccc(Oc2ccc(Cl)cc2)cc1
"InChI=1S/C9H13NO/c1-7(10)6-8-2-4-9(11)5-3-8/h2-5,7,11H,6,10H2,1H3",,103-86-6,0,1556,"Dearomatize (ID: Dearomatize)
Clear Stereo (ID: ClearStereo)
Wedge Clean (ID: WedgeClean)
Mesomerize (ID: Mesomerize)
Tautomerize (ID: Tautomerize)
Aromatize (ID: Aromatize)
Add Explicit Hydrogens (ID: AddExplicitH)
Neutralize (ID: Neutralize)
Clean 2D (ID: Clean2D)",3.74165749549866,1556,CC(N)Cc1ccc(O)cc1
"InChI=1S/C20H34O5/c1-2-3-6-9-15(21)12-13-17-16(18(22)14-19(17)23)10-7-4-5-8-11-20(24)25/h12-13,15-17,19,21,23H,2-11,14H2,1H3,(H,24,25)",,745-65-3,0,1572,"Clear Stereo (ID: ClearStereo)
Wedge Clean (ID: WedgeClean)
Mesomerize (ID: Mesomerize)
Tautomerize (ID: Tautomerize)
Add Explicit Hydrogens (ID: AddExplicitH)
Neutralize (ID: Neutralize)
Clean 2D (ID: Clean2D)",3.74165749549866,1572,CCCCCC(O)C=CC1C(O)CC(=O)C1CCCCCCC(=O)O
"InChI=1S/C17H36N2/c1-16(2)15-9-10-17(16,3)14-19(7,13-15)12-8-11-18(4,5)6/h15H,8-14H2,1-7H3/q+2",,2624-50-2,0,1587,"Clear Stereo (ID: ClearStereo)
Wedge Clean (ID: WedgeClean)
Mesomerize (ID: Mesomerize)
Tautomerize (ID: Tautomerize)
Add Explicit Hydrogens (ID: AddExplicitH)
Clean 2D (ID: Clean2D)",3.74165749549866,1587,CC12CCC(C[N+](C)(CCC[N+](C)(C)C)C1)C2(C)C
"InChI=1S/C14H12O3S/c1-9(14(16)17)11-7-8-12(18-11)13(15)10-5-3-2-4-6-10/h2-9H,1H3,(H,16,17)",,33005-95-7,0,1603,"Dearomatize (ID: Dearomatize)
Clear Stereo (ID: ClearStereo)
Wedge Clean (ID: WedgeClean)
Mesomerize (ID: Mesomerize)
Tautomerize (ID: Tautomerize)
Aromatize (ID: Aromatize)
Add Explicit Hydrogens (ID: AddExplicitH)
Neutralize (ID: Neutralize)
Clean 2D (ID: Clean2D)",3.74165749549866,1603,CC(C(=O)O)c1ccc(C(=O)c2ccccc2)s1
"InChI=1S/C10H14ClN/c1-10(2,12)7-8-5-3-4-6-9(8)11/h3-6H,7,12H2,1-2H3",,10389-73-8,0,1718,"Dearomatize (ID: Dearomatize)
Clear Stereo (ID: ClearStereo)
Wedge Clean (ID: WedgeClean)
Mesomerize (ID: Mesomerize)
Tautomerize (ID: Tautomerize)
Aromatize (ID: Aromatize)
Add Explicit Hydrogens (ID: AddExplicitH)
Neutralize (ID: Neutralize)
Clean 2D (ID: Clean2D)",3.74165749549866,1718,CC(C)(N)Cc1ccccc1Cl
"InChI=1S/C24H27N/c1-20(19-21-11-5-2-6-12-21)25-18-17-24(22-13-7-3-8-14-22)23-15-9-4-10-16-23/h2-16,20,24-25H,17-19H2,1H3",,390-64-7,0,1757,"Dearomatize (ID: Dearomatize)
Clear Stereo (ID: ClearStereo)
Wedge Clean (ID: WedgeClean)
Mesomerize (ID: Mesomerize)
Tautomerize (ID: Tautomerize)
Aromatize (ID: Aromatize)
Add Explicit Hydrogens (ID: AddExplicitH)
Neutralize (ID: Neutralize)
Clean 2D (ID: Clean2D)",3.74165749549866,1757,CC(Cc1ccccc1)NCCC(c1ccccc1)c1ccccc1
"InChI=1S/C60H114O8/c1-4-7-10-13-16-19-22-25-28-31-34-37-40-43-46-49-56(62)65-53-55(67-57(63)50-47-44-41-38-35-32-29-26-23-20-17-14-11-8-5-2)60-59(54(61)52-66-60)68-58(64)51-48-45-42-39-36-33-30-27-24-21-18-15-12-9-6-3/h54-55,59-61H,4-53H2,1-3H3",,26658-19-5,0,1769,"Clear Stereo (ID: ClearStereo)
Wedge Clean (ID: WedgeClean)
Mesomerize (ID: Mesomerize)
Tautomerize (ID: Tautomerize)
Add Explicit Hydrogens (ID: AddExplicitH)
Neutralize (ID: Neutralize)
Clean 2D (ID: Clean2D)",3.74165749549866,1769,CCCCCCCCCCCCCCCCCC(=O)OCC(OC(=O)CCCCCCCCCCCCCCCCC)C1OCC(O)C1OC(=O)CCCCCCCCCCCCCCCCC
"InChI=1S/C6H6O5S/c7-4-1-2-5(8)6(3-4)12(9,10)11/h1-3,7-8H,(H,9,10,11)",,88-46-0,0,1773,"Dearomatize (ID: Dearomatize)
Clear Stereo (ID: ClearStereo)
Wedge Clean (ID: WedgeClean)
Mesomerize (ID: Mesomerize)
Tautomerize (ID: Tautomerize)
Aromatize (ID: Aromatize)
Add Explicit Hydrogens (ID: AddExplicitH)
Neutralize (ID: Neutralize)
Clean 2D (ID: Clean2D)",3.74165749549866,1773,O=S(=O)(O)c1cc(O)ccc1O
"InChI=1S/C3H6N6/c4-1-7-2(5)9-3(6)8-1/h(H6,4,5,6,7,8,9)",,108-78-1,0,1859,"Dearomatize (ID: Dearomatize)
Clear Stereo (ID: ClearStereo)
Wedge Clean (ID: WedgeClean)
Mesomerize (ID: Mesomerize)
Tautomerize (ID: Tautomerize)
Aromatize (ID: Aromatize)
Add Explicit Hydrogens (ID: AddExplicitH)
Neutralize (ID: Neutralize)
Clean 2D (ID: Clean2D)",3.74165749549866,1859,Nc1nc(N)nc(N)n1
"InChI=1S/C20H28N/c1-5-21(3,4)17(2)16-20(18-12-8-6-9-13-18)19-14-10-7-11-15-19/h6-15,17,20H,5,16H2,1-4H3/q+1",,27892-33-7,0,1860,"Dearomatize (ID: Dearomatize)
Clear Stereo (ID: ClearStereo)
Wedge Clean (ID: WedgeClean)
Mesomerize (ID: Mesomerize)
Tautomerize (ID: Tautomerize)
Aromatize (ID: Aromatize)
Add Explicit Hydrogens (ID: AddExplicitH)
Clean 2D (ID: Clean2D)",3.74165749549866,1860,CC[N+](C)(C)C(C)CC(c1ccccc1)c1ccccc1
"InChI=1S/C6H11NO5/c8-2-1-7(3-5(9)10)4-6(11)12/h8H,1-4H2,(H,9,10)(H,11,12)",Non-irritant,135-37-5,0,1951,"Clear Stereo (ID: ClearStereo)
Wedge Clean (ID: WedgeClean)
Mesomerize (ID: Mesomerize)
Tautomerize (ID: Tautomerize)
Add Explicit Hydrogens (ID: AddExplicitH)
Neutralize (ID: Neutralize)
Clean 2D (ID: Clean2D)",3.74165749549866,1951,O=C(O)CN(CCO)CC(=O)O
"InChI=1S/C18H30O3/c1-17(2,3)14-18(4,5)15-6-8-16(9-7-15)21-13-12-20-11-10-19/h6-9,19H,10-14H2,1-5H3",Non-irritant,9036-19-5,0,2039,"Dearomatize (ID: Dearomatize)
Clear Stereo (ID: ClearStereo)
Wedge Clean (ID: WedgeClean)
Mesomerize (ID: Mesomerize)
Tautomerize (ID: Tautomerize)
Aromatize (ID: Aromatize)
Add Explicit Hydrogens (ID: AddExplicitH)
Neutralize (ID: Neutralize)
Clean 2D (ID: Clean2D)",3.74165749549866,2039,CC(C)(C)CC(C)(C)c1ccc(OCCOCCO)cc1
"InChI=1S/C22H43NO3/c1-2-3-4-5-6-7-8-9-10-11-12-13-14-15-16-17-22(26)23(18-20-24)19-21-25/h9-10,24-25H,2-8,11-21H2,1H3",,93-83-4,0,2097,"Clear Stereo (ID: ClearStereo)
Wedge Clean (ID: WedgeClean)
Mesomerize (ID: Mesomerize)
Tautomerize (ID: Tautomerize)
Add Explicit Hydrogens (ID: AddExplicitH)
Neutralize (ID: Neutralize)
Clean 2D (ID: Clean2D)",3.74165749549866,2097,CCCCCCCCC=CCCCCCCCC(=O)N(CCO)CCO
"InChI=1S/C14H12O3S/c1-9(14(16)17)10-4-6-11(7-5-10)13(15)12-3-2-8-18-12/h2-9H,1H3,(H,16,17)",,40828-46-4,0,2149,"Dearomatize (ID: Dearomatize)
Clear Stereo (ID: ClearStereo)
Wedge Clean (ID: WedgeClean)
Mesomerize (ID: Mesomerize)
Tautomerize (ID: Tautomerize)
Aromatize (ID: Aromatize)
Add Explicit Hydrogens (ID: AddExplicitH)
Neutralize (ID: Neutralize)
Clean 2D (ID: Clean2D)",3.74165749549866,2149,CC(C(=O)O)c1ccc(C(=O)c2cccs2)cc1
"InChI=1S/C6H7NO/c8-5-6-2-1-3-7-4-6/h1-4,8H,5H2",,100-55-0,0,2227,"Dearomatize (ID: Dearomatize)
Clear Stereo (ID: ClearStereo)
Wedge Clean (ID: WedgeClean)
Mesomerize (ID: Mesomerize)
Tautomerize (ID: Tautomerize)
Aromatize (ID: Aromatize)
Add Explicit Hydrogens (ID: AddExplicitH)
Neutralize (ID: Neutralize)
Clean 2D (ID: Clean2D)",3.74165749549866,2227,OCc1cccnc1
"InChI=1S/C15H9FO2/c16-10-7-5-9(6-8-10)13-14(17)11-3-1-2-4-12(11)15(13)18/h1-8,13H",,957-56-2,0,2251,"Dearomatize (ID: Dearomatize)
Clear Stereo (ID: ClearStereo)
Wedge Clean (ID: WedgeClean)
Mesomerize (ID: Mesomerize)
Tautomerize (ID: Tautomerize)
Aromatize (ID: Aromatize)
Add Explicit Hydrogens (ID: AddExplicitH)
Neutralize (ID: Neutralize)
Clean 2D (ID: Clean2D)",3.74165749549866,2251,O=C1c2ccccc2C(=O)C1c1ccc(F)cc1
"InChI=1S/C4H7Cl2O4P/c1-8-11(7,9-2)10-3-4(5)6/h3H,1-2H3",,62-73-7,0,2362,"Clear Stereo (ID: ClearStereo)
Wedge Clean (ID: WedgeClean)
Mesomerize (ID: Mesomerize)
Tautomerize (ID: Tautomerize)
Add Explicit Hydrogens (ID: AddExplicitH)
Neutralize (ID: Neutralize)
Clean 2D (ID: Clean2D)",3.74165749549866,2362,COP(=O)(OC)OC=C(Cl)Cl
"InChI=1S/C19H17O4P/c1-16-12-14-19(15-13-16)23-24(20,21-17-8-4-2-5-9-17)22-18-10-6-3-7-11-18/h2-15H,1H3",Non-irritant,26444-49-5,0,2391,"Dearomatize (ID: Dearomatize)
Clear Stereo (ID: ClearStereo)
Wedge Clean (ID: WedgeClean)
Mesomerize (ID: Mesomerize)
Tautomerize (ID: Tautomerize)
Aromatize (ID: Aromatize)
Add Explicit Hydrogens (ID: AddExplicitH)
Neutralize (ID: Neutralize)
Clean 2D (ID: Clean2D)",3.74165749549866,2391,Cc1ccc(OP(=O)(Oc2ccccc2)Oc2ccccc2)cc1
"InChI=1S/C22H36O5/c1-3-4-9-16(2)14-17(23)12-13-19-18(20(24)15-21(19)25)10-7-5-6-8-11-22(26)27/h8,11-13,16-19,21,23,25H,3-7,9-10,14-15H2,1-2H3,(H,26,27)",,74397-12-9,0,2392,"Clear Stereo (ID: ClearStereo)
Wedge Clean (ID: WedgeClean)
Mesomerize (ID: Mesomerize)
Tautomerize (ID: Tautomerize)
Add Explicit Hydrogens (ID: AddExplicitH)
Neutralize (ID: Neutralize)
Clean 2D (ID: Clean2D)",3.74165749549866,2392,CCCCC(C)CC(O)C=CC1C(O)CC(=O)C1CCCCC=CC(=O)O
"InChI=1S/C15H22O2/c1-9-4-6-12-10(2)5-7-13(14(12)8-9)11(3)15(16)17/h8,10,12-14H,3-7H2,1-2H3,(H,16,17)",,80286-58-4,0,2509,"Clear Stereo (ID: ClearStereo)
Wedge Clean (ID: WedgeClean)
Mesomerize (ID: Mesomerize)
Tautomerize (ID: Tautomerize)
Add Explicit Hydrogens (ID: AddExplicitH)
Neutralize (ID: Neutralize)
Clean 2D (ID: Clean2D)",3.74165749549866,2509,C=C(C(=O)O)C1CCC(C)C2CCC(C)=CC12
"InChI=1S/C20H34O5/c1-2-3-6-9-15(21)12-13-17-16(18(22)14-19(17)23)10-7-4-5-8-11-20(24)25/h4,7,12-13,15-19,21-23H,2-3,5-6,8-11,14H2,1H3,(H,24,25)",,551-11-1,0,2557,"Clear Stereo (ID: ClearStereo)
Wedge Clean (ID: WedgeClean)
Mesomerize (ID: Mesomerize)
Tautomerize (ID: Tautomerize)
Add Explicit Hydrogens (ID: AddExplicitH)
Neutralize (ID: Neutralize)
Clean 2D (ID: Clean2D)",3.74165749549866,2557,CCCCCC(O)C=CC1C(O)CC(O)C1CC=CCCCC(=O)O
"InChI=1S/C9H5ClINO/c10-6-4-7(11)9(13)8-5(6)2-1-3-12-8/h1-4,13H",,130-26-7,0,2578,"Dearomatize (ID: Dearomatize)
Clear Stereo (ID: ClearStereo)
Wedge Clean (ID: WedgeClean)
Mesomerize (ID: Mesomerize)
Tautomerize (ID: Tautomerize)
Aromatize (ID: Aromatize)
Add Explicit Hydrogens (ID: AddExplicitH)
Neutralize (ID: Neutralize)
Clean 2D (ID: Clean2D)",3.74165749549866,2578,Oc1c(I)cc(Cl)c2cccnc12
"InChI=1S/C19H37NO/c1-2-3-4-5-6-7-8-9-10-11-12-13-14-15-16-17-18-20-19-21/h2-18H2,1H3",Non-irritant,112-96-9,0,2636,"Clear Stereo (ID: ClearStereo)
Wedge Clean (ID: WedgeClean)
Mesomerize (ID: Mesomerize)
Tautomerize (ID: Tautomerize)
Add Explicit Hydrogens (ID: AddExplicitH)
Neutralize (ID: Neutralize)
Clean 2D (ID: Clean2D)",3.74165749549866,2636,CCCCCCCCCCCCCCCCCCN=C=O
"InChI=1S/C19H23N3/c1-14-6-8-18(16(3)10-14)20-12-22(5)13-21-19-9-7-15(2)11-17(19)4/h6-13H,1-5H3",Non-irritant,33089-61-1,0,2641,"Dearomatize (ID: Dearomatize)
Clear Stereo (ID: ClearStereo)
Wedge Clean (ID: WedgeClean)
Mesomerize (ID: Mesomerize)
Tautomerize (ID: Tautomerize)
Aromatize (ID: Aromatize)
Add Explicit Hydrogens (ID: AddExplicitH)
Neutralize (ID: Neutralize)
Clean 2D (ID: Clean2D)",3.74165749549866,2641,Cc1ccc(N=CN(C)C=Nc2ccc(C)cc2C)c(C)c1
"InChI=1S/C11H17N/c1-11(2,12-3)9-10-7-5-4-6-8-10/h4-8,12H,9H2,1-3H3",,100-92-5,0,2757,"Dearomatize (ID: Dearomatize)
Clear Stereo (ID: ClearStereo)
Wedge Clean (ID: WedgeClean)
Mesomerize (ID: Mesomerize)
Tautomerize (ID: Tautomerize)
Aromatize (ID: Aromatize)
Add Explicit Hydrogens (ID: AddExplicitH)
Neutralize (ID: Neutralize)
Clean 2D (ID: Clean2D)",3.74165749549866,2757,CNC(C)(C)Cc1ccccc1
"InChI=1S/C13H18ClNO/c1-9(15-13(2,3)4)12(16)10-6-5-7-11(14)8-10/h5-9,15H,1-4H3",,34911-55-2,0,2835,"Dearomatize (ID: Dearomatize)
Clear Stereo (ID: ClearStereo)
Wedge Clean (ID: WedgeClean)
Mesomerize (ID: Mesomerize)
Tautomerize (ID: Tautomerize)
Aromatize (ID: Aromatize)
Add Explicit Hydrogens (ID: AddExplicitH)
Neutralize (ID: Neutralize)
Clean 2D (ID: Clean2D)",3.74165749549866,2835,CC(NC(C)(C)C)C(=O)c1cccc(Cl)c1
"InChI=1S/C5H10O5/c6-2-1-10-5(9)4(8)3(2)7/h2-9H,1H2",,58-86-6,0,2851,"Clear Stereo (ID: ClearStereo)
Wedge Clean (ID: WedgeClean)
Mesomerize (ID: Mesomerize)
Tautomerize (ID: Tautomerize)
Add Explicit Hydrogens (ID: AddExplicitH)
Neutralize (ID: Neutralize)
Clean 2D (ID: Clean2D)",3.74165749549866,2851,OC1COC(O)C(O)C1O
"InChI=1S/C38H68O8/c1-3-5-7-9-11-13-15-17-19-21-23-25-27-29-33(40)44-32(31-39)36-37(35(42)38(43)46-36)45-34(41)30-28-26-24-22-20-18-16-14-12-10-8-6-4-2/h32,36-37,39H,3-31H2,1-2H3",,28474-90-0,0,2904,"Clear Stereo (ID: ClearStereo)
Wedge Clean (ID: WedgeClean)
Mesomerize (ID: Mesomerize)
Tautomerize (ID: Tautomerize)
Add Explicit Hydrogens (ID: AddExplicitH)
Neutralize (ID: Neutralize)
Clean 2D (ID: Clean2D)",3.74165749549866,2904,CCCCCCCCCCCCCCCC(=O)OC(CO)C1OC(=O)C(=O)C1OC(=O)CCCCCCCCCCCCCCC
"InChI=1S/C12H21N/c1-8(13)12-5-9-2-10(6-12)4-11(3-9)7-12/h8-11H,2-7,13H2,1H3",,13392-28-4,0,2911,"Clear Stereo (ID: ClearStereo)
Wedge Clean (ID: WedgeClean)
Mesomerize (ID: Mesomerize)
Tautomerize (ID: Tautomerize)
Add Explicit Hydrogens (ID: AddExplicitH)
Neutralize (ID: Neutralize)
Clean 2D (ID: Clean2D)",3.74165749549866,2911,CC(N)C12CC3CC(CC(C3)C1)C2
"InChI=1S/C20H27N/c1-16(21-20(2,3)4)15-19(17-11-7-5-8-12-17)18-13-9-6-10-14-18/h5-14,16,19,21H,15H2,1-4H3",,15793-40-5,0,2950,"Dearomatize (ID: Dearomatize)
Clear Stereo (ID: ClearStereo)
Wedge Clean (ID: WedgeClean)
Mesomerize (ID: Mesomerize)
Tautomerize (ID: Tautomerize)
Aromatize (ID: Aromatize)
Add Explicit Hydrogens (ID: AddExplicitH)
Neutralize (ID: Neutralize)
Clean 2D (ID: Clean2D)",3.74165749549866,2950,CC(CC(c1ccccc1)c1ccccc1)NC(C)(C)C
"InChI=1S/C26H36O3/c1-26-15-14-21-20-10-8-19(27)16-18(20)7-9-22(21)23(26)11-12-24(26)29-25(28)13-6-17-4-2-3-5-17/h8,10,16-17,21-24,27H,2-7,9,11-15H2,1H3",,313-06-4,0,2967,"Dearomatize (ID: Dearomatize)
Clear Stereo (ID: ClearStereo)
Wedge Clean (ID: WedgeClean)
Mesomerize (ID: Mesomerize)
Tautomerize (ID: Tautomerize)
Aromatize (ID: Aromatize)
Add Explicit Hydrogens (ID: AddExplicitH)
Neutralize (ID: Neutralize)
Clean 2D (ID: Clean2D)",3.74165749549866,2967,CC12CCC3c4ccc(O)cc4CCC3C1CCC2OC(=O)CCC1CCCC1
"InChI=1S/C17H20N2O/c1-18(2)15-9-5-13(6-10-15)17(20)14-7-11-16(12-8-14)19(3)4/h5-12H,1-4H3",,90-94-8,0,3103,"Dearomatize (ID: Dearomatize)
Clear Stereo (ID: ClearStereo)
Wedge Clean (ID: WedgeClean)
Mesomerize (ID: Mesomerize)
Tautomerize (ID: Tautomerize)
Aromatize (ID: Aromatize)
Add Explicit Hydrogens (ID: AddExplicitH)
Neutralize (ID: Neutralize)
Clean 2D (ID: Clean2D)",3.74165749549866,3103,CN(C)c1ccc(C(=O)c2ccc(N(C)C)cc2)cc1
"InChI=1S/C16H11NO3/c18-15-13(16(19)20)11-8-4-5-9-12(11)17-14(15)10-6-2-1-3-7-10/h1-9,18H,(H,19,20)",Non-irritant,485-89-2,0,3253,"Dearomatize (ID: Dearomatize)
Clear Stereo (ID: ClearStereo)
Wedge Clean (ID: WedgeClean)
Mesomerize (ID: Mesomerize)
Tautomerize (ID: Tautomerize)
Aromatize (ID: Aromatize)
Add Explicit Hydrogens (ID: AddExplicitH)
Neutralize (ID: Neutralize)
Clean 2D (ID: Clean2D)",3.74165749549866,3253,O=C(O)c1c(O)c(-c2ccccc2)nc2ccccc12
"InChI=1S/C20H32O5/c1-2-3-6-9-15(21)12-13-17-16(18(22)14-19(17)23)10-7-4-5-8-11-20(24)25/h4,7,12-13,15-17,19,21,23H,2-3,5-6,8-11,14H2,1H3,(H,24,25)",,363-24-6,0,3269,"Clear Stereo (ID: ClearStereo)
Wedge Clean (ID: WedgeClean)
Mesomerize (ID: Mesomerize)
Tautomerize (ID: Tautomerize)
Add Explicit Hydrogens (ID: AddExplicitH)
Neutralize (ID: Neutralize)
Clean 2D (ID: Clean2D)",3.74165749549866,3269,CCCCCC(O)C=CC1C(O)CC(=O)C1CC=CCCCC(=O)O
"InChI=1S/C21H34O5/c1-3-4-9-13-21(2,26)14-12-17-16(18(22)15-19(17)23)10-7-5-6-8-11-20(24)25/h5,7,12,14,16-17,19,23,26H,3-4,6,8-11,13,15H2,1-2H3,(H,24,25)",,55028-70-1,0,3318,"Clear Stereo (ID: ClearStereo)
Wedge Clean (ID: WedgeClean)
Mesomerize (ID: Mesomerize)
Tautomerize (ID: Tautomerize)
Add Explicit Hydrogens (ID: AddExplicitH)
Neutralize (ID: Neutralize)
Clean 2D (ID: Clean2D)",3.74165749549866,3318,CCCCCC(C)(O)C=CC1C(O)CC(=O)C1CC=CCCCC(=O)O
"InChI=1S/C4H11N5/c1-9(2)4(7)8-3(5)6/h1-2H3,(H5,5,6,7,8)",Non-irritant,657-24-9,0,3347,"Clear Stereo (ID: ClearStereo)
Wedge Clean (ID: WedgeClean)
Mesomerize (ID: Mesomerize)
Tautomerize (ID: Tautomerize)
Add Explicit Hydrogens (ID: AddExplicitH)
Neutralize (ID: Neutralize)
Clean 2D (ID: Clean2D)",3.74165749549866,3347,[H]/N=C(/N)N/C(=N/[H])N(C)C
"InChI=1S/C18H26O3/c1-4-6-7-15(5-2)14-21-18(19)13-10-16-8-11-17(20-3)12-9-16/h8-13,15H,4-7,14H2,1-3H3",,5466-77-3,0,3355,"Dearomatize (ID: Dearomatize)
Clear Stereo (ID: ClearStereo)
Wedge Clean (ID: WedgeClean)
Mesomerize (ID: Mesomerize)
Tautomerize (ID: Tautomerize)
Aromatize (ID: Aromatize)
Add Explicit Hydrogens (ID: AddExplicitH)
Neutralize (ID: Neutralize)
Clean 2D (ID: Clean2D)",3.74165749549866,3355,CCCCC(CC)COC(=O)C=Cc1ccc(OC)cc1
"InChI=1S/C21H21O4P/c1-16-10-4-7-13-19(16)23-26(22,24-20-14-8-5-11-17(20)2)25-21-15-9-6-12-18(21)3/h4-15H,1-3H3",,78-30-8,0,3414,"Dearomatize (ID: Dearomatize)
Clear Stereo (ID: ClearStereo)
Wedge Clean (ID: WedgeClean)
Mesomerize (ID: Mesomerize)
Tautomerize (ID: Tautomerize)
Aromatize (ID: Aromatize)
Add Explicit Hydrogens (ID: AddExplicitH)
Neutralize (ID: Neutralize)
Clean 2D (ID: Clean2D)",3.74165749549866,3414,Cc1ccccc1OP(=O)(Oc1ccccc1C)Oc1ccccc1C
"InChI=1S/C16H11NO2/c18-16(19)13-10-15(11-6-2-1-3-7-11)17-14-9-5-4-8-12(13)14/h1-10H,(H,18,19)",,132-60-5,0,3418,"Dearomatize (ID: Dearomatize)
Clear Stereo (ID: ClearStereo)
Wedge Clean (ID: WedgeClean)
Mesomerize (ID: Mesomerize)
Tautomerize (ID: Tautomerize)
Aromatize (ID: Aromatize)
Add Explicit Hydrogens (ID: AddExplicitH)
Neutralize (ID: Neutralize)
Clean 2D (ID: Clean2D)",3.74165749549866,3418,O=C(O)c1cc(-c2ccccc2)nc2ccccc12
"InChI=1S/C17H21N/c1-15(13-16-9-5-3-6-10-16)18(2)14-17-11-7-4-8-12-17/h3-12,15H,13-14H2,1-2H3",,156-08-1,0,3431,"Dearomatize (ID: Dearomatize)
Clear Stereo (ID: ClearStereo)
Wedge Clean (ID: WedgeClean)
Mesomerize (ID: Mesomerize)
Tautomerize (ID: Tautomerize)
Aromatize (ID: Aromatize)
Add Explicit Hydrogens (ID: AddExplicitH)
Neutralize (ID: Neutralize)
Clean 2D (ID: Clean2D)",3.74165749549866,3431,CC(Cc1ccccc1)N(C)Cc1ccccc1
"InChI=1S/C2H4Cl3O4P/c3-2(4,5)1-9-10(6,7)8/h1H2,(H2,6,7,8)",,306-52-5,0,3436,"Clear Stereo (ID: ClearStereo)
Wedge Clean (ID: WedgeClean)
Mesomerize (ID: Mesomerize)
Tautomerize (ID: Tautomerize)
Add Explicit Hydrogens (ID: AddExplicitH)
Neutralize (ID: Neutralize)
Clean 2D (ID: Clean2D)",3.74165749549866,3436,O=P(O)(O)OCC(Cl)(Cl)Cl
"InChI=1S/C10H14ClN/c1-10(2,12)7-8-3-5-9(11)6-4-8/h3-6H,7,12H2,1-2H3",,461-78-9,0,3450,"Dearomatize (ID: Dearomatize)
Clear Stereo (ID: ClearStereo)
Wedge Clean (ID: WedgeClean)
Mesomerize (ID: Mesomerize)
Tautomerize (ID: Tautomerize)
Aromatize (ID: Aromatize)
Add Explicit Hydrogens (ID: AddExplicitH)
Neutralize (ID: Neutralize)
Clean 2D (ID: Clean2D)",3.74165749549866,3450,CC(C)(N)Cc1ccc(Cl)cc1
"InChI=1S/CH3O5P/c2-1(3)7(4,5)6/h(H,2,3)(H2,4,5,6)",,4428-95-9,0,3470,"Clear Stereo (ID: ClearStereo)
Wedge Clean (ID: WedgeClean)
Mesomerize (ID: Mesomerize)
Tautomerize (ID: Tautomerize)
Add Explicit Hydrogens (ID: AddExplicitH)
Neutralize (ID: Neutralize)
Clean 2D (ID: Clean2D)",3.74165749549866,3470,O=C(O)P(=O)(O)O
"InChI=1S/C4H6Cl2O2/c5-3-4(6)8-2-1-7-3/h3-4H,1-2H2",,95-59-0,0,3496,"Clear Stereo (ID: ClearStereo)
Wedge Clean (ID: WedgeClean)
Mesomerize (ID: Mesomerize)
Tautomerize (ID: Tautomerize)
Add Explicit Hydrogens (ID: AddExplicitH)
Neutralize (ID: Neutralize)
Clean 2D (ID: Clean2D)",3.74165749549866,3496,ClC1OCCOC1Cl
AUZONCFQVSMFAP-UHFFFAOYSA-N,Non-irritant,97-77-8,0,19,"Clear Stereo (ID: ClearStereo)
Wedge Clean (ID: WedgeClean)
Mesomerize (ID: Mesomerize)
Tautomerize (ID: Tautomerize)
Add Explicit Hydrogens (ID: AddExplicitH)
Neutralize (ID: Neutralize)
Clean 2D (ID: Clean2D)",3.87298345565796,19,CCN(CC)C(=S)SSC(=S)N(CC)CC
AZAKSPACDDRBQB-UHFFFAOYSA-N,Non-irritant,2162-73-4,0,27,"Dearomatize (ID: Dearomatize)
Clear Stereo (ID: ClearStereo)
Wedge Clean (ID: WedgeClean)
Mesomerize (ID: Mesomerize)
Tautomerize (ID: Tautomerize)
Aromatize (ID: Aromatize)
Add Explicit Hydrogens (ID: AddExplicitH)
Neutralize (ID: Neutralize)
Clean 2D (ID: Clean2D)",3.87298345565796,27,CC(C)c1cc(C(C)C)c(N=C=O)c(C(C)C)c1N=C=O
DBVJJBKOTRCVKF-UHFFFAOYSA-J,Non-irritant,3794-83-0,0,128,"Clear Stereo (ID: ClearStereo)
Wedge Clean (ID: WedgeClean)
Mesomerize (ID: Mesomerize)
Tautomerize (ID: Tautomerize)
Add Explicit Hydrogens (ID: AddExplicitH)
Neutralize (ID: Neutralize)
Clean 2D (ID: Clean2D)",3.87298345565796,128,CC(O)(P(=O)(O)O)P(=O)(O)O
DWSWCPPGLRSPIT-UHFFFAOYSA-N,Non-irritant,35948-25-5,0,161,"Dearomatize (ID: Dearomatize)
Clear Stereo (ID: ClearStereo)
Wedge Clean (ID: WedgeClean)
Mesomerize (ID: Mesomerize)
Tautomerize (ID: Tautomerize)
Aromatize (ID: Aromatize)
Add Explicit Hydrogens (ID: AddExplicitH)
Clean 2D (ID: Clean2D)",3.87298345565796,161,O=[p+]1oc2ccccc2c2ccccc21
FFUAGWLWBBFQJT-UHFFFAOYSA-N,Non-irritant,999-97-3,0,178,"Clear Stereo (ID: ClearStereo)
Wedge Clean (ID: WedgeClean)
Mesomerize (ID: Mesomerize)
Tautomerize (ID: Tautomerize)
Add Explicit Hydrogens (ID: AddExplicitH)
Neutralize (ID: Neutralize)
Clean 2D (ID: Clean2D)",3.87298345565796,178,C[Si](C)(C)N[Si](C)(C)C
FMJSMJQBSVNSBF-UHFFFAOYSA-N,Non-irritant,6197-30-4,0,189,"Dearomatize (ID: Dearomatize)
Clear Stereo (ID: ClearStereo)
Wedge Clean (ID: WedgeClean)
Mesomerize (ID: Mesomerize)
Tautomerize (ID: Tautomerize)
Aromatize (ID: Aromatize)
Add Explicit Hydrogens (ID: AddExplicitH)
Neutralize (ID: Neutralize)
Clean 2D (ID: Clean2D)",3.87298345565796,189,CCCCC(CC)COC(=O)C(C#N)=C(c1ccccc1)c1ccccc1
GAODDBNJCKQQDY-UHFFFAOYSA-N,Non-irritant,110553-27-0,0,211,"Dearomatize (ID: Dearomatize)
Clear Stereo (ID: ClearStereo)
Wedge Clean (ID: WedgeClean)
Mesomerize (ID: Mesomerize)
Tautomerize (ID: Tautomerize)
Aromatize (ID: Aromatize)
Add Explicit Hydrogens (ID: AddExplicitH)
Neutralize (ID: Neutralize)
Clean 2D (ID: Clean2D)",3.87298345565796,211,CCCCCCCCSCc1cc(C)c(O)c(CSCCCCCCCC)c1
GPFVWKXABQQNEM-UHFFFAOYSA-N,Non-irritant,68784-12-3,0,232,"Clear Stereo (ID: ClearStereo)
Wedge Clean (ID: WedgeClean)
Mesomerize (ID: Mesomerize)
Tautomerize (ID: Tautomerize)
Add Explicit Hydrogens (ID: AddExplicitH)
Neutralize (ID: Neutralize)
Clean 2D (ID: Clean2D)",3.87298345565796,232,CC(C)CCCCCCCCCCCCCCC=C1CC(=O)OC1=O
HTXMGVTWXZBZNC-UHFFFAOYSA-M,Non-irritant,3965-55-7,0,276,"Dearomatize (ID: Dearomatize)
Clear Stereo (ID: ClearStereo)
Wedge Clean (ID: WedgeClean)
Mesomerize (ID: Mesomerize)
Tautomerize (ID: Tautomerize)
Aromatize (ID: Aromatize)
Add Explicit Hydrogens (ID: AddExplicitH)
Neutralize (ID: Neutralize)
Clean 2D (ID: Clean2D)",3.87298345565796,276,COC(=O)c1cc(C(=O)OC)cc(S(=O)(=O)O)c1
HVUMOYIDDBPOLL-IIZJTUPISA-N,Non-irritant,1338-41-6,0,280,"Clear Stereo (ID: ClearStereo)
Wedge Clean (ID: WedgeClean)
Mesomerize (ID: Mesomerize)
Tautomerize (ID: Tautomerize)
Add Explicit Hydrogens (ID: AddExplicitH)
Neutralize (ID: Neutralize)
Clean 2D (ID: Clean2D)",3.87298345565796,280,CCCCCCCCCCCCCCCCCC(=O)OCC(O)C1OCC(O)C1O
HVYWMOMLDIMFJA-DPAQBDIFSA-N,Non-irritant,57-88-5,0,281,"Clear Stereo (ID: ClearStereo)
Wedge Clean (ID: WedgeClean)
Mesomerize (ID: Mesomerize)
Tautomerize (ID: Tautomerize)
Add Explicit Hydrogens (ID: AddExplicitH)
Neutralize (ID: Neutralize)
Clean 2D (ID: Clean2D)",3.87298345565796,281,CC(C)CCCC(C)C1CCC2C3CC=C4CC(O)CCC4(C)C3CCC12C
JOWXNCPELQZFHF-UHFFFAOYSA-N,Non-irritant,32509-66-3,0,350,"Dearomatize (ID: Dearomatize)
Clear Stereo (ID: ClearStereo)
Wedge Clean (ID: WedgeClean)
Mesomerize (ID: Mesomerize)
Tautomerize (ID: Tautomerize)
Aromatize (ID: Aromatize)
Add Explicit Hydrogens (ID: AddExplicitH)
Neutralize (ID: Neutralize)
Clean 2D (ID: Clean2D)",3.87298345565796,350,CC(C)(C)c1cc(C(C)(CC(=O)OCCOC(=O)CC(C)(c2ccc(O)c(C(C)(C)C)c2)c2ccc(O)c(C(C)(C)C)c2)c2ccc(O)c(C(C)(C)C)c2)ccc1O
JOYRKODLDBILNP-UHFFFAOYSA-N,Non-irritant,107-95-9,0,352,"Clear Stereo (ID: ClearStereo)
Wedge Clean (ID: WedgeClean)
Mesomerize (ID: Mesomerize)
Tautomerize (ID: Tautomerize)
Add Explicit Hydrogens (ID: AddExplicitH)
Neutralize (ID: Neutralize)
Clean 2D (ID: Clean2D)",3.87298345565796,352,CCOC(N)=O
KVUMYOWDFZAGPN-UHFFFAOYSA-N,Non-irritant,2526-62-7,0,406,"Clear Stereo (ID: ClearStereo)
Wedge Clean (ID: WedgeClean)
Mesomerize (ID: Mesomerize)
Tautomerize (ID: Tautomerize)
Add Explicit Hydrogens (ID: AddExplicitH)
Neutralize (ID: Neutralize)
Clean 2D (ID: Clean2D)",3.87298345565796,406,CO[Si](CCC#N)(OC)OC
KWGRBVOPPLSCSI-UHFFFAOYSA-N,Non-irritant,90-82-4,0,409,"Dearomatize (ID: Dearomatize)
Clear Stereo (ID: ClearStereo)
Wedge Clean (ID: WedgeClean)
Mesomerize (ID: Mesomerize)
Tautomerize (ID: Tautomerize)
Aromatize (ID: Aromatize)
Add Explicit Hydrogens (ID: AddExplicitH)
Neutralize (ID: Neutralize)
Clean 2D (ID: Clean2D)",3.87298345565796,409,CNC(C)C(O)c1ccccc1
LQKRYVGRPXFFAV-UHFFFAOYSA-N,Non-irritant,77-83-8,0,446,"Dearomatize (ID: Dearomatize)
Clear Stereo (ID: ClearStereo)
Wedge Clean (ID: WedgeClean)
Mesomerize (ID: Mesomerize)
Tautomerize (ID: Tautomerize)
Aromatize (ID: Aromatize)
Add Explicit Hydrogens (ID: AddExplicitH)
Neutralize (ID: Neutralize)
Clean 2D (ID: Clean2D)",3.87298345565796,446,CCOC(=O)C1OC1(C)c1ccccc1
OWICEWMBIBPFAH-UHFFFAOYSA-N,Non-irritant,57583-54-7,0,568,"Dearomatize (ID: Dearomatize)
Clear Stereo (ID: ClearStereo)
Wedge Clean (ID: WedgeClean)
Mesomerize (ID: Mesomerize)
Tautomerize (ID: Tautomerize)
Aromatize (ID: Aromatize)
Add Explicit Hydrogens (ID: AddExplicitH)
Neutralize (ID: Neutralize)
Clean 2D (ID: Clean2D)",3.87298345565796,568,O=P(Oc1ccccc1)(Oc1ccccc1)Oc1cccc(OP(=O)(Oc2ccccc2)Oc2ccccc2)c1
OXYZDRAJMHGSMW-UHFFFAOYSA-N,Non-irritant,2530-87-2,0,574,"Clear Stereo (ID: ClearStereo)
Wedge Clean (ID: WedgeClean)
Mesomerize (ID: Mesomerize)
Tautomerize (ID: Tautomerize)
Add Explicit Hydrogens (ID: AddExplicitH)
Neutralize (ID: Neutralize)
Clean 2D (ID: Clean2D)",3.87298345565796,574,CO[Si](CCCCl)(OC)OC
PJNPZIYGODMAQE-UHFFFAOYSA-N,Non-irritant,68783-41-5,0,593,"Dearomatize (ID: Dearomatize)
Clear Stereo (ID: ClearStereo)
Wedge Clean (ID: WedgeClean)
Mesomerize (ID: Mesomerize)
Tautomerize (ID: Tautomerize)
Aromatize (ID: Aromatize)
Add Explicit Hydrogens (ID: AddExplicitH)
Neutralize (ID: Neutralize)
Clean 2D (ID: Clean2D)",3.87298345565796,593,O=[N+]([O-])c1ccc(O)c(CCl)c1
PRXRUNOAOLTIEF-UHFFFAOYSA-N,Non-irritant,26266-58-0,0,612,"Clear Stereo (ID: ClearStereo)
Wedge Clean (ID: WedgeClean)
Mesomerize (ID: Mesomerize)
Tautomerize (ID: Tautomerize)
Add Explicit Hydrogens (ID: AddExplicitH)
Neutralize (ID: Neutralize)
Clean 2D (ID: Clean2D)",3.87298345565796,612,CCCCCCCCC=CCCCCCCCC(=O)OCC(OC(=O)CCCCCCCC=CCCCCCCCC)C1OCC(O)C1OC(=O)CCCCCCCC=CCCCCCCCC
QAOWNCQODCNURD-UHFFFAOYSA-N,Non-irritant,12777-87-6,0,628,"Clear Stereo (ID: ClearStereo)
Wedge Clean (ID: WedgeClean)
Mesomerize (ID: Mesomerize)
Tautomerize (ID: Tautomerize)
Add Explicit Hydrogens (ID: AddExplicitH)
Neutralize (ID: Neutralize)
Clean 2D (ID: Clean2D)",3.87298345565796,628,O=S(=O)(O)O
QPCDCPDFJACHGM-UHFFFAOYSA-I,Non-irritant,140-01-2,0,647,"Clear Stereo (ID: ClearStereo)
Wedge Clean (ID: WedgeClean)
Mesomerize (ID: Mesomerize)
Tautomerize (ID: Tautomerize)
Add Explicit Hydrogens (ID: AddExplicitH)
Neutralize (ID: Neutralize)
Clean 2D (ID: Clean2D)",3.87298345565796,647,O=C(O)CN(CCN(CC(=O)O)CC(=O)O)CCN(CC(=O)O)CC(=O)O
RSWGJHLUYNHPMX-SAOIUIGASA-N,Non-irritant,8050-09-07,0,688,"Clear Stereo (ID: ClearStereo)
Wedge Clean (ID: WedgeClean)
Mesomerize (ID: Mesomerize)
Tautomerize (ID: Tautomerize)
Add Explicit Hydrogens (ID: AddExplicitH)
Neutralize (ID: Neutralize)
Clean 2D (ID: Clean2D)",3.87298345565796,688,CC(C)C1=CC2=CCC3C(C)(C(=O)O)CCCC3(C)C2CC1
UDZAXLGLNUMCRX-KHPPLWFESA-N,Non-irritant,111-05-7,0,778,"Clear Stereo (ID: ClearStereo)
Wedge Clean (ID: WedgeClean)
Mesomerize (ID: Mesomerize)
Tautomerize (ID: Tautomerize)
Add Explicit Hydrogens (ID: AddExplicitH)
Neutralize (ID: Neutralize)
Clean 2D (ID: Clean2D)",3.87298345565796,778,CCCCCCCCC=CCCCCCCCC(=O)NCC(C)O
YEBLAXBYYVCOLT-UHFFFAOYSA-N,Non-irritant,35123-06-9,0,957,"Clear Stereo (ID: ClearStereo)
Wedge Clean (ID: WedgeClean)
Mesomerize (ID: Mesomerize)
Tautomerize (ID: Tautomerize)
Add Explicit Hydrogens (ID: AddExplicitH)
Neutralize (ID: Neutralize)
Clean 2D (ID: Clean2D)",3.87298345565796,957,CC(O)C(=O)N(C)C
ZZMVLMVFYMGSMY-UHFFFAOYSA-N,Non-irritant,793-24-8,0,1034,"Dearomatize (ID: Dearomatize)
Clear Stereo (ID: ClearStereo)
Wedge Clean (ID: WedgeClean)
Mesomerize (ID: Mesomerize)
Tautomerize (ID: Tautomerize)
Aromatize (ID: Aromatize)
Add Explicit Hydrogens (ID: AddExplicitH)
Neutralize (ID: Neutralize)
Clean 2D (ID: Clean2D)",3.87298345565796,1034,CC(C)CC(C)Nc1ccc(Nc2ccccc2)cc1
"InChI=1S/C20H32O/c1-3-20(21)13-11-18-17-9-8-14-6-4-5-7-15(14)16(17)10-12-19(18,20)2/h6,15-18,21H,3-5,7-13H2,1-2H3",,965-90-2,0,1104,"Clear Stereo (ID: ClearStereo)
Wedge Clean (ID: WedgeClean)
Mesomerize (ID: Mesomerize)
Tautomerize (ID: Tautomerize)
Add Explicit Hydrogens (ID: AddExplicitH)
Neutralize (ID: Neutralize)
Clean 2D (ID: Clean2D)",3.87298345565796,1104,CCC1(O)CCC2C3CCC4=CCCCC4C3CCC21C
"InChI=1S/C14H30N2O4/c1-15(2,3)9-11-19-13(17)7-8-14(18)20-12-10-16(4,5)6/h7-12H2,1-6H3/q+2",,306-40-1,0,1143,"Clear Stereo (ID: ClearStereo)
Wedge Clean (ID: WedgeClean)
Mesomerize (ID: Mesomerize)
Tautomerize (ID: Tautomerize)
Add Explicit Hydrogens (ID: AddExplicitH)
Clean 2D (ID: Clean2D)",3.87298345565796,1143,C[N+](C)(C)CCOC(=O)CCC(=O)OCC[N+](C)(C)C
"InChI=1S/C28H22N2O8S2/c1-15-7-9-19(23(13-15)39(33,34)35)29-21-11-12-22(30-20-10-8-16(2)14-24(20)40(36,37)38)26-25(21)27(31)17-5-3-4-6-18(17)28(26)32/h3-14,29-30H,1-2H3,(H,33,34,35)(H,36,37,38)",,4403-90-1,0,1180,"Dearomatize (ID: Dearomatize)
Clear Stereo (ID: ClearStereo)
Wedge Clean (ID: WedgeClean)
Mesomerize (ID: Mesomerize)
Tautomerize (ID: Tautomerize)
Aromatize (ID: Aromatize)
Add Explicit Hydrogens (ID: AddExplicitH)
Neutralize (ID: Neutralize)
Clean 2D (ID: Clean2D)",3.87298345565796,1180,Cc1ccc(Nc2ccc(Nc3ccc(C)cc3S(=O)(=O)O)c3c2C(=O)c2ccccc2C3=O)c(S(=O)(=O)O)c1
InChI=1S/C3H6O3/c1-4-2-6-3-5-1/h1-3H2,Non-irritant,110-88-3,0,1181,"Clear Stereo (ID: ClearStereo)
Wedge Clean (ID: WedgeClean)
Mesomerize (ID: Mesomerize)
Tautomerize (ID: Tautomerize)
Add Explicit Hydrogens (ID: AddExplicitH)
Neutralize (ID: Neutralize)
Clean 2D (ID: Clean2D)",3.87298345565796,1181,C1OCOCO1
"InChI=1S/C10H17N/c11-10-4-7-1-8(5-10)3-9(2-7)6-10/h7-9H,1-6,11H2",,768-94-5,0,1387,"Clear Stereo (ID: ClearStereo)
Wedge Clean (ID: WedgeClean)
Mesomerize (ID: Mesomerize)
Tautomerize (ID: Tautomerize)
Add Explicit Hydrogens (ID: AddExplicitH)
Neutralize (ID: Neutralize)
Clean 2D (ID: Clean2D)",3.87298345565796,1387,NC12CC3CC(CC(C3)C1)C2
"InChI=1S/C15H17Br2NO2/c1-2-3-4-5-6-7-14(19)20-15-12(16)8-11(10-18)9-13(15)17/h8-9H,2-7H2,1H3",,1689-99-2,0,1415,"Dearomatize (ID: Dearomatize)
Clear Stereo (ID: ClearStereo)
Wedge Clean (ID: WedgeClean)
Mesomerize (ID: Mesomerize)
Tautomerize (ID: Tautomerize)
Aromatize (ID: Aromatize)
Add Explicit Hydrogens (ID: AddExplicitH)
Neutralize (ID: Neutralize)
Clean 2D (ID: Clean2D)",3.87298345565796,1415,CCCCCCCC(=O)Oc1c(Br)cc(C#N)cc1Br
"InChI=1S/C28H46O/c1-19(2)20(3)12-13-22(5)25-16-17-26-23(10-8-18-28(25,26)6)14-15-24-21(4)9-7-11-27(24)29/h12-15,19-22,25-27,29H,7-11,16-18H2,1-6H3",,67-96-9,0,1423,"Clear Stereo (ID: ClearStereo)
Wedge Clean (ID: WedgeClean)
Mesomerize (ID: Mesomerize)
Tautomerize (ID: Tautomerize)
Add Explicit Hydrogens (ID: AddExplicitH)
Neutralize (ID: Neutralize)
Clean 2D (ID: Clean2D)",3.87298345565796,1423,CC1CCCC(O)C1=CC=C1CCCC2(C)C1CCC2C(C)C=CC(C)C(C)C
"InChI=1S/C21H32O3/c1-12(22)16-6-7-17-15-5-4-13-10-14(23)8-9-20(13,2)19(15)18(24)11-21(16,17)3/h13-17,19,23H,4-11H2,1-3H3",,23930-19-0,0,1426,"Clear Stereo (ID: ClearStereo)
Wedge Clean (ID: WedgeClean)
Mesomerize (ID: Mesomerize)
Tautomerize (ID: Tautomerize)
Add Explicit Hydrogens (ID: AddExplicitH)
Neutralize (ID: Neutralize)
Clean 2D (ID: Clean2D)",3.87298345565796,1426,CC(=O)C1CCC2C3CCC4CC(O)CCC4(C)C3C(=O)CC12C
"InChI=1S/C20H26O3/c1-12(21)23-14-4-6-15-13(11-14)3-5-17-16(15)9-10-20(2)18(17)7-8-19(20)22/h4,6,11,16-19,22H,3,5,7-10H2,1-2H3",,4245-41-4,0,1468,"Dearomatize (ID: Dearomatize)
Clear Stereo (ID: ClearStereo)
Wedge Clean (ID: WedgeClean)
Mesomerize (ID: Mesomerize)
Tautomerize (ID: Tautomerize)
Aromatize (ID: Aromatize)
Add Explicit Hydrogens (ID: AddExplicitH)
Neutralize (ID: Neutralize)
Clean 2D (ID: Clean2D)",3.87298345565796,1468,CC(=O)Oc1ccc2c(c1)CCC1C2CCC2(C)C(O)CCC12
"InChI=1S/C19H28O2/c1-18-9-7-13(20)11-12(18)3-4-14-15-5-6-17(21)19(15,2)10-8-16(14)18/h3,13-16,20H,4-11H2,1-2H3",,53-43-0,0,1479,"Clear Stereo (ID: ClearStereo)
Wedge Clean (ID: WedgeClean)
Mesomerize (ID: Mesomerize)
Tautomerize (ID: Tautomerize)
Add Explicit Hydrogens (ID: AddExplicitH)
Neutralize (ID: Neutralize)
Clean 2D (ID: Clean2D)",3.87298345565796,1479,CC12CCC3C(CC=C4CC(O)CCC43C)C1CCC2=O
"InChI=1S/C14H12O3/c1-7-4-12(15)17-14-9(3)13-10(6-11(7)14)5-8(2)16-13/h4-6H,1-3H3",,3902-71-4,0,1480,"Dearomatize (ID: Dearomatize)
Clear Stereo (ID: ClearStereo)
Wedge Clean (ID: WedgeClean)
Mesomerize (ID: Mesomerize)
Tautomerize (ID: Tautomerize)
Aromatize (ID: Aromatize)
Add Explicit Hydrogens (ID: AddExplicitH)
Neutralize (ID: Neutralize)
Clean 2D (ID: Clean2D)",3.87298345565796,1480,Cc1cc2cc3c(C)cc(=O)oc3c(C)c2o1
"InChI=1S/C26H23F2NO4/c1-17(2)24(18-11-13-21(14-12-18)32-26(27)28)25(30)33-23(16-29)19-7-6-10-22(15-19)31-20-8-4-3-5-9-20/h3-15,17,23-24,26H,1-2H3",,70124-77-5,0,1530,"Dearomatize (ID: Dearomatize)
Clear Stereo (ID: ClearStereo)
Wedge Clean (ID: WedgeClean)
Mesomerize (ID: Mesomerize)
Tautomerize (ID: Tautomerize)
Aromatize (ID: Aromatize)
Add Explicit Hydrogens (ID: AddExplicitH)
Neutralize (ID: Neutralize)
Clean 2D (ID: Clean2D)",3.87298345565796,1530,CC(C)C(C(=O)OC(C#N)c1cccc(Oc2ccccc2)c1)c1ccc(OC(F)F)cc1
"InChI=1S/C29H50O2/c1-20(2)12-9-13-21(3)14-10-15-22(4)16-11-18-29(8)19-17-26-25(7)27(30)23(5)24(6)28(26)31-29/h20-22,30H,9-19H2,1-8H3",,59-02-9,0,1609,"Dearomatize (ID: Dearomatize)
Clear Stereo (ID: ClearStereo)
Wedge Clean (ID: WedgeClean)
Mesomerize (ID: Mesomerize)
Tautomerize (ID: Tautomerize)
Aromatize (ID: Aromatize)
Add Explicit Hydrogens (ID: AddExplicitH)
Neutralize (ID: Neutralize)
Clean 2D (ID: Clean2D)",3.87298345565796,1609,Cc1c(C)c2c(c(C)c1O)CCC(C)(CCCC(C)CCCC(C)CCCC(C)C)O2
"InChI=1S/C32H32Cl2O10/c1-20(35)41-27-9-7-6-8-26(27)28(36)42-25(18-39-29(37)31(2,3)43-23-14-10-21(33)11-15-23)19-40-30(38)32(4,5)44-24-16-12-22(34)13-17-24/h6-17,25H,18-19H2,1-5H3",,64496-66-8,0,1612,"Dearomatize (ID: Dearomatize)
Clear Stereo (ID: ClearStereo)
Wedge Clean (ID: WedgeClean)
Mesomerize (ID: Mesomerize)
Tautomerize (ID: Tautomerize)
Aromatize (ID: Aromatize)
Add Explicit Hydrogens (ID: AddExplicitH)
Neutralize (ID: Neutralize)
Clean 2D (ID: Clean2D)",3.87298345565796,1612,CC(=O)Oc1ccccc1C(=O)OC(COC(=O)C(C)(C)Oc1ccc(Cl)cc1)COC(=O)C(C)(C)Oc1ccc(Cl)cc1
"InChI=1S/C6H13F3O3Si/c1-10-13(11-2,12-3)5-4-6(7,8)9/h4-5H2,1-3H3",Non-irritant,429-60-7,0,1887,"Clear Stereo (ID: ClearStereo)
Wedge Clean (ID: WedgeClean)
Mesomerize (ID: Mesomerize)
Tautomerize (ID: Tautomerize)
Add Explicit Hydrogens (ID: AddExplicitH)
Neutralize (ID: Neutralize)
Clean 2D (ID: Clean2D)",3.87298345565796,1887,CO[Si](CCC(F)(F)F)(OC)OC
"InChI=1S/C23H26Cl2O6/c1-22(2,30-18-10-6-16(24)7-11-18)20(26)28-14-5-15-29-21(27)23(3,4)31-19-12-8-17(25)9-13-19/h6-13H,5,14-15H2,1-4H3",,14929-11-4,0,1891,"Dearomatize (ID: Dearomatize)
Clear Stereo (ID: ClearStereo)
Wedge Clean (ID: WedgeClean)
Mesomerize (ID: Mesomerize)
Tautomerize (ID: Tautomerize)
Aromatize (ID: Aromatize)
Add Explicit Hydrogens (ID: AddExplicitH)
Neutralize (ID: Neutralize)
Clean 2D (ID: Clean2D)",3.87298345565796,1891,CC(C)(Oc1ccc(Cl)cc1)C(=O)OCCCOC(=O)C(C)(C)Oc1ccc(Cl)cc1
"InChI=1S/C3H7NO2/c1-2-3-4(5)6/h2-3H2,1H3",Non-irritant,108-03-2,0,1918,"Clear Stereo (ID: ClearStereo)
Wedge Clean (ID: WedgeClean)
Mesomerize (ID: Mesomerize)
Tautomerize (ID: Tautomerize)
Add Explicit Hydrogens (ID: AddExplicitH)
Neutralize (ID: Neutralize)
Clean 2D (ID: Clean2D)",3.87298345565796,1918,CCC[N+](=O)[O-]
"InChI=1S/C14H11NO5/c1-8-2-4-9(5-3-8)13(17)10-6-11(15(19)20)14(18)12(16)7-10/h2-7,16,18H,1H3",,134308-13-7,0,2176,"Dearomatize (ID: Dearomatize)
Clear Stereo (ID: ClearStereo)
Wedge Clean (ID: WedgeClean)
Mesomerize (ID: Mesomerize)
Tautomerize (ID: Tautomerize)
Aromatize (ID: Aromatize)
Add Explicit Hydrogens (ID: AddExplicitH)
Neutralize (ID: Neutralize)
Clean 2D (ID: Clean2D)",3.87298345565796,2176,Cc1ccc(C(=O)c2cc(O)c(O)c([N+](=O)[O-])c2)cc1
"InChI=1S/C18H26O2/c1-18-9-8-14-13-5-3-12(19)10-11(13)2-4-15(14)16(18)6-7-17(18)20/h10,13-17,20H,2-9H2,1H3",,434-22-0,0,2307,"Clear Stereo (ID: ClearStereo)
Wedge Clean (ID: WedgeClean)
Mesomerize (ID: Mesomerize)
Tautomerize (ID: Tautomerize)
Add Explicit Hydrogens (ID: AddExplicitH)
Neutralize (ID: Neutralize)
Clean 2D (ID: Clean2D)",3.87298345565796,2307,CC12CCC3C4CCC(=O)C=C4CCC3C1CCC2O
"InChI=1S/C8H18NO2/c1-7(11-8(2)10)6-9(3,4)5/h7H,6H2,1-5H3/q+1",,55-92-5,0,2345,"Clear Stereo (ID: ClearStereo)
Wedge Clean (ID: WedgeClean)
Mesomerize (ID: Mesomerize)
Tautomerize (ID: Tautomerize)
Add Explicit Hydrogens (ID: AddExplicitH)
Clean 2D (ID: Clean2D)",3.87298345565796,2345,CC(=O)OC(C)C[N+](C)(C)C
"InChI=1S/C22H18N2/c1-3-7-18(8-4-1)19-11-13-21(14-12-19)22(24-16-15-23-17-24)20-9-5-2-6-10-20/h1-17,22H",,60628-96-8,0,2354,"Dearomatize (ID: Dearomatize)
Clear Stereo (ID: ClearStereo)
Wedge Clean (ID: WedgeClean)
Mesomerize (ID: Mesomerize)
Tautomerize (ID: Tautomerize)
Aromatize (ID: Aromatize)
Add Explicit Hydrogens (ID: AddExplicitH)
Neutralize (ID: Neutralize)
Clean 2D (ID: Clean2D)",3.87298345565796,2354,c1ccc(-c2ccc(C(c3ccccc3)n3ccnc3)cc2)cc1
"InChI=1S/C15H23N/c1-2-8-15(16-11-6-7-12-16)13-14-9-4-3-5-10-14/h3-5,9-10,15H,2,6-8,11-13H2,1H3",,493-92-5,0,2385,"Dearomatize (ID: Dearomatize)
Clear Stereo (ID: ClearStereo)
Wedge Clean (ID: WedgeClean)
Mesomerize (ID: Mesomerize)
Tautomerize (ID: Tautomerize)
Aromatize (ID: Aromatize)
Add Explicit Hydrogens (ID: AddExplicitH)
Neutralize (ID: Neutralize)
Clean 2D (ID: Clean2D)",3.87298345565796,2385,CCCC(Cc1ccccc1)N1CCCC1
"InChI=1S/C23H38O4/c1-5-6-15-23(3,4)21(25)14-13-18-17(2)16-20(24)19(18)11-9-7-8-10-12-22(26)27/h7,9,13-14,17-19,21,25H,5-6,8,10-12,15-16H2,1-4H3,(H,26,27)",,69900-72-7,0,2409,"Clear Stereo (ID: ClearStereo)
Wedge Clean (ID: WedgeClean)
Mesomerize (ID: Mesomerize)
Tautomerize (ID: Tautomerize)
Add Explicit Hydrogens (ID: AddExplicitH)
Neutralize (ID: Neutralize)
Clean 2D (ID: Clean2D)",3.87298345565796,2409,CCCCC(C)(C)C(O)C=CC1C(C)CC(=O)C1CC=CCCCC(=O)O
"InChI=1S/C6H10O6/c7-1-2-3(8)4(9)5(10)6(11)12-2/h2-5,7-10H,1H2",Non-irritant,90-80-2,0,2484,"Clear Stereo (ID: ClearStereo)
Wedge Clean (ID: WedgeClean)
Mesomerize (ID: Mesomerize)
Tautomerize (ID: Tautomerize)
Add Explicit Hydrogens (ID: AddExplicitH)
Neutralize (ID: Neutralize)
Clean 2D (ID: Clean2D)",3.87298345565796,2484,O=C1OC(CO)C(O)C(O)C1O
"InChI=1S/C15H13NO/c1-10(17)16-14-8-4-6-12-9-11-5-2-3-7-13(11)15(12)14/h2-8H,9H2,1H3,(H,16,17)",,28322-02-3,0,2485,"Dearomatize (ID: Dearomatize)
Clear Stereo (ID: ClearStereo)
Wedge Clean (ID: WedgeClean)
Mesomerize (ID: Mesomerize)
Tautomerize (ID: Tautomerize)
Aromatize (ID: Aromatize)
Add Explicit Hydrogens (ID: AddExplicitH)
Neutralize (ID: Neutralize)
Clean 2D (ID: Clean2D)",3.87298345565796,2485,CC(=O)Nc1cccc2c1-c1ccccc1C2
"InChI=1S/C25H32O2/c1-3-25(26)15-13-23-22-10-8-17-16-19(27-18-6-4-5-7-18)9-11-20(17)21(22)12-14-24(23,25)2/h1,9,11,16,18,21-23,26H,4-8,10,12-15H2,2H3",,152-43-2,0,2555,"Dearomatize (ID: Dearomatize)
Clear Stereo (ID: ClearStereo)
Wedge Clean (ID: WedgeClean)
Mesomerize (ID: Mesomerize)
Tautomerize (ID: Tautomerize)
Aromatize (ID: Aromatize)
Add Explicit Hydrogens (ID: AddExplicitH)
Neutralize (ID: Neutralize)
Clean 2D (ID: Clean2D)",3.87298345565796,2555,C#CC1(O)CCC2C3CCc4cc(OC5CCCC5)ccc4C3CCC21C
"InChI=1S/C16H17NO/c1-17(2)16(18)15(13-9-5-3-6-10-13)14-11-7-4-8-12-14/h3-12,15H,1-2H3",,957-51-7,0,2571,"Dearomatize (ID: Dearomatize)
Clear Stereo (ID: ClearStereo)
Wedge Clean (ID: WedgeClean)
Mesomerize (ID: Mesomerize)
Tautomerize (ID: Tautomerize)
Aromatize (ID: Aromatize)
Add Explicit Hydrogens (ID: AddExplicitH)
Neutralize (ID: Neutralize)
Clean 2D (ID: Clean2D)",3.87298345565796,2571,CN(C)C(=O)C(c1ccccc1)c1ccccc1
"InChI=1S/C14H12ClNO2/c1-9-8-10(6-7-12(9)15)16-13-5-3-2-4-11(13)14(17)18/h2-8,16H,1H3,(H,17,18)",,13710-19-5,0,2584,"Dearomatize (ID: Dearomatize)
Clear Stereo (ID: ClearStereo)
Wedge Clean (ID: WedgeClean)
Mesomerize (ID: Mesomerize)
Tautomerize (ID: Tautomerize)
Aromatize (ID: Aromatize)
Add Explicit Hydrogens (ID: AddExplicitH)
Neutralize (ID: Neutralize)
Clean 2D (ID: Clean2D)",3.87298345565796,2584,Cc1cc(Nc2ccccc2C(=O)O)ccc1Cl
"InChI=1S/C28H48O2/c1-20(2)11-8-12-21(3)13-9-14-22(4)15-10-17-28(7)18-16-25-19-26(29)23(5)24(6)27(25)30-28/h19-22,29H,8-18H2,1-7H3",,1406-66-2,0,2629,"Dearomatize (ID: Dearomatize)
Clear Stereo (ID: ClearStereo)
Wedge Clean (ID: WedgeClean)
Mesomerize (ID: Mesomerize)
Tautomerize (ID: Tautomerize)
Aromatize (ID: Aromatize)
Add Explicit Hydrogens (ID: AddExplicitH)
Neutralize (ID: Neutralize)
Clean 2D (ID: Clean2D)",3.87298345565796,2629,Cc1c(O)cc2c(c1C)OC(C)(CCCC(C)CCCC(C)CCCC(C)C)CC2
"InChI=1S/C18H23NO/c1-15-9-7-8-12-17(15)18(20-14-13-19(2)3)16-10-5-4-6-11-16/h4-12,18H,13-14H2,1-3H3",,83-98-7,0,2634,"Dearomatize (ID: Dearomatize)
Clear Stereo (ID: ClearStereo)
Wedge Clean (ID: WedgeClean)
Mesomerize (ID: Mesomerize)
Tautomerize (ID: Tautomerize)
Aromatize (ID: Aromatize)
Add Explicit Hydrogens (ID: AddExplicitH)
Neutralize (ID: Neutralize)
Clean 2D (ID: Clean2D)",3.87298345565796,2634,Cc1ccccc1C(OCCN(C)C)c1ccccc1
"InChI=1S/C12H8O4/c1-14-12-10-8(4-5-15-10)6-7-2-3-9(13)16-11(7)12/h2-6H,1H3",,298-81-7,0,2643,"Dearomatize (ID: Dearomatize)
Clear Stereo (ID: ClearStereo)
Wedge Clean (ID: WedgeClean)
Mesomerize (ID: Mesomerize)
Tautomerize (ID: Tautomerize)
Aromatize (ID: Aromatize)
Add Explicit Hydrogens (ID: AddExplicitH)
Neutralize (ID: Neutralize)
Clean 2D (ID: Clean2D)",3.87298345565796,2643,COc1c2occc2cc2ccc(=O)oc12
"InChI=1S/C27H44O/c1-19(2)8-6-9-21(4)25-15-16-26-22(10-7-17-27(25,26)5)12-13-23-18-24(28)14-11-20(23)3/h12-13,19,21,24-26,28H,3,6-11,14-18H2,1-2,4-5H3",,67-97-0 1406-16-2,0,2649,"Clear Stereo (ID: ClearStereo)
Wedge Clean (ID: WedgeClean)
Mesomerize (ID: Mesomerize)
Tautomerize (ID: Tautomerize)
Add Explicit Hydrogens (ID: AddExplicitH)
Neutralize (ID: Neutralize)
Clean 2D (ID: Clean2D)",3.87298345565796,2649,C=C1CCC(O)CC1=CC=C1CCCC2(C)C1CCC2C(C)CCCC(C)C
"InChI=1S/C23H32O3/c1-3-4-5-22(25)26-21-11-10-20-19-8-6-15-14-16(24)7-9-17(15)18(19)12-13-23(20,21)2/h7,9,14,18-21,24H,3-6,8,10-13H2,1-2H3",,979-32-8,0,2738,"Dearomatize (ID: Dearomatize)
Clear Stereo (ID: ClearStereo)
Wedge Clean (ID: WedgeClean)
Mesomerize (ID: Mesomerize)
Tautomerize (ID: Tautomerize)
Aromatize (ID: Aromatize)
Add Explicit Hydrogens (ID: AddExplicitH)
Neutralize (ID: Neutralize)
Clean 2D (ID: Clean2D)",3.87298345565796,2738,CCCCC(=O)OC1CCC2C3CCc4cc(O)ccc4C3CCC12C
"InChI=1S/C11H21NO3/c1-2-3-4-5-8-15-11(14)7-6-10(13)9-12/h2-9,12H2,1H3",,140898-91-5,0,2765,"Clear Stereo (ID: ClearStereo)
Wedge Clean (ID: WedgeClean)
Mesomerize (ID: Mesomerize)
Tautomerize (ID: Tautomerize)
Add Explicit Hydrogens (ID: AddExplicitH)
Neutralize (ID: Neutralize)
Clean 2D (ID: Clean2D)",3.87298345565796,2765,CCCCCCOC(=O)CCC(=O)CN
"InChI=1S/C14H11Cl2NO2/c1-8-6-7-10(15)13(12(8)16)17-11-5-3-2-4-9(11)14(18)19/h2-7,17H,1H3,(H,18,19)",,644-62-2,0,2783,"Dearomatize (ID: Dearomatize)
Clear Stereo (ID: ClearStereo)
Wedge Clean (ID: WedgeClean)
Mesomerize (ID: Mesomerize)
Tautomerize (ID: Tautomerize)
Aromatize (ID: Aromatize)
Add Explicit Hydrogens (ID: AddExplicitH)
Neutralize (ID: Neutralize)
Clean 2D (ID: Clean2D)",3.87298345565796,2783,Cc1ccc(Cl)c(Nc2ccccc2C(=O)O)c1Cl
"InChI=1S/C15H33N2O2/c1-6-9-11-16(12-10-7-2)15(18)19-14-13-17(4,5)8-3/h6-14H2,1-5H3/q+1",,21962-82-3,0,2792,"Clear Stereo (ID: ClearStereo)
Wedge Clean (ID: WedgeClean)
Mesomerize (ID: Mesomerize)
Tautomerize (ID: Tautomerize)
Add Explicit Hydrogens (ID: AddExplicitH)
Clean 2D (ID: Clean2D)",3.87298345565796,2792,CCCCN(CCCC)C(=O)OCC[N+](C)(C)CC
"InChI=1S/C7H7NO2/c8-7(10)5-3-1-2-4-6(5)9/h1-4,9H,(H2,8,10)",,65-45-2,0,2824,"Dearomatize (ID: Dearomatize)
Clear Stereo (ID: ClearStereo)
Wedge Clean (ID: WedgeClean)
Mesomerize (ID: Mesomerize)
Tautomerize (ID: Tautomerize)
Aromatize (ID: Aromatize)
Add Explicit Hydrogens (ID: AddExplicitH)
Neutralize (ID: Neutralize)
Clean 2D (ID: Clean2D)",3.87298345565796,2824,NC(=O)c1ccccc1O
"InChI=1S/C21H38O4/c1-3-4-13-21(2,25)14-10-12-18-17(19(23)16-20(18)24)11-8-6-5-7-9-15-22/h10,12,17-18,20,22,24-25H,3-9,11,13-16H2,1-2H3",,77287-05-9,0,2846,"Clear Stereo (ID: ClearStereo)
Wedge Clean (ID: WedgeClean)
Mesomerize (ID: Mesomerize)
Tautomerize (ID: Tautomerize)
Add Explicit Hydrogens (ID: AddExplicitH)
Neutralize (ID: Neutralize)
Clean 2D (ID: Clean2D)",3.87298345565796,2846,CCCCC(C)(O)CC=CC1C(O)CC(=O)C1CCCCCCCO
"InChI=1S/C17H17ClO3/c1-17(2,16(19)20)21-11-12-3-5-13(6-4-12)14-7-9-15(18)10-8-14/h3-10H,11H2,1-2H3,(H,19,20)",,22494-47-9,0,2937,"Dearomatize (ID: Dearomatize)
Clear Stereo (ID: ClearStereo)
Wedge Clean (ID: WedgeClean)
Mesomerize (ID: Mesomerize)
Tautomerize (ID: Tautomerize)
Aromatize (ID: Aromatize)
Add Explicit Hydrogens (ID: AddExplicitH)
Neutralize (ID: Neutralize)
Clean 2D (ID: Clean2D)",3.87298345565796,2937,CC(C)(OCc1ccc(-c2ccc(Cl)cc2)cc1)C(=O)O
"InChI=1S/C14H10N2O6/c17-11-3-1-7(5-9(11)13(19)20)15-16-8-2-4-12(18)10(6-8)14(21)22/h1-6,17-18H,(H,19,20)(H,21,22)",,15722-48-2,0,2955,"Dearomatize (ID: Dearomatize)
Clear Stereo (ID: ClearStereo)
Wedge Clean (ID: WedgeClean)
Mesomerize (ID: Mesomerize)
Tautomerize (ID: Tautomerize)
Aromatize (ID: Aromatize)
Add Explicit Hydrogens (ID: AddExplicitH)
Neutralize (ID: Neutralize)
Clean 2D (ID: Clean2D)",3.87298345565796,2955,O=C(O)c1cc(N=Nc2ccc(O)c(C(=O)O)c2)ccc1O
"InChI=1S/C12H30O6SSi2/c1-13-20(14-2,15-3)11-7-9-19-10-8-12-21(16-4,17-5)18-6/h7-12H2,1-6H3",Non-irritant,29055-11-6,0,3031,"Clear Stereo (ID: ClearStereo)
Wedge Clean (ID: WedgeClean)
Mesomerize (ID: Mesomerize)
Tautomerize (ID: Tautomerize)
Add Explicit Hydrogens (ID: AddExplicitH)
Neutralize (ID: Neutralize)
Clean 2D (ID: Clean2D)",3.87298345565796,3031,CO[Si](CCCSCCC[Si](OC)(OC)OC)(OC)OC
"InChI=1S/C18H24O2/c1-18-9-8-14-13-5-3-12(19)10-11(13)2-4-15(14)16(18)6-7-17(18)20/h3,5,10,14-17,19-20H,2,4,6-9H2,1H3",,50-28-2,0,3076,"Dearomatize (ID: Dearomatize)
Clear Stereo (ID: ClearStereo)
Wedge Clean (ID: WedgeClean)
Mesomerize (ID: Mesomerize)
Tautomerize (ID: Tautomerize)
Aromatize (ID: Aromatize)
Add Explicit Hydrogens (ID: AddExplicitH)
Neutralize (ID: Neutralize)
Clean 2D (ID: Clean2D)",3.87298345565796,3076,CC12CCC3c4ccc(O)cc4CCC3C1CCC2O
"InChI=1S/C18H42O6S4Si2/c1-7-19-29(20-8-2,21-9-3)17-13-15-25-27-28-26-16-14-18-30(22-10-4,23-11-5)24-12-6/h7-18H2,1-6H3",Non-irritant,40372-72-3,0,3097,"Clear Stereo (ID: ClearStereo)
Wedge Clean (ID: WedgeClean)
Mesomerize (ID: Mesomerize)
Tautomerize (ID: Tautomerize)
Add Explicit Hydrogens (ID: AddExplicitH)
Neutralize (ID: Neutralize)
Clean 2D (ID: Clean2D)",3.87298345565796,3097,CCO[Si](CCCSSSSCCC[Si](OCC)(OCC)OCC)(OCC)OCC
"InChI=1S/C11H17NO3/c1-7(12)11(13)9-6-8(14-2)4-5-10(9)15-3/h4-7,11,13H,12H2,1-3H3",,390-28-3,0,3171,"Dearomatize (ID: Dearomatize)
Clear Stereo (ID: ClearStereo)
Wedge Clean (ID: WedgeClean)
Mesomerize (ID: Mesomerize)
Tautomerize (ID: Tautomerize)
Aromatize (ID: Aromatize)
Add Explicit Hydrogens (ID: AddExplicitH)
Neutralize (ID: Neutralize)
Clean 2D (ID: Clean2D)",3.87298345565796,3171,COc1ccc(OC)c(C(O)C(C)N)c1
"InChI=1S/C23H38O4/c1-5-6-15-23(3,4)21(25)14-13-19-18(17(2)16-20(19)24)11-9-7-8-10-12-22(26)27/h7,9,13-14,18-21,24-25H,2,5-6,8,10-12,15-16H2,1,3-4H3,(H,26,27)",,61263-35-2,0,3183,"Clear Stereo (ID: ClearStereo)
Wedge Clean (ID: WedgeClean)
Mesomerize (ID: Mesomerize)
Tautomerize (ID: Tautomerize)
Add Explicit Hydrogens (ID: AddExplicitH)
Neutralize (ID: Neutralize)
Clean 2D (ID: Clean2D)",3.87298345565796,3183,C=C1CC(O)C(C=CC(O)C(C)(C)CCCC)C1CC=CCCCC(=O)O
"InChI=1S/C10H20O5Si/c1-9(2)10(11)15-7-6-8-16(12-3,13-4)14-5/h1,6-8H2,2-5H3",Non-irritant,2530-85-0,0,3263,"Clear Stereo (ID: ClearStereo)
Wedge Clean (ID: WedgeClean)
Mesomerize (ID: Mesomerize)
Tautomerize (ID: Tautomerize)
Add Explicit Hydrogens (ID: AddExplicitH)
Neutralize (ID: Neutralize)
Clean 2D (ID: Clean2D)",3.87298345565796,3263,C=C(C)C(=O)OCCC[Si](OC)(OC)OC
"InChI=1S/C13H19NO/c1-4-14(5-2)11(3)13(15)12-9-7-6-8-10-12/h6-11H,4-5H2,1-3H3",,90-84-6,0,3340,"Dearomatize (ID: Dearomatize)
Clear Stereo (ID: ClearStereo)
Wedge Clean (ID: WedgeClean)
Mesomerize (ID: Mesomerize)
Tautomerize (ID: Tautomerize)
Aromatize (ID: Aromatize)
Add Explicit Hydrogens (ID: AddExplicitH)
Neutralize (ID: Neutralize)
Clean 2D (ID: Clean2D)",3.87298345565796,3340,CCN(CC)C(C)C(=O)c1ccccc1
"InChI=1S/C12H13N3/c1-9-8-10(2)14-12(13-9)15-11-6-4-3-5-7-11/h3-8H,1-2H3,(H,13,14,15)",Non-irritant,53112-28-0,0,3483,"Dearomatize (ID: Dearomatize)
Clear Stereo (ID: ClearStereo)
Wedge Clean (ID: WedgeClean)
Mesomerize (ID: Mesomerize)
Tautomerize (ID: Tautomerize)
Aromatize (ID: Aromatize)
Add Explicit Hydrogens (ID: AddExplicitH)
Neutralize (ID: Neutralize)
Clean 2D (ID: Clean2D)",3.87298345565796,3483,Cc1cc(C)nc(Nc2ccccc2)n1
AVTLBBWTUPQRAY-UHFFFAOYSA-N,Non-irritant,13472-08-7,0,20,"Clear Stereo (ID: ClearStereo)
Wedge Clean (ID: WedgeClean)
Mesomerize (ID: Mesomerize)
Tautomerize (ID: Tautomerize)
Add Explicit Hydrogens (ID: AddExplicitH)
Neutralize (ID: Neutralize)
Clean 2D (ID: Clean2D)",4.0,20,CCC(C)(C#N)N=NC(C)(C#N)CC
BGYHLZZASRKEJE-UHFFFAOYSA-N,Non-irritant,6683-19-8,0,45,"Dearomatize (ID: Dearomatize)
Clear Stereo (ID: ClearStereo)
Wedge Clean (ID: WedgeClean)
Mesomerize (ID: Mesomerize)
Tautomerize (ID: Tautomerize)
Aromatize (ID: Aromatize)
Add Explicit Hydrogens (ID: AddExplicitH)
Neutralize (ID: Neutralize)
Clean 2D (ID: Clean2D)",4.0,45,CC(C)(C)c1cc(CCC(=O)OCC(COC(=O)CCc2cc(C(C)(C)C)c(O)c(C(C)(C)C)c2)(COC(=O)CCc2cc(C(C)(C)C)c(O)c(C(C)(C)C)c2)COC(=O)CCc2cc(C(C)(C)C)c(O)c(C(C)(C)C)c2)cc(C(C)(C)C)c1O
BTBUEUYNUDRHOZ-UHFFFAOYSA-N,Non-irritant,12007-92-0,0,65,"Clear Stereo (ID: ClearStereo)
Wedge Clean (ID: WedgeClean)
Mesomerize (ID: Mesomerize)
Tautomerize (ID: Tautomerize)
Add Explicit Hydrogens (ID: AddExplicitH)
Neutralize (ID: Neutralize)
Clean 2D (ID: Clean2D)",4.0,65,OB(O)O
DHCDFWKWKRSZHF-UHFFFAOYSA-N,Non-irritant,7783-18-8,0,134,"Clear Stereo (ID: ClearStereo)
Wedge Clean (ID: WedgeClean)
Mesomerize (ID: Mesomerize)
Tautomerize (ID: Tautomerize)
Add Explicit Hydrogens (ID: AddExplicitH)
Neutralize (ID: Neutralize)
Clean 2D (ID: Clean2D)",4.0,134,O=S(O)(O)=S
DMDRBXCDTZRMHZ-UHFFFAOYSA-N,Non-irritant,116-75-6,0,145,"Dearomatize (ID: Dearomatize)
Clear Stereo (ID: ClearStereo)
Wedge Clean (ID: WedgeClean)
Mesomerize (ID: Mesomerize)
Tautomerize (ID: Tautomerize)
Aromatize (ID: Aromatize)
Add Explicit Hydrogens (ID: AddExplicitH)
Neutralize (ID: Neutralize)
Clean 2D (ID: Clean2D)",4.0,145,Cc1cc(C)c(Nc2ccc(Nc3c(C)cc(C)cc3C)c3c2C(=O)c2ccccc2C3=O)c(C)c1
GDPVISFVPDYFPN-UHFFFAOYSA-N,Non-irritant,,0,213,"Dearomatize (ID: Dearomatize)
Clear Stereo (ID: ClearStereo)
Wedge Clean (ID: WedgeClean)
Mesomerize (ID: Mesomerize)
Tautomerize (ID: Tautomerize)
Aromatize (ID: Aromatize)
Add Explicit Hydrogens (ID: AddExplicitH)
Neutralize (ID: Neutralize)
Clean 2D (ID: Clean2D)",4.0,213,NP(N)(=O)Nc1ccccc1[N+](=O)[O-]
ISSYGWIDLYOJEN-UHFFFAOYSA-N,Non-irritant,,0,326,"Dearomatize (ID: Dearomatize)
Clear Stereo (ID: ClearStereo)
Wedge Clean (ID: WedgeClean)
Mesomerize (ID: Mesomerize)
Tautomerize (ID: Tautomerize)
Aromatize (ID: Aromatize)
Add Explicit Hydrogens (ID: AddExplicitH)
Neutralize (ID: Neutralize)
Clean 2D (ID: Clean2D)",4.0,326,C=CC(=O)OCCCOc1ccc(C(=O)Oc2ccc(OC(=O)c3ccc(OCCCOC(=O)C=C)cc3)c(C)c2)cc1
ITUWQZXQRZLLCR-UHFFFAOYSA-N,Non-irritant,143925-92-2,0,327,"Clear Stereo (ID: ClearStereo)
Wedge Clean (ID: WedgeClean)
Mesomerize (ID: Mesomerize)
Tautomerize (ID: Tautomerize)
Add Explicit Hydrogens (ID: AddExplicitH)
Neutralize (ID: Neutralize)
Clean 2D (ID: Clean2D)",4.0,327,CCCCCCCCCCCCCCCCCCN(O)CCCCCCCCCCCCCCCCCC
JFMGYULNQJPJCY-UHFFFAOYSA-N,Non-irritant,931-40-8,0,339,"Clear Stereo (ID: ClearStereo)
Wedge Clean (ID: WedgeClean)
Mesomerize (ID: Mesomerize)
Tautomerize (ID: Tautomerize)
Add Explicit Hydrogens (ID: AddExplicitH)
Neutralize (ID: Neutralize)
Clean 2D (ID: Clean2D)",4.0,339,O=C1OCC(CO)O1
JMNCUXPHXKHBPY-UHFFFAOYSA-N,Non-irritant,61791-12-6,0,346,"Clear Stereo (ID: ClearStereo)
Wedge Clean (ID: WedgeClean)
Mesomerize (ID: Mesomerize)
Tautomerize (ID: Tautomerize)
Add Explicit Hydrogens (ID: AddExplicitH)
Neutralize (ID: Neutralize)
Clean 2D (ID: Clean2D)",4.0,346,NC(=O)OC(CCl)CCl
JWCYDYZLEAQGJJ-UHFFFAOYSA-N,Non-irritant,126990-35-0,0,362,"Clear Stereo (ID: ClearStereo)
Wedge Clean (ID: WedgeClean)
Mesomerize (ID: Mesomerize)
Tautomerize (ID: Tautomerize)
Add Explicit Hydrogens (ID: AddExplicitH)
Neutralize (ID: Neutralize)
Clean 2D (ID: Clean2D)",4.0,362,CO[Si](OC)(C1CCCC1)C1CCCC1
KKFDCBRMNNSAAW-UHFFFAOYSA-N,Non-irritant,622-40-2,0,388,"Clear Stereo (ID: ClearStereo)
Wedge Clean (ID: WedgeClean)
Mesomerize (ID: Mesomerize)
Tautomerize (ID: Tautomerize)
Add Explicit Hydrogens (ID: AddExplicitH)
Neutralize (ID: Neutralize)
Clean 2D (ID: Clean2D)",4.0,388,OCCN1CCOCC1
KLDXJTOLSGUMSJ-JGWLITMVSA-N,Non-irritant,652-67-5,0,389,"Clear Stereo (ID: ClearStereo)
Wedge Clean (ID: WedgeClean)
Mesomerize (ID: Mesomerize)
Tautomerize (ID: Tautomerize)
Add Explicit Hydrogens (ID: AddExplicitH)
Neutralize (ID: Neutralize)
Clean 2D (ID: Clean2D)",4.0,389,OC1COC2C(O)COC12
KNTKCYKJRSMRMZ-UHFFFAOYSA-N,Non-irritant,18171-19-2,0,396,"Clear Stereo (ID: ClearStereo)
Wedge Clean (ID: WedgeClean)
Mesomerize (ID: Mesomerize)
Tautomerize (ID: Tautomerize)
Add Explicit Hydrogens (ID: AddExplicitH)
Neutralize (ID: Neutralize)
Clean 2D (ID: Clean2D)",4.0,396,CO[Si](C)(CCCCl)OC
LMYRWZFENFIFIT-UHFFFAOYSA-N,Non-irritant,70-55-3,0,438,"Dearomatize (ID: Dearomatize)
Clear Stereo (ID: ClearStereo)
Wedge Clean (ID: WedgeClean)
Mesomerize (ID: Mesomerize)
Tautomerize (ID: Tautomerize)
Aromatize (ID: Aromatize)
Add Explicit Hydrogens (ID: AddExplicitH)
Neutralize (ID: Neutralize)
Clean 2D (ID: Clean2D)",4.0,438,Cc1ccc(S(N)(=O)=O)cc1
MGFYIUFZLHCRTH-UHFFFAOYSA-K,Non-irritant,5064-31-3,0,473,"Clear Stereo (ID: ClearStereo)
Wedge Clean (ID: WedgeClean)
Mesomerize (ID: Mesomerize)
Tautomerize (ID: Tautomerize)
Add Explicit Hydrogens (ID: AddExplicitH)
Neutralize (ID: Neutralize)
Clean 2D (ID: Clean2D)",4.0,473,O=C(O)CN(CC(=O)O)CC(=O)O
NOBYOEQUFMGXBP-UHFFFAOYSA-N,Non-irritant,15520-11-3,0,526,"Clear Stereo (ID: ClearStereo)
Wedge Clean (ID: WedgeClean)
Mesomerize (ID: Mesomerize)
Tautomerize (ID: Tautomerize)
Add Explicit Hydrogens (ID: AddExplicitH)
Neutralize (ID: Neutralize)
Clean 2D (ID: Clean2D)",4.0,526,CC(C)(C)C1CCC(OC(=O)OOC(=O)OC2CCC(C(C)(C)C)CC2)CC1
OAHNQUKKWVAYGR-UHFFFAOYSA-L,Non-irritant,94441-92-6,0,542,"Clear Stereo (ID: ClearStereo)
Wedge Clean (ID: WedgeClean)
Mesomerize (ID: Mesomerize)
Tautomerize (ID: Tautomerize)
Add Explicit Hydrogens (ID: AddExplicitH)
Neutralize (ID: Neutralize)
Clean 2D (ID: Clean2D)",4.0,542,CCCCC(CC)CN(CCC(=O)O)CCC(=O)O
ODHYIQOBTIWVRZ-UHFFFAOYSA-N,Non-irritant,5080-22-8,0,548,"Clear Stereo (ID: ClearStereo)
Wedge Clean (ID: WedgeClean)
Mesomerize (ID: Mesomerize)
Tautomerize (ID: Tautomerize)
Add Explicit Hydrogens (ID: AddExplicitH)
Neutralize (ID: Neutralize)
Clean 2D (ID: Clean2D)",4.0,548,CC(C)NO
QSRJVOOOWGXUDY-UHFFFAOYSA-N,Non-irritant,36443-68-2,0,655,"Dearomatize (ID: Dearomatize)
Clear Stereo (ID: ClearStereo)
Wedge Clean (ID: WedgeClean)
Mesomerize (ID: Mesomerize)
Tautomerize (ID: Tautomerize)
Aromatize (ID: Aromatize)
Add Explicit Hydrogens (ID: AddExplicitH)
Neutralize (ID: Neutralize)
Clean 2D (ID: Clean2D)",4.0,655,Cc1cc(CCC(=O)OCCOCCOCCOC(=O)CCc2cc(C)c(O)c(C(C)(C)C)c2)cc(C(C)(C)C)c1O
RUOJZAUFBMNUDX-UHFFFAOYSA-N,Non-irritant,108-32-7,0,694,"Clear Stereo (ID: ClearStereo)
Wedge Clean (ID: WedgeClean)
Mesomerize (ID: Mesomerize)
Tautomerize (ID: Tautomerize)
Add Explicit Hydrogens (ID: AddExplicitH)
Neutralize (ID: Neutralize)
Clean 2D (ID: Clean2D)",4.0,694,CC1COC(=O)O1
SATCULPHIDQDRE-UHFFFAOYSA-N,Non-irritant,120-57-0,0,713,"Dearomatize (ID: Dearomatize)
Clear Stereo (ID: ClearStereo)
Wedge Clean (ID: WedgeClean)
Mesomerize (ID: Mesomerize)
Tautomerize (ID: Tautomerize)
Aromatize (ID: Aromatize)
Add Explicit Hydrogens (ID: AddExplicitH)
Neutralize (ID: Neutralize)
Clean 2D (ID: Clean2D)",4.0,713,O=Cc1ccc2c(c1)OCO2
TXDBDYPHJXUHEO-UHFFFAOYSA-N,Non-irritant,106264-79-3,0,765,"Dearomatize (ID: Dearomatize)
Clear Stereo (ID: ClearStereo)
Wedge Clean (ID: WedgeClean)
Mesomerize (ID: Mesomerize)
Tautomerize (ID: Tautomerize)
Aromatize (ID: Aromatize)
Add Explicit Hydrogens (ID: AddExplicitH)
Neutralize (ID: Neutralize)
Clean 2D (ID: Clean2D)",4.0,765,CSc1cc(SC)c(N)c(C)c1N
TXWSZJSDZKWQAU-UHFFFAOYSA-N,Non-irritant,980-26-7,0,766,"Dearomatize (ID: Dearomatize)
Clear Stereo (ID: ClearStereo)
Wedge Clean (ID: WedgeClean)
Mesomerize (ID: Mesomerize)
Tautomerize (ID: Tautomerize)
Aromatize (ID: Aromatize)
Add Explicit Hydrogens (ID: AddExplicitH)
Neutralize (ID: Neutralize)
Clean 2D (ID: Clean2D)",4.0,766,Cc1ccc2nc3cc4c(O)c5cc(C)ccc5nc4cc3c(O)c2c1
WOXXJEVNDJOOLV-UHFFFAOYSA-N,Non-irritant,1067-53-4,0,873,"Clear Stereo (ID: ClearStereo)
Wedge Clean (ID: WedgeClean)
Mesomerize (ID: Mesomerize)
Tautomerize (ID: Tautomerize)
Add Explicit Hydrogens (ID: AddExplicitH)
Neutralize (ID: Neutralize)
Clean 2D (ID: Clean2D)",4.0,873,C=C[Si](OCCOC)(OCCOC)OCCOC
XMTQQYYKAHVGBJ-UHFFFAOYSA-N,Non-irritant,330-54-1,0,919,"Dearomatize (ID: Dearomatize)
Clear Stereo (ID: ClearStereo)
Wedge Clean (ID: WedgeClean)
Mesomerize (ID: Mesomerize)
Tautomerize (ID: Tautomerize)
Aromatize (ID: Aromatize)
Add Explicit Hydrogens (ID: AddExplicitH)
Neutralize (ID: Neutralize)
Clean 2D (ID: Clean2D)",4.0,919,CN(C)C(=O)Nc1ccc(Cl)c(Cl)c1
YCMLQMDWSXFTIF-UHFFFAOYSA-N,Non-irritant,88-19-7,0,951,"Dearomatize (ID: Dearomatize)
Clear Stereo (ID: ClearStereo)
Wedge Clean (ID: WedgeClean)
Mesomerize (ID: Mesomerize)
Tautomerize (ID: Tautomerize)
Aromatize (ID: Aromatize)
Add Explicit Hydrogens (ID: AddExplicitH)
Neutralize (ID: Neutralize)
Clean 2D (ID: Clean2D)",4.0,951,Cc1ccccc1S(N)(=O)=O
YOLFSLXHLNWPKG-UHFFFAOYSA-N,Non-irritant,139189-30-3,0,972,"Dearomatize (ID: Dearomatize)
Clear Stereo (ID: ClearStereo)
Wedge Clean (ID: WedgeClean)
Mesomerize (ID: Mesomerize)
Tautomerize (ID: Tautomerize)
Aromatize (ID: Aromatize)
Add Explicit Hydrogens (ID: AddExplicitH)
Neutralize (ID: Neutralize)
Clean 2D (ID: Clean2D)",4.0,972,Cc1cccc(C)c1OP(=O)(Oc1cccc(OP(=O)(Oc2c(C)cccc2C)Oc2c(C)cccc2C)c1)Oc1c(C)cccc1C
YXALYBMHAYZKAP-UHFFFAOYSA-N,Non-irritant,2386-87-0,0,982,"Clear Stereo (ID: ClearStereo)
Wedge Clean (ID: WedgeClean)
Mesomerize (ID: Mesomerize)
Tautomerize (ID: Tautomerize)
Add Explicit Hydrogens (ID: AddExplicitH)
Neutralize (ID: Neutralize)
Clean 2D (ID: Clean2D)",4.0,982,O=C(OCC1CCC2OC2C1)C1CCC2OC2C1
ZAKOWWREFLAJOT-CEFNRUSXSA-N,Non-irritant,7695-91-2,0,989,"Dearomatize (ID: Dearomatize)
Clear Stereo (ID: ClearStereo)
Wedge Clean (ID: WedgeClean)
Mesomerize (ID: Mesomerize)
Tautomerize (ID: Tautomerize)
Aromatize (ID: Aromatize)
Add Explicit Hydrogens (ID: AddExplicitH)
Neutralize (ID: Neutralize)
Clean 2D (ID: Clean2D)",4.0,989,CC(=O)Oc1c(C)c(C)c2c(c1C)CCC(C)(CCCC(C)CCCC(C)CCCC(C)C)O2
ZMDDERVSCYEKPQ-UHFFFAOYSA-N,Non-irritant,84434-11-7,0,1006,"Dearomatize (ID: Dearomatize)
Clear Stereo (ID: ClearStereo)
Wedge Clean (ID: WedgeClean)
Mesomerize (ID: Mesomerize)
Tautomerize (ID: Tautomerize)
Aromatize (ID: Aromatize)
Add Explicit Hydrogens (ID: AddExplicitH)
Neutralize (ID: Neutralize)
Clean 2D (ID: Clean2D)",4.0,1006,CCOP(=O)(C(=O)c1c(C)cc(C)cc1C)c1ccccc1
"InChI=1S/C23H27N/c1-23(2,3)21-14-12-18(13-15-21)16-24(4)17-20-10-7-9-19-8-5-6-11-22(19)20/h5-15H,16-17H2,1-4H3",,101828-21-1,0,1038,"Dearomatize (ID: Dearomatize)
Clear Stereo (ID: ClearStereo)
Wedge Clean (ID: WedgeClean)
Mesomerize (ID: Mesomerize)
Tautomerize (ID: Tautomerize)
Aromatize (ID: Aromatize)
Add Explicit Hydrogens (ID: AddExplicitH)
Neutralize (ID: Neutralize)
Clean 2D (ID: Clean2D)",4.0,1038,CN(Cc1ccc(C(C)(C)C)cc1)Cc1cccc2ccccc12
"InChI=1S/CH4Cl2O6P2/c2-1(3,10(4,5)6)11(7,8)9/h(H2,4,5,6)(H2,7,8,9)",,10596-23-3,0,1043,"Clear Stereo (ID: ClearStereo)
Wedge Clean (ID: WedgeClean)
Mesomerize (ID: Mesomerize)
Tautomerize (ID: Tautomerize)
Add Explicit Hydrogens (ID: AddExplicitH)
Neutralize (ID: Neutralize)
Clean 2D (ID: Clean2D)",4.0,1043,O=P(O)(O)C(Cl)(Cl)P(=O)(O)O
"InChI=1S/C11H17NO/c1-4-10(12-2)9-7-5-6-8-11(9)13-3/h5-8,10,12H,4H2,1-3H3",,93-30-1,0,1112,"Dearomatize (ID: Dearomatize)
Clear Stereo (ID: ClearStereo)
Wedge Clean (ID: WedgeClean)
Mesomerize (ID: Mesomerize)
Tautomerize (ID: Tautomerize)
Aromatize (ID: Aromatize)
Add Explicit Hydrogens (ID: AddExplicitH)
Neutralize (ID: Neutralize)
Clean 2D (ID: Clean2D)",4.0,1112,CCC(NC)c1ccccc1OC
"InChI=1S/C23H38O6/c1-4-5-8-16(2)13-18(25)11-12-19-20(22(27)15-21(19)26)14-17(24)9-6-7-10-23(28)29-3/h11-12,16,18-21,25-26H,4-10,13-15H2,1-3H3",,70667-26-4,0,1162,"Clear Stereo (ID: ClearStereo)
Wedge Clean (ID: WedgeClean)
Mesomerize (ID: Mesomerize)
Tautomerize (ID: Tautomerize)
Add Explicit Hydrogens (ID: AddExplicitH)
Neutralize (ID: Neutralize)
Clean 2D (ID: Clean2D)",4.0,1162,CCCCC(C)CC(O)C=CC1C(O)CC(=O)C1CC(=O)CCCCC(=O)OC
"InChI=1S/C20H24O2/c1-3-20(22)11-9-18-17-6-4-13-12-14(21)5-7-15(13)16(17)8-10-19(18,20)2/h1,5,7,12,16-18,21-22H,4,6,8-11H2,2H3",,57-63-6,0,1175,"Dearomatize (ID: Dearomatize)
Clear Stereo (ID: ClearStereo)
Wedge Clean (ID: WedgeClean)
Mesomerize (ID: Mesomerize)
Tautomerize (ID: Tautomerize)
Aromatize (ID: Aromatize)
Add Explicit Hydrogens (ID: AddExplicitH)
Neutralize (ID: Neutralize)
Clean 2D (ID: Clean2D)",4.0,1175,C#CC1(O)CCC2C3CCc4cc(O)ccc4C3CCC21C
"InChI=1S/C12H21N/c1-10-3-9-4-11(2,6-10)8-12(13,5-9)7-10/h9H,3-8,13H2,1-2H3",,19982-08-2,0,1232,"Clear Stereo (ID: ClearStereo)
Wedge Clean (ID: WedgeClean)
Mesomerize (ID: Mesomerize)
Tautomerize (ID: Tautomerize)
Add Explicit Hydrogens (ID: AddExplicitH)
Neutralize (ID: Neutralize)
Clean 2D (ID: Clean2D)",4.0,1232,CC12CC3CC(C)(C1)CC(N)(C3)C2
"InChI=1S/C22H36O5/c1-4-5-14-22(2,26)15-10-12-18-17(19(23)16-20(18)24)11-8-6-7-9-13-21(25)27-3/h6-7,10,12,17-18,20,24,26H,4-5,8-9,11,13-16H2,1-3H3",,81026-63-3,0,1288,"Clear Stereo (ID: ClearStereo)
Wedge Clean (ID: WedgeClean)
Mesomerize (ID: Mesomerize)
Tautomerize (ID: Tautomerize)
Add Explicit Hydrogens (ID: AddExplicitH)
Neutralize (ID: Neutralize)
Clean 2D (ID: Clean2D)",4.0,1288,CCCCC(C)(O)CC=CC1C(O)CC(=O)C1CCC=CCCC(=O)OC
"InChI=1S/C10H12ClNO2/c1-7(2)14-10(13)12-9-5-3-4-8(11)6-9/h3-7H,1-2H3,(H,12,13)",,101-21-3,0,1332,"Dearomatize (ID: Dearomatize)
Clear Stereo (ID: ClearStereo)
Wedge Clean (ID: WedgeClean)
Mesomerize (ID: Mesomerize)
Tautomerize (ID: Tautomerize)
Aromatize (ID: Aromatize)
Add Explicit Hydrogens (ID: AddExplicitH)
Neutralize (ID: Neutralize)
Clean 2D (ID: Clean2D)",4.0,1332,CC(C)OC(=O)Nc1cccc(Cl)c1
"InChI=1S/C14H12O6S/c1-20-12-8-11(15)10(7-13(12)21(17,18)19)14(16)9-5-3-2-4-6-9/h2-8,15H,1H3,(H,17,18,19)",,4065-45-6 6628-37-1,0,1339,"Dearomatize (ID: Dearomatize)
Clear Stereo (ID: ClearStereo)
Wedge Clean (ID: WedgeClean)
Mesomerize (ID: Mesomerize)
Tautomerize (ID: Tautomerize)
Aromatize (ID: Aromatize)
Add Explicit Hydrogens (ID: AddExplicitH)
Neutralize (ID: Neutralize)
Clean 2D (ID: Clean2D)",4.0,1339,COc1cc(O)c(C(=O)c2ccccc2)cc1S(=O)(=O)O
"InChI=1S/C12H16F3N/c1-3-16-9(2)7-10-5-4-6-11(8-10)12(13,14)15/h4-6,8-9,16H,3,7H2,1-2H3",,458-24-2,0,1351,"Dearomatize (ID: Dearomatize)
Clear Stereo (ID: ClearStereo)
Wedge Clean (ID: WedgeClean)
Mesomerize (ID: Mesomerize)
Tautomerize (ID: Tautomerize)
Aromatize (ID: Aromatize)
Add Explicit Hydrogens (ID: AddExplicitH)
Neutralize (ID: Neutralize)
Clean 2D (ID: Clean2D)",4.0,1351,CCNC(C)Cc1cccc(C(F)(F)F)c1
"InChI=1S/C10H13NO2/c1-2-3-4-8-5-6-9(10(12)13)11-7-8/h5-7H,2-4H2,1H3,(H,12,13)",,536-69-6,0,1369,"Dearomatize (ID: Dearomatize)
Clear Stereo (ID: ClearStereo)
Wedge Clean (ID: WedgeClean)
Mesomerize (ID: Mesomerize)
Tautomerize (ID: Tautomerize)
Aromatize (ID: Aromatize)
Add Explicit Hydrogens (ID: AddExplicitH)
Neutralize (ID: Neutralize)
Clean 2D (ID: Clean2D)",4.0,1369,CCCCc1ccc(C(=O)O)nc1
"InChI=1S/C14H14N2O/c1-14(2,12-6-4-8-16-10-12)13(17)11-5-3-7-15-9-11/h3-10H,1-2H3",,54-36-4,0,1474,"Dearomatize (ID: Dearomatize)
Clear Stereo (ID: ClearStereo)
Wedge Clean (ID: WedgeClean)
Mesomerize (ID: Mesomerize)
Tautomerize (ID: Tautomerize)
Aromatize (ID: Aromatize)
Add Explicit Hydrogens (ID: AddExplicitH)
Neutralize (ID: Neutralize)
Clean 2D (ID: Clean2D)",4.0,1474,CC(C)(C(=O)c1cccnc1)c1cccnc1
"InChI=1S/C20H30O2/c1-18-9-6-14(21)12-13(18)4-5-15-16(18)7-10-19(2)17(15)8-11-20(19,3)22/h12,15-17,22H,4-11H2,1-3H3",,58-18-4,0,1535,"Clear Stereo (ID: ClearStereo)
Wedge Clean (ID: WedgeClean)
Mesomerize (ID: Mesomerize)
Tautomerize (ID: Tautomerize)
Add Explicit Hydrogens (ID: AddExplicitH)
Neutralize (ID: Neutralize)
Clean 2D (ID: Clean2D)",4.0,1535,CC12CCC(=O)C=C1CCC1C2CCC2(C)C1CCC2(C)O
"InChI=1S/C23H40O6/c1-5-6-15-23(2,29-4)21(26)14-13-18-17(19(24)16-20(18)25)11-9-7-8-10-12-22(27)28-3/h13-14,17-18,20-21,25-26H,5-12,15-16H2,1-4H3",,88980-20-5,0,1549,"Clear Stereo (ID: ClearStereo)
Wedge Clean (ID: WedgeClean)
Mesomerize (ID: Mesomerize)
Tautomerize (ID: Tautomerize)
Add Explicit Hydrogens (ID: AddExplicitH)
Neutralize (ID: Neutralize)
Clean 2D (ID: Clean2D)",4.0,1549,CCCCC(C)(OC)C(O)C=CC1C(O)CC(=O)C1CCCCCCC(=O)OC
"InChI=1S/C22H36O5/c1-4-5-10-14-22(2,26)15-13-18-17(19(23)16-20(18)24)11-8-6-7-9-12-21(25)27-3/h7-8,13,15,17-20,23-24,26H,4-5,9-12,14,16H2,1-3H3",,54120-61-5,0,1575,"Clear Stereo (ID: ClearStereo)
Wedge Clean (ID: WedgeClean)
Mesomerize (ID: Mesomerize)
Tautomerize (ID: Tautomerize)
Add Explicit Hydrogens (ID: AddExplicitH)
Neutralize (ID: Neutralize)
Clean 2D (ID: Clean2D)",4.0,1575,CCCCCC(C)(O)C=CC1C(O)CC(O)C1CC=C=CCCC(=O)OC
"InChI=1S/C26H50O10/c1-2-3-4-5-6-7-8-9-10-11-24(30)34-19-18-31-20-22(32-15-12-27)26-25(35-17-14-29)23(21-36-26)33-16-13-28/h22-23,25-29H,2-21H2,1H3",Non-irritant,9005-64-5,0,1672,"Clear Stereo (ID: ClearStereo)
Wedge Clean (ID: WedgeClean)
Mesomerize (ID: Mesomerize)
Tautomerize (ID: Tautomerize)
Add Explicit Hydrogens (ID: AddExplicitH)
Neutralize (ID: Neutralize)
Clean 2D (ID: Clean2D)",4.0,1672,CCCCCCCCCCCC(=O)OCCOCC(OCCO)C1OCC(OCCO)C1OCCO
"InChI=1S/C27H40O3/c1-26-15-13-20(28)17-19(26)8-9-21-22-10-11-24(27(22,2)16-14-23(21)26)30-25(29)12-7-18-5-3-4-6-18/h17-18,21-24H,3-16H2,1-2H3",,58-20-8,0,1684,"Clear Stereo (ID: ClearStereo)
Wedge Clean (ID: WedgeClean)
Mesomerize (ID: Mesomerize)
Tautomerize (ID: Tautomerize)
Add Explicit Hydrogens (ID: AddExplicitH)
Neutralize (ID: Neutralize)
Clean 2D (ID: Clean2D)",4.0,1684,CC12CCC(=O)C=C1CCC1C2CCC2(C)C(OC(=O)CCC3CCCC3)CCC12
"InChI=1S/C20H26O2/c1-3-20(22)11-9-18-17-6-4-13-12-14(21)5-7-15(13)16(17)8-10-19(18,20)2/h1,16-18,22H,4-12H2,2H3",,68-23-5,0,1743,"Clear Stereo (ID: ClearStereo)
Wedge Clean (ID: WedgeClean)
Mesomerize (ID: Mesomerize)
Tautomerize (ID: Tautomerize)
Add Explicit Hydrogens (ID: AddExplicitH)
Neutralize (ID: Neutralize)
Clean 2D (ID: Clean2D)",4.0,1743,C#CC1(O)CCC2C3CCC4=C(CCC(=O)C4)C3CCC21C
"InChI=1S/C16H19ClO3/c17-14-10-12(15(18)8-9-16(19)20)6-7-13(14)11-4-2-1-3-5-11/h6-7,10-11H,1-5,8-9H2,(H,19,20)",,32808-51-8,0,1771,"Dearomatize (ID: Dearomatize)
Clear Stereo (ID: ClearStereo)
Wedge Clean (ID: WedgeClean)
Mesomerize (ID: Mesomerize)
Tautomerize (ID: Tautomerize)
Aromatize (ID: Aromatize)
Add Explicit Hydrogens (ID: AddExplicitH)
Neutralize (ID: Neutralize)
Clean 2D (ID: Clean2D)",4.0,1771,O=C(O)CCC(=O)c1ccc(C2CCCCC2)c(Cl)c1
"InChI=1S/C21H26O2/c1-4-21(22)12-10-19-18-7-5-14-13-15(23-3)6-8-16(14)17(18)9-11-20(19,21)2/h1,6,8,13,17-19,22H,5,7,9-12H2,2-3H3",,72-33-3,0,1783,"Dearomatize (ID: Dearomatize)
Clear Stereo (ID: ClearStereo)
Wedge Clean (ID: WedgeClean)
Mesomerize (ID: Mesomerize)
Tautomerize (ID: Tautomerize)
Aromatize (ID: Aromatize)
Add Explicit Hydrogens (ID: AddExplicitH)
Neutralize (ID: Neutralize)
Clean 2D (ID: Clean2D)",4.0,1783,C#CC1(O)CCC2C3CCc4cc(OC)ccc4C3CCC21C
"InChI=1S/C12H18IN/c1-9(2)14-10(3)8-11-4-6-12(13)7-5-11/h4-7,9-10,14H,8H2,1-3H3",,95896-48-3,0,1800,"Dearomatize (ID: Dearomatize)
Clear Stereo (ID: ClearStereo)
Wedge Clean (ID: WedgeClean)
Mesomerize (ID: Mesomerize)
Tautomerize (ID: Tautomerize)
Aromatize (ID: Aromatize)
Add Explicit Hydrogens (ID: AddExplicitH)
Neutralize (ID: Neutralize)
Clean 2D (ID: Clean2D)",4.0,1800,CC(C)NC(C)Cc1ccc(I)cc1
"InChI=1S/C21H32O2/c1-13-11-14-12-15(22)5-8-19(14,2)16-6-9-20(3)17(18(13)16)7-10-21(20,4)23/h12-13,16-18,23H,5-11H2,1-4H3",,17021-26-0,0,1814,"Clear Stereo (ID: ClearStereo)
Wedge Clean (ID: WedgeClean)
Mesomerize (ID: Mesomerize)
Tautomerize (ID: Tautomerize)
Add Explicit Hydrogens (ID: AddExplicitH)
Neutralize (ID: Neutralize)
Clean 2D (ID: Clean2D)",4.0,1814,CC1CC2=CC(=O)CCC2(C)C2CCC3(C)C(CCC3(C)O)C12
"InChI=1S/C21H28O2/c1-13(22)17-6-7-18-16-5-4-14-12-15(23)8-10-20(14,2)19(16)9-11-21(17,18)3/h4-5,12,16-19H,6-11H2,1-3H3",,152-62-5,0,1869,"Clear Stereo (ID: ClearStereo)
Wedge Clean (ID: WedgeClean)
Mesomerize (ID: Mesomerize)
Tautomerize (ID: Tautomerize)
Add Explicit Hydrogens (ID: AddExplicitH)
Neutralize (ID: Neutralize)
Clean 2D (ID: Clean2D)",4.0,1869,CC(=O)C1CCC2C3C=CC4=CC(=O)CCC4(C)C3CCC12C
"InChI=1S/C8H8Cl3O3PS/c1-12-15(16,13-2)14-8-4-6(10)5(9)3-7(8)11/h3-4H,1-2H3",,299-84-3,0,1875,"Dearomatize (ID: Dearomatize)
Clear Stereo (ID: ClearStereo)
Wedge Clean (ID: WedgeClean)
Mesomerize (ID: Mesomerize)
Tautomerize (ID: Tautomerize)
Aromatize (ID: Aromatize)
Add Explicit Hydrogens (ID: AddExplicitH)
Neutralize (ID: Neutralize)
Clean 2D (ID: Clean2D)",4.0,1875,COP(=S)(OC)Oc1cc(Cl)c(Cl)cc1Cl
"InChI=1S/C24H32O4/c1-4-22(25)27-16-7-9-17-15(14-16)6-8-19-18(17)12-13-24(3)20(19)10-11-21(24)28-23(26)5-2/h7,9,14,18-21H,4-6,8,10-13H2,1-3H3",,113-38-2,0,1907,"Dearomatize (ID: Dearomatize)
Clear Stereo (ID: ClearStereo)
Wedge Clean (ID: WedgeClean)
Mesomerize (ID: Mesomerize)
Tautomerize (ID: Tautomerize)
Aromatize (ID: Aromatize)
Add Explicit Hydrogens (ID: AddExplicitH)
Neutralize (ID: Neutralize)
Clean 2D (ID: Clean2D)",4.0,1907,CCC(=O)Oc1ccc2c(c1)CCC1C2CCC2(C)C(OC(=O)CC)CCC12
"InChI=1S/C16H20N2/c1-3-7-15(8-4-1)13-17-11-12-18-14-16-9-5-2-6-10-16/h1-10,17-18H,11-14H2",,140-28-3,0,1923,"Dearomatize (ID: Dearomatize)
Clear Stereo (ID: ClearStereo)
Wedge Clean (ID: WedgeClean)
Mesomerize (ID: Mesomerize)
Tautomerize (ID: Tautomerize)
Aromatize (ID: Aromatize)
Add Explicit Hydrogens (ID: AddExplicitH)
Neutralize (ID: Neutralize)
Clean 2D (ID: Clean2D)",4.0,1923,c1ccc(CNCCNCc2ccccc2)cc1
"InChI=1S/C27H44O2/c1-19-10-13-23(28)18-22(19)12-11-21-9-7-17-27(5)24(14-15-25(21)27)20(2)8-6-16-26(3,4)29/h11-12,20,23-25,28-29H,1,6-10,13-18H2,2-5H3",,19356-17-3,0,1937,"Clear Stereo (ID: ClearStereo)
Wedge Clean (ID: WedgeClean)
Mesomerize (ID: Mesomerize)
Tautomerize (ID: Tautomerize)
Add Explicit Hydrogens (ID: AddExplicitH)
Neutralize (ID: Neutralize)
Clean 2D (ID: Clean2D)",4.0,1937,C=C1CCC(O)CC1=CC=C1CCCC2(C)C1CCC2C(C)CCCC(C)(C)O
"InChI=1S/C22H19NO4/c1-15(24)26-19-10-6-17(7-11-19)22(21-5-3-4-14-23-21)18-8-12-20(13-9-18)27-16(2)25/h3-14,22H,1-2H3",,603-50-9,0,1978,"Dearomatize (ID: Dearomatize)
Clear Stereo (ID: ClearStereo)
Wedge Clean (ID: WedgeClean)
Mesomerize (ID: Mesomerize)
Tautomerize (ID: Tautomerize)
Aromatize (ID: Aromatize)
Add Explicit Hydrogens (ID: AddExplicitH)
Neutralize (ID: Neutralize)
Clean 2D (ID: Clean2D)",4.0,1978,CC(=O)Oc1ccc(C(c2ccc(OC(C)=O)cc2)c2ccccn2)cc1
"InChI=1S/C29H50O/c1-7-21(19(2)3)9-8-20(4)25-12-13-26-24-11-10-22-18-23(30)14-16-28(22,5)27(24)15-17-29(25,26)6/h10,19-21,23-27,30H,7-9,11-18H2,1-6H3",,83-46-5,0,2037,"Clear Stereo (ID: ClearStereo)
Wedge Clean (ID: WedgeClean)
Mesomerize (ID: Mesomerize)
Tautomerize (ID: Tautomerize)
Add Explicit Hydrogens (ID: AddExplicitH)
Neutralize (ID: Neutralize)
Clean 2D (ID: Clean2D)",4.0,2037,CCC(CCC(C)C1CCC2C3CC=C4CC(O)CCC4(C)C3CCC12C)C(C)C
"InChI=1S/C31H46O2/c1-22(2)12-9-13-23(3)14-10-15-24(4)16-11-17-25(5)20-21-27-26(6)30(32)28-18-7-8-19-29(28)31(27)33/h7-8,18-20,22-24H,9-17,21H2,1-6H3",,12001-79-5 84-80-0,0,2141,"Dearomatize (ID: Dearomatize)
Clear Stereo (ID: ClearStereo)
Wedge Clean (ID: WedgeClean)
Mesomerize (ID: Mesomerize)
Tautomerize (ID: Tautomerize)
Aromatize (ID: Aromatize)
Add Explicit Hydrogens (ID: AddExplicitH)
Neutralize (ID: Neutralize)
Clean 2D (ID: Clean2D)",4.0,2141,CC(=CCC1=C(C)C(=O)c2ccccc2C1=O)CCCC(C)CCCC(C)CCCC(C)C
"InChI=1S/C20H13NO4/c21-18-15(25-11-6-2-1-3-7-11)10-14(22)16-17(18)20(24)13-9-5-4-8-12(13)19(16)23/h1-10,22H,21H2",Non-irritant,17418-58-5,0,2173,"Dearomatize (ID: Dearomatize)
Clear Stereo (ID: ClearStereo)
Wedge Clean (ID: WedgeClean)
Mesomerize (ID: Mesomerize)
Tautomerize (ID: Tautomerize)
Aromatize (ID: Aromatize)
Add Explicit Hydrogens (ID: AddExplicitH)
Neutralize (ID: Neutralize)
Clean 2D (ID: Clean2D)",4.0,2173,Nc1c(Oc2ccccc2)cc(O)c2c1C(=O)c1ccccc1C2=O
"InChI=1S/C19H28O2/c1-18-9-7-13(20)11-12(18)3-4-14-15-5-6-17(21)19(15,2)10-8-16(14)18/h11,14-17,21H,3-10H2,1-2H3",,58-22-0,0,2220,"Clear Stereo (ID: ClearStereo)
Wedge Clean (ID: WedgeClean)
Mesomerize (ID: Mesomerize)
Tautomerize (ID: Tautomerize)
Add Explicit Hydrogens (ID: AddExplicitH)
Neutralize (ID: Neutralize)
Clean 2D (ID: Clean2D)",4.0,2220,CC12CCC(=O)C=C1CCC1C2CCC2(C)C(O)CCC12
"InChI=1S/C24H44O6/c1-2-3-4-5-6-7-8-9-10-11-12-13-14-15-16-17-22(27)29-19-21(26)24-23(28)20(25)18-30-24/h9-10,20-21,23-26,28H,2-8,11-19H2,1H3",,1338-43-8,0,2331,"Clear Stereo (ID: ClearStereo)
Wedge Clean (ID: WedgeClean)
Mesomerize (ID: Mesomerize)
Tautomerize (ID: Tautomerize)
Add Explicit Hydrogens (ID: AddExplicitH)
Neutralize (ID: Neutralize)
Clean 2D (ID: Clean2D)",4.0,2331,CCCCCCCCC=CCCCCCCCC(=O)OCC(O)C1OCC(O)C1O
"InChI=1S/C22H38O5/c1-4-5-14-22(2,26)15-10-12-18-17(19(23)16-20(18)24)11-8-6-7-9-13-21(25)27-3/h10,12,17-18,20,24,26H,4-9,11,13-16H2,1-3H3",,59122-46-2,0,2388,"Clear Stereo (ID: ClearStereo)
Wedge Clean (ID: WedgeClean)
Mesomerize (ID: Mesomerize)
Tautomerize (ID: Tautomerize)
Add Explicit Hydrogens (ID: AddExplicitH)
Neutralize (ID: Neutralize)
Clean 2D (ID: Clean2D)",4.0,2388,CCCCC(C)(O)CC=CC1C(O)CC(=O)C1CCCCCCC(=O)OC
"InChI=1S/C9H11NO3/c10-8(9(12)13)5-6-1-3-7(11)4-2-6/h1-4,8,11H,5,10H2,(H,12,13)",,60-18-4,0,2434,"Dearomatize (ID: Dearomatize)
Clear Stereo (ID: ClearStereo)
Wedge Clean (ID: WedgeClean)
Mesomerize (ID: Mesomerize)
Tautomerize (ID: Tautomerize)
Aromatize (ID: Aromatize)
Add Explicit Hydrogens (ID: AddExplicitH)
Neutralize (ID: Neutralize)
Clean 2D (ID: Clean2D)",4.0,2434,NC(Cc1ccc(O)cc1)C(=O)O
"InChI=1S/C21H20O11/c1-7-15(26)17(28)18(29)21(30-7)32-20-16(27)14-12(25)5-9(22)6-13(14)31-19(20)8-2-3-10(23)11(24)4-8/h2-7,15,17-18,21-24,26-29H,1H3",,522-12-3,0,2447,"Dearomatize (ID: Dearomatize)
Clear Stereo (ID: ClearStereo)
Wedge Clean (ID: WedgeClean)
Mesomerize (ID: Mesomerize)
Tautomerize (ID: Tautomerize)
Aromatize (ID: Aromatize)
Add Explicit Hydrogens (ID: AddExplicitH)
Neutralize (ID: Neutralize)
Clean 2D (ID: Clean2D)",4.0,2447,CC1OC(Oc2c(-c3ccc(O)c(O)c3)oc3cc(O)cc(=O)c-3c2O)C(O)C(O)C1O
"InChI=1S/C24H38O5/c1-29-24(28)12-8-3-2-7-11-20-21(23(27)17-22(20)26)16-15-19(25)14-13-18-9-5-4-6-10-18/h2,7,18-23,25-27H,3-6,8-14,17H2,1H3",,74176-31-1,0,2452,"Clear Stereo (ID: ClearStereo)
Wedge Clean (ID: WedgeClean)
Mesomerize (ID: Mesomerize)
Tautomerize (ID: Tautomerize)
Add Explicit Hydrogens (ID: AddExplicitH)
Neutralize (ID: Neutralize)
Clean 2D (ID: Clean2D)",4.0,2452,COC(=O)CCCC=CCC1C(O)CC(O)C1C#CC(O)CCC1CCCCC1
"InChI=1S/C23H34O5/c1-2-3-4-7-17(24)9-10-18-19-11-15-6-5-8-22(28-14-23(26)27)20(15)12-16(19)13-21(18)25/h5-6,8,16-19,21,24-25H,2-4,7,9-14H2,1H3,(H,26,27)",,81846-19-7,0,2458,"Dearomatize (ID: Dearomatize)
Clear Stereo (ID: ClearStereo)
Wedge Clean (ID: WedgeClean)
Mesomerize (ID: Mesomerize)
Tautomerize (ID: Tautomerize)
Aromatize (ID: Aromatize)
Add Explicit Hydrogens (ID: AddExplicitH)
Neutralize (ID: Neutralize)
Clean 2D (ID: Clean2D)",4.0,2458,CCCCCC(O)CCC1C(O)CC2Cc3c(cccc3OCC(=O)O)CC21
"InChI=1S/C22H32O3/c1-4-20(24)25-19-8-7-17-16-6-5-14-13-15(23)9-11-21(14,2)18(16)10-12-22(17,19)3/h13,16-19H,4-12H2,1-3H3",,57-85-2,0,2471,"Clear Stereo (ID: ClearStereo)
Wedge Clean (ID: WedgeClean)
Mesomerize (ID: Mesomerize)
Tautomerize (ID: Tautomerize)
Add Explicit Hydrogens (ID: AddExplicitH)
Neutralize (ID: Neutralize)
Clean 2D (ID: Clean2D)",4.0,2471,CCC(=O)OC1CCC2C3CCC4=CC(=O)CCC4(C)C3CCC12C
"InChI=1S/C6H11NO2/c1-2-5(7)3-4-6(8)9/h2,5H,1,3-4,7H2,(H,8,9)",,60643-86-9,0,2500,"Clear Stereo (ID: ClearStereo)
Wedge Clean (ID: WedgeClean)
Mesomerize (ID: Mesomerize)
Tautomerize (ID: Tautomerize)
Add Explicit Hydrogens (ID: AddExplicitH)
Neutralize (ID: Neutralize)
Clean 2D (ID: Clean2D)",4.0,2500,C=CC(N)CCC(=O)O
"InChI=1S/C6H12O5/c7-2-4-6(10)3(8)1-5(9)11-4/h3-10H,1-2H2",,154-17-6,0,2511,"Clear Stereo (ID: ClearStereo)
Wedge Clean (ID: WedgeClean)
Mesomerize (ID: Mesomerize)
Tautomerize (ID: Tautomerize)
Add Explicit Hydrogens (ID: AddExplicitH)
Neutralize (ID: Neutralize)
Clean 2D (ID: Clean2D)",4.0,2511,OCC1OC(O)CC(O)C1O
"InChI=1S/C12H11N3O3S/c13-9-1-3-10(4-2-9)14-15-11-5-7-12(8-6-11)19(16,17)18/h1-8H,13H2,(H,16,17,18)",Non-irritant,104-23-4,0,2530,"Dearomatize (ID: Dearomatize)
Clear Stereo (ID: ClearStereo)
Wedge Clean (ID: WedgeClean)
Mesomerize (ID: Mesomerize)
Tautomerize (ID: Tautomerize)
Aromatize (ID: Aromatize)
Add Explicit Hydrogens (ID: AddExplicitH)
Neutralize (ID: Neutralize)
Clean 2D (ID: Clean2D)",4.0,2530,Nc1ccc(N=Nc2ccc(S(=O)(=O)O)cc2)cc1
"InChI=1S/C21H46NO4P/c1-5-6-7-8-9-10-11-12-13-14-15-16-17-18-20-25-27(23,24)26-21-19-22(2,3)4/h5-21H2,1-4H3",,58066-85-6,0,2533,"Clear Stereo (ID: ClearStereo)
Wedge Clean (ID: WedgeClean)
Mesomerize (ID: Mesomerize)
Tautomerize (ID: Tautomerize)
Add Explicit Hydrogens (ID: AddExplicitH)
Clean 2D (ID: Clean2D)",4.0,2533,CCCCCCCCCCCCCCCCOP(=O)([O-])OCC[N+](C)(C)C
"InChI=1S/C18H16O3/c1-2-13(12-8-4-3-5-9-12)16-17(19)14-10-6-7-11-15(14)21-18(16)20/h3-11,13,19H,2H2,1H3",,435-97-2,0,2601,"Dearomatize (ID: Dearomatize)
Clear Stereo (ID: ClearStereo)
Wedge Clean (ID: WedgeClean)
Mesomerize (ID: Mesomerize)
Tautomerize (ID: Tautomerize)
Aromatize (ID: Aromatize)
Add Explicit Hydrogens (ID: AddExplicitH)
Neutralize (ID: Neutralize)
Clean 2D (ID: Clean2D)",4.0,2601,CCC(c1ccccc1)c1c(O)c2ccccc2oc1=O
"InChI=1S/C11H11N5/c12-10-7-6-9(11(13)14-10)16-15-8-4-2-1-3-5-8/h1-7H,(H4,12,13,14)",,94-78-0,0,2606,"Dearomatize (ID: Dearomatize)
Clear Stereo (ID: ClearStereo)
Wedge Clean (ID: WedgeClean)
Mesomerize (ID: Mesomerize)
Tautomerize (ID: Tautomerize)
Aromatize (ID: Aromatize)
Add Explicit Hydrogens (ID: AddExplicitH)
Neutralize (ID: Neutralize)
Clean 2D (ID: Clean2D)",4.0,2606,Nc1ccc(N=Nc2ccccc2)c(N)n1
"InChI=1S/C19H30O3/c1-17-11-22-16(20)10-12(17)4-5-13-14(17)6-8-18(2)15(13)7-9-19(18,3)21/h12-15,21H,4-11H2,1-3H3",,53-39-4,0,2622,"Clear Stereo (ID: ClearStereo)
Wedge Clean (ID: WedgeClean)
Mesomerize (ID: Mesomerize)
Tautomerize (ID: Tautomerize)
Add Explicit Hydrogens (ID: AddExplicitH)
Neutralize (ID: Neutralize)
Clean 2D (ID: Clean2D)",4.0,2622,CC12COC(=O)CC1CCC1C2CCC2(C)C1CCC2(C)O
"InChI=1S/C20H23N/c1-21-14-6-12-20-13-11-15(16-7-2-4-9-18(16)20)17-8-3-5-10-19(17)20/h2-5,7-10,15,21H,6,11-14H2,1H3",,10262-69-8,0,2623,"Dearomatize (ID: Dearomatize)
Clear Stereo (ID: ClearStereo)
Wedge Clean (ID: WedgeClean)
Mesomerize (ID: Mesomerize)
Tautomerize (ID: Tautomerize)
Aromatize (ID: Aromatize)
Add Explicit Hydrogens (ID: AddExplicitH)
Neutralize (ID: Neutralize)
Clean 2D (ID: Clean2D)",4.0,2623,CNCCCC12CCC(c3ccccc31)c1ccccc12
"InChI=1S/C19H16O4/c1-12(20)11-15(13-7-3-2-4-8-13)17-18(21)14-9-5-6-10-16(14)23-19(17)22/h2-10,15,21H,11H2,1H3",,81-81-2,0,2628,"Dearomatize (ID: Dearomatize)
Clear Stereo (ID: ClearStereo)
Wedge Clean (ID: WedgeClean)
Mesomerize (ID: Mesomerize)
Tautomerize (ID: Tautomerize)
Aromatize (ID: Aromatize)
Add Explicit Hydrogens (ID: AddExplicitH)
Neutralize (ID: Neutralize)
Clean 2D (ID: Clean2D)",4.0,2628,CC(=O)CC(c1ccccc1)c1c(O)c2ccccc2oc1=O
"InChI=1S/C21H30O2/c1-13(22)17-6-7-18-16-5-4-14-12-15(23)8-10-20(14,2)19(16)9-11-21(17,18)3/h12,16-19H,4-11H2,1-3H3",,57-83-0,0,2695,"Clear Stereo (ID: ClearStereo)
Wedge Clean (ID: WedgeClean)
Mesomerize (ID: Mesomerize)
Tautomerize (ID: Tautomerize)
Add Explicit Hydrogens (ID: AddExplicitH)
Neutralize (ID: Neutralize)
Clean 2D (ID: Clean2D)",4.0,2695,CC(=O)C1CCC2C3CCC4=CC(=O)CCC4(C)C3CCC12C
"InChI=1S/C24H40O4/c1-14(4-7-21(27)28)17-5-6-18-22-19(9-11-24(17,18)3)23(2)10-8-16(25)12-15(23)13-20(22)26/h14-20,22,25-26H,4-13H2,1-3H3,(H,27,28)",,474-25-9 128-13-2,0,2746,"Clear Stereo (ID: ClearStereo)
Wedge Clean (ID: WedgeClean)
Mesomerize (ID: Mesomerize)
Tautomerize (ID: Tautomerize)
Add Explicit Hydrogens (ID: AddExplicitH)
Neutralize (ID: Neutralize)
Clean 2D (ID: Clean2D)",4.0,2746,CC(CCC(=O)O)C1CCC2C3C(O)CC4CC(O)CCC4(C)C3CCC12C
"InChI=1S/C12H13N/c1-2-9-13-12-8-7-10-5-3-4-6-11(10)12/h1,3-6,12-13H,7-9H2",,136236-51-6,0,2748,"Dearomatize (ID: Dearomatize)
Clear Stereo (ID: ClearStereo)
Wedge Clean (ID: WedgeClean)
Mesomerize (ID: Mesomerize)
Tautomerize (ID: Tautomerize)
Aromatize (ID: Aromatize)
Add Explicit Hydrogens (ID: AddExplicitH)
Neutralize (ID: Neutralize)
Clean 2D (ID: Clean2D)",4.0,2748,C#CCNC1CCc2ccccc21
"InChI=1S/C10H11F3N2O/c1-15(2)9(16)14-8-5-3-4-7(6-8)10(11,12)13/h3-6H,1-2H3,(H,14,16)",,2164-17-2,0,2769,"Dearomatize (ID: Dearomatize)
Clear Stereo (ID: ClearStereo)
Wedge Clean (ID: WedgeClean)
Mesomerize (ID: Mesomerize)
Tautomerize (ID: Tautomerize)
Aromatize (ID: Aromatize)
Add Explicit Hydrogens (ID: AddExplicitH)
Neutralize (ID: Neutralize)
Clean 2D (ID: Clean2D)",4.0,2769,CN(C)C(=O)Nc1cccc(C(F)(F)F)c1
"InChI=1S/C11H16ClN5/c1-7(2)15-10(13)17-11(14)16-9-5-3-8(12)4-6-9/h3-7H,1-2H3,(H5,13,14,15,16,17)",,500-92-5,0,2857,"Dearomatize (ID: Dearomatize)
Clear Stereo (ID: ClearStereo)
Wedge Clean (ID: WedgeClean)
Mesomerize (ID: Mesomerize)
Tautomerize (ID: Tautomerize)
Aromatize (ID: Aromatize)
Add Explicit Hydrogens (ID: AddExplicitH)
Neutralize (ID: Neutralize)
Clean 2D (ID: Clean2D)",4.0,2857,[H]/N=C(\N/C(=N\[H])NC(C)C)Nc1ccc(Cl)cc1
"InChI=1S/C23H36O5/c1-4-6-15-23(27,5-2)16-11-13-19-18(20(24)17-21(19)25)12-9-7-8-10-14-22(26)28-3/h5,7,9,11,13,18-19,21,25,27H,2,4,6,8,10,12,14-17H2,1,3H3",,73647-73-1,0,2892,"Clear Stereo (ID: ClearStereo)
Wedge Clean (ID: WedgeClean)
Mesomerize (ID: Mesomerize)
Tautomerize (ID: Tautomerize)
Add Explicit Hydrogens (ID: AddExplicitH)
Neutralize (ID: Neutralize)
Clean 2D (ID: Clean2D)",4.0,2892,C=CC(O)(CC=CC1C(O)CC(=O)C1CC=CCCCC(=O)OC)CCCC
"InChI=1S/C29H34O6/c1-2-32-29-26(30)28(34-20-24-16-10-5-11-17-24)27(35-29)25(33-19-23-14-8-4-9-15-23)21-31-18-22-12-6-3-7-13-22/h3-17,25-30H,2,18-21H2,1H3",,10310-32-4,0,2957,"Dearomatize (ID: Dearomatize)
Clear Stereo (ID: ClearStereo)
Wedge Clean (ID: WedgeClean)
Mesomerize (ID: Mesomerize)
Tautomerize (ID: Tautomerize)
Aromatize (ID: Aromatize)
Add Explicit Hydrogens (ID: AddExplicitH)
Neutralize (ID: Neutralize)
Clean 2D (ID: Clean2D)",4.0,2957,CCOC1OC(C(COCc2ccccc2)OCc2ccccc2)C(OCc2ccccc2)C1O
"InChI=1S/C6H16O3SSi/c1-7-11(8-2,9-3)6-4-5-10/h10H,4-6H2,1-3H3",Non-irritant,4420-74-0,0,2990,"Clear Stereo (ID: ClearStereo)
Wedge Clean (ID: WedgeClean)
Mesomerize (ID: Mesomerize)
Tautomerize (ID: Tautomerize)
Add Explicit Hydrogens (ID: AddExplicitH)
Neutralize (ID: Neutralize)
Clean 2D (ID: Clean2D)",4.0,2990,CO[Si](CCCS)(OC)OC
"InChI=1S/C8H12N2/c1-9-7-5-8-4-2-3-6-10-8/h2-4,6,9H,5,7H2,1H3",,5638-76-6,0,2993,"Dearomatize (ID: Dearomatize)
Clear Stereo (ID: ClearStereo)
Wedge Clean (ID: WedgeClean)
Mesomerize (ID: Mesomerize)
Tautomerize (ID: Tautomerize)
Aromatize (ID: Aromatize)
Add Explicit Hydrogens (ID: AddExplicitH)
Neutralize (ID: Neutralize)
Clean 2D (ID: Clean2D)",4.0,2993,CNCCc1ccccn1
"InChI=1S/C18H22N2/c1-19-12-14-20(15-13-19)18(16-8-4-2-5-9-16)17-10-6-3-7-11-17/h2-11,18H,12-15H2,1H3",,82-92-8,0,2997,"Dearomatize (ID: Dearomatize)
Clear Stereo (ID: ClearStereo)
Wedge Clean (ID: WedgeClean)
Mesomerize (ID: Mesomerize)
Tautomerize (ID: Tautomerize)
Aromatize (ID: Aromatize)
Add Explicit Hydrogens (ID: AddExplicitH)
Neutralize (ID: Neutralize)
Clean 2D (ID: Clean2D)",4.0,2997,CN1CCN(C(c2ccccc2)c2ccccc2)CC1
"InChI=1S/C20H26O2/c1-3-20(22)11-9-18-17-6-4-13-12-14(21)5-7-15(13)16(17)8-10-19(18,20)2/h1,12,15-18,22H,4-11H2,2H3",,68-22-4,0,3052,"Clear Stereo (ID: ClearStereo)
Wedge Clean (ID: WedgeClean)
Mesomerize (ID: Mesomerize)
Tautomerize (ID: Tautomerize)
Add Explicit Hydrogens (ID: AddExplicitH)
Neutralize (ID: Neutralize)
Clean 2D (ID: Clean2D)",4.0,3052,C#CC1(O)CCC2C3CCC4=CC(=O)CCC4C3CCC21C
"InChI=1S/C26H40O3/c1-4-5-6-7-8-24(28)29-23-12-11-21-20-10-9-18-17-19(27)13-15-25(18,2)22(20)14-16-26(21,23)3/h17,20-23H,4-16H2,1-3H3",,315-37-7,0,3072,"Clear Stereo (ID: ClearStereo)
Wedge Clean (ID: WedgeClean)
Mesomerize (ID: Mesomerize)
Tautomerize (ID: Tautomerize)
Add Explicit Hydrogens (ID: AddExplicitH)
Neutralize (ID: Neutralize)
Clean 2D (ID: Clean2D)",4.0,3072,CCCCCCC(=O)OC1CCC2C3CCC4=CC(=O)CCC4(C)C3CCC12C
"InChI=1S/C5H11NO2S/c1-5(2,9)3(6)4(7)8/h3,9H,6H2,1-2H3,(H,7,8)",,52-67-5,0,3106,"Clear Stereo (ID: ClearStereo)
Wedge Clean (ID: WedgeClean)
Mesomerize (ID: Mesomerize)
Tautomerize (ID: Tautomerize)
Add Explicit Hydrogens (ID: AddExplicitH)
Neutralize (ID: Neutralize)
Clean 2D (ID: Clean2D)",4.0,3106,CC(C)(S)C(N)C(=O)O
"InChI=1S/C17H12Br2O3/c1-2-13-15(10-5-3-4-6-14(10)22-13)16(20)9-7-11(18)17(21)12(19)8-9/h3-8,21H,2H2,1H3",,3562-84-3,0,3166,"Dearomatize (ID: Dearomatize)
Clear Stereo (ID: ClearStereo)
Wedge Clean (ID: WedgeClean)
Mesomerize (ID: Mesomerize)
Tautomerize (ID: Tautomerize)
Aromatize (ID: Aromatize)
Add Explicit Hydrogens (ID: AddExplicitH)
Neutralize (ID: Neutralize)
Clean 2D (ID: Clean2D)",4.0,3166,CCc1oc2ccccc2c1C(=O)c1cc(Br)c(O)c(Br)c1
"InChI=1S/C9H16ClN5/c1-5(2)11-8-13-7(10)14-9(15-8)12-6(3)4/h5-6H,1-4H3,(H2,11,12,13,14,15)",,139-40-2,0,3173,"Dearomatize (ID: Dearomatize)
Clear Stereo (ID: ClearStereo)
Wedge Clean (ID: WedgeClean)
Mesomerize (ID: Mesomerize)
Tautomerize (ID: Tautomerize)
Aromatize (ID: Aromatize)
Add Explicit Hydrogens (ID: AddExplicitH)
Neutralize (ID: Neutralize)
Clean 2D (ID: Clean2D)",4.0,3173,CC(C)Nc1nc(Cl)nc(NC(C)C)n1
"InChI=1S/C6H12O6/c7-1-2-3(8)4(9)5(10)6(11)12-2/h2-11H,1H2",,50-99-7,0,3198,"Clear Stereo (ID: ClearStereo)
Wedge Clean (ID: WedgeClean)
Mesomerize (ID: Mesomerize)
Tautomerize (ID: Tautomerize)
Add Explicit Hydrogens (ID: AddExplicitH)
Neutralize (ID: Neutralize)
Clean 2D (ID: Clean2D)",4.0,3198,OCC1OC(O)C(O)C(O)C1O
"InChI=1S/C20H32O2/c1-18-9-6-14(21)12-13(18)4-5-15-16(18)7-10-19(2)17(15)8-11-20(19,3)22/h4,14-17,21-22H,5-12H2,1-3H3",,521-10-8,0,3201,"Clear Stereo (ID: ClearStereo)
Wedge Clean (ID: WedgeClean)
Mesomerize (ID: Mesomerize)
Tautomerize (ID: Tautomerize)
Add Explicit Hydrogens (ID: AddExplicitH)
Neutralize (ID: Neutralize)
Clean 2D (ID: Clean2D)",4.0,3201,CC12CCC(O)CC1=CCC1C2CCC2(C)C1CCC2(C)O
"InChI=1S/C18H12Cl2N2O/c19-13-9-7-12(8-10-13)14-4-1-2-6-16(14)22-18(23)15-5-3-11-21-17(15)20/h1-11H,(H,22,23)",,188425-85-6,0,3237,"Dearomatize (ID: Dearomatize)
Clear Stereo (ID: ClearStereo)
Wedge Clean (ID: WedgeClean)
Mesomerize (ID: Mesomerize)
Tautomerize (ID: Tautomerize)
Aromatize (ID: Aromatize)
Add Explicit Hydrogens (ID: AddExplicitH)
Neutralize (ID: Neutralize)
Clean 2D (ID: Clean2D)",4.0,3237,O=C(Nc1ccccc1-c1ccc(Cl)cc1)c1cccnc1Cl
"InChI=1S/C20H28O2/c1-18-9-6-14(21)12-13(18)4-5-15-16(18)7-10-19(2)17(15)8-11-20(19,3)22/h6,9,12,15-17,22H,4-5,7-8,10-11H2,1-3H3",,72-63-9,0,3335,"Clear Stereo (ID: ClearStereo)
Wedge Clean (ID: WedgeClean)
Mesomerize (ID: Mesomerize)
Tautomerize (ID: Tautomerize)
Add Explicit Hydrogens (ID: AddExplicitH)
Neutralize (ID: Neutralize)
Clean 2D (ID: Clean2D)",4.0,3335,CC12C=CC(=O)C=C1CCC1C2CCC2(C)C1CCC2(C)O
"InChI=1S/C21H32O4/c1-20-8-7-13(23)9-12(20)3-4-14-15-5-6-16(18(25)11-22)21(15,2)10-17(24)19(14)20/h12-16,19,22-23H,3-11H2,1-2H3",,14107-37-0,0,3339,"Clear Stereo (ID: ClearStereo)
Wedge Clean (ID: WedgeClean)
Mesomerize (ID: Mesomerize)
Tautomerize (ID: Tautomerize)
Add Explicit Hydrogens (ID: AddExplicitH)
Neutralize (ID: Neutralize)
Clean 2D (ID: Clean2D)",4.0,3339,CC12CC(=O)C3C(CCC4CC(O)CCC43C)C1CCC2C(=O)CO
"InChI=1S/C22H16O8/c1-2-28-20(25)15(16-18(23)11-7-3-5-9-13(11)29-21(16)26)17-19(24)12-8-4-6-10-14(12)30-22(17)27/h3-10,15,23-24H,2H2,1H3",,548-00-5,0,3423,"Dearomatize (ID: Dearomatize)
Clear Stereo (ID: ClearStereo)
Wedge Clean (ID: WedgeClean)
Mesomerize (ID: Mesomerize)
Tautomerize (ID: Tautomerize)
Aromatize (ID: Aromatize)
Add Explicit Hydrogens (ID: AddExplicitH)
Neutralize (ID: Neutralize)
Clean 2D (ID: Clean2D)",4.0,3423,CCOC(=O)C(c1c(O)c2ccccc2oc1=O)c1c(O)c2ccccc2oc1=O
"InChI=1S/C17H21NO/c1-18(2)13-14-19-17(15-9-5-3-6-10-15)16-11-7-4-8-12-16/h3-12,17H,13-14H2,1-2H3",,58-73-1,0,3546,"Dearomatize (ID: Dearomatize)
Clear Stereo (ID: ClearStereo)
Wedge Clean (ID: WedgeClean)
Mesomerize (ID: Mesomerize)
Tautomerize (ID: Tautomerize)
Aromatize (ID: Aromatize)
Add Explicit Hydrogens (ID: AddExplicitH)
Neutralize (ID: Neutralize)
Clean 2D (ID: Clean2D)",4.0,3546,CN(C)CCOC(c1ccccc1)c1ccccc1
FDAKZQLBIFPGSV-UHFFFAOYSA-N,Non-irritant,36177-92-1,0,170,"Clear Stereo (ID: ClearStereo)
Wedge Clean (ID: WedgeClean)
Mesomerize (ID: Mesomerize)
Tautomerize (ID: Tautomerize)
Add Explicit Hydrogens (ID: AddExplicitH)
Neutralize (ID: Neutralize)
Clean 2D (ID: Clean2D)",4.12310552597046,170,CCCCNC1CC(C)(C)NC(C)(C)C1
FYGDTMLNYKFZSV-CSHPIKHBSA-N,Non-irritant,9012-54-8,0,206,"Clear Stereo (ID: ClearStereo)
Wedge Clean (ID: WedgeClean)
Mesomerize (ID: Mesomerize)
Tautomerize (ID: Tautomerize)
Add Explicit Hydrogens (ID: AddExplicitH)
Neutralize (ID: Neutralize)
Clean 2D (ID: Clean2D)",4.12310552597046,206,OCC1OC(OC2C(CO)OC(OC3C(CO)OC(O)C(O)C3O)C(O)C2O)C(O)C(O)C1O
GDSRMADSINPKSL-UHFFFAOYSA-N,Non-irritant,17465-86-0,0,214,"Clear Stereo (ID: ClearStereo)
Wedge Clean (ID: WedgeClean)
Mesomerize (ID: Mesomerize)
Tautomerize (ID: Tautomerize)
Add Explicit Hydrogens (ID: AddExplicitH)
Neutralize (ID: Neutralize)
Clean 2D (ID: Clean2D)",4.12310552597046,214,OCC1OC2OC3C(CO)OC(OC4C(CO)OC(OC5C(CO)OC(OC6C(CO)OC(OC7C(CO)OC(OC8C(CO)OC(OC9C(CO)OC(OC1C(O)C2O)C(O)C9O)C(O)C8O)C(O)C7O)C(O)C6O)C(O)C5O)C(O)C4O)C(O)C3O
HFHDHCJBZVLPGP-UHFFFAOYSA-N,Non-irritant,10016-20-3,0,251,"Clear Stereo (ID: ClearStereo)
Wedge Clean (ID: WedgeClean)
Mesomerize (ID: Mesomerize)
Tautomerize (ID: Tautomerize)
Add Explicit Hydrogens (ID: AddExplicitH)
Neutralize (ID: Neutralize)
Clean 2D (ID: Clean2D)",4.12310552597046,251,OCC1OC2OC3C(CO)OC(OC4C(CO)OC(OC5C(CO)OC(OC6C(CO)OC(OC7C(CO)OC(OC1C(O)C2O)C(O)C7O)C(O)C6O)C(O)C5O)C(O)C4O)C(O)C3O
HSLFISVKRDQEBY-UHFFFAOYSA-N,Non-irritant,3006-86-8,0,273,"Clear Stereo (ID: ClearStereo)
Wedge Clean (ID: WedgeClean)
Mesomerize (ID: Mesomerize)
Tautomerize (ID: Tautomerize)
Add Explicit Hydrogens (ID: AddExplicitH)
Neutralize (ID: Neutralize)
Clean 2D (ID: Clean2D)",4.12310552597046,273,CC(C)(C)OOC1(OOC(C)(C)C)CCCCC1
IKXFIBBKEARMLL-UHFFFAOYSA-N,Non-irritant,597-82-0,0,312,"Dearomatize (ID: Dearomatize)
Clear Stereo (ID: ClearStereo)
Wedge Clean (ID: WedgeClean)
Mesomerize (ID: Mesomerize)
Tautomerize (ID: Tautomerize)
Aromatize (ID: Aromatize)
Add Explicit Hydrogens (ID: AddExplicitH)
Neutralize (ID: Neutralize)
Clean 2D (ID: Clean2D)",4.12310552597046,312,S=P(Oc1ccccc1)(Oc1ccccc1)Oc1ccccc1
KHPCPRHQVVSZAH-UHFFFAOYSA-N,Non-irritant,1950-07-09,0,383,"Dearomatize (ID: Dearomatize)
Clear Stereo (ID: ClearStereo)
Wedge Clean (ID: WedgeClean)
Mesomerize (ID: Mesomerize)
Tautomerize (ID: Tautomerize)
Aromatize (ID: Aromatize)
Add Explicit Hydrogens (ID: AddExplicitH)
Neutralize (ID: Neutralize)
Clean 2D (ID: Clean2D)",4.12310552597046,383,OCC1OC(OCC=Cc2ccccc2)C(O)C(O)C1O
KIACEOHPIRTHMI-UHFFFAOYSA-N,Non-irritant,141-98-0,0,384,"Clear Stereo (ID: ClearStereo)
Wedge Clean (ID: WedgeClean)
Mesomerize (ID: Mesomerize)
Tautomerize (ID: Tautomerize)
Add Explicit Hydrogens (ID: AddExplicitH)
Neutralize (ID: Neutralize)
Clean 2D (ID: Clean2D)",4.12310552597046,384,CCNC(=S)OC(C)C
KWAKSEGGFHCMJS-UHFFFAOYSA-N,Non-irritant,85702-79-0,0,408,"Clear Stereo (ID: ClearStereo)
Wedge Clean (ID: WedgeClean)
Mesomerize (ID: Mesomerize)
Tautomerize (ID: Tautomerize)
Add Explicit Hydrogens (ID: AddExplicitH)
Neutralize (ID: Neutralize)
Clean 2D (ID: Clean2D)",4.12310552597046,408,CC(C)CCCCCC(=O)NCCCCCC(=O)O
KZTYYGOKRVBIMI-UHFFFAOYSA-N,Non-irritant,127-63-9,0,419,"Dearomatize (ID: Dearomatize)
Clear Stereo (ID: ClearStereo)
Wedge Clean (ID: WedgeClean)
Mesomerize (ID: Mesomerize)
Tautomerize (ID: Tautomerize)
Aromatize (ID: Aromatize)
Add Explicit Hydrogens (ID: AddExplicitH)
Neutralize (ID: Neutralize)
Clean 2D (ID: Clean2D)",4.12310552597046,419,O=S(=O)(c1ccccc1)c1ccccc1
LBTVHXHERHESKG-UHFFFAOYSA-N,Non-irritant,36062-04-1,0,421,"Dearomatize (ID: Dearomatize)
Clear Stereo (ID: ClearStereo)
Wedge Clean (ID: WedgeClean)
Mesomerize (ID: Mesomerize)
Tautomerize (ID: Tautomerize)
Aromatize (ID: Aromatize)
Add Explicit Hydrogens (ID: AddExplicitH)
Neutralize (ID: Neutralize)
Clean 2D (ID: Clean2D)",4.12310552597046,421,COc1cc(CCC(=O)C=C(O)CCc2ccc(O)c(OC)c2)ccc1O
LENZDBCJOHFCAS-UHFFFAOYSA-N,Non-irritant,77-86-1,0,425,"Clear Stereo (ID: ClearStereo)
Wedge Clean (ID: WedgeClean)
Mesomerize (ID: Mesomerize)
Tautomerize (ID: Tautomerize)
Add Explicit Hydrogens (ID: AddExplicitH)
Neutralize (ID: Neutralize)
Clean 2D (ID: Clean2D)",4.12310552597046,425,NC(CO)(CO)CO
PNMUAGGSDZXTHX-BYPYZUCNSA-N,Non-irritant,13115-71-4,0,604,"Clear Stereo (ID: ClearStereo)
Wedge Clean (ID: WedgeClean)
Mesomerize (ID: Mesomerize)
Tautomerize (ID: Tautomerize)
Add Explicit Hydrogens (ID: AddExplicitH)
Neutralize (ID: Neutralize)
Clean 2D (ID: Clean2D)",4.12310552597046,604,NCC(=O)NC(CCC(N)=O)C(=O)O
SVNCDHBIQPXHHA-UHFFFAOYSA-N,Non-irritant,145650-60-8,0,749,"Dearomatize (ID: Dearomatize)
Clear Stereo (ID: ClearStereo)
Wedge Clean (ID: WedgeClean)
Mesomerize (ID: Mesomerize)
Tautomerize (ID: Tautomerize)
Aromatize (ID: Aromatize)
Add Explicit Hydrogens (ID: AddExplicitH)
Neutralize (ID: Neutralize)
Clean 2D (ID: Clean2D)",4.12310552597046,749,CCOP(=O)(Oc1c(C)cc(C(C)(C)C)cc1C(C)(C)C)Oc1c(C)cc(C(C)(C)C)cc1C(C)(C)C
UHPDROGOQWZCNC-UHFFFAOYSA-N,Non-irritant,216698-07-6,0,788,"Dearomatize (ID: Dearomatize)
Clear Stereo (ID: ClearStereo)
Wedge Clean (ID: WedgeClean)
Mesomerize (ID: Mesomerize)
Tautomerize (ID: Tautomerize)
Aromatize (ID: Aromatize)
Add Explicit Hydrogens (ID: AddExplicitH)
Neutralize (ID: Neutralize)
Clean 2D (ID: Clean2D)",4.12310552597046,788,CC(=O)Oc1ccc(C(C)(C)CC(C)(C)C)cc1C1C(=O)Oc2ccc(C(C)(C)CC(C)(C)C)cc21
VPWNQTHUCYMVMZ-UHFFFAOYSA-N,Non-irritant,80-09-1,0,839,"Dearomatize (ID: Dearomatize)
Clear Stereo (ID: ClearStereo)
Wedge Clean (ID: WedgeClean)
Mesomerize (ID: Mesomerize)
Tautomerize (ID: Tautomerize)
Aromatize (ID: Aromatize)
Add Explicit Hydrogens (ID: AddExplicitH)
Neutralize (ID: Neutralize)
Clean 2D (ID: Clean2D)",4.12310552597046,839,O=S(=O)(c1ccc(O)cc1)c1ccc(O)cc1
WJFKNYWRSNBZNX-UHFFFAOYSA-N,Non-irritant,92-84-2,0,863,"Dearomatize (ID: Dearomatize)
Clear Stereo (ID: ClearStereo)
Wedge Clean (ID: WedgeClean)
Mesomerize (ID: Mesomerize)
Tautomerize (ID: Tautomerize)
Aromatize (ID: Aromatize)
Add Explicit Hydrogens (ID: AddExplicitH)
Neutralize (ID: Neutralize)
Clean 2D (ID: Clean2D)",4.12310552597046,863,c1ccc2c(c1)Nc1ccccc1S2
XUJNEKJLAYXESH-UHFFFAOYSA-N,Non-irritant,52-90-4,0,941,"Clear Stereo (ID: ClearStereo)
Wedge Clean (ID: WedgeClean)
Mesomerize (ID: Mesomerize)
Tautomerize (ID: Tautomerize)
Add Explicit Hydrogens (ID: AddExplicitH)
Neutralize (ID: Neutralize)
Clean 2D (ID: Clean2D)",4.12310552597046,941,NC(CS)C(=O)O
ZNRLMGFXSPUZNR-UHFFFAOYSA-N,Non-irritant,26780-96-1,0,1012,"Dearomatize (ID: Dearomatize)
Clear Stereo (ID: ClearStereo)
Wedge Clean (ID: WedgeClean)
Mesomerize (ID: Mesomerize)
Tautomerize (ID: Tautomerize)
Aromatize (ID: Aromatize)
Add Explicit Hydrogens (ID: AddExplicitH)
Neutralize (ID: Neutralize)
Clean 2D (ID: Clean2D)",4.12310552597046,1012,CC1=CC(C)(C)Nc2ccccc21
ZPHINLJKDOIANS-UHFFFAOYSA-N,Non-irritant,,0,1017,"Dearomatize (ID: Dearomatize)
Clear Stereo (ID: ClearStereo)
Wedge Clean (ID: WedgeClean)
Mesomerize (ID: Mesomerize)
Tautomerize (ID: Tautomerize)
Aromatize (ID: Aromatize)
Add Explicit Hydrogens (ID: AddExplicitH)
Neutralize (ID: Neutralize)
Clean 2D (ID: Clean2D)",4.12310552597046,1017,Cc1ccc(NC(=O)Nc2ccc(C)c(NC(=O)Nc3ccc(C)cc3)c2)cc1
"InChI=1S/C11H17BrN/c1-4-13(2,3)9-10-7-5-6-8-11(10)12/h5-8H,4,9H2,1-3H3/q+1",,59-41-6,0,1036,"Dearomatize (ID: Dearomatize)
Clear Stereo (ID: ClearStereo)
Wedge Clean (ID: WedgeClean)
Mesomerize (ID: Mesomerize)
Tautomerize (ID: Tautomerize)
Aromatize (ID: Aromatize)
Add Explicit Hydrogens (ID: AddExplicitH)
Clean 2D (ID: Clean2D)",4.12310552597046,1036,CC[N+](C)(C)Cc1ccccc1Br
"InChI=1S/C8H10N2S/c1-2-7-5-6(8(9)11)3-4-10-7/h3-5H,2H2,1H3,(H2,9,11)",,536-33-4,0,1051,"Dearomatize (ID: Dearomatize)
Clear Stereo (ID: ClearStereo)
Wedge Clean (ID: WedgeClean)
Mesomerize (ID: Mesomerize)
Tautomerize (ID: Tautomerize)
Aromatize (ID: Aromatize)
Add Explicit Hydrogens (ID: AddExplicitH)
Neutralize (ID: Neutralize)
Clean 2D (ID: Clean2D)",4.12310552597046,1051,CCc1cc(C(N)=S)ccn1
"InChI=1S/C21H27N/c1-16(15-22(2)3)14-21-19-10-6-4-8-17(19)12-13-18-9-5-7-11-20(18)21/h4-11,16,21H,12-15H2,1-3H3",,35941-65-2,0,1086,"Dearomatize (ID: Dearomatize)
Clear Stereo (ID: ClearStereo)
Wedge Clean (ID: WedgeClean)
Mesomerize (ID: Mesomerize)
Tautomerize (ID: Tautomerize)
Aromatize (ID: Aromatize)
Add Explicit Hydrogens (ID: AddExplicitH)
Neutralize (ID: Neutralize)
Clean 2D (ID: Clean2D)",4.12310552597046,1086,CC(CC1c2ccccc2CCc2ccccc21)CN(C)C
"InChI=1S/C35H58O6/c1-24(2)12-9-13-25(3)14-10-15-26(4)16-11-20-35(8)21-19-30-29(7)33(27(5)28(6)34(30)41-35)40-32(38)18-17-31(37)39-23-22-36/h24-26,36H,9-23H2,1-8H3",,9002-96-4,0,1101,"Dearomatize (ID: Dearomatize)
Clear Stereo (ID: ClearStereo)
Wedge Clean (ID: WedgeClean)
Mesomerize (ID: Mesomerize)
Tautomerize (ID: Tautomerize)
Aromatize (ID: Aromatize)
Add Explicit Hydrogens (ID: AddExplicitH)
Neutralize (ID: Neutralize)
Clean 2D (ID: Clean2D)",4.12310552597046,1101,Cc1c(C)c2c(c(C)c1OC(=O)CCC(=O)OCCO)CCC(C)(CCCC(C)CCCC(C)CCCC(C)C)O2
"InChI=1S/C27H38O3/c1-4-6-7-8-9-25(29)30-27(5-2)17-15-24-23-12-10-19-18-20(28)11-13-21(19)22(23)14-16-26(24,27)3/h2,18,21-24H,4,6-17H2,1,3H3",,3836-23-5,0,1108,"Clear Stereo (ID: ClearStereo)
Wedge Clean (ID: WedgeClean)
Mesomerize (ID: Mesomerize)
Tautomerize (ID: Tautomerize)
Add Explicit Hydrogens (ID: AddExplicitH)
Neutralize (ID: Neutralize)
Clean 2D (ID: Clean2D)",4.12310552597046,1108,C#CC1(OC(=O)CCCCCC)CCC2C3CCC4=CC(=O)CCC4C3CCC21C
"InChI=1S/C20H24O2/c1-12-10-14-15-4-5-18(22)20(15,3)9-7-16(14)19(2)8-6-13(21)11-17(12)19/h6,8,11,14-16H,1,4-5,7,9-10H2,2-3H3",,107868-30-4,0,1177,"Clear Stereo (ID: ClearStereo)
Wedge Clean (ID: WedgeClean)
Mesomerize (ID: Mesomerize)
Tautomerize (ID: Tautomerize)
Add Explicit Hydrogens (ID: AddExplicitH)
Neutralize (ID: Neutralize)
Clean 2D (ID: Clean2D)",4.12310552597046,1177,C=C1CC2C(CCC3(C)C(=O)CCC23)C2(C)C=CC(=O)C=C12
"InChI=1S/C19H24O3/c1-18-9-7-13(20)11-12(18)3-4-14-15(18)8-10-19(2)16(14)5-6-17(21)22-19/h7,9,11,14-16H,3-6,8,10H2,1-2H3",,968-93-4,0,1215,"Clear Stereo (ID: ClearStereo)
Wedge Clean (ID: WedgeClean)
Mesomerize (ID: Mesomerize)
Tautomerize (ID: Tautomerize)
Add Explicit Hydrogens (ID: AddExplicitH)
Neutralize (ID: Neutralize)
Clean 2D (ID: Clean2D)",4.12310552597046,1215,CC12CCC3C(CCC4=CC(=O)C=CC43C)C1CCC(=O)O2
"InChI=1S/C27H44O3/c1-18(8-9-19(2)26(3,4)30)24-12-13-25-21(7-6-14-27(24,25)5)11-10-20-15-22(28)17-23(29)16-20/h8-11,18-19,22-25,28-30H,6-7,12-17H2,1-5H3",,131918-61-1,0,1217,"Clear Stereo (ID: ClearStereo)
Wedge Clean (ID: WedgeClean)
Mesomerize (ID: Mesomerize)
Tautomerize (ID: Tautomerize)
Add Explicit Hydrogens (ID: AddExplicitH)
Neutralize (ID: Neutralize)
Clean 2D (ID: Clean2D)",4.12310552597046,1217,CC(C=CC(C)C(C)(C)O)C1CCC2C(=CC=C3CC(O)CC(O)C3)CCCC21C
"InChI=1S/C23H30O6/c1-28-23(27)12-8-3-2-7-11-19-20(22(26)15-21(19)25)14-13-17(24)16-29-18-9-5-4-6-10-18/h3-7,9-10,13-14,17,19-22,24-26H,8,11-12,15-16H2,1H3",,69381-94-8,0,1247,"Dearomatize (ID: Dearomatize)
Clear Stereo (ID: ClearStereo)
Wedge Clean (ID: WedgeClean)
Mesomerize (ID: Mesomerize)
Tautomerize (ID: Tautomerize)
Aromatize (ID: Aromatize)
Add Explicit Hydrogens (ID: AddExplicitH)
Neutralize (ID: Neutralize)
Clean 2D (ID: Clean2D)",4.12310552597046,1247,COC(=O)CCC=C=CCC1C(O)CC(O)C1C=CC(O)COc1ccccc1
"InChI=1S/C21H28O2/c1-4-21(23)12-9-18-16-6-5-14-13-15(22)7-10-19(14,2)17(16)8-11-20(18,21)3/h1,13,16-18,23H,5-12H2,2-3H3",,434-03-7,0,1285,"Clear Stereo (ID: ClearStereo)
Wedge Clean (ID: WedgeClean)
Mesomerize (ID: Mesomerize)
Tautomerize (ID: Tautomerize)
Add Explicit Hydrogens (ID: AddExplicitH)
Neutralize (ID: Neutralize)
Clean 2D (ID: Clean2D)",4.12310552597046,1285,C#CC1(O)CCC2C3CCC4=CC(=O)CCC4(C)C3CCC21C
"InChI=1S/C10H13NO2/c1-3-13-10-6-4-9(5-7-10)11-8(2)12/h4-7H,3H2,1-2H3,(H,11,12)",,62-44-2,0,1310,"Dearomatize (ID: Dearomatize)
Clear Stereo (ID: ClearStereo)
Wedge Clean (ID: WedgeClean)
Mesomerize (ID: Mesomerize)
Tautomerize (ID: Tautomerize)
Aromatize (ID: Aromatize)
Add Explicit Hydrogens (ID: AddExplicitH)
Neutralize (ID: Neutralize)
Clean 2D (ID: Clean2D)",4.12310552597046,1310,CCOc1ccc(NC(C)=O)cc1
"InChI=1S/C5H11NO2/c1-2-3-4-5-8-6-7/h2-5H2,1H3",,463-04-7,0,1320,"Clear Stereo (ID: ClearStereo)
Wedge Clean (ID: WedgeClean)
Mesomerize (ID: Mesomerize)
Tautomerize (ID: Tautomerize)
Add Explicit Hydrogens (ID: AddExplicitH)
Neutralize (ID: Neutralize)
Clean 2D (ID: Clean2D)",4.12310552597046,1320,CCCCCON=O
"InChI=1S/C19H35NO2/c1-3-20(4-2)15-16-22-18(21)19(13-9-6-10-14-19)17-11-7-5-8-12-17/h17H,3-16H2,1-2H3",,77-19-0,0,1329,"Clear Stereo (ID: ClearStereo)
Wedge Clean (ID: WedgeClean)
Mesomerize (ID: Mesomerize)
Tautomerize (ID: Tautomerize)
Add Explicit Hydrogens (ID: AddExplicitH)
Neutralize (ID: Neutralize)
Clean 2D (ID: Clean2D)",4.12310552597046,1329,CCN(CC)CCOC(=O)C1(C2CCCCC2)CCCCC1
"InChI=1S/C12H22O11/c13-1-4-6(16)8(18)9(19)11(21-4)23-12(3-15)10(20)7(17)5(2-14)22-12/h4-11,13-20H,1-3H2",,57-50-1,0,1347,"Clear Stereo (ID: ClearStereo)
Wedge Clean (ID: WedgeClean)
Mesomerize (ID: Mesomerize)
Tautomerize (ID: Tautomerize)
Add Explicit Hydrogens (ID: AddExplicitH)
Neutralize (ID: Neutralize)
Clean 2D (ID: Clean2D)",4.12310552597046,1347,OCC1OC(OC2(CO)OC(CO)C(O)C2O)C(O)C(O)C1O
"InChI=1S/C27H40O4/c1-5-6-7-8-24(30)31-27(18(2)28)16-13-23-21-10-9-19-17-20(29)11-14-25(19,3)22(21)12-15-26(23,27)4/h17,21-23H,5-16H2,1-4H3",,630-56-8,0,1406,"Clear Stereo (ID: ClearStereo)
Wedge Clean (ID: WedgeClean)
Mesomerize (ID: Mesomerize)
Tautomerize (ID: Tautomerize)
Add Explicit Hydrogens (ID: AddExplicitH)
Neutralize (ID: Neutralize)
Clean 2D (ID: Clean2D)",4.12310552597046,1406,CCCCCC(=O)OC1(C(C)=O)CCC2C3CCC4=CC(=O)CCC4(C)C3CCC21C
"InChI=1S/C5H11NO2S/c1-9-3-2-4(6)5(7)8/h4H,2-3,6H2,1H3,(H,7,8)",,59-51-8,0,1459,"Clear Stereo (ID: ClearStereo)
Wedge Clean (ID: WedgeClean)
Mesomerize (ID: Mesomerize)
Tautomerize (ID: Tautomerize)
Add Explicit Hydrogens (ID: AddExplicitH)
Neutralize (ID: Neutralize)
Clean 2D (ID: Clean2D)",4.12310552597046,1459,CSCCC(N)C(=O)O
"InChI=1S/C12H11N7/c13-9-7(6-4-2-1-3-5-6)16-8-10(14)18-12(15)19-11(8)17-9/h1-5H,(H6,13,14,15,17,18,19)",,396-01-0,0,1486,"Dearomatize (ID: Dearomatize)
Clear Stereo (ID: ClearStereo)
Wedge Clean (ID: WedgeClean)
Mesomerize (ID: Mesomerize)
Tautomerize (ID: Tautomerize)
Aromatize (ID: Aromatize)
Add Explicit Hydrogens (ID: AddExplicitH)
Neutralize (ID: Neutralize)
Clean 2D (ID: Clean2D)",4.12310552597046,1486,Nc1nc(N)c2nc(-c3ccccc3)c(N)nc2n1
"InChI=1S/C22H28O2/c1-4-21-13-14(3)20-17-9-7-16(23)12-15(17)6-8-18(20)19(21)10-11-22(21,24)5-2/h2,12,17-20,24H,3-4,6-11,13H2,1H3",,54048-10-1,0,1534,"Clear Stereo (ID: ClearStereo)
Wedge Clean (ID: WedgeClean)
Mesomerize (ID: Mesomerize)
Tautomerize (ID: Tautomerize)
Add Explicit Hydrogens (ID: AddExplicitH)
Neutralize (ID: Neutralize)
Clean 2D (ID: Clean2D)",4.12310552597046,1534,C#CC1(O)CCC2C3CCC4=CC(=O)CCC4C3C(=C)CC21CC
"InChI=1S/C18H16Cl2O4/c1-3-22-17(21)18-23-15-6-4-11(19)8-13(15)10(2)14-9-12(20)5-7-16(14)24-18/h4-10,18H,3H2,1-2H3",,53341-49-4,0,1553,"Dearomatize (ID: Dearomatize)
Clear Stereo (ID: ClearStereo)
Wedge Clean (ID: WedgeClean)
Mesomerize (ID: Mesomerize)
Tautomerize (ID: Tautomerize)
Aromatize (ID: Aromatize)
Add Explicit Hydrogens (ID: AddExplicitH)
Neutralize (ID: Neutralize)
Clean 2D (ID: Clean2D)",4.12310552597046,1553,CCOC(=O)C1Oc2ccc(Cl)cc2C(C)c2cc(Cl)ccc2O1
"InChI=1S/C22H32O3/c1-12-9-15-17-6-5-16(13(2)23)22(17,4)11-19(25)20(15)21(3)8-7-14(24)10-18(12)21/h10,12,15-17,19-20,25H,5-9,11H2,1-4H3",,2668-66-8,0,1623,"Clear Stereo (ID: ClearStereo)
Wedge Clean (ID: WedgeClean)
Mesomerize (ID: Mesomerize)
Tautomerize (ID: Tautomerize)
Add Explicit Hydrogens (ID: AddExplicitH)
Neutralize (ID: Neutralize)
Clean 2D (ID: Clean2D)",4.12310552597046,1623,CC(=O)C1CCC2C3CC(C)C4=CC(=O)CCC4(C)C3C(O)CC12C
"InChI=1S/C22H32O4/c1-3-4-7-15(2)20(23)11-10-18-19-13-16(8-5-6-9-22(25)26)12-17(19)14-21(18)24/h8,10-11,15,17-21,23-24H,5-7,9,12-14H2,1-2H3,(H,25,26)",,78919-13-8,0,1660,"Clear Stereo (ID: ClearStereo)
Wedge Clean (ID: WedgeClean)
Mesomerize (ID: Mesomerize)
Tautomerize (ID: Tautomerize)
Add Explicit Hydrogens (ID: AddExplicitH)
Neutralize (ID: Neutralize)
Clean 2D (ID: Clean2D)",4.12310552597046,1660,CC#CCC(C)C(O)C=CC1C(O)CC2CC(=CCCCC(=O)O)CC21
"InChI=1S/C28H44O2/c1-18(2)19(3)9-10-20(4)25-13-14-26-22(8-7-15-28(25,26)6)11-12-23-16-24(29)17-27(30)21(23)5/h9-12,18-20,24-27,29-30H,5,7-8,13-17H2,1-4,6H3",,54573-75-0,0,1670,"Clear Stereo (ID: ClearStereo)
Wedge Clean (ID: WedgeClean)
Mesomerize (ID: Mesomerize)
Tautomerize (ID: Tautomerize)
Add Explicit Hydrogens (ID: AddExplicitH)
Neutralize (ID: Neutralize)
Clean 2D (ID: Clean2D)",4.12310552597046,1670,C=C1C(=CC=C2CCCC3(C)C2CCC3C(C)C=CC(C)C(C)C)CC(O)CC1O
"InChI=1S/C21H32O3/c1-19-11-13(12-22)18(23)10-14(19)4-5-15-16(19)6-8-20(2)17(15)7-9-21(20,3)24/h12,14-17,23-24H,4-11H2,1-3H3",,434-07-1,0,1742,"Clear Stereo (ID: ClearStereo)
Wedge Clean (ID: WedgeClean)
Mesomerize (ID: Mesomerize)
Tautomerize (ID: Tautomerize)
Add Explicit Hydrogens (ID: AddExplicitH)
Neutralize (ID: Neutralize)
Clean 2D (ID: Clean2D)",4.12310552597046,1742,CC12CC(C=O)=C(O)CC1CCC1C2CCC2(C)C1CCC2(C)O
"InChI=1S/C23H30O4/c1-13-11-20-18(17-6-5-16(26)12-19(13)17)7-9-22(4)21(20)8-10-23(22,14(2)24)27-15(3)25/h11-12,17-18,20-21H,5-10H2,1-4H3",,58652-20-3,0,1767,"Clear Stereo (ID: ClearStereo)
Wedge Clean (ID: WedgeClean)
Mesomerize (ID: Mesomerize)
Tautomerize (ID: Tautomerize)
Add Explicit Hydrogens (ID: AddExplicitH)
Neutralize (ID: Neutralize)
Clean 2D (ID: Clean2D)",4.12310552597046,1767,CC(=O)OC1(C(C)=O)CCC2C3C=C(C)C4=CC(=O)CCC4C3CCC21C
"InChI=1S/C22H28O3/c1-4-22(25-14(2)23)12-10-20-19-7-5-15-13-16(24)6-8-17(15)18(19)9-11-21(20,22)3/h1,13,17-20H,5-12H2,2-3H3",,51-98-9,0,1782,"Clear Stereo (ID: ClearStereo)
Wedge Clean (ID: WedgeClean)
Mesomerize (ID: Mesomerize)
Tautomerize (ID: Tautomerize)
Add Explicit Hydrogens (ID: AddExplicitH)
Neutralize (ID: Neutralize)
Clean 2D (ID: Clean2D)",4.12310552597046,1782,C#CC1(OC(C)=O)CCC2C3CCC4=CC(=O)CCC4C3CCC21C
"InChI=1S/C5H5N3O/c6-5(9)4-3-7-1-2-8-4/h1-3H,(H2,6,9)",,98-96-4,0,1791,"Dearomatize (ID: Dearomatize)
Clear Stereo (ID: ClearStereo)
Wedge Clean (ID: WedgeClean)
Mesomerize (ID: Mesomerize)
Tautomerize (ID: Tautomerize)
Aromatize (ID: Aromatize)
Add Explicit Hydrogens (ID: AddExplicitH)
Neutralize (ID: Neutralize)
Clean 2D (ID: Clean2D)",4.12310552597046,1791,NC(=O)c1cnccn1
"InChI=1S/C12H22O11/c13-1-4-6(16)7(17)8(18)11(21-4)22-9-5(2-14)23-12(20,3-15)10(9)19/h4-11,13-20H,1-3H2",,4618-18-2,0,1855,"Clear Stereo (ID: ClearStereo)
Wedge Clean (ID: WedgeClean)
Mesomerize (ID: Mesomerize)
Tautomerize (ID: Tautomerize)
Add Explicit Hydrogens (ID: AddExplicitH)
Neutralize (ID: Neutralize)
Clean 2D (ID: Clean2D)",4.12310552597046,1855,OCC1OC(OC2C(CO)OC(O)(CO)C2O)C(O)C(O)C1O
"InChI=1S/C14H23NO/c1-5-14(11(2)10-15(3)4)12-7-6-8-13(16)9-12/h6-9,11,14,16H,5,10H2,1-4H3",,175591-23-8,0,2029,"Dearomatize (ID: Dearomatize)
Clear Stereo (ID: ClearStereo)
Wedge Clean (ID: WedgeClean)
Mesomerize (ID: Mesomerize)
Tautomerize (ID: Tautomerize)
Aromatize (ID: Aromatize)
Add Explicit Hydrogens (ID: AddExplicitH)
Neutralize (ID: Neutralize)
Clean 2D (ID: Clean2D)",4.12310552597046,2029,CCC(c1cccc(O)c1)C(C)CN(C)C
"InChI=1S/C23H38O5/c1-5-6-15-23(2,3)21(26)14-13-18-17(19(24)16-20(18)25)11-9-7-8-10-12-22(27)28-4/h10,12-14,17-18,20-21,25-26H,5-9,11,15-16H2,1-4H3",,64318-79-2,0,2033,"Clear Stereo (ID: ClearStereo)
Wedge Clean (ID: WedgeClean)
Mesomerize (ID: Mesomerize)
Tautomerize (ID: Tautomerize)
Add Explicit Hydrogens (ID: AddExplicitH)
Neutralize (ID: Neutralize)
Clean 2D (ID: Clean2D)",4.12310552597046,2033,CCCCC(C)(C)C(O)C=CC1C(O)CC(=O)C1CCCCC=CC(=O)OC
"InChI=1S/C8H8Cl2IO3PS/c1-12-15(16,13-2)14-8-4-5(9)7(11)3-6(8)10/h3-4H,1-2H3",,18181-70-9,0,2057,"Dearomatize (ID: Dearomatize)
Clear Stereo (ID: ClearStereo)
Wedge Clean (ID: WedgeClean)
Mesomerize (ID: Mesomerize)
Tautomerize (ID: Tautomerize)
Aromatize (ID: Aromatize)
Add Explicit Hydrogens (ID: AddExplicitH)
Neutralize (ID: Neutralize)
Clean 2D (ID: Clean2D)",4.12310552597046,2057,COP(=S)(OC)Oc1cc(Cl)c(I)cc1Cl
"InChI=1S/C14H10F3NO2/c15-14(16,17)9-4-3-5-10(8-9)18-12-7-2-1-6-11(12)13(19)20/h1-8,18H,(H,19,20)",,530-78-9,0,2096,"Dearomatize (ID: Dearomatize)
Clear Stereo (ID: ClearStereo)
Wedge Clean (ID: WedgeClean)
Mesomerize (ID: Mesomerize)
Tautomerize (ID: Tautomerize)
Aromatize (ID: Aromatize)
Add Explicit Hydrogens (ID: AddExplicitH)
Neutralize (ID: Neutralize)
Clean 2D (ID: Clean2D)",4.12310552597046,2096,O=C(O)c1ccccc1Nc1cccc(C(F)(F)F)c1
"InChI=1S/C11H11F3N2O3/c1-6(2)10(17)15-7-3-4-9(16(18)19)8(5-7)11(12,13)14/h3-6H,1-2H3,(H,15,17)",,13311-84-7,0,2186,"Dearomatize (ID: Dearomatize)
Clear Stereo (ID: ClearStereo)
Wedge Clean (ID: WedgeClean)
Mesomerize (ID: Mesomerize)
Tautomerize (ID: Tautomerize)
Aromatize (ID: Aromatize)
Add Explicit Hydrogens (ID: AddExplicitH)
Neutralize (ID: Neutralize)
Clean 2D (ID: Clean2D)",4.12310552597046,2186,CC(C)C(=O)Nc1ccc([N+](=O)[O-])c(C(F)(F)F)c1
"InChI=1S/C10H13NO3/c1-10(11,9(13)14)6-7-2-4-8(12)5-3-7/h2-5,12H,6,11H2,1H3,(H,13,14)",,672-87-7,0,2278,"Dearomatize (ID: Dearomatize)
Clear Stereo (ID: ClearStereo)
Wedge Clean (ID: WedgeClean)
Mesomerize (ID: Mesomerize)
Tautomerize (ID: Tautomerize)
Aromatize (ID: Aromatize)
Add Explicit Hydrogens (ID: AddExplicitH)
Neutralize (ID: Neutralize)
Clean 2D (ID: Clean2D)",4.12310552597046,2278,CC(N)(Cc1ccc(O)cc1)C(=O)O
"InChI=1S/C22H38O7/c1-2-3-4-5-6-7-8-9-10-11-12-13-14-15-18(24)28-16-17(23)21-19(25)20(26)22(27)29-21/h20,22,25-27H,2-16H2,1H3",,137-66-6,0,2326,"Clear Stereo (ID: ClearStereo)
Wedge Clean (ID: WedgeClean)
Mesomerize (ID: Mesomerize)
Tautomerize (ID: Tautomerize)
Add Explicit Hydrogens (ID: AddExplicitH)
Neutralize (ID: Neutralize)
Clean 2D (ID: Clean2D)",4.12310552597046,2326,CCCCCCCCCCCCCCCC(=O)OCC(=O)C1=C(O)C(O)C(O)O1
"InChI=1S/C24H32O4/c1-5-24(28-16(3)26)13-11-22-21-8-6-17-14-18(27-15(2)25)7-9-19(17)20(21)10-12-23(22,24)4/h1,14,18-22H,6-13H2,2-4H3",,297-76-7,0,2405,"Clear Stereo (ID: ClearStereo)
Wedge Clean (ID: WedgeClean)
Mesomerize (ID: Mesomerize)
Tautomerize (ID: Tautomerize)
Add Explicit Hydrogens (ID: AddExplicitH)
Neutralize (ID: Neutralize)
Clean 2D (ID: Clean2D)",4.12310552597046,2405,C#CC1(OC(C)=O)CCC2C3CCC4=CC(OC(C)=O)CCC4C3CCC21C
"InChI=1S/C19H23NO/c1-20-14-12-18(13-15-20)21-19(16-8-4-2-5-9-16)17-10-6-3-7-11-17/h2-11,18-19H,12-15H2,1H3",,147-20-6,0,2441,"Dearomatize (ID: Dearomatize)
Clear Stereo (ID: ClearStereo)
Wedge Clean (ID: WedgeClean)
Mesomerize (ID: Mesomerize)
Tautomerize (ID: Tautomerize)
Aromatize (ID: Aromatize)
Add Explicit Hydrogens (ID: AddExplicitH)
Neutralize (ID: Neutralize)
Clean 2D (ID: Clean2D)",4.12310552597046,2441,CN1CCC(OC(c2ccccc2)c2ccccc2)CC1
"InChI=1S/C7H15NO3/c1-8(2,3)5-6(9)4-7(10)11/h6,9H,4-5H2,1-3H3",,541-15-1,0,2481,"Clear Stereo (ID: ClearStereo)
Wedge Clean (ID: WedgeClean)
Mesomerize (ID: Mesomerize)
Tautomerize (ID: Tautomerize)
Add Explicit Hydrogens (ID: AddExplicitH)
Clean 2D (ID: Clean2D)",4.12310552597046,2481,C[N+](C)(C)CC(O)CC(=O)[O-]
"InChI=1S/C10H9Cl2NO/c11-8-4-3-7(5-9(8)12)13-10(14)6-1-2-6/h3-6H,1-2H2,(H,13,14)",,2759-71-9,0,2508,"Dearomatize (ID: Dearomatize)
Clear Stereo (ID: ClearStereo)
Wedge Clean (ID: WedgeClean)
Mesomerize (ID: Mesomerize)
Tautomerize (ID: Tautomerize)
Aromatize (ID: Aromatize)
Add Explicit Hydrogens (ID: AddExplicitH)
Neutralize (ID: Neutralize)
Clean 2D (ID: Clean2D)",4.12310552597046,2508,O=C(Nc1ccc(Cl)c(Cl)c1)C1CC1
"InChI=1S/C24H34O4/c1-14-12-18-19(22(4)9-6-17(27)13-21(14)22)7-10-23(5)20(18)8-11-24(23,15(2)25)28-16(3)26/h13-14,18-20H,6-12H2,1-5H3",,71-58-9,0,2538,"Clear Stereo (ID: ClearStereo)
Wedge Clean (ID: WedgeClean)
Mesomerize (ID: Mesomerize)
Tautomerize (ID: Tautomerize)
Add Explicit Hydrogens (ID: AddExplicitH)
Neutralize (ID: Neutralize)
Clean 2D (ID: Clean2D)",4.12310552597046,2538,CC(=O)OC1(C(C)=O)CCC2C3CC(C)C4=CC(=O)CCC4(C)C3CCC21C
"InChI=1S/C23H28O6/c1-28-23(27)12-8-3-2-7-11-19-20(22(26)15-21(19)25)14-13-17(24)16-29-18-9-5-4-6-10-18/h3-7,9-10,13-14,17,19-20,22,24,26H,8,11-12,15-16H2,1H3",,73121-56-9,0,2544,"Dearomatize (ID: Dearomatize)
Clear Stereo (ID: ClearStereo)
Wedge Clean (ID: WedgeClean)
Mesomerize (ID: Mesomerize)
Tautomerize (ID: Tautomerize)
Aromatize (ID: Aromatize)
Add Explicit Hydrogens (ID: AddExplicitH)
Neutralize (ID: Neutralize)
Clean 2D (ID: Clean2D)",4.12310552597046,2544,COC(=O)CCC=C=CCC1C(=O)CC(O)C1C=CC(O)COc1ccccc1
"InChI=1S/C10H21N3O/c1-4-12(5-2)10(14)13-8-6-11(3)7-9-13/h4-9H2,1-3H3",,90-89-1,0,2666,"Clear Stereo (ID: ClearStereo)
Wedge Clean (ID: WedgeClean)
Mesomerize (ID: Mesomerize)
Tautomerize (ID: Tautomerize)
Add Explicit Hydrogens (ID: AddExplicitH)
Neutralize (ID: Neutralize)
Clean 2D (ID: Clean2D)",4.12310552597046,2666,CCN(CC)C(=O)N1CCN(C)CC1
"InChI=1S/C22H30O/c1-4-21-14-15(3)20-17-9-7-6-8-16(17)10-11-18(20)19(21)12-13-22(21,23)5-2/h2,8,17-20,23H,3-4,6-7,9-14H2,1H3",,54024-22-5,0,2725,"Clear Stereo (ID: ClearStereo)
Wedge Clean (ID: WedgeClean)
Mesomerize (ID: Mesomerize)
Tautomerize (ID: Tautomerize)
Add Explicit Hydrogens (ID: AddExplicitH)
Neutralize (ID: Neutralize)
Clean 2D (ID: Clean2D)",4.12310552597046,2725,C#CC1(O)CCC2C3CCC4=CCCCC4C3C(=C)CC21CC
"InChI=1S/C15H14O8S/c1-22-8-3-4-9(11(16)5-8)15(18)10-6-14(24(19,20)21)13(23-2)7-12(10)17/h3-7,16-17H,1-2H3,(H,19,20,21)",,3121-60-6,0,2727,"Dearomatize (ID: Dearomatize)
Clear Stereo (ID: ClearStereo)
Wedge Clean (ID: WedgeClean)
Mesomerize (ID: Mesomerize)
Tautomerize (ID: Tautomerize)
Aromatize (ID: Aromatize)
Add Explicit Hydrogens (ID: AddExplicitH)
Neutralize (ID: Neutralize)
Clean 2D (ID: Clean2D)",4.12310552597046,2727,COc1ccc(C(=O)c2cc(S(=O)(=O)O)c(OC)cc2O)c(O)c1
"InChI=1S/C24H32O4/c1-14-12-18-19(22(4)9-6-17(27)13-21(14)22)7-10-23(5)20(18)8-11-24(23,15(2)25)28-16(3)26/h12-13,18-20H,6-11H2,1-5H3",,595-33-5,0,2729,"Clear Stereo (ID: ClearStereo)
Wedge Clean (ID: WedgeClean)
Mesomerize (ID: Mesomerize)
Tautomerize (ID: Tautomerize)
Add Explicit Hydrogens (ID: AddExplicitH)
Neutralize (ID: Neutralize)
Clean 2D (ID: Clean2D)",4.12310552597046,2729,CC(=O)OC1(C(C)=O)CCC2C3C=C(C)C4=CC(=O)CCC4(C)C3CCC21C
"InChI=1S/C10H14N2/c1-12-7-3-5-10(12)9-4-2-6-11-8-9/h2,4,6,8,10H,3,5,7H2,1H3",,54-11-5,0,2834,"Dearomatize (ID: Dearomatize)
Clear Stereo (ID: ClearStereo)
Wedge Clean (ID: WedgeClean)
Mesomerize (ID: Mesomerize)
Tautomerize (ID: Tautomerize)
Aromatize (ID: Aromatize)
Add Explicit Hydrogens (ID: AddExplicitH)
Neutralize (ID: Neutralize)
Clean 2D (ID: Clean2D)",4.12310552597046,2834,CN1CCCC1c1cccnc1
"InChI=1S/C10H17Cl2NOS/c1-7(2)13(8(3)4)10(14)15-6-9(12)5-11/h5,7-8H,6H2,1-4H3",,2303-16-4,0,2842,"Clear Stereo (ID: ClearStereo)
Wedge Clean (ID: WedgeClean)
Mesomerize (ID: Mesomerize)
Tautomerize (ID: Tautomerize)
Add Explicit Hydrogens (ID: AddExplicitH)
Neutralize (ID: Neutralize)
Clean 2D (ID: Clean2D)",4.12310552597046,2842,CC(C)N(C(=O)SCC(Cl)=CCl)C(C)C
"InChI=1S/C4H9NO2/c1-3-7-4(6)5-2/h3H2,1-2H3,(H,5,6)",,105-40-8,0,2863,"Clear Stereo (ID: ClearStereo)
Wedge Clean (ID: WedgeClean)
Mesomerize (ID: Mesomerize)
Tautomerize (ID: Tautomerize)
Add Explicit Hydrogens (ID: AddExplicitH)
Neutralize (ID: Neutralize)
Clean 2D (ID: Clean2D)",4.12310552597046,2863,CCOC(=O)NC
"InChI=1S/C9H17NO2/c10-7-9(6-8(11)12)4-2-1-3-5-9/h1-7,10H2,(H,11,12)",,60142-96-3,0,2936,"Clear Stereo (ID: ClearStereo)
Wedge Clean (ID: WedgeClean)
Mesomerize (ID: Mesomerize)
Tautomerize (ID: Tautomerize)
Add Explicit Hydrogens (ID: AddExplicitH)
Neutralize (ID: Neutralize)
Clean 2D (ID: Clean2D)",4.12310552597046,2936,NCC1(CC(=O)O)CCCCC1
"InChI=1S/C9H9N3S/c10-8-7(13-9(11)12-8)6-4-2-1-3-5-6/h1-5H,10H2,(H2,11,12)",,490-55-1,0,2972,"Dearomatize (ID: Dearomatize)
Clear Stereo (ID: ClearStereo)
Wedge Clean (ID: WedgeClean)
Mesomerize (ID: Mesomerize)
Tautomerize (ID: Tautomerize)
Aromatize (ID: Aromatize)
Add Explicit Hydrogens (ID: AddExplicitH)
Neutralize (ID: Neutralize)
Clean 2D (ID: Clean2D)",4.12310552597046,2972,Nc1nc(N)c(-c2ccccc2)s1
"InChI=1S/C14H7Br3F3N3O4/c1-21(13-9(16)2-6(15)3-10(13)17)12-8(14(18,19)20)4-7(22(24)25)5-11(12)23(26)27/h2-5H,1H3",Non-irritant,63333-35-7,0,2987,"Dearomatize (ID: Dearomatize)
Clear Stereo (ID: ClearStereo)
Wedge Clean (ID: WedgeClean)
Mesomerize (ID: Mesomerize)
Tautomerize (ID: Tautomerize)
Aromatize (ID: Aromatize)
Add Explicit Hydrogens (ID: AddExplicitH)
Neutralize (ID: Neutralize)
Clean 2D (ID: Clean2D)",4.12310552597046,2987,CN(c1c(Br)cc(Br)cc1Br)c1c([N+](=O)[O-])cc([N+](=O)[O-])cc1C(F)(F)F
InChI=1S/C9H18N6/c1-13(2)7-10-8(14(3)4)12-9(11-7)15(5)6/h1-6H3,,645-05-6,0,2994,"Dearomatize (ID: Dearomatize)
Clear Stereo (ID: ClearStereo)
Wedge Clean (ID: WedgeClean)
Mesomerize (ID: Mesomerize)
Tautomerize (ID: Tautomerize)
Aromatize (ID: Aromatize)
Add Explicit Hydrogens (ID: AddExplicitH)
Neutralize (ID: Neutralize)
Clean 2D (ID: Clean2D)",4.12310552597046,2994,CN(C)c1nc(N(C)C)nc(N(C)C)n1
"InChI=1S/C22H29ClO6/c23-15-6-5-7-17(12-15)29-14-16(24)10-11-19-18(20(25)13-21(19)26)8-3-1-2-4-9-22(27)28/h1,3,5-7,10-12,16,18-21,24-26H,2,4,8-9,13-14H2,(H,27,28)",,40665-92-7,0,3056,"Dearomatize (ID: Dearomatize)
Clear Stereo (ID: ClearStereo)
Wedge Clean (ID: WedgeClean)
Mesomerize (ID: Mesomerize)
Tautomerize (ID: Tautomerize)
Aromatize (ID: Aromatize)
Add Explicit Hydrogens (ID: AddExplicitH)
Neutralize (ID: Neutralize)
Clean 2D (ID: Clean2D)",4.12310552597046,3056,O=C(O)CCCC=CCC1C(O)CC(O)C1C=CC(O)COc1cccc(Cl)c1
"InChI=1S/C22H36O4/c1-3-4-5-9-17(23)11-12-18-19-13-16(8-6-7-10-21(25)26)14-22(19,2)15-20(18)24/h8,11-12,17-20,23-24H,3-7,9-10,13-15H2,1-2H3,(H,25,26)",,81845-44-5,0,3060,"Clear Stereo (ID: ClearStereo)
Wedge Clean (ID: WedgeClean)
Mesomerize (ID: Mesomerize)
Tautomerize (ID: Tautomerize)
Add Explicit Hydrogens (ID: AddExplicitH)
Neutralize (ID: Neutralize)
Clean 2D (ID: Clean2D)",4.12310552597046,3060,CCCCCC(O)C=CC1C(O)CC2(C)CC(=CCCCC(=O)O)CC12
"InChI=1S/C8H8Cl2N4/c9-6-2-1-3-7(10)5(6)4-13-14-8(11)12/h1-4H,(H4,11,12,14)",,5051-62-7,0,3145,"Dearomatize (ID: Dearomatize)
Clear Stereo (ID: ClearStereo)
Wedge Clean (ID: WedgeClean)
Mesomerize (ID: Mesomerize)
Tautomerize (ID: Tautomerize)
Aromatize (ID: Aromatize)
Add Explicit Hydrogens (ID: AddExplicitH)
Neutralize (ID: Neutralize)
Clean 2D (ID: Clean2D)",4.12310552597046,3145,[H]/N=C(\N)NN=Cc1c(Cl)cccc1Cl
"InChI=1S/C20H25NOS/c1-3-21(4-2)15-16-23-20(22)19(17-11-7-5-8-12-17)18-13-9-6-10-14-18/h5-14,19H,3-4,15-16H2,1-2H3",,82-99-5,0,3161,"Dearomatize (ID: Dearomatize)
Clear Stereo (ID: ClearStereo)
Wedge Clean (ID: WedgeClean)
Mesomerize (ID: Mesomerize)
Tautomerize (ID: Tautomerize)
Aromatize (ID: Aromatize)
Add Explicit Hydrogens (ID: AddExplicitH)
Neutralize (ID: Neutralize)
Clean 2D (ID: Clean2D)",4.12310552597046,3161,CCN(CC)CCSC(=O)C(c1ccccc1)c1ccccc1
"InChI=1S/C21H28O2/c1-3-20-11-9-17-16-8-6-15(22)13-14(16)5-7-18(17)19(20)10-12-21(20,23)4-2/h2,13,16-19,23H,3,5-12H2,1H3",,6533-00-2 797-63-7,0,3227,"Clear Stereo (ID: ClearStereo)
Wedge Clean (ID: WedgeClean)
Mesomerize (ID: Mesomerize)
Tautomerize (ID: Tautomerize)
Add Explicit Hydrogens (ID: AddExplicitH)
Neutralize (ID: Neutralize)
Clean 2D (ID: Clean2D)",4.12310552597046,3227,C#CC1(O)CCC2C3CCC4=CC(=O)CCC4C3CCC21CC
"InChI=1S/C17H27NO2/c1-5-7-8-14(6-2)13-20-17(19)15-9-11-16(12-10-15)18(3)4/h9-12,14H,5-8,13H2,1-4H3",Non-irritant,21245-02-3,0,3243,"Dearomatize (ID: Dearomatize)
Clear Stereo (ID: ClearStereo)
Wedge Clean (ID: WedgeClean)
Mesomerize (ID: Mesomerize)
Tautomerize (ID: Tautomerize)
Aromatize (ID: Aromatize)
Add Explicit Hydrogens (ID: AddExplicitH)
Neutralize (ID: Neutralize)
Clean 2D (ID: Clean2D)",4.12310552597046,3243,CCCCC(CC)COC(=O)c1ccc(N(C)C)cc1
"InChI=1S/C14H23O4P/c1-3-5-12-16-19(15,17-13-6-4-2)18-14-10-8-7-9-11-14/h7-11H,3-6,12-13H2,1-2H3",,2528-36-1,0,3377,"Dearomatize (ID: Dearomatize)
Clear Stereo (ID: ClearStereo)
Wedge Clean (ID: WedgeClean)
Mesomerize (ID: Mesomerize)
Tautomerize (ID: Tautomerize)
Aromatize (ID: Aromatize)
Add Explicit Hydrogens (ID: AddExplicitH)
Neutralize (ID: Neutralize)
Clean 2D (ID: Clean2D)",4.12310552597046,3377,CCCCOP(=O)(OCCCC)Oc1ccccc1
"InChI=1S/C6H11NO3/c1-10-6(9)3-2-5(8)4-7/h2-4,7H2,1H3",,33320-16-0,0,3421,"Clear Stereo (ID: ClearStereo)
Wedge Clean (ID: WedgeClean)
Mesomerize (ID: Mesomerize)
Tautomerize (ID: Tautomerize)
Add Explicit Hydrogens (ID: AddExplicitH)
Neutralize (ID: Neutralize)
Clean 2D (ID: Clean2D)",4.12310552597046,3421,COC(=O)CCC(=O)CN
"InChI=1S/C14H13N/c1-3-7-13-11(5-1)9-10-12-6-2-4-8-14(12)15-13/h1-8,15H,9-10H2",Non-irritant,494-19-9,0,3521,"Dearomatize (ID: Dearomatize)
Clear Stereo (ID: ClearStereo)
Wedge Clean (ID: WedgeClean)
Mesomerize (ID: Mesomerize)
Tautomerize (ID: Tautomerize)
Aromatize (ID: Aromatize)
Add Explicit Hydrogens (ID: AddExplicitH)
Neutralize (ID: Neutralize)
Clean 2D (ID: Clean2D)",4.12310552597046,3521,c1ccc2c(c1)CCc1ccccc1N2
AVWRKZWQTYIKIY-UHFFFAOYSA-M,Non-irritant,26479-35-6,0,21,"Clear Stereo (ID: ClearStereo)
Wedge Clean (ID: WedgeClean)
Mesomerize (ID: Mesomerize)
Tautomerize (ID: Tautomerize)
Add Explicit Hydrogens (ID: AddExplicitH)
Neutralize (ID: Neutralize)
Clean 2D (ID: Clean2D)",4.24264049530029,21,NC(=O)NC(=O)O
AVXURJPOCDRRFD-UHFFFAOYSA-N,Non-irritant,7803-49-8,0,22,"Mesomerize (ID: Mesomerize)
Tautomerize (ID: Tautomerize)
Add Explicit Hydrogens (ID: AddExplicitH)
Neutralize (ID: Neutralize)
Clean 2D (ID: Clean2D)",4.24264049530029,22,NO
BGRWYDHXPHLNKA-UHFFFAOYSA-N,Non-irritant,10543-57-4,0,43,"Clear Stereo (ID: ClearStereo)
Wedge Clean (ID: WedgeClean)
Mesomerize (ID: Mesomerize)
Tautomerize (ID: Tautomerize)
Add Explicit Hydrogens (ID: AddExplicitH)
Neutralize (ID: Neutralize)
Clean 2D (ID: Clean2D)",4.24264049530029,43,CC(=O)N(CCN(C(C)=O)C(C)=O)C(C)=O
BNBSEAFANQAPGO-UHFFFAOYSA-M,Non-irritant,2052-25-7,0,52,"Dearomatize (ID: Dearomatize)
Clear Stereo (ID: ClearStereo)
Wedge Clean (ID: WedgeClean)
Mesomerize (ID: Mesomerize)
Tautomerize (ID: Tautomerize)
Aromatize (ID: Aromatize)
Add Explicit Hydrogens (ID: AddExplicitH)
Neutralize (ID: Neutralize)
Clean 2D (ID: Clean2D)",4.24264049530029,52,O=C1C(=NNc2cc(S(=O)(=O)O)ccc2O)C=Cc2c(O)cccc21
CMMYGCUEJWTBCG-UHFFFAOYSA-N,Non-irritant,49707-23-5,0,103,"Clear Stereo (ID: ClearStereo)
Wedge Clean (ID: WedgeClean)
Mesomerize (ID: Mesomerize)
Tautomerize (ID: Tautomerize)
Add Explicit Hydrogens (ID: AddExplicitH)
Neutralize (ID: Neutralize)
Clean 2D (ID: Clean2D)",4.24264049530029,103,C=CC(=O)NCC(OC)OC
CRJIYMRJTJWVLU-UHFFFAOYSA-N,Non-irritant,51240-95-0,0,113,"Clear Stereo (ID: ClearStereo)
Wedge Clean (ID: WedgeClean)
Mesomerize (ID: Mesomerize)
Tautomerize (ID: Tautomerize)
Add Explicit Hydrogens (ID: AddExplicitH)
Neutralize (ID: Neutralize)
Clean 2D (ID: Clean2D)",4.24264049530029,113,CC(C)(C)CCCCC1(C(=O)OC(C)(C)CC(C)(C)C)OO1
DUTZBUOZKIIFTG-FXXYKOEOSA-N,Non-irritant,8050-26-8,0,158,"Clear Stereo (ID: ClearStereo)
Wedge Clean (ID: WedgeClean)
Mesomerize (ID: Mesomerize)
Tautomerize (ID: Tautomerize)
Add Explicit Hydrogens (ID: AddExplicitH)
Neutralize (ID: Neutralize)
Clean 2D (ID: Clean2D)",4.24264049530029,158,CC(C)C1=CC2=CCC3C(C)(C(=O)OCC(CO)(CO)CO)CCCC3(C)C2CC1
FIPWRIJSWJWJAI-UHFFFAOYSA-N,Non-irritant,51-03-6,0,181,"Dearomatize (ID: Dearomatize)
Clear Stereo (ID: ClearStereo)
Wedge Clean (ID: WedgeClean)
Mesomerize (ID: Mesomerize)
Tautomerize (ID: Tautomerize)
Aromatize (ID: Aromatize)
Add Explicit Hydrogens (ID: AddExplicitH)
Neutralize (ID: Neutralize)
Clean 2D (ID: Clean2D)",4.24264049530029,181,CCCCOCCOCCOCc1cc2c(cc1CCC)OCO2
HMMGMWAXVFQUOA-UHFFFAOYSA-N,Non-irritant,556-67-2,0,262,"Clear Stereo (ID: ClearStereo)
Wedge Clean (ID: WedgeClean)
Mesomerize (ID: Mesomerize)
Tautomerize (ID: Tautomerize)
Add Explicit Hydrogens (ID: AddExplicitH)
Neutralize (ID: Neutralize)
Clean 2D (ID: Clean2D)",4.24264049530029,262,C[Si]1(C)O[Si](C)(C)O[Si](C)(C)O[Si](C)(C)O1
IUMSDRXLFWAGNT-UHFFFAOYSA-N,Non-irritant,540-97-6,0,328,"Clear Stereo (ID: ClearStereo)
Wedge Clean (ID: WedgeClean)
Mesomerize (ID: Mesomerize)
Tautomerize (ID: Tautomerize)
Add Explicit Hydrogens (ID: AddExplicitH)
Neutralize (ID: Neutralize)
Clean 2D (ID: Clean2D)",4.24264049530029,328,C[Si]1(C)O[Si](C)(C)O[Si](C)(C)O[Si](C)(C)O[Si](C)(C)O[Si](C)(C)O1
KDQTUCKOAOGTLT-UHFFFAOYSA-N,Non-irritant,17526-94-2,0,370,"Dearomatize (ID: Dearomatize)
Clear Stereo (ID: ClearStereo)
Wedge Clean (ID: WedgeClean)
Mesomerize (ID: Mesomerize)
Tautomerize (ID: Tautomerize)
Aromatize (ID: Aromatize)
Add Explicit Hydrogens (ID: AddExplicitH)
Neutralize (ID: Neutralize)
Clean 2D (ID: Clean2D)",4.24264049530029,370,Cc1ccc(NC(=O)N(C)C)cc1NC(=O)N(C)C
KVWLLOIEGKLBPA-UHFFFAOYSA-N,Non-irritant,24748-23-0,0,407,"Clear Stereo (ID: ClearStereo)
Wedge Clean (ID: WedgeClean)
Mesomerize (ID: Mesomerize)
Tautomerize (ID: Tautomerize)
Add Explicit Hydrogens (ID: AddExplicitH)
Neutralize (ID: Neutralize)
Clean 2D (ID: Clean2D)",4.24264049530029,407,CCC1(C)OOC(C)(CC)OOC(C)(CC)OO1
KYWXRBNOYGGPIZ-UHFFFAOYSA-N,Non-irritant,1696-20-4,0,416,"Clear Stereo (ID: ClearStereo)
Wedge Clean (ID: WedgeClean)
Mesomerize (ID: Mesomerize)
Tautomerize (ID: Tautomerize)
Add Explicit Hydrogens (ID: AddExplicitH)
Neutralize (ID: Neutralize)
Clean 2D (ID: Clean2D)",4.24264049530029,416,CC(=O)N1CCOCC1
VFBJXXJYHWLXRM-UHFFFAOYSA-N,Non-irritant,41484-35-9,0,822,"Dearomatize (ID: Dearomatize)
Clear Stereo (ID: ClearStereo)
Wedge Clean (ID: WedgeClean)
Mesomerize (ID: Mesomerize)
Tautomerize (ID: Tautomerize)
Aromatize (ID: Aromatize)
Add Explicit Hydrogens (ID: AddExplicitH)
Neutralize (ID: Neutralize)
Clean 2D (ID: Clean2D)",4.24264049530029,822,CC(C)(C)c1cc(CCC(=O)OCCSCCOC(=O)CCc2cc(C(C)(C)C)c(O)c(C(C)(C)C)c2)cc(C(C)(C)C)c1O
VIYWVRIBDZTTMH-UHFFFAOYSA-N,Non-irritant,41637-38-1,0,828,"Dearomatize (ID: Dearomatize)
Clear Stereo (ID: ClearStereo)
Wedge Clean (ID: WedgeClean)
Mesomerize (ID: Mesomerize)
Tautomerize (ID: Tautomerize)
Aromatize (ID: Aromatize)
Add Explicit Hydrogens (ID: AddExplicitH)
Neutralize (ID: Neutralize)
Clean 2D (ID: Clean2D)",4.24264049530029,828,C=C(C)C(=O)OCCOc1ccc(C(C)(C)c2ccc(OCCOC(=O)C(=C)C)cc2)cc1
VZTGWJFIMGVKSN-UHFFFAOYSA-O,Non-irritant,51410-72-1,0,848,"Clear Stereo (ID: ClearStereo)
Wedge Clean (ID: WedgeClean)
Mesomerize (ID: Mesomerize)
Tautomerize (ID: Tautomerize)
Add Explicit Hydrogens (ID: AddExplicitH)
Clean 2D (ID: Clean2D)",4.24264049530029,848,C=C(C)C(=O)NCCC[N+](C)(C)C
WYEDBMPUQDXWEF-UHFFFAOYSA-N,Non-irritant,,0,892,"Clear Stereo (ID: ClearStereo)
Wedge Clean (ID: WedgeClean)
Mesomerize (ID: Mesomerize)
Tautomerize (ID: Tautomerize)
Add Explicit Hydrogens (ID: AddExplicitH)
Neutralize (ID: Neutralize)
Clean 2D (ID: Clean2D)",4.24264049530029,892,CCC1(CC)OOC(CC)(CC)OOC(CC)(CC)OO1
XKJCHHZQLQNZHY-UHFFFAOYSA-N,Non-irritant,85-41-6,0,912,"Dearomatize (ID: Dearomatize)
Clear Stereo (ID: ClearStereo)
Wedge Clean (ID: WedgeClean)
Mesomerize (ID: Mesomerize)
Tautomerize (ID: Tautomerize)
Aromatize (ID: Aromatize)
Add Explicit Hydrogens (ID: AddExplicitH)
Neutralize (ID: Neutralize)
Clean 2D (ID: Clean2D)",4.24264049530029,912,O=C1NC(=O)c2ccccc21
XMSXQFUHVRWGNA-UHFFFAOYSA-N,Non-irritant,541-02-6,0,918,"Clear Stereo (ID: ClearStereo)
Wedge Clean (ID: WedgeClean)
Mesomerize (ID: Mesomerize)
Tautomerize (ID: Tautomerize)
Add Explicit Hydrogens (ID: AddExplicitH)
Neutralize (ID: Neutralize)
Clean 2D (ID: Clean2D)",4.24264049530029,918,C[Si]1(C)O[Si](C)(C)O[Si](C)(C)O[Si](C)(C)O[Si](C)(C)O1
XRLIOAUFFCHSIC-UHFFFAOYSA-N,Non-irritant,17865-32-6,0,932,"Clear Stereo (ID: ClearStereo)
Wedge Clean (ID: WedgeClean)
Mesomerize (ID: Mesomerize)
Tautomerize (ID: Tautomerize)
Add Explicit Hydrogens (ID: AddExplicitH)
Neutralize (ID: Neutralize)
Clean 2D (ID: Clean2D)",4.24264049530029,932,CO[SiH](CC1CCCCC1)OC
YPEWWOUWRRQBAX-UHFFFAOYSA-N,Non-irritant,2044-64-6,0,976,"Clear Stereo (ID: ClearStereo)
Wedge Clean (ID: WedgeClean)
Mesomerize (ID: Mesomerize)
Tautomerize (ID: Tautomerize)
Add Explicit Hydrogens (ID: AddExplicitH)
Neutralize (ID: Neutralize)
Clean 2D (ID: Clean2D)",4.24264049530029,976,CC(=O)CC(=O)N(C)C
"InChI=1S/C2H6O6S2/c3-9(4,5)1-2-10(6,7)8/h1-2H2,(H,3,4,5)(H,6,7,8)",,110-04-3,0,1055,"Clear Stereo (ID: ClearStereo)
Wedge Clean (ID: WedgeClean)
Mesomerize (ID: Mesomerize)
Tautomerize (ID: Tautomerize)
Add Explicit Hydrogens (ID: AddExplicitH)
Neutralize (ID: Neutralize)
Clean 2D (ID: Clean2D)",4.24264049530029,1055,O=S(=O)(O)CCS(=O)(=O)O
"InChI=1S/C22H37ClO4/c1-4-5-14-22(2,3)20(25)13-12-17-16(18(23)15-19(17)24)10-8-6-7-9-11-21(26)27/h6,8,12-13,16-20,24-25H,4-5,7,9-11,14-15H2,1-3H3,(H,26,27)",,79360-43-3,0,1071,"Clear Stereo (ID: ClearStereo)
Wedge Clean (ID: WedgeClean)
Mesomerize (ID: Mesomerize)
Tautomerize (ID: Tautomerize)
Add Explicit Hydrogens (ID: AddExplicitH)
Neutralize (ID: Neutralize)
Clean 2D (ID: Clean2D)",4.24264049530029,1071,CCCCC(C)(C)C(O)C=CC1C(O)CC(Cl)C1CC=CCCCC(=O)O
"InChI=1S/C19H24N2/c1-20(2)14-7-15-21-18-10-5-3-8-16(18)12-13-17-9-4-6-11-19(17)21/h3-6,8-11H,7,12-15H2,1-2H3",,50-49-7,0,1165,"Dearomatize (ID: Dearomatize)
Clear Stereo (ID: ClearStereo)
Wedge Clean (ID: WedgeClean)
Mesomerize (ID: Mesomerize)
Tautomerize (ID: Tautomerize)
Aromatize (ID: Aromatize)
Add Explicit Hydrogens (ID: AddExplicitH)
Neutralize (ID: Neutralize)
Clean 2D (ID: Clean2D)",4.24264049530029,1165,CN(C)CCCN1c2ccccc2CCc2ccccc21
"InChI=1S/C28H36O6/c1-5-26(3,24(29)30)33-22-14-10-20(11-15-22)28(18-8-7-9-19-28)21-12-16-23(17-13-21)34-27(4,6-2)25(31)32/h10-17H,5-9,18-19H2,1-4H3,(H,29,30)(H,31,32)",,30299-08-2,0,1205,"Dearomatize (ID: Dearomatize)
Clear Stereo (ID: ClearStereo)
Wedge Clean (ID: WedgeClean)
Mesomerize (ID: Mesomerize)
Tautomerize (ID: Tautomerize)
Aromatize (ID: Aromatize)
Add Explicit Hydrogens (ID: AddExplicitH)
Neutralize (ID: Neutralize)
Clean 2D (ID: Clean2D)",4.24264049530029,1205,CCC(C)(Oc1ccc(C2(c3ccc(OC(C)(CC)C(=O)O)cc3)CCCCC2)cc1)C(=O)O
"InChI=1S/C20H31NO3/c1-3-21(4-2)14-15-23-16-17-24-19(22)20(12-8-9-13-20)18-10-6-5-7-11-18/h5-7,10-11H,3-4,8-9,12-17H2,1-2H3",,77-23-6,0,1277,"Dearomatize (ID: Dearomatize)
Clear Stereo (ID: ClearStereo)
Wedge Clean (ID: WedgeClean)
Mesomerize (ID: Mesomerize)
Tautomerize (ID: Tautomerize)
Aromatize (ID: Aromatize)
Add Explicit Hydrogens (ID: AddExplicitH)
Neutralize (ID: Neutralize)
Clean 2D (ID: Clean2D)",4.24264049530029,1277,CCN(CC)CCOCCOC(=O)C1(c2ccccc2)CCCC1
"InChI=1S/C26H28N2/c1-4-11-23(12-5-1)13-10-18-27-19-21-28(22-20-27)26(24-14-6-2-7-15-24)25-16-8-3-9-17-25/h1-17,26H,18-22H2",,298-57-7,0,1364,"Dearomatize (ID: Dearomatize)
Clear Stereo (ID: ClearStereo)
Wedge Clean (ID: WedgeClean)
Mesomerize (ID: Mesomerize)
Tautomerize (ID: Tautomerize)
Aromatize (ID: Aromatize)
Add Explicit Hydrogens (ID: AddExplicitH)
Neutralize (ID: Neutralize)
Clean 2D (ID: Clean2D)",4.24264049530029,1364,C(=Cc1ccccc1)CN1CCN(C(c2ccccc2)c2ccccc2)CC1
"InChI=1S/C46H64O19/c1-24-41(59-23-51)32(55-19-47)14-38(60-24)64-43-26(3)62-39(16-34(43)57-21-49)65-42-25(2)61-37(15-33(42)56-20-48)63-29-8-10-44(4)28(13-29)6-7-31-30(44)9-11-45(5)40(27-12-36(52)54-18-27)35(58-22-50)17-46(31,45)53/h12,19-26,28-35,37-43,53H,6-11,13-18H2,1-5H3",,10176-39-3,0,1405,"Clear Stereo (ID: ClearStereo)
Wedge Clean (ID: WedgeClean)
Mesomerize (ID: Mesomerize)
Tautomerize (ID: Tautomerize)
Add Explicit Hydrogens (ID: AddExplicitH)
Neutralize (ID: Neutralize)
Clean 2D (ID: Clean2D)",4.24264049530029,1405,CC1OC(OC2C(C)OC(OC3C(C)OC(OC4CCC5(C)C(CCC6C5CCC5(C)C(C7=CC(=O)OC7)C(OC=O)CC65O)C4)CC3OC=O)CC2OC=O)CC(OC=O)C1OC=O
"InChI=1S/C6H8N2O2S/c7-5-1-3-6(4-2-5)11(8,9)10/h1-4H,7H2,(H2,8,9,10)",,63-74-1,0,1454,"Dearomatize (ID: Dearomatize)
Clear Stereo (ID: ClearStereo)
Wedge Clean (ID: WedgeClean)
Mesomerize (ID: Mesomerize)
Tautomerize (ID: Tautomerize)
Aromatize (ID: Aromatize)
Add Explicit Hydrogens (ID: AddExplicitH)
Neutralize (ID: Neutralize)
Clean 2D (ID: Clean2D)",4.24264049530029,1454,Nc1ccc(S(N)(=O)=O)cc1
"InChI=1S/C28H40O7/c1-5-7-24(33)35-28(22(31)16-34-23(32)6-2)13-11-20-19-9-8-17-14-18(29)10-12-26(17,3)25(19)21(30)15-27(20,28)4/h14,19-21,25,30H,5-13,15-16H2,1-4H3",,72590-77-3,0,1489,"Clear Stereo (ID: ClearStereo)
Wedge Clean (ID: WedgeClean)
Mesomerize (ID: Mesomerize)
Tautomerize (ID: Tautomerize)
Add Explicit Hydrogens (ID: AddExplicitH)
Neutralize (ID: Neutralize)
Clean 2D (ID: Clean2D)",4.24264049530029,1489,CCCC(=O)OC1(C(=O)COC(=O)CC)CCC2C3CCC4=CC(=O)CCC4(C)C3C(O)CC21C
"InChI=1S/C6H6Cl2N2O4S2/c7-4-1-3(15(9,11)12)2-5(6(4)8)16(10,13)14/h1-2H,(H2,9,11,12)(H2,10,13,14)",,120-97-8,0,1561,"Dearomatize (ID: Dearomatize)
Clear Stereo (ID: ClearStereo)
Wedge Clean (ID: WedgeClean)
Mesomerize (ID: Mesomerize)
Tautomerize (ID: Tautomerize)
Aromatize (ID: Aromatize)
Add Explicit Hydrogens (ID: AddExplicitH)
Neutralize (ID: Neutralize)
Clean 2D (ID: Clean2D)",4.24264049530029,1561,NS(=O)(=O)c1cc(Cl)c(Cl)c(S(N)(=O)=O)c1
"InChI=1S/C27H44O3/c1-18(8-6-14-26(3,4)30)23-12-13-24-20(9-7-15-27(23,24)5)10-11-21-16-22(28)17-25(29)19(21)2/h10-11,18,22-25,28-30H,2,6-9,12-17H2,1,3-5H3",,32222-06-3,0,1570,"Clear Stereo (ID: ClearStereo)
Wedge Clean (ID: WedgeClean)
Mesomerize (ID: Mesomerize)
Tautomerize (ID: Tautomerize)
Add Explicit Hydrogens (ID: AddExplicitH)
Neutralize (ID: Neutralize)
Clean 2D (ID: Clean2D)",4.24264049530029,1570,C=C1C(=CC=C2CCCC3(C)C2CCC3C(C)CCCC(C)(C)O)CC(O)CC1O
"InChI=1S/C43H66O14/c1-21-38(48)33(54-24(4)44)19-37(51-21)57-40-23(3)53-36(18-32(40)46)56-39-22(2)52-35(17-31(39)45)55-27-9-12-41(5)26(16-27)7-8-30-29(41)10-13-42(6)28(11-14-43(30,42)49)25-15-34(47)50-20-25/h15,21-23,26-33,35-40,45-46,48-49H,7-14,16-20H2,1-6H3",,1111-39-3,0,1686,"Clear Stereo (ID: ClearStereo)
Wedge Clean (ID: WedgeClean)
Mesomerize (ID: Mesomerize)
Tautomerize (ID: Tautomerize)
Add Explicit Hydrogens (ID: AddExplicitH)
Neutralize (ID: Neutralize)
Clean 2D (ID: Clean2D)",4.24264049530029,1686,CC(=O)OC1CC(OC2C(O)CC(OC3C(O)CC(OC4CCC5(C)C(CCC6C5CCC5(C)C(C7=CC(=O)OC7)CCC65O)C4)OC3C)OC2C)OC(C)C1O
"InChI=1S/C10H15N5/c11-9(12)15-10(13)14-7-6-8-4-2-1-3-5-8/h1-5H,6-7H2,(H6,11,12,13,14,15)",,114-86-3,0,1741,"Dearomatize (ID: Dearomatize)
Clear Stereo (ID: ClearStereo)
Wedge Clean (ID: WedgeClean)
Mesomerize (ID: Mesomerize)
Tautomerize (ID: Tautomerize)
Aromatize (ID: Aromatize)
Add Explicit Hydrogens (ID: AddExplicitH)
Neutralize (ID: Neutralize)
Clean 2D (ID: Clean2D)",4.24264049530029,1741,[H]/N=C(/NCCc1ccccc1)N/C(N)=N/[H]
"InChI=1S/C11H21N/c1-10(2)8-5-6-9(7-8)11(10,3)12-4/h8-9,12H,5-7H2,1-4H3",,60-40-2,0,1784,"Clear Stereo (ID: ClearStereo)
Wedge Clean (ID: WedgeClean)
Mesomerize (ID: Mesomerize)
Tautomerize (ID: Tautomerize)
Add Explicit Hydrogens (ID: AddExplicitH)
Neutralize (ID: Neutralize)
Clean 2D (ID: Clean2D)",4.24264049530029,1784,CNC1(C)C2CCC(C2)C1(C)C
"InChI=1S/C11H15NO3/c1-8(2)14-9-6-4-5-7-10(9)15-11(13)12-3/h4-8H,1-3H3,(H,12,13)",,114-26-1,0,1805,"Dearomatize (ID: Dearomatize)
Clear Stereo (ID: ClearStereo)
Wedge Clean (ID: WedgeClean)
Mesomerize (ID: Mesomerize)
Tautomerize (ID: Tautomerize)
Aromatize (ID: Aromatize)
Add Explicit Hydrogens (ID: AddExplicitH)
Neutralize (ID: Neutralize)
Clean 2D (ID: Clean2D)",4.24264049530029,1805,CNC(=O)Oc1ccccc1OC(C)C
"InChI=1S/C11H15NO2/c1-2-3-8-14-11(13)9-4-6-10(12)7-5-9/h4-7H,2-3,8,12H2,1H3",,94-25-7,0,1813,"Dearomatize (ID: Dearomatize)
Clear Stereo (ID: ClearStereo)
Wedge Clean (ID: WedgeClean)
Mesomerize (ID: Mesomerize)
Tautomerize (ID: Tautomerize)
Aromatize (ID: Aromatize)
Add Explicit Hydrogens (ID: AddExplicitH)
Neutralize (ID: Neutralize)
Clean 2D (ID: Clean2D)",4.24264049530029,1813,CCCCOC(=O)c1ccc(N)cc1
"InChI=1S/C17H21NO/c1-18(2)12-13-19-17-11-7-6-10-16(17)14-15-8-4-3-5-9-15/h3-11H,12-14H2,1-2H3",,92-12-6,0,1836,"Dearomatize (ID: Dearomatize)
Clear Stereo (ID: ClearStereo)
Wedge Clean (ID: WedgeClean)
Mesomerize (ID: Mesomerize)
Tautomerize (ID: Tautomerize)
Aromatize (ID: Aromatize)
Add Explicit Hydrogens (ID: AddExplicitH)
Neutralize (ID: Neutralize)
Clean 2D (ID: Clean2D)",4.24264049530029,1836,CN(C)CCOc1ccccc1Cc1ccccc1
"InChI=1S/C20H25NO2/c1-3-21(4-2)15-16-23-20(22)19(17-11-7-5-8-12-17)18-13-9-6-10-14-18/h5-14,19H,3-4,15-16H2,1-2H3",,64-95-9,0,1870,"Dearomatize (ID: Dearomatize)
Clear Stereo (ID: ClearStereo)
Wedge Clean (ID: WedgeClean)
Mesomerize (ID: Mesomerize)
Tautomerize (ID: Tautomerize)
Aromatize (ID: Aromatize)
Add Explicit Hydrogens (ID: AddExplicitH)
Neutralize (ID: Neutralize)
Clean 2D (ID: Clean2D)",4.24264049530029,1870,CCN(CC)CCOC(=O)C(c1ccccc1)c1ccccc1
"InChI=1S/C10H10ClNO2/c1-7(13)6-10(14)12-9-4-2-8(11)3-5-9/h2-5H,6H2,1H3,(H,12,14)",,101-92-8,0,1899,"Dearomatize (ID: Dearomatize)
Clear Stereo (ID: ClearStereo)
Wedge Clean (ID: WedgeClean)
Mesomerize (ID: Mesomerize)
Tautomerize (ID: Tautomerize)
Aromatize (ID: Aromatize)
Add Explicit Hydrogens (ID: AddExplicitH)
Neutralize (ID: Neutralize)
Clean 2D (ID: Clean2D)",4.24264049530029,1899,CC(=O)CC(=O)Nc1ccc(Cl)cc1
"InChI=1S/C11H17NO3/c1-7(2)12-6-11(15)8-3-4-9(13)10(14)5-8/h3-5,7,11-15H,6H2,1-2H3",,7683-59-2,0,1939,"Dearomatize (ID: Dearomatize)
Clear Stereo (ID: ClearStereo)
Wedge Clean (ID: WedgeClean)
Mesomerize (ID: Mesomerize)
Tautomerize (ID: Tautomerize)
Aromatize (ID: Aromatize)
Add Explicit Hydrogens (ID: AddExplicitH)
Neutralize (ID: Neutralize)
Clean 2D (ID: Clean2D)",4.24264049530029,1939,CC(C)NCC(O)c1ccc(O)c(O)c1
"InChI=1S/C27H40O3/c1-17(6-13-25(29)20-8-9-20)23-11-12-24-19(5-4-14-27(23,24)3)7-10-21-15-22(28)16-26(30)18(21)2/h6-7,10,13,17,20,22-26,28-30H,2,4-5,8-9,11-12,14-16H2,1,3H3",,112965-21-6,0,2120,"Clear Stereo (ID: ClearStereo)
Wedge Clean (ID: WedgeClean)
Mesomerize (ID: Mesomerize)
Tautomerize (ID: Tautomerize)
Add Explicit Hydrogens (ID: AddExplicitH)
Neutralize (ID: Neutralize)
Clean 2D (ID: Clean2D)",4.24264049530029,2120,C=C1C(=CC=C2CCCC3(C)C2CCC3C(C)C=CC(O)C2CC2)CC(O)CC1O
"InChI=1S/C7H17NO5/c1-8-2-4(10)6(12)7(13)5(11)3-9/h4-13H,2-3H2,1H3",,6284-40-8,0,2137,"Clear Stereo (ID: ClearStereo)
Wedge Clean (ID: WedgeClean)
Mesomerize (ID: Mesomerize)
Tautomerize (ID: Tautomerize)
Add Explicit Hydrogens (ID: AddExplicitH)
Neutralize (ID: Neutralize)
Clean 2D (ID: Clean2D)",4.24264049530029,2137,CNCC(O)C(O)C(O)C(O)CO
"InChI=1S/C24H30O3/c1-22-6-3-12(25)9-17(22)13-10-14(13)20-16(22)4-7-23(2)21(20)15-11-18(15)24(23)8-5-19(26)27-24/h9,13-16,18,20-21H,3-8,10-11H2,1-2H3",,67392-87-4,0,2157,"Clear Stereo (ID: ClearStereo)
Wedge Clean (ID: WedgeClean)
Mesomerize (ID: Mesomerize)
Tautomerize (ID: Tautomerize)
Add Explicit Hydrogens (ID: AddExplicitH)
Neutralize (ID: Neutralize)
Clean 2D (ID: Clean2D)",4.24264049530029,2157,CC12CCC(=O)C=C1C1CC1C1C2CCC2(C)C1C1CC1C21CCC(=O)O1
"InChI=1S/C12H17NO/c1-10-12(14-9-8-13(10)2)11-6-4-3-5-7-11/h3-7,10,12H,8-9H2,1-2H3",,634-03-7,0,2162,"Dearomatize (ID: Dearomatize)
Clear Stereo (ID: ClearStereo)
Wedge Clean (ID: WedgeClean)
Mesomerize (ID: Mesomerize)
Tautomerize (ID: Tautomerize)
Aromatize (ID: Aromatize)
Add Explicit Hydrogens (ID: AddExplicitH)
Neutralize (ID: Neutralize)
Clean 2D (ID: Clean2D)",4.24264049530029,2162,CC1C(c2ccccc2)OCCN1C
"InChI=1S/C12H12N2O2S/c13-9-1-5-11(6-2-9)17(15,16)12-7-3-10(14)4-8-12/h1-8H,13-14H2",Non-irritant,80-08-0,0,2207,"Dearomatize (ID: Dearomatize)
Clear Stereo (ID: ClearStereo)
Wedge Clean (ID: WedgeClean)
Mesomerize (ID: Mesomerize)
Tautomerize (ID: Tautomerize)
Aromatize (ID: Aromatize)
Add Explicit Hydrogens (ID: AddExplicitH)
Neutralize (ID: Neutralize)
Clean 2D (ID: Clean2D)",4.24264049530029,2207,Nc1ccc(S(=O)(=O)c2ccc(N)cc2)cc1
InChI=1S/C3H2N2S/c6-3-4-1-2-5-3/h1-2H,,24684-03-5,0,2252,"Clear Stereo (ID: ClearStereo)
Wedge Clean (ID: WedgeClean)
Mesomerize (ID: Mesomerize)
Tautomerize (ID: Tautomerize)
Add Explicit Hydrogens (ID: AddExplicitH)
Neutralize (ID: Neutralize)
Clean 2D (ID: Clean2D)",4.24264049530029,2252,S=C1N=CC=N1
"InChI=1S/C22H30N2/c1-3-23(4-2)15-10-16-24(21-13-6-5-7-14-21)22-17-19-11-8-9-12-20(19)18-22/h5-9,11-14,22H,3-4,10,15-18H2,1-2H3",,37640-71-4,0,2343,"Dearomatize (ID: Dearomatize)
Clear Stereo (ID: ClearStereo)
Wedge Clean (ID: WedgeClean)
Mesomerize (ID: Mesomerize)
Tautomerize (ID: Tautomerize)
Aromatize (ID: Aromatize)
Add Explicit Hydrogens (ID: AddExplicitH)
Neutralize (ID: Neutralize)
Clean 2D (ID: Clean2D)",4.24264049530029,2343,CCN(CC)CCCN(c1ccccc1)C1Cc2ccccc2C1
"InChI=1S/C34H50O7/c1-29(2)23-10-13-34(7)27(32(23,5)12-11-24(29)41-26(38)9-8-25(36)37)22(35)18-20-21-19-31(4,28(39)40)15-14-30(21,3)16-17-33(20,34)6/h18,21,23-24,27H,8-17,19H2,1-7H3,(H,36,37)(H,39,40)",,5697-56-3,0,2353,"Clear Stereo (ID: ClearStereo)
Wedge Clean (ID: WedgeClean)
Mesomerize (ID: Mesomerize)
Tautomerize (ID: Tautomerize)
Add Explicit Hydrogens (ID: AddExplicitH)
Neutralize (ID: Neutralize)
Clean 2D (ID: Clean2D)",4.24264049530029,2353,CC1(C(=O)O)CCC2(C)CCC3(C)C(=CC(=O)C4C5(C)CCC(OC(=O)CCC(=O)O)C(C)(C)C5CCC43C)C2C1
"InChI=1S/C18H27NO2/c1-3-19(4-2)14-15-21-17(20)18(12-8-9-13-18)16-10-6-5-7-11-16/h5-7,10-11H,3-4,8-9,12-15H2,1-2H3",,77-22-5,0,2367,"Dearomatize (ID: Dearomatize)
Clear Stereo (ID: ClearStereo)
Wedge Clean (ID: WedgeClean)
Mesomerize (ID: Mesomerize)
Tautomerize (ID: Tautomerize)
Aromatize (ID: Aromatize)
Add Explicit Hydrogens (ID: AddExplicitH)
Neutralize (ID: Neutralize)
Clean 2D (ID: Clean2D)",4.24264049530029,2367,CCN(CC)CCOC(=O)C1(c2ccccc2)CCCC1
"InChI=1S/C11H12I3NO2/c1-2-5(11(16)17)3-6-7(12)4-8(13)10(15)9(6)14/h4-5H,2-3,15H2,1H3,(H,16,17)",,96-83-3,0,2383,"Dearomatize (ID: Dearomatize)
Clear Stereo (ID: ClearStereo)
Wedge Clean (ID: WedgeClean)
Mesomerize (ID: Mesomerize)
Tautomerize (ID: Tautomerize)
Aromatize (ID: Aromatize)
Add Explicit Hydrogens (ID: AddExplicitH)
Neutralize (ID: Neutralize)
Clean 2D (ID: Clean2D)",4.24264049530029,2383,CCC(Cc1c(I)cc(I)c(N)c1I)C(=O)O
"InChI=1S/C19H28N2/c1-20(2)14-9-15-21-18-12-6-4-3-5-10-16(18)17-11-7-8-13-19(17)21/h7-8,11,13H,3-6,9-10,12,14-15H2,1-2H3",,5560-72-5,0,2507,"Dearomatize (ID: Dearomatize)
Clear Stereo (ID: ClearStereo)
Wedge Clean (ID: WedgeClean)
Mesomerize (ID: Mesomerize)
Tautomerize (ID: Tautomerize)
Aromatize (ID: Aromatize)
Add Explicit Hydrogens (ID: AddExplicitH)
Neutralize (ID: Neutralize)
Clean 2D (ID: Clean2D)",4.24264049530029,2507,CN(C)CCCn1c2c(c3ccccc31)CCCCCC2
"InChI=1S/C16H16ClNO3/c1-16(2,21-14-7-5-13(17)6-8-14)15(19)20-11-12-4-3-9-18-10-12/h3-10H,11H2,1-2H3",,31980-29-7,0,2659,"Dearomatize (ID: Dearomatize)
Clear Stereo (ID: ClearStereo)
Wedge Clean (ID: WedgeClean)
Mesomerize (ID: Mesomerize)
Tautomerize (ID: Tautomerize)
Aromatize (ID: Aromatize)
Add Explicit Hydrogens (ID: AddExplicitH)
Neutralize (ID: Neutralize)
Clean 2D (ID: Clean2D)",4.24264049530029,2659,CC(C)(Oc1ccc(Cl)cc1)C(=O)OCc1cccnc1
"InChI=1S/C34H48Cl2O6S2/c1-33(2,41-29-17-13-27(35)14-18-29)31(37)39-21-25-43-23-11-9-7-5-6-8-10-12-24-44-26-22-40-32(38)34(3,4)42-30-19-15-28(36)16-20-30/h13-20H,5-12,21-26H2,1-4H3",,55837-28-0,0,2739,"Dearomatize (ID: Dearomatize)
Clear Stereo (ID: ClearStereo)
Wedge Clean (ID: WedgeClean)
Mesomerize (ID: Mesomerize)
Tautomerize (ID: Tautomerize)
Aromatize (ID: Aromatize)
Add Explicit Hydrogens (ID: AddExplicitH)
Neutralize (ID: Neutralize)
Clean 2D (ID: Clean2D)",4.24264049530029,2739,CC(C)(Oc1ccc(Cl)cc1)C(=O)OCCSCCCCCCCCCCSCCOC(=O)C(C)(C)Oc1ccc(Cl)cc1
"InChI=1S/C20H26N2/c1-20(2)16-10-5-7-12-18(16)22(15-9-14-21(3)4)19-13-8-6-11-17(19)20/h5-8,10-13H,9,14-15H2,1-4H3",,4757-55-5,0,2764,"Dearomatize (ID: Dearomatize)
Clear Stereo (ID: ClearStereo)
Wedge Clean (ID: WedgeClean)
Mesomerize (ID: Mesomerize)
Tautomerize (ID: Tautomerize)
Aromatize (ID: Aromatize)
Add Explicit Hydrogens (ID: AddExplicitH)
Neutralize (ID: Neutralize)
Clean 2D (ID: Clean2D)",4.24264049530029,2764,CN(C)CCCN1c2ccccc2C(C)(C)c2ccccc21
"InChI=1S/C18H16N2O8S2/c1-10-7-14(16(28-2)9-17(10)30(25,26)27)19-20-18-13-5-4-12(29(22,23)24)8-11(13)3-6-15(18)21/h3-9,19H,1-2H3,(H,22,23,24)(H,25,26,27)",,25956-17-6,0,2836,"Dearomatize (ID: Dearomatize)
Clear Stereo (ID: ClearStereo)
Wedge Clean (ID: WedgeClean)
Mesomerize (ID: Mesomerize)
Tautomerize (ID: Tautomerize)
Aromatize (ID: Aromatize)
Add Explicit Hydrogens (ID: AddExplicitH)
Neutralize (ID: Neutralize)
Clean 2D (ID: Clean2D)",4.24264049530029,2836,COc1cc(S(=O)(=O)O)c(C)cc1NN=C1C(=O)C=Cc2cc(S(=O)(=O)O)ccc21
"InChI=1S/C9H13NO2/c1-10-6-9(12)7-3-2-4-8(11)5-7/h2-5,9-12H,6H2,1H3",Non-irritant,59-42-7,0,2839,"Dearomatize (ID: Dearomatize)
Clear Stereo (ID: ClearStereo)
Wedge Clean (ID: WedgeClean)
Mesomerize (ID: Mesomerize)
Tautomerize (ID: Tautomerize)
Aromatize (ID: Aromatize)
Add Explicit Hydrogens (ID: AddExplicitH)
Neutralize (ID: Neutralize)
Clean 2D (ID: Clean2D)",4.24264049530029,2839,CNCC(O)c1cccc(O)c1
"InChI=1S/C9H13NO3/c1-10-5-9(13)6-2-3-7(11)8(12)4-6/h2-4,9-13H,5H2,1H3",,51-43-4,0,2923,"Dearomatize (ID: Dearomatize)
Clear Stereo (ID: ClearStereo)
Wedge Clean (ID: WedgeClean)
Mesomerize (ID: Mesomerize)
Tautomerize (ID: Tautomerize)
Aromatize (ID: Aromatize)
Add Explicit Hydrogens (ID: AddExplicitH)
Neutralize (ID: Neutralize)
Clean 2D (ID: Clean2D)",4.24264049530029,2923,CNCC(O)c1ccc(O)c(O)c1
"InChI=1S/C21H27NO/c1-5-20(23)21(16-17(2)22(3)4,18-12-8-6-9-13-18)19-14-10-7-11-15-19/h6-15,17H,5,16H2,1-4H3",,76-99-3,0,2988,"Dearomatize (ID: Dearomatize)
Clear Stereo (ID: ClearStereo)
Wedge Clean (ID: WedgeClean)
Mesomerize (ID: Mesomerize)
Tautomerize (ID: Tautomerize)
Aromatize (ID: Aromatize)
Add Explicit Hydrogens (ID: AddExplicitH)
Neutralize (ID: Neutralize)
Clean 2D (ID: Clean2D)",4.24264049530029,2988,CCC(=O)C(CC(C)N(C)C)(c1ccccc1)c1ccccc1
"InChI=1S/C11H17NO/c1-8-5-4-6-9(2)11(8)13-7-10(3)12/h4-6,10H,7,12H2,1-3H3",,31828-71-4,0,3063,"Dearomatize (ID: Dearomatize)
Clear Stereo (ID: ClearStereo)
Wedge Clean (ID: WedgeClean)
Mesomerize (ID: Mesomerize)
Tautomerize (ID: Tautomerize)
Aromatize (ID: Aromatize)
Add Explicit Hydrogens (ID: AddExplicitH)
Neutralize (ID: Neutralize)
Clean 2D (ID: Clean2D)",4.24264049530029,3063,Cc1cccc(C)c1OCC(C)N
"InChI=1S/C22H30O3/c1-13-11-16-17(20(3)8-5-15(24)12-19(13)20)6-9-21(4)18(16)7-10-22(21,25)14(2)23/h11-12,16-18,25H,5-10H2,1-4H3",,3562-63-8,0,3117,"Clear Stereo (ID: ClearStereo)
Wedge Clean (ID: WedgeClean)
Mesomerize (ID: Mesomerize)
Tautomerize (ID: Tautomerize)
Add Explicit Hydrogens (ID: AddExplicitH)
Neutralize (ID: Neutralize)
Clean 2D (ID: Clean2D)",4.24264049530029,3117,CC(=O)C1(O)CCC2C3C=C(C)C4=CC(=O)CCC4(C)C3CCC21C
"InChI=1S/C8H11NO2/c9-4-3-6-1-2-7(10)8(11)5-6/h1-2,5,10-11H,3-4,9H2",,51-61-6,0,3120,"Dearomatize (ID: Dearomatize)
Clear Stereo (ID: ClearStereo)
Wedge Clean (ID: WedgeClean)
Mesomerize (ID: Mesomerize)
Tautomerize (ID: Tautomerize)
Aromatize (ID: Aromatize)
Add Explicit Hydrogens (ID: AddExplicitH)
Neutralize (ID: Neutralize)
Clean 2D (ID: Clean2D)",4.24264049530029,3120,NCCc1ccc(O)c(O)c1
"InChI=1S/C9H11NO4/c10-6(9(13)14)3-5-1-2-7(11)8(12)4-5/h1-2,4,6,11-12H,3,10H2,(H,13,14)",,59-92-7,0,3211,"Dearomatize (ID: Dearomatize)
Clear Stereo (ID: ClearStereo)
Wedge Clean (ID: WedgeClean)
Mesomerize (ID: Mesomerize)
Tautomerize (ID: Tautomerize)
Aromatize (ID: Aromatize)
Add Explicit Hydrogens (ID: AddExplicitH)
Neutralize (ID: Neutralize)
Clean 2D (ID: Clean2D)",4.24264049530029,3211,NC(Cc1ccc(O)c(O)c1)C(=O)O
"InChI=1S/C16H20O6P2S3/c1-17-23(25,18-2)21-13-5-9-15(10-6-13)27-16-11-7-14(8-12-16)22-24(26,19-3)20-4/h5-12H,1-4H3",,3383-96-8,0,3225,"Dearomatize (ID: Dearomatize)
Clear Stereo (ID: ClearStereo)
Wedge Clean (ID: WedgeClean)
Mesomerize (ID: Mesomerize)
Tautomerize (ID: Tautomerize)
Aromatize (ID: Aromatize)
Add Explicit Hydrogens (ID: AddExplicitH)
Neutralize (ID: Neutralize)
Clean 2D (ID: Clean2D)",4.24264049530029,3225,COP(=S)(OC)Oc1ccc(Sc2ccc(OP(=S)(OC)OC)cc2)cc1
"InChI=1S/C4H9NO2/c1-2-3-7-4(5)6/h2-3H2,1H3,(H2,5,6)",,627-12-3,0,3400,"Clear Stereo (ID: ClearStereo)
Wedge Clean (ID: WedgeClean)
Mesomerize (ID: Mesomerize)
Tautomerize (ID: Tautomerize)
Add Explicit Hydrogens (ID: AddExplicitH)
Neutralize (ID: Neutralize)
Clean 2D (ID: Clean2D)",4.24264049530029,3400,CCCOC(N)=O
"InChI=1S/C7H5NS2/c9-7-8-5-3-1-2-4-6(5)10-7/h1-4H,(H,8,9)",,149-30-4,0,3429,"Dearomatize (ID: Dearomatize)
Clear Stereo (ID: ClearStereo)
Wedge Clean (ID: WedgeClean)
Mesomerize (ID: Mesomerize)
Tautomerize (ID: Tautomerize)
Aromatize (ID: Aromatize)
Add Explicit Hydrogens (ID: AddExplicitH)
Neutralize (ID: Neutralize)
Clean 2D (ID: Clean2D)",4.24264049530029,3429,S=c1[nH]c2ccccc2s1
COUMKTRLCGRAAA-UHFFFAOYSA-M,Non-irritant,68955-19-1,0,108,"Clear Stereo (ID: ClearStereo)
Wedge Clean (ID: WedgeClean)
Mesomerize (ID: Mesomerize)
Tautomerize (ID: Tautomerize)
Add Explicit Hydrogens (ID: AddExplicitH)
Neutralize (ID: Neutralize)
Clean 2D (ID: Clean2D)",4.35889911651611,108,CCCCCCCCCCCCCCCOS(=O)(=O)O
JHWNWJKBPDFINM-UHFFFAOYSA-N,Non-irritant,947-04-6,0,341,"Clear Stereo (ID: ClearStereo)
Wedge Clean (ID: WedgeClean)
Mesomerize (ID: Mesomerize)
Tautomerize (ID: Tautomerize)
Add Explicit Hydrogens (ID: AddExplicitH)
Neutralize (ID: Neutralize)
Clean 2D (ID: Clean2D)",4.35889911651611,341,O=C1CCCCCCCCCCCN1
KFQMNUPIUPNWIH-UHFFFAOYSA-N,Non-irritant,8050-26-8,0,376,"Clear Stereo (ID: ClearStereo)
Wedge Clean (ID: WedgeClean)
Mesomerize (ID: Mesomerize)
Tautomerize (ID: Tautomerize)
Add Explicit Hydrogens (ID: AddExplicitH)
Neutralize (ID: Neutralize)
Clean 2D (ID: Clean2D)",4.35889911651611,376,CC(C)C1=CC2=CCC3C(C)(CCCC34C(=O)OCC35CC4(C3)C5)C2CC1
KGIBGHABTNQVJX-UHFFFAOYSA-M,Non-irritant,68955-20-4,0,380,"Clear Stereo (ID: ClearStereo)
Wedge Clean (ID: WedgeClean)
Mesomerize (ID: Mesomerize)
Tautomerize (ID: Tautomerize)
Add Explicit Hydrogens (ID: AddExplicitH)
Neutralize (ID: Neutralize)
Clean 2D (ID: Clean2D)",4.35889911651611,380,CCCCCCCCCCCCCCCCCOS(=O)(=O)O
ODKSFYDXXFIFQN-BYPYZUCNSA-N,Non-irritant,1119-34-2,0,549,"Clear Stereo (ID: ClearStereo)
Wedge Clean (ID: WedgeClean)
Mesomerize (ID: Mesomerize)
Tautomerize (ID: Tautomerize)
Add Explicit Hydrogens (ID: AddExplicitH)
Neutralize (ID: Neutralize)
Clean 2D (ID: Clean2D)",4.35889911651611,549,[H]/N=C(\N)NCCCC(N)C(=O)O
ONKNPOPIGWHAQC-UHFFFAOYSA-N,Non-irritant,1222-05-5,0,561,"Dearomatize (ID: Dearomatize)
Clear Stereo (ID: ClearStereo)
Wedge Clean (ID: WedgeClean)
Mesomerize (ID: Mesomerize)
Tautomerize (ID: Tautomerize)
Aromatize (ID: Aromatize)
Add Explicit Hydrogens (ID: AddExplicitH)
Neutralize (ID: Neutralize)
Clean 2D (ID: Clean2D)",4.35889911651611,561,CC1COCc2cc3c(cc21)C(C)(C)C(C)C3(C)C
RYUJRXVZSJCHDZ-UHFFFAOYSA-N,Non-irritant,29761-21-5,0,706,"Dearomatize (ID: Dearomatize)
Clear Stereo (ID: ClearStereo)
Wedge Clean (ID: WedgeClean)
Mesomerize (ID: Mesomerize)
Tautomerize (ID: Tautomerize)
Aromatize (ID: Aromatize)
Add Explicit Hydrogens (ID: AddExplicitH)
Neutralize (ID: Neutralize)
Clean 2D (ID: Clean2D)",4.35889911651611,706,CC(C)CCCCCCCOP(=O)(Oc1ccccc1)Oc1ccccc1
UZZYXUGECOQHPU-UHFFFAOYSA-M,Non-irritant,142-31-4,0,814,"Clear Stereo (ID: ClearStereo)
Wedge Clean (ID: WedgeClean)
Mesomerize (ID: Mesomerize)
Tautomerize (ID: Tautomerize)
Add Explicit Hydrogens (ID: AddExplicitH)
Neutralize (ID: Neutralize)
Clean 2D (ID: Clean2D)",4.35889911651611,814,CCCCCCCCOS(=O)(=O)O
WJXSOVAGEAAECT-UHFFFAOYSA-N,Non-irritant,58190-57-1,0,865,"Clear Stereo (ID: ClearStereo)
Wedge Clean (ID: WedgeClean)
Mesomerize (ID: Mesomerize)
Tautomerize (ID: Tautomerize)
Add Explicit Hydrogens (ID: AddExplicitH)
Neutralize (ID: Neutralize)
Clean 2D (ID: Clean2D)",4.35889911651611,865,CC[Si](ON=C(C)C)(ON=C(C)C)ON=C(C)C
ZHMIOPLMFZVSHY-UHFFFAOYSA-N,Non-irritant,135-57-9,0,1001,"Dearomatize (ID: Dearomatize)
Clear Stereo (ID: ClearStereo)
Wedge Clean (ID: WedgeClean)
Mesomerize (ID: Mesomerize)
Tautomerize (ID: Tautomerize)
Aromatize (ID: Aromatize)
Add Explicit Hydrogens (ID: AddExplicitH)
Neutralize (ID: Neutralize)
Clean 2D (ID: Clean2D)",4.35889911651611,1001,O=C(Nc1ccccc1SSc1ccccc1NC(=O)c1ccccc1)c1ccccc1
"InChI=1S/C23H34O5/c1-4-14(2)23(26)28-20-7-5-6-16-9-8-15(3)19(22(16)20)11-10-18-12-17(24)13-21(25)27-18/h6,8-9,14-15,17-20,22,24H,4-5,7,10-13H2,1-3H3",,73573-88-3,0,1077,"Clear Stereo (ID: ClearStereo)
Wedge Clean (ID: WedgeClean)
Mesomerize (ID: Mesomerize)
Tautomerize (ID: Tautomerize)
Add Explicit Hydrogens (ID: AddExplicitH)
Neutralize (ID: Neutralize)
Clean 2D (ID: Clean2D)",4.35889911651611,1077,CCC(C)C(=O)OC1CCC=C2C=CC(C)C(CCC3CC(O)CC(=O)O3)C21
"InChI=1S/C22H20N2O2/c1-15-11-12-23-20(13-15)24-22(26)16(2)18-9-6-10-19(14-18)21(25)17-7-4-3-5-8-17/h3-14,16H,1-2H3,(H,23,24,26)",,60576-13-8,0,1123,"Dearomatize (ID: Dearomatize)
Clear Stereo (ID: ClearStereo)
Wedge Clean (ID: WedgeClean)
Mesomerize (ID: Mesomerize)
Tautomerize (ID: Tautomerize)
Aromatize (ID: Aromatize)
Add Explicit Hydrogens (ID: AddExplicitH)
Neutralize (ID: Neutralize)
Clean 2D (ID: Clean2D)",4.35889911651611,1123,Cc1ccnc(NC(=O)C(C)c2cccc(C(=O)c3ccccc3)c2)c1
"InChI=1S/C15H24O5/c1-8-4-5-11-9(2)12(16)17-13-15(11)10(8)6-7-14(3,18-13)19-20-15/h8-13,16H,4-7H2,1-3H3",,71939-50-9,0,1191,"Clear Stereo (ID: ClearStereo)
Wedge Clean (ID: WedgeClean)
Mesomerize (ID: Mesomerize)
Tautomerize (ID: Tautomerize)
Add Explicit Hydrogens (ID: AddExplicitH)
Neutralize (ID: Neutralize)
Clean 2D (ID: Clean2D)",4.35889911651611,1191,CC1CCC2C(C)C(O)OC3OC4(C)CCC1C32OO4
"InChI=1S/C25H36O6/c1-4-5-21(30)31-25(20(29)14-26)11-9-18-17-7-6-15-12-16(27)8-10-23(15,2)22(17)19(28)13-24(18,25)3/h12,17-19,22,26,28H,4-11,13-14H2,1-3H3",,13609-67-1,0,1202,"Clear Stereo (ID: ClearStereo)
Wedge Clean (ID: WedgeClean)
Mesomerize (ID: Mesomerize)
Tautomerize (ID: Tautomerize)
Add Explicit Hydrogens (ID: AddExplicitH)
Neutralize (ID: Neutralize)
Clean 2D (ID: Clean2D)",4.35889911651611,1202,CCCC(=O)OC1(C(=O)CO)CCC2C3CCC4=CC(=O)CCC4(C)C3C(O)CC21C
"InChI=1S/C18H23NO3/c1-13(12-22-17-6-4-3-5-7-17)19-14(2)18(21)15-8-10-16(20)11-9-15/h3-11,13-14,18-21H,12H2,1-2H3",,395-28-8,0,1207,"Dearomatize (ID: Dearomatize)
Clear Stereo (ID: ClearStereo)
Wedge Clean (ID: WedgeClean)
Mesomerize (ID: Mesomerize)
Tautomerize (ID: Tautomerize)
Aromatize (ID: Aromatize)
Add Explicit Hydrogens (ID: AddExplicitH)
Neutralize (ID: Neutralize)
Clean 2D (ID: Clean2D)",4.35889911651611,1207,CC(COc1ccccc1)NC(C)C(O)c1ccc(O)cc1
"InChI=1S/C18H27NO2/c1-2-3-15-21-17-9-7-16(8-10-17)18(20)11-14-19-12-5-4-6-13-19/h7-10H,2-6,11-15H2,1H3",,586-60-7,0,1250,"Dearomatize (ID: Dearomatize)
Clear Stereo (ID: ClearStereo)
Wedge Clean (ID: WedgeClean)
Mesomerize (ID: Mesomerize)
Tautomerize (ID: Tautomerize)
Aromatize (ID: Aromatize)
Add Explicit Hydrogens (ID: AddExplicitH)
Neutralize (ID: Neutralize)
Clean 2D (ID: Clean2D)",4.35889911651611,1250,CCCCOc1ccc(C(=O)CCN2CCCCC2)cc1
"InChI=1S/C24H30O5/c1-3-4-7-15(2)19(25)13-12-17-20(26)14-21-23(17)18-10-5-8-16(24(18)29-21)9-6-11-22(27)28/h5,8,10,12-13,15,17,19-21,23,25-26H,6-7,9,11,14H2,1-2H3,(H,27,28)",,88430-50-6,0,1323,"Dearomatize (ID: Dearomatize)
Clear Stereo (ID: ClearStereo)
Wedge Clean (ID: WedgeClean)
Mesomerize (ID: Mesomerize)
Tautomerize (ID: Tautomerize)
Aromatize (ID: Aromatize)
Add Explicit Hydrogens (ID: AddExplicitH)
Neutralize (ID: Neutralize)
Clean 2D (ID: Clean2D)",4.35889911651611,1323,CC#CCC(C)C(O)C=CC1C(O)CC2Oc3c(CCCC(=O)O)cccc3C21
"InChI=1S/C26H38O6/c1-4-5-6-22(31)32-26(21(30)15-27)12-10-19-18-8-7-16-13-17(28)9-11-24(16,2)23(18)20(29)14-25(19,26)3/h13,18-20,23,27,29H,4-12,14-15H2,1-3H3",,57524-89-7,0,1524,"Clear Stereo (ID: ClearStereo)
Wedge Clean (ID: WedgeClean)
Mesomerize (ID: Mesomerize)
Tautomerize (ID: Tautomerize)
Add Explicit Hydrogens (ID: AddExplicitH)
Neutralize (ID: Neutralize)
Clean 2D (ID: Clean2D)",4.35889911651611,1524,CCCCC(=O)OC1(C(=O)CO)CCC2C3CCC4=CC(=O)CCC4(C)C3C(O)CC21C
"InChI=1S/C15H24N2O2/c1-4-5-10-16-14-8-6-13(7-9-14)15(18)19-12-11-17(2)3/h6-9,16H,4-5,10-12H2,1-3H3",,94-24-6,0,1562,"Dearomatize (ID: Dearomatize)
Clear Stereo (ID: ClearStereo)
Wedge Clean (ID: WedgeClean)
Mesomerize (ID: Mesomerize)
Tautomerize (ID: Tautomerize)
Aromatize (ID: Aromatize)
Add Explicit Hydrogens (ID: AddExplicitH)
Neutralize (ID: Neutralize)
Clean 2D (ID: Clean2D)",4.35889911651611,1562,CCCCNc1ccc(C(=O)OCCN(C)C)cc1
"InChI=1S/C27H38O6/c1-24(2,3)14-22(31)33-15-21(30)27(32)11-9-19-18-7-6-16-12-17(28)8-10-25(16,4)23(18)20(29)13-26(19,27)5/h8,10,12,18-20,23,29,32H,6-7,9,11,13-15H2,1-5H3",,7681-14-3,0,1705,"Clear Stereo (ID: ClearStereo)
Wedge Clean (ID: WedgeClean)
Mesomerize (ID: Mesomerize)
Tautomerize (ID: Tautomerize)
Add Explicit Hydrogens (ID: AddExplicitH)
Neutralize (ID: Neutralize)
Clean 2D (ID: Clean2D)",4.35889911651611,1705,CC(C)(C)CC(=O)OCC(=O)C1(O)CCC2C3CCC4=CC(=O)C=CC4(C)C3C(O)CC21C
"InChI=1S/C13H21NO3/c1-4-10(14-8(2)3)13(17)9-5-6-11(15)12(16)7-9/h5-8,10,13-17H,4H2,1-3H3",,530-08-5,0,1709,"Dearomatize (ID: Dearomatize)
Clear Stereo (ID: ClearStereo)
Wedge Clean (ID: WedgeClean)
Mesomerize (ID: Mesomerize)
Tautomerize (ID: Tautomerize)
Aromatize (ID: Aromatize)
Add Explicit Hydrogens (ID: AddExplicitH)
Neutralize (ID: Neutralize)
Clean 2D (ID: Clean2D)",4.35889911651611,1709,CCC(NC(C)C)C(O)c1ccc(O)c(O)c1
"InChI=1S/C20H31NO/c22-20(18-10-4-1-5-11-18,19-12-6-2-7-13-19)14-17-21-15-8-3-9-16-21/h1,4-5,10-11,19,22H,2-3,6-9,12-17H2",,144-11-6,0,1716,"Dearomatize (ID: Dearomatize)
Clear Stereo (ID: ClearStereo)
Wedge Clean (ID: WedgeClean)
Mesomerize (ID: Mesomerize)
Tautomerize (ID: Tautomerize)
Aromatize (ID: Aromatize)
Add Explicit Hydrogens (ID: AddExplicitH)
Neutralize (ID: Neutralize)
Clean 2D (ID: Clean2D)",4.35889911651611,1716,OC(CCN1CCCCC1)(c1ccccc1)C1CCCCC1
"InChI=1S/C13H19N5/c1-10(13(2,3)4)17-12(16-9-14)18-11-5-7-15-8-6-11/h5-8,10H,1-4H3,(H2,15,16,17,18)",,85371-64-8,0,1819,"Dearomatize (ID: Dearomatize)
Clear Stereo (ID: ClearStereo)
Wedge Clean (ID: WedgeClean)
Mesomerize (ID: Mesomerize)
Tautomerize (ID: Tautomerize)
Aromatize (ID: Aromatize)
Add Explicit Hydrogens (ID: AddExplicitH)
Neutralize (ID: Neutralize)
Clean 2D (ID: Clean2D)",4.35889911651611,1819,CC(N=C(NC#N)Nc1ccncc1)C(C)(C)C
"InChI=1S/C10H12N2/c1-2-4-9(5-3-1)8-10-11-6-7-12-10/h1-5H,6-8H2,(H,11,12)",,59-98-3,0,1882,"Dearomatize (ID: Dearomatize)
Clear Stereo (ID: ClearStereo)
Wedge Clean (ID: WedgeClean)
Mesomerize (ID: Mesomerize)
Tautomerize (ID: Tautomerize)
Aromatize (ID: Aromatize)
Add Explicit Hydrogens (ID: AddExplicitH)
Neutralize (ID: Neutralize)
Clean 2D (ID: Clean2D)",4.35889911651611,1882,c1ccc(CC2=NCCN2)cc1
"InChI=1S/C15H23NO/c1-3-15(9-4-5-10-16(2)12-15)13-7-6-8-14(17)11-13/h6-8,11,17H,3-5,9-10,12H2,1-2H3",,54340-58-8,0,1888,"Dearomatize (ID: Dearomatize)
Clear Stereo (ID: ClearStereo)
Wedge Clean (ID: WedgeClean)
Mesomerize (ID: Mesomerize)
Tautomerize (ID: Tautomerize)
Aromatize (ID: Aromatize)
Add Explicit Hydrogens (ID: AddExplicitH)
Neutralize (ID: Neutralize)
Clean 2D (ID: Clean2D)",4.35889911651611,1888,CCC1(c2cccc(O)c2)CCCCN(C)C1
"InChI=1S/C20H21N/c1-21(2)15-7-12-20-18-10-5-3-8-16(18)13-14-17-9-4-6-11-19(17)20/h3-6,8-14H,7,15H2,1-2H3",,303-53-7,0,1926,"Dearomatize (ID: Dearomatize)
Clear Stereo (ID: ClearStereo)
Wedge Clean (ID: WedgeClean)
Mesomerize (ID: Mesomerize)
Tautomerize (ID: Tautomerize)
Aromatize (ID: Aromatize)
Add Explicit Hydrogens (ID: AddExplicitH)
Neutralize (ID: Neutralize)
Clean 2D (ID: Clean2D)",4.35889911651611,1926,CN(C)CCC=C1c2ccccc2C=Cc2ccccc21
"InChI=1S/C43H66O15/c1-21-39(49)33(55-23(3)44)18-38(53-21)58-40-22(2)54-36(17-32(40)46)52-20-28-14-26(45)15-37(57-28)56-27-8-10-41(4)25(13-27)6-7-30-31(41)16-34(47)42(5)29(9-11-43(30,42)50)24-12-35(48)51-19-24/h12,21-22,25-34,36-40,45-47,49-50H,6-11,13-20H2,1-5H3",,5511-98-8,0,1981,"Clear Stereo (ID: ClearStereo)
Wedge Clean (ID: WedgeClean)
Mesomerize (ID: Mesomerize)
Tautomerize (ID: Tautomerize)
Add Explicit Hydrogens (ID: AddExplicitH)
Neutralize (ID: Neutralize)
Clean 2D (ID: Clean2D)",4.35889911651611,1981,CC(=O)OC1CC(OC2C(O)CC(OCC3CC(O)CC(OC4CCC5(C)C(CCC6C5CC(O)C5(C)C(C7=CC(=O)OC7)CCC65O)C4)O3)OC2C)OC(C)C1O
"InChI=1S/C20H23N/c1-21(2)15-7-12-20-18-10-5-3-8-16(18)13-14-17-9-4-6-11-19(17)20/h3-6,8-12H,7,13-15H2,1-2H3",,50-48-6,0,2020,"Dearomatize (ID: Dearomatize)
Clear Stereo (ID: ClearStereo)
Wedge Clean (ID: WedgeClean)
Mesomerize (ID: Mesomerize)
Tautomerize (ID: Tautomerize)
Aromatize (ID: Aromatize)
Add Explicit Hydrogens (ID: AddExplicitH)
Neutralize (ID: Neutralize)
Clean 2D (ID: Clean2D)",4.35889911651611,2020,CN(C)CCC=C1c2ccccc2CCc2ccccc21
"InChI=1S/C21H25NO2/c1-2-22-15-9-14-19(16-22)24-21(23)20(17-10-5-3-6-11-17)18-12-7-4-8-13-18/h3-8,10-13,19-20H,2,9,14-16H2,1H3",,82-98-4,0,2022,"Dearomatize (ID: Dearomatize)
Clear Stereo (ID: ClearStereo)
Wedge Clean (ID: WedgeClean)
Mesomerize (ID: Mesomerize)
Tautomerize (ID: Tautomerize)
Aromatize (ID: Aromatize)
Add Explicit Hydrogens (ID: AddExplicitH)
Neutralize (ID: Neutralize)
Clean 2D (ID: Clean2D)",4.35889911651611,2022,CCN1CCCC(OC(=O)C(c2ccccc2)c2ccccc2)C1
"InChI=1S/C31H26O4/c1-3-7-29-27(5-1)28-6-2-4-8-30(28)31(29,21-9-13-23(14-10-21)32-17-25-19-34-25)22-11-15-24(16-12-22)33-18-26-20-35-26/h1-16,25-26H,17-20H2",Non-irritant,47758-37-2,0,2045,"Dearomatize (ID: Dearomatize)
Clear Stereo (ID: ClearStereo)
Wedge Clean (ID: WedgeClean)
Mesomerize (ID: Mesomerize)
Tautomerize (ID: Tautomerize)
Aromatize (ID: Aromatize)
Add Explicit Hydrogens (ID: AddExplicitH)
Neutralize (ID: Neutralize)
Clean 2D (ID: Clean2D)",4.35889911651611,2045,c1ccc2c(c1)-c1ccccc1C2(c1ccc(OCC2CO2)cc1)c1ccc(OCC2CO2)cc1
"InChI=1S/C41H64O14/c1-19-36(47)27(42)14-33(50-19)54-38-21(3)52-34(16-29(38)44)55-37-20(2)51-32(15-28(37)43)53-24-8-10-39(4)23(13-24)6-7-26-25(39)9-11-40(5)35(22-12-31(46)49-18-22)30(45)17-41(26,40)48/h12,19-21,23-30,32-38,42-45,47-48H,6-11,13-18H2,1-5H3",,4562-36-1,0,2074,"Clear Stereo (ID: ClearStereo)
Wedge Clean (ID: WedgeClean)
Mesomerize (ID: Mesomerize)
Tautomerize (ID: Tautomerize)
Add Explicit Hydrogens (ID: AddExplicitH)
Neutralize (ID: Neutralize)
Clean 2D (ID: Clean2D)",4.35889911651611,2074,CC1OC(OC2C(O)CC(OC3C(O)CC(OC4CCC5(C)C(CCC6C5CCC5(C)C(C7=CC(=O)OC7)C(O)CC65O)C4)OC3C)OC2C)CC(O)C1O
"InChI=1S/C31H23BrO3/c32-24-15-13-20(14-16-24)19-9-11-21(12-10-19)23-17-22-5-1-2-6-25(22)27(18-23)29-30(33)26-7-3-4-8-28(26)35-31(29)34/h1-16,23,27,33H,17-18H2",Non-irritant,56073-10-0,0,2085,"Dearomatize (ID: Dearomatize)
Clear Stereo (ID: ClearStereo)
Wedge Clean (ID: WedgeClean)
Mesomerize (ID: Mesomerize)
Tautomerize (ID: Tautomerize)
Aromatize (ID: Aromatize)
Add Explicit Hydrogens (ID: AddExplicitH)
Neutralize (ID: Neutralize)
Clean 2D (ID: Clean2D)",4.35889911651611,2085,O=c1oc2ccccc2c(O)c1C1CC(c2ccc(-c3ccc(Br)cc3)cc2)Cc2ccccc21
"InChI=1S/C6H11IO3/c1-4(7)6-9-3-5(2-8)10-6/h4-6,8H,2-3H2,1H3",,5634-39-9,0,2106,"Clear Stereo (ID: ClearStereo)
Wedge Clean (ID: WedgeClean)
Mesomerize (ID: Mesomerize)
Tautomerize (ID: Tautomerize)
Add Explicit Hydrogens (ID: AddExplicitH)
Neutralize (ID: Neutralize)
Clean 2D (ID: Clean2D)",4.35889911651611,2106,CC(I)C1OCC(CO)O1
"InChI=1S/C41H64O14/c1-19-36(47)28(42)15-34(50-19)54-38-21(3)52-35(17-30(38)44)55-37-20(2)51-33(16-29(37)43)53-24-8-10-39(4)23(13-24)6-7-26-27(39)14-31(45)40(5)25(9-11-41(26,40)48)22-12-32(46)49-18-22/h12,19-21,23-31,33-38,42-45,47-48H,6-11,13-18H2,1-5H3",,20830-75-5,0,2107,"Clear Stereo (ID: ClearStereo)
Wedge Clean (ID: WedgeClean)
Mesomerize (ID: Mesomerize)
Tautomerize (ID: Tautomerize)
Add Explicit Hydrogens (ID: AddExplicitH)
Neutralize (ID: Neutralize)
Clean 2D (ID: Clean2D)",4.35889911651611,2107,CC1OC(OC2C(O)CC(OC3C(O)CC(OC4CCC5(C)C(CCC6C5CC(O)C5(C)C(C7=CC(=O)OC7)CCC65O)C4)OC3C)OC2C)CC(O)C1O
"InChI=1S/C21H28O5/c1-19-7-5-13(23)9-12(19)3-4-14-15-6-8-21(26,17(25)11-22)20(15,2)10-16(24)18(14)19/h9,14-15,18,22,26H,3-8,10-11H2,1-2H3",,53-06-5,0,2166,"Clear Stereo (ID: ClearStereo)
Wedge Clean (ID: WedgeClean)
Mesomerize (ID: Mesomerize)
Tautomerize (ID: Tautomerize)
Add Explicit Hydrogens (ID: AddExplicitH)
Neutralize (ID: Neutralize)
Clean 2D (ID: Clean2D)",4.35889911651611,2166,CC12CCC(=O)C=C1CCC1C2C(=O)CC2(C)C1CCC2(O)C(=O)CO
"InChI=1S/C6H11NO2/c7-6(5(8)9)3-1-2-4-6/h1-4,7H2,(H,8,9)",,52-52-8,0,2282,"Clear Stereo (ID: ClearStereo)
Wedge Clean (ID: WedgeClean)
Mesomerize (ID: Mesomerize)
Tautomerize (ID: Tautomerize)
Add Explicit Hydrogens (ID: AddExplicitH)
Neutralize (ID: Neutralize)
Clean 2D (ID: Clean2D)",4.35889911651611,2282,NC1(C(=O)O)CCCC1
InChI=1S/C10H16Br2N2O2/c11-3-1-9(15)13-5-7-14(8-6-13)10(16)2-4-12/h1-8H2,,54-91-1,0,2287,"Clear Stereo (ID: ClearStereo)
Wedge Clean (ID: WedgeClean)
Mesomerize (ID: Mesomerize)
Tautomerize (ID: Tautomerize)
Add Explicit Hydrogens (ID: AddExplicitH)
Neutralize (ID: Neutralize)
Clean 2D (ID: Clean2D)",4.35889911651611,2287,O=C(CCBr)N1CCN(C(=O)CCBr)CC1
"InChI=1S/C43H66O15/c1-20-38(55-23(4)44)30(45)17-36(53-20)57-40-22(3)54-37(18-32(40)47)58-39-21(2)52-35(16-31(39)46)56-26-9-11-41(5)25(14-26)7-8-28-29(41)15-33(48)42(6)27(10-12-43(28,42)50)24-13-34(49)51-19-24/h13,20-22,25-33,35-40,45-48,50H,7-12,14-19H2,1-6H3",,5355-48-6,0,2318,"Clear Stereo (ID: ClearStereo)
Wedge Clean (ID: WedgeClean)
Mesomerize (ID: Mesomerize)
Tautomerize (ID: Tautomerize)
Add Explicit Hydrogens (ID: AddExplicitH)
Neutralize (ID: Neutralize)
Clean 2D (ID: Clean2D)",4.35889911651611,2318,CC(=O)OC1C(O)CC(OC2C(O)CC(OC3C(O)CC(OC4CCC5(C)C(CCC6C5CC(O)C5(C)C(C7=CC(=O)OC7)CCC65O)C4)OC3C)OC2C)OC1C
"InChI=1S/C25H27ClN2/c1-20-6-5-7-21(18-20)19-27-14-16-28(17-15-27)25(22-8-3-2-4-9-22)23-10-12-24(26)13-11-23/h2-13,18,25H,14-17,19H2,1H3",,569-65-3,0,2355,"Dearomatize (ID: Dearomatize)
Clear Stereo (ID: ClearStereo)
Wedge Clean (ID: WedgeClean)
Mesomerize (ID: Mesomerize)
Tautomerize (ID: Tautomerize)
Aromatize (ID: Aromatize)
Add Explicit Hydrogens (ID: AddExplicitH)
Neutralize (ID: Neutralize)
Clean 2D (ID: Clean2D)",4.35889911651611,2355,Cc1cccc(CN2CCN(C(c3ccccc3)c3ccc(Cl)cc3)CC2)c1
"InChI=1S/C21H27NO/c23-21(19-11-4-1-5-12-19,20-13-6-2-7-14-20)15-10-18-22-16-8-3-9-17-22/h1-2,4-7,11-14,23H,3,8-10,15-18H2",,972-02-1,0,2374,"Dearomatize (ID: Dearomatize)
Clear Stereo (ID: ClearStereo)
Wedge Clean (ID: WedgeClean)
Mesomerize (ID: Mesomerize)
Tautomerize (ID: Tautomerize)
Aromatize (ID: Aromatize)
Add Explicit Hydrogens (ID: AddExplicitH)
Neutralize (ID: Neutralize)
Clean 2D (ID: Clean2D)",4.35889911651611,2374,OC(CCCN1CCCCC1)(c1ccccc1)c1ccccc1
"InChI=1S/C9H15NO2/c1-5-8(12)10-9(3,4)6-7(2)11/h5H,1,6H2,2-4H3,(H,10,12)",,2873-97-4,0,2403,"Clear Stereo (ID: ClearStereo)
Wedge Clean (ID: WedgeClean)
Mesomerize (ID: Mesomerize)
Tautomerize (ID: Tautomerize)
Add Explicit Hydrogens (ID: AddExplicitH)
Neutralize (ID: Neutralize)
Clean 2D (ID: Clean2D)",4.35889911651611,2403,C=CC(=O)NC(C)(C)CC(C)=O
"InChI=1S/C8H10IN3/c9-7-3-1-2-6(4-7)5-12-8(10)11/h1-4H,5H2,(H4,10,11,12)",,80663-95-2,0,2473,"Dearomatize (ID: Dearomatize)
Clear Stereo (ID: ClearStereo)
Wedge Clean (ID: WedgeClean)
Mesomerize (ID: Mesomerize)
Tautomerize (ID: Tautomerize)
Aromatize (ID: Aromatize)
Add Explicit Hydrogens (ID: AddExplicitH)
Neutralize (ID: Neutralize)
Clean 2D (ID: Clean2D)",4.35889911651611,2473,[H]/N=C(/N)NCc1cccc(I)c1
"InChI=1S/C22H28N2O/c1-2-22(25)24(20-11-7-4-8-12-20)21-14-17-23(18-15-21)16-13-19-9-5-3-6-10-19/h3-12,21H,2,13-18H2,1H3",,437-38-7,0,2501,"Dearomatize (ID: Dearomatize)
Clear Stereo (ID: ClearStereo)
Wedge Clean (ID: WedgeClean)
Mesomerize (ID: Mesomerize)
Tautomerize (ID: Tautomerize)
Aromatize (ID: Aromatize)
Add Explicit Hydrogens (ID: AddExplicitH)
Neutralize (ID: Neutralize)
Clean 2D (ID: Clean2D)",4.35889911651611,2501,CCC(=O)N(c1ccccc1)C1CCN(CCc2ccccc2)CC1
"InChI=1S/C17H27NO2/c1-18(2)13-16(17(19)11-5-4-6-12-17)14-7-9-15(20-3)10-8-14/h7-10,16,19H,4-6,11-13H2,1-3H3",,93413-69-5,0,2519,"Dearomatize (ID: Dearomatize)
Clear Stereo (ID: ClearStereo)
Wedge Clean (ID: WedgeClean)
Mesomerize (ID: Mesomerize)
Tautomerize (ID: Tautomerize)
Aromatize (ID: Aromatize)
Add Explicit Hydrogens (ID: AddExplicitH)
Neutralize (ID: Neutralize)
Clean 2D (ID: Clean2D)",4.35889911651611,2519,COc1ccc(C(CN(C)C)C2(O)CCCCC2)cc1
"InChI=1S/C19H25NO2/c1-14(8-9-16-6-4-3-5-7-16)20-15(2)19(22)17-10-12-18(21)13-11-17/h3-7,10-15,19-22H,8-9H2,1-2H3",,447-41-6,0,2541,"Dearomatize (ID: Dearomatize)
Clear Stereo (ID: ClearStereo)
Wedge Clean (ID: WedgeClean)
Mesomerize (ID: Mesomerize)
Tautomerize (ID: Tautomerize)
Aromatize (ID: Aromatize)
Add Explicit Hydrogens (ID: AddExplicitH)
Neutralize (ID: Neutralize)
Clean 2D (ID: Clean2D)",4.35889911651611,2541,CC(CCc1ccccc1)NC(C)C(O)c1ccc(O)cc1
"InChI=1S/C6H7N3O/c7-9-6(10)5-1-3-8-4-2-5/h1-4H,7H2,(H,9,10)",,54-85-3,0,2617,"Dearomatize (ID: Dearomatize)
Clear Stereo (ID: ClearStereo)
Wedge Clean (ID: WedgeClean)
Mesomerize (ID: Mesomerize)
Tautomerize (ID: Tautomerize)
Aromatize (ID: Aromatize)
Add Explicit Hydrogens (ID: AddExplicitH)
Neutralize (ID: Neutralize)
Clean 2D (ID: Clean2D)",4.35889911651611,2617,NNC(=O)c1ccncc1
"InChI=1S/C13H8Cl2N2O4/c14-7-1-4-12(18)9(5-7)13(19)16-11-3-2-8(17(20)21)6-10(11)15/h1-6,18H,(H,16,19)",,50-65-7,0,2697,"Dearomatize (ID: Dearomatize)
Clear Stereo (ID: ClearStereo)
Wedge Clean (ID: WedgeClean)
Mesomerize (ID: Mesomerize)
Tautomerize (ID: Tautomerize)
Aromatize (ID: Aromatize)
Add Explicit Hydrogens (ID: AddExplicitH)
Neutralize (ID: Neutralize)
Clean 2D (ID: Clean2D)",4.35889911651611,2697,O=C(Nc1ccc([N+](=O)[O-])cc1Cl)c1cc(Cl)ccc1O
"InChI=1S/C2H5NO2/c1-2(4)3-5/h5H,1H3,(H,3,4)",,546-88-3,0,2737,"Clear Stereo (ID: ClearStereo)
Wedge Clean (ID: WedgeClean)
Mesomerize (ID: Mesomerize)
Tautomerize (ID: Tautomerize)
Add Explicit Hydrogens (ID: AddExplicitH)
Neutralize (ID: Neutralize)
Clean 2D (ID: Clean2D)",4.35889911651611,2737,CC(=O)NO
"InChI=1S/C25H38O5/c1-6-25(4,5)24(28)30-21-12-15(2)11-17-8-7-16(3)20(23(17)21)10-9-19-13-18(26)14-22(27)29-19/h7-8,11,15-16,18-21,23,26H,6,9-10,12-14H2,1-5H3",,79902-63-9,0,2762,"Clear Stereo (ID: ClearStereo)
Wedge Clean (ID: WedgeClean)
Mesomerize (ID: Mesomerize)
Tautomerize (ID: Tautomerize)
Add Explicit Hydrogens (ID: AddExplicitH)
Neutralize (ID: Neutralize)
Clean 2D (ID: Clean2D)",4.35889911651611,2762,CCC(C)(C)C(=O)OC1CC(C)C=C2C=CC(C)C(CCC3CC(O)CC(=O)O3)C21
"InChI=1S/C16H21N3/c1-18(2)12-13-19(16-10-6-7-11-17-16)14-15-8-4-3-5-9-15/h3-11H,12-14H2,1-2H3",,91-81-6,0,2931,"Dearomatize (ID: Dearomatize)
Clear Stereo (ID: ClearStereo)
Wedge Clean (ID: WedgeClean)
Mesomerize (ID: Mesomerize)
Tautomerize (ID: Tautomerize)
Aromatize (ID: Aromatize)
Add Explicit Hydrogens (ID: AddExplicitH)
Neutralize (ID: Neutralize)
Clean 2D (ID: Clean2D)",4.35889911651611,2931,CN(C)CCN(Cc1ccccc1)c1ccccn1
"InChI=1S/C2H6N4O2/c3-1(7)5-6-2(4)8/h(H3,3,5,7)(H3,4,6,8)",,110-21-4,0,2960,"Clear Stereo (ID: ClearStereo)
Wedge Clean (ID: WedgeClean)
Mesomerize (ID: Mesomerize)
Tautomerize (ID: Tautomerize)
Add Explicit Hydrogens (ID: AddExplicitH)
Neutralize (ID: Neutralize)
Clean 2D (ID: Clean2D)",4.35889911651611,2960,NC(=O)NNC(N)=O
"InChI=1S/C22H26O3/c1-15(2)10-19-20(22(19,3)4)21(23)25-14-17-12-18(24-13-17)11-16-8-6-5-7-9-16/h5-10,12-13,19-20H,11,14H2,1-4H3",,10453-86-8,0,3029,"Dearomatize (ID: Dearomatize)
Clear Stereo (ID: ClearStereo)
Wedge Clean (ID: WedgeClean)
Mesomerize (ID: Mesomerize)
Tautomerize (ID: Tautomerize)
Aromatize (ID: Aromatize)
Add Explicit Hydrogens (ID: AddExplicitH)
Neutralize (ID: Neutralize)
Clean 2D (ID: Clean2D)",4.35889911651611,3029,CC(C)=CC1C(C(=O)OCc2coc(Cc3ccccc3)c2)C1(C)C
"InChI=1S/C39H59ClO4/c1-26(2)14-11-15-27(3)16-12-17-28(4)18-13-24-39(10)25-23-34-31(7)35(29(5)30(6)36(34)44-39)42-37(41)38(8,9)43-33-21-19-32(40)20-22-33/h19-22,26-28H,11-18,23-25H2,1-10H3",,50465-39-9,0,3080,"Dearomatize (ID: Dearomatize)
Clear Stereo (ID: ClearStereo)
Wedge Clean (ID: WedgeClean)
Mesomerize (ID: Mesomerize)
Tautomerize (ID: Tautomerize)
Aromatize (ID: Aromatize)
Add Explicit Hydrogens (ID: AddExplicitH)
Neutralize (ID: Neutralize)
Clean 2D (ID: Clean2D)",4.35889911651611,3080,Cc1c(C)c2c(c(C)c1OC(=O)C(C)(C)Oc1ccc(Cl)cc1)CCC(C)(CCCC(C)CCCC(C)CCCC(C)C)O2
"InChI=1S/C9H12N2S/c1-2-3-8-6-7(9(10)12)4-5-11-8/h4-6H,2-3H2,1H3,(H2,10,12)",,14222-60-7,0,3087,"Dearomatize (ID: Dearomatize)
Clear Stereo (ID: ClearStereo)
Wedge Clean (ID: WedgeClean)
Mesomerize (ID: Mesomerize)
Tautomerize (ID: Tautomerize)
Aromatize (ID: Aromatize)
Add Explicit Hydrogens (ID: AddExplicitH)
Neutralize (ID: Neutralize)
Clean 2D (ID: Clean2D)",4.35889911651611,3087,CCCc1cc(C(N)=S)ccn1
"InChI=1S/C16H25NO3/c1-11(2)14-10-15(20-13(4)18)12(3)9-16(14)19-8-7-17(5)6/h9-11H,7-8H2,1-6H3",,54-32-0,0,3089,"Dearomatize (ID: Dearomatize)
Clear Stereo (ID: ClearStereo)
Wedge Clean (ID: WedgeClean)
Mesomerize (ID: Mesomerize)
Tautomerize (ID: Tautomerize)
Aromatize (ID: Aromatize)
Add Explicit Hydrogens (ID: AddExplicitH)
Neutralize (ID: Neutralize)
Clean 2D (ID: Clean2D)",4.35889911651611,3089,CC(=O)Oc1cc(C(C)C)c(OCCN(C)C)cc1C
"InChI=1S/C17H28N2O/c1-6-12-19(8-3)15(7-2)17(20)18-16-13(4)10-9-11-14(16)5/h9-11,15H,6-8,12H2,1-5H3,(H,18,20)",,36637-18-0,0,3099,"Dearomatize (ID: Dearomatize)
Clear Stereo (ID: ClearStereo)
Wedge Clean (ID: WedgeClean)
Mesomerize (ID: Mesomerize)
Tautomerize (ID: Tautomerize)
Aromatize (ID: Aromatize)
Add Explicit Hydrogens (ID: AddExplicitH)
Neutralize (ID: Neutralize)
Clean 2D (ID: Clean2D)",4.35889911651611,3099,CCCN(CC)C(CC)C(=O)Nc1c(C)cccc1C
"InChI=1S/C24H32O6/c1-21(2)29-19-10-16-15-6-5-13-9-14(26)7-8-22(13,3)20(15)17(27)11-23(16,4)24(19,30-21)18(28)12-25/h7-9,15-17,19-20,25,27H,5-6,10-12H2,1-4H3",,638-94-8,0,3130,"Clear Stereo (ID: ClearStereo)
Wedge Clean (ID: WedgeClean)
Mesomerize (ID: Mesomerize)
Tautomerize (ID: Tautomerize)
Add Explicit Hydrogens (ID: AddExplicitH)
Neutralize (ID: Neutralize)
Clean 2D (ID: Clean2D)",4.35889911651611,3130,CC1(C)OC2CC3C4CCC5=CC(=O)C=CC5(C)C4C(O)CC3(C)C2(C(=O)CO)O1
"InChI=1S/C41H64O13/c1-20-36(46)29(42)16-34(49-20)53-38-22(3)51-35(18-31(38)44)54-37-21(2)50-33(17-30(37)43)52-25-8-11-39(4)24(15-25)6-7-28-27(39)9-12-40(5)26(10-13-41(28,40)47)23-14-32(45)48-19-23/h14,20-22,24-31,33-38,42-44,46-47H,6-13,15-19H2,1-5H3",,71-63-6,0,3138,"Clear Stereo (ID: ClearStereo)
Wedge Clean (ID: WedgeClean)
Mesomerize (ID: Mesomerize)
Tautomerize (ID: Tautomerize)
Add Explicit Hydrogens (ID: AddExplicitH)
Neutralize (ID: Neutralize)
Clean 2D (ID: Clean2D)",4.35889911651611,3138,CC1OC(OC2C(O)CC(OC3C(O)CC(OC4CCC5(C)C(CCC6C5CCC5(C)C(C7=CC(=O)OC7)CCC65O)C4)OC3C)OC2C)CC(O)C1O
"InChI=1S/C18H21ClN2/c1-20-11-13-21(14-12-20)18(15-5-3-2-4-6-15)16-7-9-17(19)10-8-16/h2-10,18H,11-14H2,1H3",,82-93-9,0,3154,"Dearomatize (ID: Dearomatize)
Clear Stereo (ID: ClearStereo)
Wedge Clean (ID: WedgeClean)
Mesomerize (ID: Mesomerize)
Tautomerize (ID: Tautomerize)
Aromatize (ID: Aromatize)
Add Explicit Hydrogens (ID: AddExplicitH)
Neutralize (ID: Neutralize)
Clean 2D (ID: Clean2D)",4.35889911651611,3154,CN1CCN(C(c2ccccc2)c2ccc(Cl)cc2)CC1
"InChI=1S/C6H9NO/c1-2-7-5-3-4-6(7)8/h2H,1,3-5H2",,25655-41-8,0,3162,"Clear Stereo (ID: ClearStereo)
Wedge Clean (ID: WedgeClean)
Mesomerize (ID: Mesomerize)
Tautomerize (ID: Tautomerize)
Add Explicit Hydrogens (ID: AddExplicitH)
Neutralize (ID: Neutralize)
Clean 2D (ID: Clean2D)",4.35889911651611,3162,C=CN1CCCC1=O
"InChI=1S/C23H29F3O6/c24-23(25,26)15-6-5-7-17(12-15)32-14-16(27)10-11-19-18(20(28)13-21(19)29)8-3-1-2-4-9-22(30)31/h1,3,5-7,10-12,16,18-21,27-29H,2,4,8-9,13-14H2,(H,30,31)",,40666-16-8,0,3226,"Dearomatize (ID: Dearomatize)
Clear Stereo (ID: ClearStereo)
Wedge Clean (ID: WedgeClean)
Mesomerize (ID: Mesomerize)
Tautomerize (ID: Tautomerize)
Aromatize (ID: Aromatize)
Add Explicit Hydrogens (ID: AddExplicitH)
Neutralize (ID: Neutralize)
Clean 2D (ID: Clean2D)",4.35889911651611,3226,O=C(O)CCCC=CCC1C(O)CC(O)C1C=CC(O)COc1cccc(C(F)(F)F)c1
