id,casrn,smiles (First),Molecular weight,name,Outcome,Molecule (RDKit Mol) (InChI Code),reference,molecule_form,ID,SMILES,logP
906855; 906856; 906857,1111-78-0,[NH4+].O.NC([O-])=O,60.032081604003906,Ammonium carbamate,1,"InChI=1S/CH3NO2/c2-1(3)4/h2H2,(H,3,4)",ToxValDB,not specified,,NC(=O)O,-0.37689999999999985
797537,126-86-3,CC(C)CC(C)(O)C#CC(C)(O)CC(C)C,226.35504150390625,"2,4,7,9-Tetramethyl-5-decyne-4,7-diol",0,"InChI=1S/C14H26O2/c1-11(2)9-13(5,15)7-8-14(6,16)10-12(3)4/h11-12,15-16H,9-10H2,1-6H3",ToxValDB,not specified,,CC(C)CC(C)(O)C#CC(C)(O)CC(C)C,2.5840000000000005
209371,111-96-6,COCCOCCOC,134.17356872558594,Diethylene glycol dimethyl ether,0,"InChI=1S/C6H14O3/c1-7-3-5-9-6-4-8-2/h3-6H2,1-2H3",ToxValDB,not specified,,COCCOCCOC,0.29580000000000006
219995,123-62-6,CCC(=O)OC(=O)CC,130.1417999267578,Propanoic anhydride,0,"InChI=1S/C6H10O3/c1-3-5(7)9-6(8)4-2/h3-4H2,1-2H3",ToxValDB,not specified,,CCC(=O)OC(=O)CC,0.8762
326907,79-09-4,CCC(O)=O,74.07854461669922,Propionic acid,0,"InChI=1S/C3H6O2/c1-2-3(4)5/h2H2,1H3,(H,4,5)",ToxValDB,not specified,,CCC(=O)O,0.481
210859,112-49-2,COCCOCCOCCOC,178.2261199951172,Triethylene glycol dimethyl ether,0,"InChI=1S/C8H18O4/c1-9-3-5-11-7-8-12-6-4-10-2/h3-8H2,1-2H3",ToxValDB,not specified,,COCCOCCOCCOC,0.3124
237359,143-24-8,COCCOCCOCCOCCOC,222.2786865234375,"2,5,8,11,14-Pentaoxapentadecane",0,"InChI=1S/C10H22O5/c1-11-3-5-13-7-9-15-10-8-14-6-4-12-2/h3-10H2,1-2H3",ToxValDB,not specified,,COCCOCCOCCOCCOC,0.32900000000000085
304733,68937-41-7,CC(C)c1ccc(O[P](=O)(Oc2ccc(cc2)C(C)C)Oc3ccc(cc3)C(C)C)cc1,452.52227783203125,Triphenyl phosphates isopropylated,0,"InChI=1S/C27H33O4P/c1-19(2)22-7-13-25(14-8-22)29-32(28,30-26-15-9-23(10-16-26)20(3)4)31-27-17-11-24(12-18-27)21(5)6/h7-21H,1-6H3",ToxValDB,not specified,,CC(C)c1ccc(OP(=O)(Oc2ccc(C(C)C)cc2)Oc2ccc(C(C)C)cc2)cc1,8.701700000000004
352943,97-77-8,CCN(CC)C(=S)SSC(=S)N(CC)CC,296.5391845703125,Disulfiram,1,"InChI=1S/C10H20N2S4/c1-5-11(6-2)9(13)15-16-10(14)12(7-3)8-4/h5-8H2,1-4H3",ToxValDB,not specified,,CCN(CC)C(=S)SSC(=S)N(CC)CC,3.6212000000000026
905552,120-94-5,CN1CCCC1,85.14753723144531,N-Methylpyrrolidine,1,"InChI=1S/C5H11N/c1-6-4-2-3-5-6/h2-5H2,1H3",ToxValDB,not specified,,CN1CCCC1,0.712
209113,1118-84-9,CC(=O)CC(=O)OCC=C,142.15249633789062,Allyl acetoacetate,0,"InChI=1S/C7H10O3/c1-3-4-10-7(9)5-6(2)8/h3H,1,4-5H2,2H3",ToxValDB,not specified,,C=CCOC(=O)CC(C)=O,0.6947
219337; 219351,122-52-1,CCOP(OCC)OCC,166.15525817871094,Triethyl phosphite,1,"InChI=1S/C6H15O3P/c1-4-7-10(8-5-2)9-6-3/h4-6H2,1-3H3",ToxValDB,not specified,,CCOP(OCC)OCC,2.3228
337319,88-73-3,[O-][N+](=O)c1ccccc1Cl,157.55445861816406,1-Chloro-2-nitrobenzene,1,InChI=1S/C6H4ClNO2/c7-5-3-1-2-4-6(5)8(9)10/h1-4H,ToxValDB,not specified,,O=[N+]([O-])c1ccccc1Cl,2.2482000000000006
259429,354-58-5,FC(F)(F)C(Cl)(Cl)Cl,187.3756103515625,"1,1,1-Trichloro-2,2,2-trifluoroethane",0,"InChI=1S/C2Cl3F3/c3-1(4,5)2(6,7)8",ToxValDB,not specified,,FC(F)(F)C(Cl)(Cl)Cl,2.9189
326648; 911366,78-95-5,CC(=O)CCl,92.52420043945312,1-Chloropropan-2-one,1,"InChI=1S/C3H5ClO/c1-3(5)2-4/h2H2,1H3",ToxValDB,not specified,,CC(=O)CCl,0.8142
258750,3407-42-9,CC1C2CC(CC2C3CCCC(O)C3)C1(C)C,236.39292907714844,"3-(5,5,6-Trimethylbicyclo[2.2.1]hept-2-yl)cyclohexanol",0,"InChI=1S/C16H28O/c1-10-14-8-12(16(10,2)3)9-15(14)11-5-4-6-13(17)7-11/h10-15,17H,4-9H2,1-3H3",ToxValDB,not specified,,CC1C2CC(CC2C2CCCC(O)C2)C1(C)C,3.855800000000003
314292,75-01-4,ClC=C,62.49821853637695,Vinyl chloride,0,"InChI=1S/C2H3Cl/c1-2-3/h2H,1H2",ToxValDB,not specified,,C=CCl,1.3687
201472,106-50-3,Nc1ccc(N)cc1,108.14112091064453,"1,4-Benzenediamine",1,"InChI=1S/C6H8N2/c7-5-1-2-6(8)4-3-5/h1-4H,7-8H2",ToxValDB,not specified,,Nc1ccc(N)cc1,0.8510000000000002
220768; 901830,1241-94-7,CCCCC(CC)CO[P](=O)(Oc1ccccc1)Oc2ccccc2,362.3997497558594,2-Ethylhexyl diphenyl phosphate,1,"InChI=1S/C20H27O4P/c1-3-5-12-18(4-2)17-22-25(21,23-19-13-8-6-9-14-19)24-20-15-10-7-11-16-20/h6-11,13-16,18H,3-5,12,17H2,1-2H3",ToxValDB,not specified,,CCCCC(CC)COP(=O)(Oc1ccccc1)Oc1ccccc1,6.485500000000006
257950,3268-49-3,CSCCC=O,104.17072296142578,3-(Methylthio)propanal,1,"InChI=1S/C4H8OS/c1-6-4-2-3-5/h3H,2,4H2,1H3",ToxValDB,not specified,,CSCCC=O,0.9383999999999999
196754,101-41-7,COC(=O)Cc1ccccc1,150.17449951171875,Methyl phenylacetate,0,"InChI=1S/C9H10O2/c1-11-9(10)7-8-5-3-2-4-6-8/h2-6H,7H2,1H3",ToxValDB,not specified,,COC(=O)Cc1ccccc1,1.4021
330319,81-07-2,O=C1N[S](=O)(=O)c2ccccc12,183.1844940185547,Saccharin,0,"InChI=1S/C7H5NO3S/c9-7-5-3-1-2-4-6(5)12(10,11)8-7/h1-4H,(H,8,9)",ToxValDB,not specified,,O=C1NS(=O)(=O)c2ccccc21,0.11869999999999997
351005; 913973,95-68-1,Cc1ccc(N)c(C)c1,121.17964172363281,"2,4-Dimethylaniline",1,"InChI=1S/C8H11N/c1-6-3-4-8(9)7(2)5-6/h3-5H,9H2,1-2H3",ToxValDB,not specified,,Cc1ccc(N)c(C)c1,1.88564
328296; 901506; 797134; 797359; 797362; 797364; 797365,8006-64-2,CC(=O)OC(C)(C)CCCC(=C)C=C,196.2860107421875,Turpentine oils,1,"InChI=1S/C12H20O2/c1-6-10(2)8-7-9-12(4,5)14-11(3)13/h6H,1-2,7-9H2,3-5H3",ToxValDB,not specified,,C=CC(=C)CCCC(C)(C)OC(C)=O,3.2406000000000024
798140,143-29-3,CCCCOCCOCCOCOCCOCCOCCCC,336.4641418457031,Bis(butoxyethoxyethoxy)methane,0,"InChI=1S/C17H36O6/c1-3-5-7-18-9-11-20-13-15-22-17-23-16-14-21-12-10-19-8-6-4-2/h3-17H2,1-2H3",ToxValDB,not specified,,CCCCOCCOCCOCOCCOCCOCCCC,2.643700000000001
293906,68411-27-8,CCCCCCCCCCCCOC(=O)c1ccccc1,290.4403076171875,"Benzoic acid, C12-15-alkyl esters",0,"InChI=1S/C19H30O2/c1-2-3-4-5-6-7-8-9-10-14-17-21-19(20)18-15-12-11-13-16-18/h11-13,15-16H,2-10,14,17H2,1H3",ToxValDB,not specified,,CCCCCCCCCCCCOC(=O)c1ccccc1,5.764300000000006
937418,76-22-2,CC1(C)C2CCC1(C)C(=O)C2,152.2334442138672,Camphor,1,"InChI=1S/C10H16O/c1-9(2)7-4-5-10(9,3)8(11)6-7/h7H,4-6H2,1-3H3",ToxValDB,not specified,,CC12CCC(CC1=O)C2(C)C,2.401700000000001
258365,33329-35-0,CN(C)CCCN(CCCN(C)C)CCCN(C)C,272.47314453125,"N,N-Bis[3-(dimethylamino)propyl]-N,N-dimethylpropane-1,3-diamine",1,"InChI=1S/C15H36N4/c1-16(2)10-7-13-19(14-8-11-17(3)4)15-9-12-18(5)6/h7-15H2,1-6H3",ToxValDB,not specified,,CN(C)CCCN(CCCN(C)C)CCCN(C)C,1.1435000000000017
900922,142-96-1,CCCCOCCCC,130.22792053222656,Butyl ether,0,"InChI=1S/C8H18O/c1-3-5-7-9-8-6-4-2/h3-8H2,1-2H3",ToxValDB,not specified,,CCCCOCCCC,2.603200000000001
904927,141-75-3,CCCC(Cl)=O,106.55078125,Butyryl chloride,1,"InChI=1S/C4H7ClO/c1-2-3-4(5)6/h2-3H2,1H3",ToxValDB,not specified,,CCCC(=O)Cl,1.5519
299806; 299852,68526-56-7,CC/C=C/CC/C=C/C=C,136.23403930664062,"Alkenes, C9-?11, C10-?rich",0,"InChI=1S/C10H16/c1-3-5-7-9-10-8-6-4-2/h3,5-8H,1,4,9-10H2,2H3",ToxValDB,not specified,,C=CC=CCCC=CCC,3.4750000000000023
354776,99-63-8,ClC(=O)c1cccc(c1)C(Cl)=O,203.02215576171875,"1,3-Benzenedicarbonyl dichloride",1,InChI=1S/C8H4Cl2O2/c9-7(11)5-2-1-3-6(4-5)8(10)12/h1-4H,ToxValDB,not specified,,O=C(Cl)c1cccc(C(=O)Cl)c1,2.4446000000000003
202450,1070-89-9,[Na+].C[Si](C)(C)[N-][Si](C)(C)C,160.38482666015625,"Silanamine, 1,1,1-trimethyl-N-(trimethylsilyl)-, sodium salt",1,"InChI=1S/C6H19NSi2/c1-8(2,3)7-9(4,5)6/h7H,1-6H3",ToxValDB,not specified,,C[Si](C)(C)N[Si](C)(C)C,2.2458
242997; 906164; 906169; 906172,17438-89-0,CCCCCCCCCCC(C)CCCCCCCC,282.5474853515625,"1-Decene, dimer",1,"InChI=1S/C20H42/c1-4-6-8-10-12-13-15-17-19-20(3)18-16-14-11-9-7-5-2/h20H,4-19H2,1-3H3",ToxValDB,not specified,,CCCCCCCCCCC(C)CCCCCCCC,7.903900000000008
205974,110-12-3,CC(C)CCC(C)=O,114.18546295166016,5-Methyl-2-hexanone,0,"InChI=1S/C7H14O/c1-6(2)4-5-7(3)8/h6H,4-5H2,1-3H3",ToxValDB,not specified,,CC(=O)CCC(C)C,2.0116
211934,115-27-5,ClC1=C(Cl)C2(Cl)C3C(C(=O)OC3=O)C1(Cl)C2(Cl)Cl,370.828369140625,Chlorendic anhydride,0,"InChI=1S/C9H2Cl6O3/c10-3-4(11)8(13)2-1(5(16)18-6(2)17)7(3,12)9(8,14)15/h1-2H",ToxValDB,not specified,,O=C1OC(=O)C2C1C1(Cl)C(Cl)=C(Cl)C2(Cl)C1(Cl)Cl,3.1477000000000004
327162; 261636,79-11-8,OC(=O)CCl,93.99304962158203,Chloroacetic acid,0,"InChI=1S/C2H3ClO2/c3-1-2(4)5/h1H2,(H,4,5)",ToxValDB,not specified,,O=C(O)CCl,0.3098
263708; 902554,4553-62-2,CC(CCC#N)C#N,108.14112091064453,2-Methylpentanedinitrile,1,"InChI=1S/C6H8N2/c1-6(5-8)3-2-4-7/h6H,2-3H2,1H3",ToxValDB,not specified,,CC(C#N)CCC#N,1.44986
798333,107-12-0,CCC#N,55.07849884033203,Propionitrile,1,"InChI=1S/C3H5N/c1-2-3-4/h2H2,1H3",ToxValDB,not specified,,CCC#N,0.91998
243157; 986191,1758-73-2,NC(=N)[S](O)=O,108.11965942382812,Amino(imino)methanesulfinic acid,1,"InChI=1S/CH4N2O2S/c2-1(3)6(4)5/h(H3,2,3)(H,4,5)",ToxValDB,not specified,,N=C(N)S(=O)O,-0.8984299999999998
341414,91-66-7,CCN(CC)c1ccccc1,149.23280334472656,"N,N-Diethylaniline",1,"InChI=1S/C10H15N/c1-3-11(4-2)10-8-6-5-7-9-10/h5-9H,3-4H2,1-2H3",ToxValDB,not specified,,CCN(CC)c1ccccc1,2.532800000000001
206121; 206123,110-19-0,CC(C)COC(C)=O,116.15827941894531,Isobutyl acetate,0,"InChI=1S/C6H12O2/c1-5(2)4-8-6(3)7/h5H,4H2,1-3H3",ToxValDB,not specified,,CC(=O)OCC(C)C,1.2055
257188,31394-54-4,CCCCC(C)C,100.20194244384766,isoheptane,0,"InChI=1S/C7H16/c1-4-5-6-7(2)3/h7H,4-6H2,1-3H3",ToxValDB,not specified,,CCCCC(C)C,2.832600000000001
981353,99-97-8,CN(C)c1ccc(C)cc1,135.2062225341797,"N,N,4-Trimethylaniline",1,"InChI=1S/C9H13N/c1-8-4-6-9(7-5-8)10(2)3/h4-7H,1-3H3",ToxValDB,not specified,,Cc1ccc(N(C)C)cc1,2.06102
905566,4488-57-7,C1CC2CC1C3CC=CC23,134.21817016601562,"4,7-Methano-1H-indene, 3a,4,5,6,7,7a-hexahydro-",1,"InChI=1S/C10H14/c1-2-9-7-4-5-8(6-7)10(9)3-1/h1-2,7-10H,3-6H2",ToxValDB,not specified,,C1=CC2C3CCC(C3)C2C1,2.608600000000001
906168,77-73-6,C1C=CC2C3CC(C=C3)C12,132.20228576660156,Dicyclopentadiene,1,"InChI=1S/C10H12/c1-2-9-7-4-5-8(6-7)10(9)3-1/h1-2,4-5,7-10H,3,6H2",ToxValDB,not specified,,C1=CC2C3C=CC(C3)C2C1,2.3846000000000007
948619,406679-89-8,CO[Si](C)(CN=C=O)OC,161.2312469482422,(Isocyanatomethyl)(dimethoxy)methylsilane,1,"InChI=1S/C5H11NO3Si/c1-8-10(3,9-2)5-6-4-7/h5H2,1-3H3",ToxValDB,not specified,,CO[Si](C)(CN=C=O)OC,0.22619999999999996
203678,108-22-5,CC(=C)OC(C)=O,100.1158218383789,Isopropenyl acetate,0,"InChI=1S/C5H8O2/c1-4(2)7-5(3)6/h1H2,2-3H3",ToxValDB,not specified,,C=C(C)OC(C)=O,1.0831
326219; 326237; 948610,78-59-1,CC1=CC(=O)CC(C)(C)C1,138.2068634033203,Isophorone,1,"InChI=1S/C9H14O/c1-7-4-8(10)6-9(2,3)5-7/h4H,5-6H2,1-3H3",ToxValDB,not specified,,CC1=CC(=O)CC(C)(C)C1,2.3218000000000005
193997,100-52-7,O=Cc1ccccc1,106.12194061279297,Benzaldehyde,1,InChI=1S/C7H6O/c8-6-7-4-2-1-3-5-7/h1-6H,ToxValDB,not specified,,O=Cc1ccccc1,1.4990999999999999
350645,95-49-8,Cc1ccccc1Cl,126.58348083496094,2-Chlorotoluene,0,"InChI=1S/C7H7Cl/c1-6-4-2-3-5-7(6)8/h2-5H,1H3",ToxValDB,not specified,,Cc1ccccc1Cl,2.6484200000000007
911342,3748-13-8,CC(=C)c1cccc(c1)C(C)=C,158.23956298828125,"1,3-Diisopropenylbenzene",1,"InChI=1S/C12H14/c1-9(2)11-6-5-7-12(8-11)10(3)4/h5-8H,1,3H2,2,4H3",ToxValDB,not specified,,C=C(C)c1cccc(C(=C)C)c1,3.7528000000000024
802640,80-05-7,CC(C)(c1ccc(O)cc1)c2ccc(O)cc2,228.28634643554688,Bisphenol A,0,"InChI=1S/C15H16O2/c1-15(2,11-3-7-13(16)8-4-11)12-5-9-14(17)10-6-12/h3-10,16-17H,1-2H3",ToxValDB,not specified,,CC(C)(c1ccc(O)cc1)c1ccc(O)cc1,3.423700000000002
254870,280-57-9,C1CN2CCN1CC2,112.17288208007812,"1,4-Diazabicyclo[2.2.2]octane",0,InChI=1S/C6H12N2/c1-2-8-5-3-7(1)4-6-8/h1-6H2,ToxValDB,not specified,,C1CN2CCN1CC2,-0.3824000000000001
350099,95-16-9,s1cnc2ccccc12,135.18629455566406,Benzothiazole,1,InChI=1S/C7H5NS/c1-2-4-7-6(3-1)8-5-9-7/h1-5H,ToxValDB,not specified,,c1ccc2scnc2c1,2.2963000000000005
802664,298-06-6,CCO[P](S)(=S)OCC,186.23269653320312,"O,O-Diethyl dithiophosphate",1,"InChI=1S/C4H11O2PS2/c1-3-5-7(8,9)6-4-2/h3-4H2,1-2H3,(H,8,9)",ToxValDB,not specified,,CCOP(=S)(S)OCC,2.2137000000000002
203533,108-12-3,CC(C)CC(Cl)=O,120.57736206054688,"Butanoyl chloride, 3-methyl-",1,"InChI=1S/C5H9ClO/c1-4(2)3-5(6)7/h4H,3H2,1-2H3",ToxValDB,not specified,,CC(C)CC(=O)Cl,1.7979
302157; 906166; 906174; 906175,68649-11-6,CCCCCCCCC(C)C(C)CCCCCCCC,282.5474853515625,"1-Decene, dimer, hydrogenated",1,"InChI=1S/C20H42/c1-5-7-9-11-13-15-17-19(3)20(4)18-16-14-12-10-8-6-2/h19-20H,5-18H2,1-4H3",ToxValDB,not specified,,CCCCCCCCC(C)C(C)CCCCCCCC,7.759800000000008
266441,52334-81-3,FC(F)(F)c1ccc(Cl)nc1,181.54293823242188,"Pyridine, 2-chloro-5-(trifluoromethyl)-",1,"InChI=1S/C6H3ClF3N/c7-5-2-1-4(3-11-5)6(8,9)10/h1-3H",ToxValDB,not specified,,FC(F)(F)c1ccc(Cl)nc1,2.753800000000001
199989,10508-09-5,CCC(C)(C)OOC(C)(C)CC,174.28048706054688,Bis(2-methylbutan-2-yl) peroxide,0,"InChI=1S/C10H22O2/c1-7-9(3,4)11-12-10(5,6)8-2/h7-8H2,1-6H3",ToxValDB,not specified,,CCC(C)(C)OOC(C)(C)CC,3.3118000000000016
249102,24549-06-2,CCc1cccc(C)c1N,135.2062225341797,2-Ethyl-6-methylaniline,1,"InChI=1S/C9H13N/c1-3-8-6-4-5-7(2)9(8)10/h4-6H,3,10H2,1-2H3",ToxValDB,not specified,,CCc1cccc(C)c1N,2.13962
218189,121-69-7,CN(C)c1ccccc1,121.17964172363281,"N,N-Dimethylaniline",0,"InChI=1S/C8H11N/c1-9(2)8-6-4-3-5-7-8/h3-7H,1-2H3",ToxValDB,not specified,,CN(C)c1ccccc1,1.7526
203420,108-03-2,CCC[N+]([O-])=O,89.09317779541016,1-Nitropropane,1,"InChI=1S/C3H7NO2/c1-2-3-4(5)6/h2-3H2,1H3",ToxValDB,not specified,,CCC[N+](=O)[O-],0.6731
239691,15520-10-2,CC(CN)CCCN,116.20464324951172,2-Methylpentanediamine,1,"InChI=1S/C6H16N2/c1-6(5-8)3-2-4-7/h6H,2-5,7-8H2,1H3",ToxValDB,not specified,,CC(CN)CCCN,0.32010000000000016
253569; 912352,27213-90-7,[Na+].CC(C)Cc1cc2ccccc2c(c1CC(C)C)[S]([O-])(=O)=O,319.43841552734375,Diisobutylnaphthalenesulfonic acid sodium salt,1,"InChI=1S/C18H24O3S/c1-12(2)9-15-11-14-7-5-6-8-16(14)18(22(19,20)21)17(15)10-13(3)4/h5-8,11-13H,9-10H2,1-4H3,(H,19,20,21)",ToxValDB,not specified,,CC(C)Cc1cc2ccccc2c(S(=O)(=O)O)c1CC(C)C,4.483500000000003
206410; 908938; 908939; 908940,110-60-1,NCCCCN,88.15148162841797,Putrescine,1,InChI=1S/C4H12N2/c5-3-1-2-4-6/h1-6H2,ToxValDB,not specified,,NCCCCN,-0.3159999999999998
210776,112-42-5,CCCCCCCCCCCO,172.3076629638672,1-Undecanol,0,"InChI=1S/C11H24O/c1-2-3-4-5-6-7-8-9-10-11-12/h12H,2-11H2,1H3",ToxValDB,not specified,,CCCCCCCCCCCO,3.5095000000000023
326504,78-87-5,CC(Cl)CCl,112.9857406616211,"1,2-Dichloropropane",1,"InChI=1S/C3H6Cl2/c1-3(5)2-4/h3H,2H2,1H3",ToxValDB,not specified,,CC(Cl)CCl,1.8525
349341,94-05-3,CCO\C=C(C#N)/C(=O)OCC,169.17784118652344,"2-Propenoic acid, 2-cyano-3-ethoxy-, ethyl ester",0,"InChI=1S/C8H11NO3/c1-3-11-6-7(5-9)8(10)12-4-2/h6H,3-4H2,1-2H3",ToxValDB,not specified,,CCOC=C(C#N)C(=O)OCC,0.99348
798287,25637-99-4,BrC1CC(Br)CC(Br)CC(Br)CC(Br)CC(Br)C1,641.6953125,Hexabromocyclododecane,0,"InChI=1S/C12H18Br6/c13-7-1-8(14)3-10(16)5-12(18)6-11(17)4-9(15)2-7/h7-12H,1-6H2",ToxValDB,not specified,,BrC1CC(Br)CC(Br)CC(Br)CC(Br)CC(Br)C1,6.921600000000004
269526; 917365,556-61-6,CN=C=S,73.1169204711914,Methyl isothiocyanate,1,InChI=1S/C2H3NS/c1-3-2-4/h1H3,ToxValDB,not specified,,CN=C=S,0.7190000000000001
231090,13423-15-9,CC1CCOC1,86.1323013305664,"Furan, tetrahydro-3-methyl-",0,"InChI=1S/C5H10O/c1-5-2-3-6-4-5/h5H,2-4H2,1H3",ToxValDB,not specified,,CC1CCOC1,1.0428
802256,2231-57-4,NNC(=S)NN,106.15013885498047,Thiocarbazide,1,"InChI=1S/CH6N4S/c2-4-1(6)5-3/h2-3H2,(H2,4,5,6)",ToxValDB,not specified,,NNC(=S)NN,-1.8021000000000003
210897,112-53-8,CCCCCCCCCCCCO,186.33424377441406,1-Dodecanol,0,"InChI=1S/C12H26O/c1-2-3-4-5-6-7-8-9-10-11-12-13/h13H,2-12H2,1H3",ToxValDB,not specified,,CCCCCCCCCCCCO,3.8996000000000035
256441,3033-77-0,[Cl-].C[N+](C)(C)CC1CO1,116.18145751953125,Glycidyl trimethylammonium chloride,1,"InChI=1S/C6H14NO/c1-7(2,3)4-6-5-8-6/h6H,4-5H2,1-3H3/q+1",ToxValDB,not specified,,C[N+](C)(C)CC1CO1,0.09139999999999993
352875,97-72-3,CC(C)C(=O)OC(=O)C(C)C,158.19496154785156,Isobutyric anhydride,1,"InChI=1S/C8H14O3/c1-5(2)7(9)11-8(10)6(3)4/h5-6H,1-4H3",ToxValDB,not specified,,CC(C)C(=O)OC(=O)C(C)C,1.3681999999999999
247183,21850-44-2,CC(C)(c1cc(Br)c(OCC(Br)CBr)c(Br)c1)c2cc(Br)c(OCC(Br)CBr)c(Br)c2,943.6143188476562,"Tetrabromobisphenol A-bis(2,3-dibromopropyl ether)",0,"InChI=1S/C21H20Br8O2/c1-21(2,11-3-15(26)19(16(27)4-11)30-9-13(24)7-22)12-5-17(28)20(18(29)6-12)31-10-14(25)8-23/h3-6,13-14H,7-10H2,1-2H3",ToxValDB,not specified,,CC(C)(c1cc(Br)c(OCC(Br)CBr)c(Br)c1)c1cc(Br)c(OCC(Br)CBr)c(Br)c1,10.13689999999999
315304,75-52-5,C[N+]([O-])=O,61.04001998901367,Nitromethane,1,InChI=1S/CH3NO2/c1-2(3)4/h1H3,ToxValDB,not specified,,C[N+](=O)[O-],-0.10710000000000008
205508,109-70-6,ClCCCBr,157.43673706054688,1-Bromo-3-chloropropane,1,InChI=1S/C3H6BrCl/c4-2-1-3-5/h1-3H2,ToxValDB,not specified,,ClCCCBr,2.0102
262651; 262674,4170-30-3,C\C=C/C=O,70.08984375,Crotonaldehyde,1,"InChI=1S/C4H6O/c1-2-3-4-5/h2-4H,1H3",ToxValDB,not specified,,CC=CC=O,0.7614000000000001
249681,25013-16-5,COc1ccc(O)c(c1)C(C)(C)C,180.24354553222656,Butylated hydroxyanisole,0,"InChI=1S/C11H16O2/c1-11(2,3)9-7-8(13-4)5-6-10(9)12/h5-7,12H,1-4H3",ToxValDB,not specified,,COc1ccc(O)c(C(C)(C)C)c1,2.6983000000000006
210276,112-30-1,CCCCCCCCCCO,158.2810821533203,1-Decanol,0,"InChI=1S/C10H22O/c1-2-3-4-5-6-7-8-9-10-11/h11H,2-10H2,1H3",ToxValDB,not specified,,CCCCCCCCCCO,3.119400000000002
205408,109-63-7,[B-]([O+](CC)CC)(F)(F)F,141.9278106689453,(Diethyl ether)trifluoroborane,1,"InChI=1S/C4H10BF3O/c1-3-9(4-2)5(6,7)8/h3-4H2,1-2H3",ToxValDB,not specified,,CC[O+](CC)[B-](F)(F)F,1.9225999999999999
263558,44914-03-6,CCC(C)COC(=O)C=C,142.195556640625,"2-Propenoic acid, 2-methylbutyl ester",1,"InChI=1S/C8H14O2/c1-4-7(3)6-10-8(9)5-2/h5,7H,2,4,6H2,1,3H3",ToxValDB,not specified,,C=CC(=O)OCC(C)CC,1.7617
200993,106-43-4,Cc1ccc(Cl)cc1,126.58348083496094,4-Chlorotoluene,0,"InChI=1S/C7H7Cl/c1-6-2-4-7(8)5-3-6/h2-5H,1H3",ToxValDB,not specified,,Cc1ccc(Cl)cc1,2.6484200000000007
247691,2235-46-3,CCN(CC)C(=O)CC(C)=O,157.210205078125,"N,N-diethyl-3-oxobutyramide",1,"InChI=1S/C8H15NO2/c1-4-9(5-2)8(11)6-7(3)10/h4-6H2,1-3H3",ToxValDB,not specified,,CCN(CC)C(=O)CC(C)=O,0.8338999999999999
199935; 934704,104-90-5,CCc1ccc(C)nc1,121.17964172363281,5-Ethyl-2-methylpyridine,1,"InChI=1S/C8H11N/c1-3-8-5-4-7(2)9-6-8/h4-6H,3H2,1-2H3",ToxValDB,not specified,,CCc1ccc(C)nc1,1.9524199999999998
199540,104-54-1,OC\C=C/c1ccccc1,134.17510986328125,3-Phenyl-2-propen-1-ol,0,"InChI=1S/C9H10O/c10-8-4-7-9-5-2-1-3-6-9/h1-7,10H,8H2",ToxValDB,not specified,,OCC=Cc1ccccc1,1.6921
205273; 901226,109-53-5,CC(C)COC=C,100.15888214111328,Vinyl isobutyl ether,0,"InChI=1S/C6H12O/c1-4-7-5-6(2)3/h4,6H,1,5H2,2-3H3",ToxValDB,not specified,,C=COCC(C)C,1.8025
798444; 802352,98-88-4,ClC(=O)c1ccccc1,140.56700134277344,Benzoyl chloride,1,InChI=1S/C7H5ClO/c8-7(9)6-4-2-1-3-5-6/h1-5H,ToxValDB,not specified,,O=C(Cl)c1ccccc1,2.0656
238438,14901-07-6,CC(=O)/C=C/C1=C(C)CCCC1(C)C,192.29730224609375,"4-(2,6,6-Trimethyl-cyclohex-1-enyl)-but-3-en-2-one",0,"InChI=1S/C13H20O/c1-10-6-5-9-13(3,4)12(10)8-7-11(2)14/h7-8H,5-6,9H2,1-4H3",ToxValDB,not specified,,CC(=O)C=CC1=C(C)CCCC1(C)C,3.6582000000000026
238606,149-73-5,COC(OC)OC,106.12039947509766,Trimethoxymethane,0,"InChI=1S/C4H10O3/c1-5-4(6-2)7-3/h4H,1-3H3",ToxValDB,not specified,,COC(OC)OC,0.20920000000000005
335646,85-98-3,CCN(C(=O)N(CC)c1ccccc1)c2ccccc2,268.353515625,"N,N-Diethylcarbanilide",0,"InChI=1S/C17H20N2O/c1-3-18(15-11-7-5-8-12-15)17(20)19(4-2)16-13-9-6-10-14-16/h5-14H,3-4H2,1-2H3",ToxValDB,not specified,,CCN(C(=O)N(CC)c1ccccc1)c1ccccc1,4.159400000000003
353878,98-51-1,Cc1ccc(cc1)C(C)(C)C,148.2447509765625,4-tert-Butyltoluene,1,"InChI=1S/C11H16/c1-9-5-7-10(8-6-9)11(2,3)4/h5-8H,1-4H3",ToxValDB,not specified,,Cc1ccc(C(C)(C)C)cc1,3.2925200000000014
305482,68956-55-8,CC\C=C\C,70.13290405273438,"Hydrocarbons, C5-unsatd.",0,"InChI=1S/C5H10/c1-3-5-4-2/h3,5H,4H2,1-2H3",ToxValDB,not specified,,CC=CCC,1.9725
798608,79-34-5,ClC(Cl)C(Cl)Cl,167.84927368164062,"1,1,2,2-Tetrachloroethane",1,InChI=1S/C2H2Cl4/c3-1(4)2(5)6/h1-2H,ToxValDB,not specified,,ClC(Cl)C(Cl)Cl,2.5938
912383,107-20-0,ClCC=O,78.49761962890625,Chloroacetaldehyde,1,"InChI=1S/C2H3ClO/c3-1-2-4/h2H,1H2",ToxValDB,not specified,,O=CCCl,0.4241
201219,106-47-8,Nc1ccc(Cl)cc1,127.57154083251953,4-Chloroaniline,1,"InChI=1S/C6H6ClN/c7-5-1-3-6(8)4-2-5/h1-4H,8H2",ToxValDB,not specified,,Nc1ccc(Cl)cc1,1.9222
326371,78-78-4,CCC(C)C,72.1487808227539,2-Methylbutane,0,"InChI=1S/C5H12/c1-4-5(2)3/h5H,4H2,1-3H3",ToxValDB,not specified,,CCC(C)C,2.0524
802272,583-78-8,Oc1cc(Cl)ccc1Cl,163.00135803222656,"2,5-Dichlorophenol",0,"InChI=1S/C6H4Cl2O/c7-4-1-2-5(8)6(9)3-4/h1-3,9H",ToxValDB,not specified,,Oc1cc(Cl)ccc1Cl,2.699
201748,106-88-7,CCC1CO1,72.10572052001953,"1,2-Epoxybutane",0,"InChI=1S/C4H8O/c1-2-4-3-5-4/h4H,2-3H2,1H3",ToxValDB,not specified,,CCC1CO1,0.7952
256719; 904107; 904108; 904113; 904115,30674-80-7,CC(=C)C(=O)OCCN=C=O,155.15126037597656,2-Isocyanatoethyl methacrylate,1,"InChI=1S/C7H9NO3/c1-6(2)7(10)11-4-3-8-5-9/h1,3-4H2,2H3",ToxValDB,not specified,,C=C(C)C(=O)OCCN=C=O,0.4415
798529,95-50-1,Clc1ccccc1Cl,147.001953125,"1,2-Dichlorobenzene",1,InChI=1S/C6H4Cl2/c7-5-3-1-2-4-6(5)8/h1-4H,ToxValDB,not specified,,Clc1ccccc1Cl,2.9934000000000003
255300,287-92-3,C1CCCC1,70.13290405273438,Cyclopentane,0,InChI=1S/C5H10/c1-2-4-5-3-1/h1-5H2,ToxValDB,not specified,,C1CCCC1,1.9505000000000001
267893,5413-60-5,CC(=O)OC1CC2CC1C3CC=CC23,192.25424194335938,"3a,4,5,6,7,7a-Hexahydro-1H-4,7-methanoinden-6-yl acetate",0,"InChI=1S/C12H16O2/c1-7(13)14-12-6-8-5-11(12)10-4-2-3-9(8)10/h2-3,8-12H,4-6H2,1H3",ToxValDB,not specified,,CC(=O)OC1CC2CC1C1CC=CC21,2.1502
267952; 906163; 906176,541-41-3,CCOC(Cl)=O,108.52359771728516,Ethyl chloroformate,1,"InChI=1S/C3H5ClO2/c1-2-6-3(4)5/h2H2,1H3",ToxValDB,not specified,,CCOC(=O)Cl,1.3817000000000002
924337,54041-17-7,CC(C)N(C(=O)CO)c1ccc(F)cc1,211.23277282714844,"Acetamide, N-(4-fluorophenyl)-2-hydroxy-N-(1-methylethyl)-",1,"InChI=1S/C11H14FNO2/c1-8(2)13(11(15)7-14)10-5-3-9(12)4-6-10/h3-6,8,14H,7H2,1-2H3",ToxValDB,not specified,,CC(C)N(C(=O)CO)c1ccc(F)cc1,1.5594
250775,25321-14-6,Cc1ccc(cc1[N+]([O-])=O)[N+]([O-])=O,182.133544921875,Dinitrotoluene,1,"InChI=1S/C7H6N2O4/c1-5-2-3-6(8(10)11)4-7(5)9(12)13/h2-4H,1H3",ToxValDB,not specified,,Cc1ccc([N+](=O)[O-])cc1[N+](=O)[O-],1.8114200000000005
967644; 967645,110839-12-8,Cc1c(cccc1N=C=O)N=C=O,174.15614318847656,"Reaction product Toluene 2,4- diisocyanate /Toluene-2,6-diisocynate in a ratio 80% to 20 %  in excess with Toluen-2,4-diamin /Toluidine-2,6-diamin in a ratio 80% to 20%  forming Biuret structures via  non-isolated polyurea intermediates",1,"InChI=1S/C9H6N2O2/c1-7-8(10-5-12)3-2-4-9(7)11-6-13/h2-4H,1H3",ToxValDB,not specified,,Cc1c(N=C=O)cccc1N=C=O,1.92962
307221,694-83-7,[NH3+][C@H]1CCCC[C@H]1[NH3+],116.20464324951172,"1,2-Cyclohexanediamine",1,"InChI=1S/C6H14N2/c7-5-3-1-2-4-6(5)8/h5-6H,1-4,7-8H2",ToxValDB,not specified,,NC1CCCCC1N,0.21499999999999997
352720; 924323,97-63-2,CCOC(=O)C(C)=C,114.14240264892578,Ethyl methacrylate,0,"InChI=1S/C6H10O2/c1-4-8-6(7)5(2)3/h2,4H2,1,3H3",ToxValDB,not specified,,C=C(C)C(=O)OCC,1.1256000000000002
233724,13734-41-3,CC(C)C(NC(=O)OC(C)(C)C)C(O)=O,217.2621612548828,"L-Valine, N-[(1,1-dimethylethoxy)carbonyl]-",1,"InChI=1S/C10H19NO4/c1-6(2)7(8(12)13)11-9(14)15-10(3,4)5/h6-7H,1-5H3,(H,11,14)(H,12,13)",ToxValDB,not specified,,CC(C)C(NC(=O)OC(C)(C)C)C(=O)O,1.6202999999999999
901461,107-19-7,OCC#C,56.063262939453125,Propargyl alcohol,1,"InChI=1S/C3H4O/c1-2-3-4/h1,4H,3H2",ToxValDB,not specified,,C#CCO,-0.3881000000000001
274214; 274217,624-54-4,CCCCCOC(=O)CC,144.21144104003906,Pentyl propionate,0,"InChI=1S/C8H16O2/c1-3-5-6-7-10-8(9)4-2/h3-7H2,1-2H3",ToxValDB,not specified,,CCCCCOC(=O)CC,2.1298000000000004
202884; 799988,107-31-3,COC=O,60.05195999145508,Methyl formate,0,"InChI=1S/C2H4O2/c1-4-2-3/h2H,1H3",ToxValDB,not specified,,COC=O,-0.2108000000000001
341289,91-21-4,C1Cc2ccccc2CN1,133.19033813476562,"1,2,3,4-Tetrahydroisoquinoline",1,"InChI=1S/C9H11N/c1-2-4-9-7-10-6-5-8(9)3-1/h1-4,10H,5-7H2",ToxValDB,not specified,,c1ccc2c(c1)CCNC2,1.3323
219488,122-63-4,CCC(=O)OCc1ccccc1,164.20108032226562,Benzyl propanoate,0,"InChI=1S/C10H12O2/c1-2-10(11)12-8-9-6-4-3-5-7-9/h3-7H,2,8H2,1H3",ToxValDB,not specified,,CCC(=O)OCc1ccccc1,2.1398
354688,99-57-0,Nc1cc(ccc1O)[N+]([O-])=O,154.12344360351562,2-Amino-4-nitrophenol,0,"InChI=1S/C6H6N2O3/c7-5-3-4(8(10)11)1-2-6(5)9/h1-3,9H,7H2",ToxValDB,not specified,,Nc1cc([N+](=O)[O-])ccc1O,0.8825999999999998
354744,996-35-0,CC(C)N(C)C,87.16342163085938,Dimethylisopropylamine,1,"InChI=1S/C5H13N/c1-5(2)6(3)4/h5H,1-4H3",ToxValDB,not specified,,CC(C)N(C)C,0.9564
353277,97-93-8,CC[Al](CC)CC,114.16484069824219,Triethylaluminum,1,"InChI=1S/3C2H5.Al/c3*1-2;/h3*1H2,2H3;",ToxValDB,not specified,,C[CH2][Al]([CH2]C)[CH2]C,2.5409000000000006
906285,2421-28-5,O=C1OC(=O)c2cc(ccc12)C(=O)c3ccc4C(=O)OC(=O)c4c3,322.225341796875,Benzophenonetetracarboxylic dianhydride,1,InChI=1S/C17H6O7/c18-13(7-1-3-9-11(5-7)16(21)23-14(9)19)8-2-4-10-12(6-8)17(22)24-15(10)20/h1-6H,ToxValDB,not specified,,O=C(c1ccc2c(c1)C(=O)OC2=O)c1ccc2c(c1)C(=O)OC2=O,1.5388000000000002
354158,98-85-1,CC(O)c1ccccc1,122.1644058227539,alpha-Methylbenzyl alcohol,0,"InChI=1S/C8H10O/c1-7(9)8-5-3-2-4-6-8/h2-7,9H,1H3",ToxValDB,not specified,,CC(O)c1ccccc1,1.7399
798150,25322-17-2,CCCCCCCCCc1cc2ccccc2c(c1CCCCCCCCC)[S](O)(=O)=O,460.712158203125,Dinonylnaphthalenesulfonic acid,0,"InChI=1S/C28H44O3S/c1-3-5-7-9-11-13-15-19-24-23-25-20-17-18-22-27(25)28(32(29,30)31)26(24)21-16-14-12-10-8-6-4-2/h17-18,20,22-23H,3-16,19,21H2,1-2H3,(H,29,30,31)",ToxValDB,not specified,,CCCCCCCCCc1cc2ccccc2c(S(=O)(=O)O)c1CCCCCCCCC,8.672700000000006
212156,1163-19-5,Brc1c(Br)c(Br)c(Oc2c(Br)c(Br)c(Br)c(Br)c2Br)c(Br)c1Br,959.1677856445312,"1,1-Oxybis[2,3,4,5,6-pentabromobenzene]",0,InChI=1S/C12Br10O/c13-1-3(15)7(19)11(8(20)4(1)16)23-12-9(21)5(17)2(14)6(18)10(12)22,ToxValDB,not specified,,Brc1c(Br)c(Br)c(Oc2c(Br)c(Br)c(Br)c(Br)c2Br)c(Br)c1Br,11.1039
217661; 217750,121-43-7,COB(OC)OC,103.91276550292969,Trimethyl borate,0,InChI=1S/C3H9BO3/c1-5-4(6-2)7-3/h1-3H3,ToxValDB,not specified,,COB(OC)OC,-0.08950000000000014
200168,105-45-3,COC(=O)CC(C)=O,116.11521911621094,Methyl acetoacetate,0,"InChI=1S/C5H8O3/c1-4(6)3-5(7)8-2/h3H2,1-2H3",ToxValDB,not specified,,COC(=O)CC(C)=O,0.13849999999999985
900850,50-00-0,C=O,30.02597999572754,Formaldehyde,1,InChI=1S/CH2O/c1-2/h1H2,ToxValDB,not specified,,C=O,-0.1849
962601,107-06-2,ClCCCl,98.95915985107422,"1,2-Dichloroethane",1,InChI=1S/C2H4Cl2/c3-1-2-4/h1-2H2,ToxValDB,not specified,,ClCCCl,1.464
201267; 201279,106-48-9,Oc1ccc(Cl)cc1,128.55630493164062,4-Chlorophenol,0,"InChI=1S/C6H5ClO/c7-5-1-3-6(8)4-2-5/h1-4,8H",ToxValDB,not specified,,Oc1ccc(Cl)cc1,2.0456
205885,109-99-9,C1CCOC1,72.10572052001953,Tetrahydrofuran,0,InChI=1S/C4H8O/c1-2-4-5-3-1/h1-4H2,ToxValDB,not specified,,C1CCOC1,0.7968
802523; 802674,67774-74-7,CCCCCCCCCCCc1ccccc1,232.4042205810547,"Benzene, C10-13-alkyl derivs.",0,"InChI=1S/C17H28/c1-2-3-4-5-6-7-8-9-11-14-17-15-12-10-13-16-17/h10,12-13,15-16H,2-9,11,14H2,1H3",ToxValDB,not specified,,CCCCCCCCCCCc1ccccc1,5.759900000000005
205586,109-76-2,NCCCN,74.1249008178711,"1,3-Diaminopropane",1,InChI=1S/C3H10N2/c4-2-1-3-5/h1-5H2,ToxValDB,not specified,,NCCCN,-0.7060999999999997
316435,760-23-6,ClCC(Cl)C=C,124.9964370727539,"3,4-Dichloro-1-butene",1,"InChI=1S/C4H6Cl2/c1-2-4(6)3-5/h2,4H,1,3H2",ToxValDB,not specified,,C=CC(Cl)CCl,2.0186
354103; 902194,98-83-9,CC(=C)c1ccccc1,118.17570495605469,alpha-Methylstyrene,0,"InChI=1S/C9H10/c1-8(2)9-6-4-3-5-7-9/h3-7H,1H2,2H3",ToxValDB,not specified,,C=C(C)c1ccccc1,2.7197000000000005
222567; 222573,126-99-8,ClC(=C)C=C,88.5354995727539,Chloroprene,0,"InChI=1S/C4H5Cl/c1-3-4(2)5/h3H,1-2H2",ToxValDB,not specified,,C=CC(=C)Cl,1.9249
917352; 917354; 917355; 917356; 917357; 917358,75-44-5,ClC(Cl)=O,98.91609954833984,Phosgene,1,InChI=1S/CCl2O/c2-1(3)4,ToxValDB,not specified,,O=C(Cl)Cl,1.584
338901,90604-40-3,CCCCC[C@H](CCC)CCCO,186.33424377441406,"Alcohols, C12-15-branched and linear",0,"InChI=1S/C12H26O/c1-3-5-6-9-12(8-4-2)10-7-11-13/h12-13H,3-11H2,1-2H3",ToxValDB,not specified,,CCCCCC(CCC)CCCO,3.7555000000000027
307169,6938-94-9,CC(C)OC(=O)CCCCC(=O)OC(C)C,230.30068969726562,Diisopropyl adipate,0,"InChI=1S/C12H22O4/c1-9(2)15-11(13)7-5-6-8-12(14)16-10(3)4/h9-10H,5-8H2,1-4H3",ToxValDB,not specified,,CC(C)OC(=O)CCCCC(=O)OC(C)C,2.45
803638,1646-75-9,CSC(C)(C)\C=N\O,133.21194458007812,Aldicarb oxime,1,"InChI=1S/C5H11NOS/c1-5(2,8-3)4-6-7/h4,7H,1-3H3",ToxValDB,not specified,,CSC(C)(C)C=NO,1.5879999999999999
314607,75-12-7,NC=O,45.040618896484375,Formamide,0,"InChI=1S/CH3NO/c2-1-3/h1H,(H2,2,3)",ToxValDB,not specified,,NC=O,-0.8985000000000001
217827; 935862,121-44-8,CCN(CC)CC,101.19000244140625,Triethylamine,1,"InChI=1S/C6H15N/c1-4-7(5-2)6-3/h4-6H2,1-3H3",ToxValDB,not specified,,CCN(CC)CC,1.3481
206682,110-80-5,CCOCCO,90.12100219726562,2-Ethoxyethanol,1,"InChI=1S/C4H10O2/c1-2-6-4-3-5/h5H,2-4H2,1H3",ToxValDB,not specified,,CCOCCO,0.015200000000000047
207657,111-27-3,CCCCCCO,102.17475891113281,1-Hexanol,0,"InChI=1S/C6H14O/c1-2-3-4-5-6-7/h7H,2-6H2,1H3",ToxValDB,not specified,,CCCCCCO,1.559
237242,143-08-8,CCCCCCCCCO,144.25450134277344,1-Nonanol,0,"InChI=1S/C9H20O/c1-2-3-4-5-6-7-8-9-10/h10H,2-9H2,1H3",ToxValDB,not specified,,CCCCCCCCCO,2.7293000000000016
,79-41-4,,86.08924102783203,Methacrylic acid,1,"InChI=1S/C4H6O2/c1-3(2)4(5)6/h1H2,2H3,(H,5,6)",ECHA,not specified,,C=C(C)C(=O)O,0.6471
3415,74-89-5,,31.057100296020508,methanamine,1,"InChI=1S/CH5N/c1-2/h2H2,1H3",ECHA,V,,CN,-0.4251
1787; 1786,107-85-7,,87.16342163085938,3-methylbutan-1-amine,1,"InChI=1S/C5H13N/c1-5(2)3-4-6/h5H,3-4,6H2,1-2H3",ECHA,V,,CC(C)CCN,0.9912000000000001
3744,76622-74-7,,352.5313415527344,potassium (Z)-N-methyl-N-(1-oxo-9-octadecenyl)aminoacetate,1,"InChI=1S/C21H39NO3/c1-3-4-5-6-7-8-9-10-11-12-13-14-15-16-17-18-20(23)22(2)19-21(24)25/h10-11H,3-9,12-19H2,1-2H3,(H,24,25)",ECHA,A,,CCCCCCCCC=CCCCCCCCC(=O)N(C)CC(=O)O,5.566900000000005
1342; 1340; 1343,2439-35-2,,143.18362426757812,2-(dimethylamino)ethyl acrylate,1,"InChI=1S/C7H13NO2/c1-4-7(9)10-6-5-8(2)3/h4H,1,5-6H2,2-3H3",ECHA,V; A,,C=CC(=O)OCCN(C)C,0.2771999999999999
3770; 3771,96-05-9,,126.15310668945312,prop-2-en-1-yl 2-methylprop-2-enoate,1,"InChI=1S/C7H10O2/c1-4-5-9-7(8)6(2)3/h4H,1-2,5H2,3H3",ECHA,V,,C=CCOC(=O)C(=C)C,1.2917
999,1477-55-0,,136.19427490234375,"1,3-phenylenedimethanamine",1,"InChI=1S/C8H12N2/c9-5-7-2-1-3-8(4-7)6-10/h1-4H,5-6,9-10H2",ECHA,A,,NCc1cccc(CN)c1,0.604
4645,3033-62-3,,160.2572021484375,{2-[2-(dimethylamino)ethoxy]ethyl}dimethylamine,1,"InChI=1S/C8H20N2O/c1-9(2)5-7-11-8-6-10(3)4/h5-8H2,1-4H3",ECHA,A,,CN(C)CCOCCN(C)C,0.1262000000000003
1181; 1183; 1180; 1184,111-36-4,,99.13105773925781,1-isocyanatobutane,1,"InChI=1S/C5H9NO/c1-2-3-4-6-5-7/h2-4H2,1H3",ECHA,V,,CCCCN=C=O,1.1223
3220,98-01-1,,96.08406066894531,furan-2-carbaldehyde,1,InChI=1S/C5H4O2/c6-4-5-2-1-3-7-5/h1-4H,ECHA,A,,O=Cc1ccco1,1.0920999999999998
4015; 4016,102-82-9,,185.3494873046875,tributylamine,1,"InChI=1S/C12H27N/c1-4-7-10-13(11-8-5-2)12-9-6-3/h4-12H2,1-3H3",ECHA,V,,CCCCN(CCCC)CCCC,3.6887000000000025
4298,76114-73-3,,155.19432067871094,unnamed [76114-73-3],1,"InChI=1S/C8H13NO2/c1-3-5-6-9-8(10)11-7-4-2/h2H,3,5-7H2,1H3,(H,9,10)",ECHA,A,,C#CCOC(=O)NCCCC,1.1459000000000001
3123; 3122; 3120; 3121; 3119,79-21-0,,76.05136108398438,ethaneperoxoic acid,1,"InChI=1S/C2H4O3/c1-2(3)5-4/h4H,1H3",ECHA,A,,CC(=O)OO,0.02249999999999991
2560,137-26-8,,240.43287658691406,[disulfanediylbis(carbonothioylnitrilo)]tetramethane,1,InChI=1S/C6H12N2S4/c1-7(2)5(9)11-12-6(10)8(3)4/h1-4H3,ECHA,A,,CN(C)C(=S)SSC(=S)N(C)C,2.0608
1170,5873-54-1,,250.25210571289062,1-isocyanato-2-(4-isocyanatobenzyl)benzene,1,"InChI=1S/C15H10N2O2/c18-10-16-14-7-5-12(6-8-14)9-13-3-1-2-4-15(13)17-11-19/h1-8H,9H2",ECHA,A,,O=C=Nc1ccc(Cc2ccccc2N=C=O)cc1,3.2120000000000015
930; 929; 931,102-36-3,,188.0108184814453,"1,2-dichloro-4-isocyanatobenzene",1,InChI=1S/C7H3Cl2NO/c8-6-2-1-5(10-4-11)3-7(6)9/h1-3H,ECHA,V; A,,O=C=Nc1ccc(Cl)c(Cl)c1,2.960700000000001
1202,626-67-5,,99.17411804199219,1-methylpiperidine,1,"InChI=1S/C6H13N/c1-7-5-3-2-4-6-7/h2-6H2,1H3",ECHA,V,,CN1CCCCC1,1.1021
1785,107-86-8,,84.11642456054688,3-methylbut-2-enal,1,"InChI=1S/C5H8O/c1-5(2)3-4-6/h3-4H,1-2H3",ECHA,V,,CC(C)=CC=O,1.1515
3704; 3712; 3709,111-30-8,,100.1158218383789,pentanedial,1,"InChI=1S/C5H8O2/c6-4-2-1-3-5-7/h4-5H,1-3H2",ECHA,A,,O=CCCCC=O,0.5545
1179,101-68-8,,250.25210571289062,1-isocyanato-4-[(4-isocyanatophenyl)methyl]benzene,1,"InChI=1S/C15H10N2O2/c18-10-16-14-5-1-12(2-6-14)9-13-3-7-15(8-4-13)17-11-19/h1-8H,9H2",ECHA,A,,O=C=Nc1ccc(Cc2ccc(N=C=O)cc2)cc1,3.2120000000000015
2395,66063-15-8,,209.71514892578125,N-(4-chlorobenzyl)cyclopentanamine,1,"InChI=1S/C12H16ClN/c13-11-7-5-10(6-8-11)9-14-12-3-1-2-4-12/h5-8,12,14H,1-4,9H2",ECHA,A,,Clc1ccc(CNC2CCCC2)cc1,3.372200000000002
3462; 3463,79-22-1,,94.49701690673828,methyl chlorocarbonate,1,InChI=1S/C2H3ClO2/c1-5-2(3)4/h1H3,ECHA,V,,COC(=O)Cl,0.9916
3532,111-84-2,,128.25509643554688,nonane,1,"InChI=1S/C9H20/c1-3-5-7-9-8-6-4-2/h3-9H2,1-2H3",ECHA,V,,CCCCCCCCC,3.7569000000000026
2729; 2719; 2724; 2726; 2727; 2728; 2722; 2723,141-32-2,,128.16897583007812,butyl prop-2-enoate,1,"InChI=1S/C7H12O2/c1-3-5-6-9-7(8)4-2/h4H,2-3,5-6H2,1H3",ECHA,V,,C=CC(=O)OCCCC,1.5156999999999998
1700,1003-14-1,,86.1323013305664,2-propyloxirane,1,"InChI=1S/C5H10O/c1-2-3-5-4-6-5/h5H,2-4H2,1H3",ECHA,V,,CCCC1CO1,1.1853
1893; 2869; 2863,68037-01-4,,140.26580810546875,"8-ethyl-10,12-diheptyl-9,11,13-trimethylhenicosane; 8-ethyl-10-heptyl-9,11-dimethylnonadecane",0,"InChI=1S/C10H20/c1-3-5-7-9-10-8-6-4-2/h3H,1,4-10H2,2H3",ECHA,V; A,,C=CCCCCCCCC,3.9230000000000027
1662,78-84-2,,72.10572052001953,2-methylpropanal,0,"InChI=1S/C4H8O/c1-4(2)3-5/h3-4H,1-2H3",ECHA,V,,CC(C)C=O,0.8412999999999999
873,544-01-4,,158.2810821533203,"1,1'-oxybis(3-methylbutane)",1,"InChI=1S/C10H22O/c1-9(2)5-7-11-8-6-10(3)4/h9-10H,5-8H2,1-4H3",ECHA,V,,CC(C)CCOCCC(C)C,3.095200000000002
1279,700-13-0,,152.1903839111328,"2,3,5-trimethylbenzene-1,4-diol",1,"InChI=1S/C9H12O2/c1-5-4-8(10)6(2)7(3)9(5)11/h4,10-11H,1-3H3",ECHA,A,,Cc1cc(O)c(C)c(C)c1O,2.0230600000000005
1295,2162-73-4,,286.3687744140625,"2,4-diisocyanato-1,3,5-triisopropylbenzene",1,"InChI=1S/C17H22N2O2/c1-10(2)13-7-14(11(3)4)17(19-9-21)15(12(5)6)16(13)18-8-20/h7,10-12H,1-6H3",ECHA,A,,CC(C)c1cc(C(C)C)c(N=C=O)c(C(C)C)c1N=C=O,4.991400000000004
973,2778-42-9,,244.28904724121094,"1,3-bis(2-isocyanatopropan-2-yl)benzene",1,"InChI=1S/C14H16N2O2/c1-13(2,15-9-17)11-6-5-7-12(8-11)14(3,4)16-10-18/h5-8H,1-4H3",ECHA,A,,CC(C)(N=C=O)c1cccc(C(C)(C)N=C=O)c1,2.828400000000001
308,93685-80-4,,226.441162109375,-,1,"InChI=1S/C16H34/c1-4-5-6-7-8-9-10-11-12-13-14-15-16(2)3/h16H,4-15H2,1-3H3",ECHA,A,,CCCCCCCCCCCCCC(C)C,6.343500000000007
3475; 3477; 3469; 3476; 3473; 3478; 3471; 3472,96-33-3,,86.08924102783203,methyl prop-2-enoate,1,"InChI=1S/C4H6O2/c1-3-4(5)6-2/h3H,1H2,2H3",ECHA,V,,C=CC(=O)OC,0.34539999999999993
1132,611-19-8,,161.02853393554688,1-chloro-2-(chloromethyl)benzene,1,"InChI=1S/C7H6Cl2/c8-5-6-3-1-2-4-7(6)9/h1-4H,5H2",ECHA,A,,ClCc1ccccc1Cl,3.078800000000001
3215,64-18-6,,46.0253791809082,formic acid,1,"InChI=1S/CH2O2/c2-1-3/h1H,(H,2,3)",ECHA,V,,O=CO,-0.29919999999999997
1337,100-37-8,,117.18939971923828,2-(diethylamino)ethan-1-ol,1,"InChI=1S/C6H15NO/c1-3-7(4-2)5-6-8/h8H,3-6H2,1-2H3",ECHA,V,,CCN(CC)CCO,0.32050000000000006
961,110-88-3,,90.07794189453125,"1,3,5-trioxane",0,InChI=1S/C3H6O3/c1-4-2-6-3-5-1/h1-3H2,ECHA,V,,C1OCOCO1,-0.07769999999999999
1769,106-95-6,,120.97579956054688,3-bromoprop-1-ene,1,"InChI=1S/C3H5Br/c1-2-3-4/h2H,1,3H2",ECHA,V,,C=CCBr,1.5673
1454,110-76-9,,90.14418029785156,2-ethoxyethanamine,0,"InChI=1S/C4H11NO/c1-2-6-4-3-5/h2-5H2,1H3",ECHA,V,,CCOCCN,-0.01839999999999986
1679,109-06-8,,93.12648010253906,2-methylpyridine,1,"InChI=1S/C6H7N/c1-6-4-2-3-5-7-6/h2-5H,1H3",ECHA,V,,Cc1ccccn1,1.39002
3324,111-69-3,,108.14112091064453,hexanedinitrile,1,InChI=1S/C6H8N2/c7-5-3-1-2-4-6-8/h1-4H2,ECHA,A,,N#CCCCCC#N,1.59396
1514,96-17-3,,86.1323013305664,2-methylbutanal,0,"InChI=1S/C5H10O/c1-3-5(2)4-6/h4-5H,3H2,1-2H3",ECHA,V,,CCC(C)C=O,1.2314
1107,27138-31-4,,342.38568115234375,1-[2-(benzoyloxy)propoxy]propan-2-yl benzoate 1-{[1-(benzoyloxy)propan-2-yl]oxy}propan-2-yl benzoate 2-{[1-(benzoyloxy)propan-2-yl]oxy}propyl benzoate,0,"InChI=1S/C20H22O5/c21-19(17-9-3-1-4-10-17)24-15-7-13-23-14-8-16-25-20(22)18-11-5-2-6-12-18/h1-6,9-12H,7-8,13-16H2",ECHA,A,,O=C(OCCCOCCCOC(=O)c1ccccc1)c1ccccc1,3.497200000000002
1495,1634-04-4,,88.14817810058594,2-methoxy-2-methylpropane,0,"InChI=1S/C5H12O/c1-5(2,3)6-4/h1-4H3",ECHA,V,,COC(C)(C)C,1.4313
589,13893-53-3,,112.17288208007812,-,1,"InChI=1S/C6H12N2/c1-5(2)6(3,8)4-7/h5H,8H2,1-3H3",ECHA,V,,CC(C)C(C)(N)C#N,0.88338
3611; 3576; 3584; 3609; 3567; 3598; 3610; 3617,112-88-9,,252.47845458984375,octadec-1-ene,0,"InChI=1S/C18H36/c1-3-5-7-9-11-13-15-17-18-16-14-12-10-8-6-4-2/h3H,1,4-18H2,2H3",ECHA,V,,C=CCCCCCCCCCCCCCCCC,7.043800000000006
1838,4635-59-0,,140.99583435058594,4-chlorobutanoyl chloride,1,InChI=1S/C4H6Cl2O/c5-3-1-2-4(6)7/h1-3H2,ECHA,V,,O=C(Cl)CCCCl,1.7708
1512,115-19-5,,84.11642456054688,2-methylbut-3-yn-2-ol,0,"InChI=1S/C5H8O/c1-4-5(2,3)6/h1,6H,2-3H3",ECHA,V,,C#CC(C)(C)O,0.3905
1675; 1676,106-63-8,,128.16897583007812,2-methylpropyl prop-2-enoate,1,"InChI=1S/C7H12O2/c1-4-7(8)9-5-6(2)3/h4,6H,1,5H2,2-3H3",ECHA,V,,C=CC(=O)OCC(C)C,1.3716
3921,75-91-2,,90.12100219726562,tert-butyl hydroperoxide,1,"InChI=1S/C4H10O2/c1-4(2,3)6-5/h5H,1-3H3",ECHA,A,,CC(C)(C)OO,1.2745
2832,1569-69-3,,116.22447967529297,cyclohexanethiol,1,"InChI=1S/C6H12S/c7-6-4-2-1-3-5-6/h6-7H,1-5H2",ECHA,V,,SC1CCCCC1,2.2489
1171,621-29-4,,133.14727783203125,1-isocyanato-3-methylbenzene,1,"InChI=1S/C8H7NO/c1-7-3-2-4-8(5-7)9-6-10/h2-5H,1H3",ECHA,V,,Cc1cccc(N=C=O)c1,1.9623199999999998
3090; 3095,112-41-4,,168.3189697265625,dodec-1-ene,0,"InChI=1S/C12H24/c1-3-5-7-9-11-12-10-8-6-4-2/h3H,1,4-12H2,2H3",ECHA,V,,C=CCCCCCCCCCC,4.703200000000004
3794,67-64-1,,58.079139709472656,propan-2-one,0,InChI=1S/C3H6O/c1-3(2)4/h1-2H3,ECHA,V,,CC(C)=O,0.5952999999999999
3813,1121-60-4,,107.11000061035156,pyridine-2-carbaldehyde,1,InChI=1S/C6H5NO/c8-5-6-3-1-2-4-7-6/h1-5H,ECHA,A,,O=Cc1ccccn1,0.8940999999999999
3118,79-37-8,,126.92620086669922,ethanedioyl dichloride,1,InChI=1S/C2Cl2O2/c3-1(5)2(4)6,ECHA,V,,O=C(Cl)C(=O)Cl,0.5172
1247,107-51-7,,236.53146362304688,"2,2,4,4,6,6-hexamethyl-3,5-dioxa-2,4,6-trisilaheptane",0,"InChI=1S/C8H24O2Si3/c1-11(2,3)9-13(7,8)10-12(4,5)6/h1-8H3",ECHA,V,,C[Si](C)(C)O[Si](C)(C)O[Si](C)(C)C,3.391200000000002
3979,75-76-3,,88.22357940673828,tetramethylsilane,0,"InChI=1S/C4H12Si/c1-5(2,3)4/h1-4H3",ECHA,V,,C[Si](C)(C)C,1.9544
993,505-65-7,,102.13169860839844,"1,3-dioxepane",0,InChI=1S/C5H10O2/c1-2-4-7-5-6-3-1/h1-5H2,ECHA,V,,C1CCOCOC1,0.7709
1653,760-93-0,,154.1632080078125,2-methylprop-2-enoyl 2-methylprop-2-enoate,1,"InChI=1S/C8H10O3/c1-5(2)7(9)11-8(10)6(3)4/h1,3H2,2,4H3",ECHA,A,,C=C(C)C(=O)OC(=O)C(=C)C,1.2084
1673,79-30-1,,106.55078125,2-methylpropanoyl chloride,1,"InChI=1S/C4H7ClO/c1-3(2)4(5)6/h3H,1-2H3",ECHA,V,,CC(C)C(=O)Cl,1.4078
3372,103-71-9,,119.1207046508789,isocyanatobenzene,1,InChI=1S/C7H5NO/c9-6-8-7-4-2-1-3-5-7/h1-5H,ECHA,V,,O=C=Nc1ccccc1,1.6539
1702; 3851,60-24-2,,77.62947082519531,2-sulfanylethan-1-ol,1,"InChI=1S/C2H6OS/c3-1-2-4/h3-4H,1-2H2",ECHA,V,,OCCS,-0.09150000000000003
1806,107-96-0,,106.14353942871094,3-sulfanylpropanoic acid,1,"InChI=1S/C3H6O2S/c4-3(5)1-2-6/h6H,1-2H2,(H,4,5)",ECHA,A,,O=C(O)CCS,0.3909000000000001
2690,110-65-6,,86.08924102783203,"but-2-yne-1,4-diol",1,"InChI=1S/C4H6O2/c5-3-1-2-4-6/h5-6H,3-4H2",ECHA,A,,OCC#CCO,-1.0256
3127; 3125,75-08-1,,62.13404083251953,ethanethiol,1,"InChI=1S/C2H6S/c1-2-3/h3H,2H2,1H3",ECHA,V,,CCS,0.9360999999999999
194; 192,15396-00-6,,205.28379821777344,(3-isocyanatopropyl)trimethoxysilane,1,"InChI=1S/C7H15NO4Si/c1-10-13(11-2,12-3)6-4-5-8-7-9/h4-6H2,1-3H3",ECHA,V,,CO[Si](CCCN=C=O)(OC)OC,0.5903999999999998
1733,36727-29-4,,176.68368530273438,"3,5,5-trimethylhexanoyl chloride",1,"InChI=1S/C9H17ClO/c1-7(5-8(10)11)6-9(2,3)4/h7H,5-6H2,1-4H3",ECHA,V,,CC(CC(=O)Cl)CC(C)(C)C,3.2142000000000017
2615,95-54-5,,108.14112091064453,"benzene-1,2-diamine",1,"InChI=1S/C6H8N2/c7-5-3-1-2-4-6(5)8/h1-4H,7-8H2",ECHA,A,,Nc1ccccc1N,0.851
3862,85209-91-2,,485.6151428222656,"sodium 5,7,13,15-tetra-tert-butyl-10-oxo-9,11-dioxa-10??????-phosphatricyclo[10.4.0.0??,????]hexadeca-1(12),3,5,7,13,15-hexaen-10-olate",1,"InChI=1S/C29H43O4P/c1-26(2,3)20-14-18-13-19-15-21(27(4,5)6)17-23(29(10,11)12)25(19)33-34(30,31)32-24(18)22(16-20)28(7,8)9/h14-17H,13H2,1-12H3,(H,30,31)",ECHA,A,,CC(C)(C)c1cc2c(c(C(C)(C)C)c1)OP(=O)(O)Oc1c(cc(C(C)(C)C)cc1C(C)(C)C)C2,8.339000000000008
3300; 3275; 3254; 3307; 3282; 3302; 3299; 3280,26952-14-7,,224.42529296875,hexadec-1-ene,0,"InChI=1S/C16H32/c1-3-5-7-9-11-13-15-16-14-12-10-8-6-4-2/h3H,1,4-16H2,2H3",ECHA,V,,C=CCCCCCCCCCCCCCC,6.263600000000006
2527,759-94-4,,189.31826782226562,S-ethyl dipropylthiocarbamate,1,"InChI=1S/C9H19NOS/c1-4-7-10(8-5-2)9(11)12-6-3/h4-8H2,1-3H3",ECHA,A,,CCCN(CCC)C(=O)SCC,2.9815000000000014
1885,91-76-9,,187.20126342773438,"6-phenyl-1,3,5-triazine-2,4-diamine",1,"InChI=1S/C9H9N5/c10-8-12-7(13-9(11)14-8)6-4-2-1-3-5-6/h1-5H,(H4,10,11,12,13,14)",ECHA,A,,Nc1nc(N)nc(-c2ccccc2)n1,0.7030000000000001
1502,3121-61-7,,130.1417999267578,2-methoxyethyl prop-2-enoate,1,"InChI=1S/C6H10O3/c1-3-6(7)9-5-4-8-2/h3H,1,4-5H2,2H3",ECHA,V,,C=CC(=O)OCCOC,0.3619999999999999
3947; 3952; 3938; 3950,1120-36-1,,196.37213134765622,tetradec-1-ene,0,"InChI=1S/C14H28/c1-3-5-7-9-11-13-14-12-10-8-6-4-2/h3H,1,4-14H2,2H3",ECHA,V,,C=CCCCCCCCCCCCC,5.483400000000005
4613,110-62-3,,86.1323013305664,valeraldehyde,1,"InChI=1S/C5H10O/c1-2-3-4-5-6/h5H,2-4H2,1H3",ECHA,V,,CCCCC=O,1.3755
1143,2909-38-8,,153.56576538085938,1-chloro-3-isocyanatobenzene,1,InChI=1S/C7H4ClNO/c8-6-2-1-3-7(4-6)9-5-10/h1-4H,ECHA,V,,O=C=Nc1cccc(Cl)c1,2.3073000000000006
1208,941-69-5,,173.16807556152344,"1-phenyl-2,5-dihydro-1H-pyrrole-2,5-dione",1,InChI=1S/C10H7NO2/c12-9-6-7-10(13)11(9)8-4-2-1-3-5-8/h1-7H,ECHA,A,,O=C1C=CC(=O)N1c1ccccc1,1.1159999999999999
2547,9005-64-5,,522.669189453125,"Sorbitan monolaurate, ethoxylated",0,"InChI=1S/C26H50O10/c1-2-3-4-5-6-7-8-9-10-11-24(30)34-19-18-31-20-22(32-15-12-27)26-25(35-17-14-29)23(21-36-26)33-16-13-28/h22-23,25-29H,2-21H2,1H3",ECHA,A,,CCCCCCCCCCCC(=O)OCCOCC(OCCO)C1OCC(OCCO)C1OCCO,1.9984000000000006
3627,556-67-2,,296.6157531738281,"octamethyl-1,3,5,7,2,4,6,8-tetraoxatetrasilocane",0,"InChI=1S/C8H24O4Si4/c1-13(2)9-14(3,4)11-16(7,8)12-15(5,6)10-13/h1-8H3",ECHA,A,,C[Si]1(C)O[Si](C)(C)O[Si](C)(C)O[Si](C)(C)O1,2.8736000000000015
1510,115-18-4,,86.1323013305664,2-methylbut-3-en-2-ol,0,"InChI=1S/C5H10O/c1-4-5(2,3)6/h4,6H,1H2,2-3H3",ECHA,V,,C=CC(C)(C)O,0.9433
2694,109-73-9,,73.1368408203125,butan-1-amine,1,"InChI=1S/C4H11N/c1-2-3-4-5/h2-5H2,1H3",ECHA,V,,CCCCN,0.7452000000000001
1164,766-09-6,,113.20069885253906,1-ethylpiperidine,1,"InChI=1S/C7H15N/c1-2-8-6-4-3-5-7-8/h2-7H2,1H3",ECHA,V,,CCN1CCCCC1,1.4922
1735,591-22-0,,107.15306091308594,"3,5-dimethylpyridine",1,"InChI=1S/C7H9N/c1-6-3-7(2)5-8-4-6/h3-5H,1-2H3",ECHA,V,,Cc1cncc(C)c1,1.69844
1819,6864-37-5,,238.412109375,4-[(4-amino-3-methylcyclohexyl)methyl]-2-methylcyclohexan-1-amine,1,"InChI=1S/C15H30N2/c1-10-7-12(3-5-14(10)16)9-13-4-6-15(17)11(2)8-13/h10-15H,3-9,16-17H2,1-2H3",ECHA,A,,CC1CC(CC2CCC(N)C(C)C2)CCC1N,2.9035
2563,75-07-0,,44.05255889892578,acetaldehyde,0,"InChI=1S/C2H4O/c1-2-3/h2H,1H3",ECHA,V,,CC=O,0.2052
3628; 3629,111-86-4,,129.2431640625,octan-1-amine,1,"InChI=1S/C8H19N/c1-2-3-4-5-6-7-8-9/h2-9H2,1H3",ECHA,A,,CCCCCCCCN,2.3056
3924,1663-39-4,,128.16897583007812,tert-butyl prop-2-enoate,1,"InChI=1S/C7H12O2/c1-5-6(8)9-7(2,3)4/h5H,1H2,2-4H3",ECHA,V,,C=CC(=O)OC(C)(C)C,1.5141
188,109-55-7,,102.17806243896484,(3-aminopropyl)dimethylamine,0,"InChI=1S/C5H14N2/c1-7(2)5-3-4-6/h3-6H2,1-2H3",ECHA,V,,CN(C)CCCN,-0.10320000000000007
2937,1558-33-4,,163.50559997558594,dichloro(chloromethyl)methylsilane,1,"InChI=1S/C2H5Cl3Si/c1-6(4,5)2-3/h2H2,1H3",ECHA,V,,C[Si](Cl)(Cl)CCl,2.314
2645,498-66-8,,94.15430450439453,bicyclo[2.2.1]hept-2-ene,0,"InChI=1S/C7H10/c1-2-7-4-3-6(1)5-7/h1-2,6-7H,3-5H2",ECHA,A,,C1=CC2CCC1C2,1.9725
3206,7087-68-5,,129.2431640625,ethylbis(propan-2-yl)amine,1,"InChI=1S/C8H19N/c1-6-9(7(2)3)8(4)5/h7-8H,6H2,1-5H3",ECHA,V,,CCN(C(C)C)C(C)C,2.1250999999999998
3790; 3791,75-31-0,,59.110260009765625,propan-2-amine,1,"InChI=1S/C3H9N/c1-3(2)4/h3H,4H2,1-2H3",ECHA,V,,CC(C)N,0.35350000000000004
2683,74-97-5,,129.38357543945312,bromo(chloro)methane,0,InChI=1S/CH2BrCl/c2-1-3/h1H2,ECHA,V,,ClCBr,1.5776
1986; 1978,68526-55-6,,126.23922729492188,"Alkenes, C8-10, C9-rich",0,"InChI=1S/C9H18/c1-3-5-7-9-8-6-4-2/h3H,1,4-9H2,2H3",ECHA,V,,C=CCCCCCCC,3.5329000000000024
3480,111-81-9,,198.3018798828125,methyl undec-10-enoate,1,"InChI=1S/C12H22O2/c1-3-4-5-6-7-8-9-10-11-12(13)14-2/h3H,1,4-11H2,2H3",ECHA,A,,C=CCCCCCCCCC(=O)OC,3.4662000000000015
2654,105-83-9,,145.24586486816406,bis(3-aminopropyl)(methyl)amine,1,"InChI=1S/C7H19N3/c1-10(6-2-4-8)7-3-5-9/h2-9H2,1H3",ECHA,A,,CN(CCCN)CCCN,-0.3841999999999987
1175; 1176; 1177,5124-30-1,,262.3473815917969,1-isocyanato-4-[(4-isocyanatocyclohexyl)methyl]cyclohexane,1,"InChI=1S/C15H22N2O2/c18-10-16-14-5-1-12(2-6-14)9-13-3-7-15(8-4-13)17-11-19/h12-15H,1-9H2",ECHA,A,,O=C=NC1CCC(CC2CCC(N=C=O)CC2)CC1,3.165700000000002
1312,6850-63-1,,127.22727966308594,"2,6-dimethylcyclohexanamine",1,"InChI=1S/C8H17N/c1-6-4-3-5-7(2)8(6)9/h6-8H,3-5,9H2,1-2H3",ECHA,V,,CC1CCCC(C)C1N,1.7698
3557; 3562; 3558; 3546; 3548; 3547; 3540; 3561; 3563; 3553; 3541; 3552; 3542,111-66-0,,112.212646484375,oct-1-ene,0,"InChI=1S/C8H16/c1-3-5-7-8-6-4-2/h3H,1,4-8H2,2H3",ECHA,V,,C=CCCCCCC,3.142800000000002
3459,2935-90-2,,120.17012023925781,methyl 3-sulfanylpropanoate,1,"InChI=1S/C4H8O2S/c1-6-4(5)2-3-7/h7H,2-3H2,1H3",ECHA,V,,COC(=O)CCS,0.4792999999999999
1400,133-06-2,,300.5893249511719,"2-[(trichloromethyl)sulfanyl]-2,3,3a,4,7,7a-hexahydro-1H-isoindole-1,3-dione",1,"InChI=1S/C9H8Cl3NO2S/c10-9(11,12)16-13-7(14)5-3-1-2-4-6(5)8(13)15/h1-2,5-6H,3-4H2",ECHA,A,,O=C1C2CC=CCC2C(=O)N1SC(Cl)(Cl)Cl,2.9135000000000018
3640; 3638; 3639,107-22-2,,58.03607940673828,oxaldehyde,1,InChI=1S/C2H2O2/c3-1-2-4/h1-2H,ECHA,A,,O=CC=O,-0.6158000000000001
3128,64-17-5,,46.06843948364258,ethanol,0,"InChI=1S/C2H6O/c1-2-3/h3H,2H2,1H3",ECHA,V,,CCO,-0.0014000000000000123
1283,1653-19-6,,122.98056030273438,"2,3-dichlorobuta-1,3-diene",1,InChI=1S/C4H4Cl2/c1-3(5)4(2)6/h1-2H2,ECHA,G,,C=C(Cl)C(=C)Cl,2.4914000000000005
3244; 3245,592-41-6,,84.15948486328125,hex-1-ene,0,"InChI=1S/C6H12/c1-3-5-6-4-2/h3H,1,4-6H2,2H3",ECHA,V,,C=CCCCC,2.3626000000000005
1773,624-65-7,,74.50891876220703,3-chloroprop-1-yne,1,"InChI=1S/C3H3Cl/c1-2-3-4/h1H,3H2",ECHA,V,,C#CCCl,0.8584
1729,471-01-2,,138.2068634033203,"3,5,5-trimethylcyclohex-3-en-1-one",1,"InChI=1S/C9H14O/c1-7-4-8(10)6-9(2,3)5-7/h5H,4,6H2,1-3H3",ECHA,V,,CC1=CC(C)(C)CC(=O)C1,2.3218000000000005
2846,142-29-0,,68.11701965332031,cyclopentene,0,"InChI=1S/C5H8/c1-2-4-5-3-1/h1-2H,3-5H2",ECHA,V,,C1=CCCC1,1.7265
1358,110-05-4,,146.22732543945312,2-(tert-butylperoxy)-2-methylpropane,0,"InChI=1S/C8H18O2/c1-7(2,3)9-10-8(4,5)6/h1-6H3",ECHA,V,,CC(C)(C)OOC(C)(C)C,2.531600000000001
868,2422-91-5,,367.35693359375,"1,1',1'-methanetriyltris(4-isocyanatobenzene)",1,"InChI=1S/C22H13N3O3/c26-13-23-19-7-1-16(2-8-19)22(17-3-9-20(10-4-17)24-14-27)18-5-11-21(12-6-18)25-15-28/h1-12,22H",ECHA,A,,O=C=Nc1ccc(C(c2ccc(N=C=O)cc2)c2ccc(N=C=O)cc2)cc1,4.7687000000000035
2622,100-20-9,,203.02215576171875,"benzene-1,4-dicarbonyl dichloride",1,InChI=1S/C8H4Cl2O2/c9-7(11)5-1-2-6(4-3-5)8(10)12/h1-4H,ECHA,A,,O=C(Cl)c1ccc(C(=O)Cl)cc1,2.4446000000000003
1155,15667-63-7,,125.12528228759766,1-cyanoprop-2-en-1-yl acetate,1,"InChI=1S/C6H7NO2/c1-3-6(4-7)9-5(2)8/h3,6H,1H2,2H3",ECHA,V,,C=CC(C#N)OC(C)=O,0.62768
4031,108-77-0,,184.41119384765625,"trichloro-1,3,5-triazine",1,InChI=1S/C3Cl3N3/c4-1-7-2(5)9-3(6)8-1,ECHA,A,,Clc1nc(Cl)nc(Cl)n1,1.8318000000000003
1491,1609-86-5,,99.13105773925781,2-isocyanato-2-methylpropane,1,"InChI=1S/C5H9NO/c1-5(2,3)6-4-7/h1-3H3",ECHA,V,,CC(C)(C)N=C=O,1.1207
1093,108-16-7,,103.1628189086914,1-(dimethylamino)propan-2-ol,1,"InChI=1S/C5H13NO/c1-5(7)4-6(2)3/h5,7H,4H2,1-3H3",ECHA,V,,CC(O)CN(C)C,-0.07119999999999993
1264,540-84-1,,114.22852325439453,"2,2,4-trimethylpentane",0,"InChI=1S/C8H18/c1-7(2)6-8(3,4)5/h7H,6H2,1-5H3",ECHA,V,,CC(C)CC(C)(C)C,3.0786000000000016
1868; 1869,4098-71-9,,222.2835235595703,"5-isocyanato-1-(isocyanatomethyl)-1,3,3-trimethylcyclohexane",1,"InChI=1S/C12H18N2O2/c1-11(2)4-10(14-9-16)5-12(3,6-11)7-13-8-15/h10H,4-7H2,1-3H3",ECHA,A,,CC1(C)CC(N=C=O)CC(C)(CN=C=O)C1,2.2430000000000003
2842,1003-03-8,,85.14753723144531,cyclopentanamine,1,"InChI=1S/C5H11N/c6-5-3-1-2-4-5/h5H,1-4,6H2",ECHA,V,,NC1CCCC1,0.8876999999999999
3782; 3781,79-10-7,,72.06266021728516,prop-2-enoic acid,1,"InChI=1S/C3H4O2/c1-2-3(4)5/h2H,1H2,(H,4,5)",ECHA,V,,C=CC(=O)O,0.25699999999999995
3777; 3775; 3776,107-13-1,,53.06262207031249,prop-2-enenitrile,1,"InChI=1S/C3H3N/c1-2-3-4/h2H,1H2",ECHA,V,,C=CC#N,0.6959799999999999
1135,111-91-1,,173.03770446777344,1-chloro-2-[(2-chloroethoxy)methoxy]ethane,1,InChI=1S/C5H10Cl2O2/c6-1-3-8-5-9-4-2-7/h1-5H2,ECHA,A,,ClCCOCOCCCl,1.4547
2881; 2882; 2883,91-17-8,,138.2499237060547,decahydronaphthalene,1,"InChI=1S/C10H18/c1-2-6-10-8-4-3-7-9(10)5-1/h9-10H,1-8H2",ECHA,V,,C1CCC2CCCCC2C1,3.3668000000000022
1136,3320-83-0,,153.56576538085938,1-chloro-2-isocyanatobenzene,1,InChI=1S/C7H4ClNO/c8-6-3-1-2-4-7(6)9-5-10/h1-4H,ECHA,V,,O=C=Nc1ccccc1Cl,2.3073000000000006
1848,108-10-1,,100.15888214111328,4-methylpentan-2-one,1,"InChI=1S/C6H12O/c1-5(2)4-6(3)7/h5H,4H2,1-3H3",ECHA,V,,CC(=O)CC(C)C,1.6215
1404,120-55-8,,314.33251953125,2-[2-(benzoyloxy)ethoxy]ethyl benzoate,0,"InChI=1S/C18H18O5/c19-17(15-7-3-1-4-8-15)22-13-11-21-12-14-23-18(20)16-9-5-2-6-10-16/h1-10H,11-14H2",ECHA,A,,O=C(OCCOCCOC(=O)c1ccccc1)c1ccccc1,2.7170000000000005
2837,101-43-9,,168.23284912109375,cyclohexyl 2-methylprop-2-enoate,0,"InChI=1S/C10H16O2/c1-8(2)10(11)12-9-6-4-3-5-7-9/h9H,1,3-7H2,2H3",ECHA,V,,C=C(C)C(=O)OC1CCCCC1,2.4384000000000006
3436; 3398,67-56-1,,31.537891387939453,methanol,0,"InChI=1S/CH4O/c1-2/h2H,1H3",ECHA,V,,CO,-0.3915
1970; 1959,93924-11-9,,364.69110107421875,"Alkenes, C24-28 ??-",0,"InChI=1S/C26H52/c1-3-5-7-9-11-13-15-17-19-21-23-25-26-24-22-20-18-16-14-12-10-8-6-4-2/h3H,1,4-26H2,2H3",ECHA,V,,C=CCCCCCCCCCCCCCCCCCCCCCCCC,10.164599999999993
2655,56-18-8,,131.2192840576172,bis(3-aminopropyl)amine,1,"InChI=1S/C6H17N3/c7-3-1-5-9-6-2-4-8/h9H,1-8H2",ECHA,A,,NCCCNCCCN,-0.7263999999999986
3914,109-13-7,,160.21084594726562,tert-butyl 2-methylpropaneperoxoate,1,"InChI=1S/C8H16O3/c1-6(2)7(9)10-11-8(3,4)5/h6H,1-5H3",ECHA,V,,CC(C)C(=O)OOC(C)(C)C,1.9157
926,2356-53-8,,236.92791748046875,"1,2-dichloro-1,1,2-trifluoro-2-(trifluoromethoxy)ethane",0,"InChI=1S/C3Cl2F6O/c4-1(6,7)2(5,8)12-3(9,10)11",ECHA,V,,FC(F)(F)OC(F)(Cl)C(F)(F)Cl,3.2165
3113,107-15-3,,60.09832000732422,"ethane-1,2-diamine",1,InChI=1S/C2H8N2/c3-1-2-4/h1-4H2,ECHA,V,,NCCN,-1.0962
4063,998-30-1,,163.26699829101562,triethoxysilane,1,"InChI=1S/C6H15O3Si/c1-4-7-10(8-5-2)9-6-3/h4-6H2,1-3H3",ECHA,V,,CCO[Si](OCC)OCC,1.0808
814,204918-22-9,,323.7283630371094,-,1,"InChI=1S/C15H14ClNO5/c1-4-7-21-14(20)15(2,3)22-13(19)11-8-10(17-9-18)5-6-12(11)16/h4-6,8H,1,7H2,2-3H3",ECHA,A,,C=CCOC(=O)C(C)(C)OC(=O)c1cc(N=C=O)ccc1Cl,2.9719000000000015
3697; 3696; 3698; 2748; 2747,123-54-6,,99.7126449584961,"pentane-2,4-dione",1,"InChI=1S/C5H8O2/c1-4(6)3-5(2)7/h3,6H,1-2H3",ECHA,V; A,,CC(=O)C=C(C)O,1.0372
3076,75-15-0,,76.14070129394531,dithioxomethane,1,InChI=1S/CS2/c2-1-3,ECHA,G,,S=C=S,1.0181
2564,64-19-7,,60.05195999145508,acetic acid,1,"InChI=1S/C2H4O2/c1-2(3)4/h1H3,(H,3,4)",ECHA,V,,CC(=O)O,0.09089999999999993
1145,98-56-6,,180.55487060546875,1-chloro-4-(trifluoromethyl)benzene,0,"InChI=1S/C7H4ClF3/c8-6-3-1-5(2-4-6)7(9,10)11/h1-4H",ECHA,A,,FC(F)(F)c1ccc(Cl)cc1,3.3588000000000013
3637,111-64-8,,162.6571044921875,octanoyl chloride,1,"InChI=1S/C8H15ClO/c1-2-3-4-5-6-7-8(9)10/h2-7H2,1H3",ECHA,V,,CCCCCCCC(=O)Cl,3.112300000000002
2376,97-74-5,,208.3678741455078,"N,N-dimethyl[(dimethylcarbamothioyl)sulfanyl]carbothioamide",1,InChI=1S/C6H12N2S3/c1-7(2)5(9)11-6(10)8(3)4/h1-4H3,ECHA,A,,CN(C)C(=S)SC(=S)N(C)C,1.4126
1834,1570-64-5,,142.5828857421875,4-chloro-2-methylphenol,1,"InChI=1S/C7H7ClO/c1-5-4-6(8)2-3-7(5)9/h2-4,9H,1H3",ECHA,A,,Cc1cc(Cl)ccc1O,2.3540200000000007
1932; 1942,93762-80-2,,222.40940856933594,"Alkenes, C15-18",0,"InChI=1S/C16H30/c1-3-5-7-9-11-13-15-16-14-12-10-8-6-4-2/h9,11,14,16H,3-8,10,12-13,15H2,1-2H3",ECHA,V,,CCCCC=CCCC=CCCCCCC,6.039600000000005
1077,822-06-0,,168.19308471679688,"1,6-diisocyanatohexane",1,InChI=1S/C8H12N2O2/c11-7-9-5-3-1-2-4-6-10-8-12/h1-6H2,ECHA,V,,O=C=NCCCCCCN=C=O,1.2184000000000001
1474; 1473,24468-13-1,,192.68307495117188,2-ethylhexyl chlorocarbonate,1,"InChI=1S/C9H17ClO2/c1-3-5-6-8(4-2)7-12-9(10)11/h8H,3-7H2,1-2H3",ECHA,V,,CCCCC(CC)COC(=O)Cl,3.5782000000000025
976; 977,3634-83-1,,188.18272399902344,"1,3-bis(isocyanatomethyl)benzene",1,"InChI=1S/C10H8N2O2/c13-7-11-5-9-2-1-3-10(4-9)6-12-8-14/h1-4H,5-6H2",ECHA,A,,O=C=NCc1cccc(CN=C=O)c1,1.3582
2647,52829-07-9,,480.7234802246094,"bis(2,2,6,6-tetramethylpiperidin-4-yl) decanedioate",1,"InChI=1S/C28H52N2O4/c1-25(2)17-29-18-26(3,4)23(25)33-21(31)15-13-11-9-10-12-14-16-22(32)34-24-27(5,6)19-30-20-28(24,7)8/h23-24,29-30H,9-20H2,1-8H3",ECHA,A,,CC1(C)CNCC(C)(C)C1OC(=O)CCCCCCCCC(=O)OC1C(C)(C)CNCC1(C)C,5.242000000000004
3815; 3817,123-75-1,,71.12096405029297,pyrrolidine,1,"InChI=1S/C4H9N/c1-2-4-5-3-1/h5H,1-4H2",ECHA,V,,C1CCNC1,0.36979999999999996
968,58-08-2,,194.1905975341797,"1,3,7-trimethyl-2,3,6,7-tetrahydro-1H-purine-2,6-dione",1,"InChI=1S/C8H10N4O2/c1-10-4-9-6-5(10)7(13)12(3)8(14)11(6)2/h4H,1-3H3",ECHA,A,,Cn1c(=O)c2c(ncn2C)n(C)c1=O,-1.0293
2649,106-20-7,,241.455810546875,bis(2-ethylhexyl)amine,1,"InChI=1S/C16H35N/c1-5-9-11-15(7-3)13-17-14-16(8-4)12-10-6-2/h15-17H,5-14H2,1-4H3",ECHA,A,,CCCCC(CC)CNCC(CC)CCCC,5.008800000000004
1072; 1073,3173-72-6,,210.18824768066406,"1,5-diisocyanatonaphthalene",1,InChI=1S/C12H6N2O2/c15-7-13-11-5-1-3-9-10(11)4-2-6-12(9)14-8-16/h1-6H,ECHA,A,,O=C=Nc1cccc2c(N=C=O)cccc12,2.774400000000001
3843,25797-81-3,,544.5767822265625,"sodium 1-amino-4-({3-[(2-hydroxyethyl)sulfamoyl]-4,5-dimethylphenyl}amino)-9,10-dioxo-9,10-dihydroanthracene-2-sulfonate",0,"InChI=1S/C24H23N3O8S2/c1-12-9-14(10-18(13(12)2)36(31,32)26-7-8-28)27-17-11-19(37(33,34)35)22(25)21-20(17)23(29)15-5-3-4-6-16(15)24(21)30/h3-6,9-11,26-28H,7-8,25H2,1-2H3,(H,33,34,35)",ECHA,A,,Cc1cc(Nc2cc(S(=O)(=O)O)c(N)c3c2C(=O)c2ccccc2C3=O)cc(S(=O)(=O)NCCO)c1C,1.92194
1338,105-16-8,,185.26336669921875,2-(diethylamino)ethyl 2-methylprop-2-enoate,1,"InChI=1S/C10H19NO2/c1-5-11(6-2)7-8-13-10(12)9(3)4/h3,5-8H2,1-2,4H3",ECHA,A,,C=C(C)C(=O)OCCN(CC)CC,1.4475
1956; 1952,93924-10-8,,308.58477783203125,"Alkenes, C20-24 ??-",0,"InChI=1S/C22H44/c1-3-5-7-9-11-13-15-17-19-21-22-20-18-16-14-12-10-8-6-4-2/h3H,1,4-22H2,2H3",ECHA,V,,C=CCCCCCCCCCCCCCCCCCCCC,8.604200000000004
3033,27344-41-8,,516.5847778320312,disodium 2-[(E)-2-(4-{4-[(E)-2-(2-sulfonatophenyl)ethenyl]phenyl}phenyl)ethenyl]benzene-1-sulfonate,1,"InChI=1S/C28H22O6S2/c29-35(30,31)27-7-3-1-5-25(27)19-13-21-9-15-23(16-10-21)24-17-11-22(12-18-24)14-20-26-6-2-4-8-28(26)36(32,33)34/h1-20H,(H,29,30,31)(H,32,33,34)",ECHA,A,,O=S(=O)(O)c1ccccc1C=Cc1ccc(-c2ccc(C=Cc3ccccc3S(=O)(=O)O)cc2)cc1,6.187800000000006
1252,1873-88-7,,221.4969482421875,"2,2,4,6,6-pentamethyl-3,5-dioxa-2,4,6-trisilaheptane",0,"InChI=1S/C7H21O2Si3/c1-10(8-11(2,3)4)9-12(5,6)7/h1-7H3",ECHA,V,,C[Si](O[Si](C)(C)C)O[Si](C)(C)C,2.8074000000000012
2663,108-18-9,,101.19000244140625,bis(propan-2-yl)amine,1,"InChI=1S/C6H15N/c1-5(2)7-6(3)4/h5-7H,1-4H3",ECHA,V,,CC(C)NC(C)C,1.3927999999999998
3236,2528-61-2,,148.63052368164062,heptanoyl chloride,1,"InChI=1S/C7H13ClO/c1-2-3-4-5-6-7(8)9/h2-6H2,1H3",ECHA,V,,CCCCCCC(=O)Cl,2.722200000000001
2614,71-43-2,,78.1118392944336,benzene,0,InChI=1S/C6H6/c1-2-4-6-5-3-1/h1-6H,ECHA,V,,c1ccccc1,1.6866
1428,456-04-2,,172.58404541015625,2-chloro-1-(4-fluorophenyl)ethanone,1,"InChI=1S/C8H6ClFO/c9-5-8(11)6-1-3-7(10)4-2-6/h1-4H,5H2",ECHA,V,,O=C(CCl)c1ccc(F)cc1,2.2472000000000003
1430,28479-22-3,,167.59234619140625,2-chloro-4-isocyanato-1-methylbenzene,1,"InChI=1S/C8H6ClNO/c1-6-2-3-7(10-5-11)4-8(6)9/h2-4H,1H3",ECHA,A,,Cc1ccc(N=C=O)cc1Cl,2.6157200000000014
3922,33021-02-2,,130.22792053222656,tert-butyl isobutyl ether,0,"InChI=1S/C8H18O/c1-7(2)6-9-8(3,4)5/h7H,6H2,1-5H3",ECHA,V,,CC(C)COC(C)(C)C,2.4575000000000005
1345,17261-28-8,,306.2949523925781,2-(diphenylphosphino)benzoic acid,1,"InChI=1S/C19H15O2P/c20-19(21)17-13-7-8-14-18(17)22(15-9-3-1-4-10-15)16-11-5-2-6-12-16/h1-14H,(H,20,21)",ECHA,A,,O=C(O)c1ccccc1P(c1ccccc1)c1ccccc1,3.1430000000000016
223,2182-55-0,,126.19615936279297,(ethenyloxy)cyclohexane,0,"InChI=1S/C8H14O/c1-2-9-8-6-4-3-5-7-8/h2,8H,1,3-7H2",ECHA,V,,C=COC1CCCCC1,2.4792000000000005
3455,80-62-6,,100.1158218383789,methyl 2-methylprop-2-enoate,0,"InChI=1S/C5H8O2/c1-4(2)5(6)7-3/h1H2,2-3H3",ECHA,V,,C=C(C)C(=O)OC,0.7355
1480,17773-41-0,,131.19606018066406,2-hydroxy-4-(methylsulfanyl)butanenitrile,1,"InChI=1S/C5H9NOS/c1-8-3-2-5(7)4-6/h5,7H,2-3H2,1H3",ECHA,V,,CSCCC(O)C#N,0.62398
2565,108-24-7,,102.08863830566406,acetic anhydride,1,InChI=1S/C4H6O3/c1-3(5)7-4(2)6/h1-2H3,ECHA,V,,CC(=O)OC(C)=O,0.09600000000000009
1467,760-67-8,,162.6571044921875,2-ethylhexanoyl chloride,1,"InChI=1S/C8H15ClO/c1-3-5-6-7(4-2)8(9)10/h7H,3-6H2,1-2H3",ECHA,V,,CCCCC(CC)C(=O)Cl,2.9682000000000013
3785,107-10-8,,59.110260009765625,propan-1-amine,1,"InChI=1S/C3H9N/c1-2-3-4/h2-4H2,1H3",ECHA,V,,CCCN,0.3551000000000001
1158,88-12-0,,111.14176177978516,1-ethenylpyrrolidin-2-one,1,"InChI=1S/C6H9NO/c1-2-7-5-3-4-6(7)8/h2H,1,3-5H2",ECHA,A,,C=CN1CCCC1=O,0.7523
997,646-06-0,,74.07854461669922,"1,3-dioxolane",0,InChI=1S/C3H6O2/c1-2-5-3-4-1/h1-3H2,ECHA,V,,C1COCO1,-0.009299999999999975
1298; 1299,40292-82-8,,190.71026611328125,"2,5,5-trimethylheptanoyl chloride",1,"InChI=1S/C10H19ClO/c1-10(2,3)8-6-4-5-7-9(11)12/h4-8H2,1-3H3",ECHA,V,,CC(C)(C)CCCCCC(=O)Cl,3.748400000000003
2617,108-45-2,,108.14112091064453,"benzene-1,3-diamine",1,"InChI=1S/C6H8N2/c7-5-2-1-3-6(8)4-5/h1-4H,7-8H2",ECHA,A,,Nc1cccc(N)c1,0.851
3716,638-29-9,,120.57736206054688,pentanoyl chloride,1,"InChI=1S/C5H9ClO/c1-2-3-4-5(6)7/h2-4H2,1H3",ECHA,V,,CCCCC(=O)Cl,1.942
2418,4747-21-1,,73.1368408203125,N-methylpropan-2-amine,1,"InChI=1S/C4H11N/c1-4(2)5-3/h4-5H,1-3H3",ECHA,V,,CNC(C)C,0.6141999999999999
3694,107-87-9,,86.1323013305664,pentan-2-one,0,"InChI=1S/C5H10O/c1-3-4-5(2)6/h3-4H2,1-2H3",ECHA,V,,CCCC(C)=O,1.3755
3225; 3221; 3223; 3224; 3222,98-00-0,,98.09994506835938,furan-2-ylmethanol,1,"InChI=1S/C5H6O2/c6-4-5-2-1-3-7-5/h1-3,6H,4H2",ECHA,V,,OCc1ccco1,0.7719
1091,13676-54-5,,358.34686279296875,"1-(4-{[4-(2,5-dioxo-2,5-dihydro-1H-pyrrol-1-yl)phenyl]methyl}phenyl)-2,5-dihydro-1H-pyrrole-2,5-dione",1,"InChI=1S/C21H14N2O4/c24-18-9-10-19(25)22(18)16-5-1-14(2-6-16)13-15-3-7-17(8-4-15)23-20(26)11-12-21(23)27/h1-12H,13H2",ECHA,A,,O=C1C=CC(=O)N1c1ccc(Cc2ccc(N3C(=O)C=CC3=O)cc2)cc1,2.1361999999999997
901,3425-61-4,,104.1475830078125,"1,1-dimethylpropyl hydroperoxide",1,"InChI=1S/C5H12O2/c1-4-5(2,3)7-6/h6H,4H2,1-3H3",ECHA,V,,CCC(C)(C)OO,1.6646
3564,3710-30-3,,110.19676208496094,"octa-1,7-diene",0,"InChI=1S/C8H14/c1-3-5-7-8-6-4-2/h3-4H,1-2,5-8H2",ECHA,V,,C=CCCCCC=C,2.918800000000002
3838; 4635,3811-73-2,,126.15635681152344,sodium (1-oxo-1??????-pyridin-2-yl)sulfanide,1,"InChI=1S/C5H5NOS/c7-6-4-2-1-3-5(6)8/h1-4,7H",ECHA,A,,On1ccccc1=S,1.45489
1659,75-64-9,,73.1368408203125,2-methylpropan-2-amine,1,"InChI=1S/C4H11N/c1-4(2,3)5/h5H2,1-3H3",ECHA,V,,CC(C)(C)N,0.7436
3538; 3556; 3544; 3550; 3554; 3555; 3560; 3536; 3559; 3549; 3545; 3537; 3551; 3543,25377-83-7,,112.212646484375,oct-1-ene,0,"InChI=1S/C8H16/c1-3-5-7-8-6-4-2/h5,7H,3-4,6,8H2,1-2H3",ECHA,V,,CCC=CCCCC,3.142800000000002
1789,590-86-3,,86.1323013305664,3-methylbutanal,0,"InChI=1S/C5H10O/c1-5(2)3-4-6/h4-5H,3H2,1-2H3",ECHA,V,,CC(C)CC=O,1.2314
2847; 2851,25339-53-1,,140.26580810546875,dec-1-ene,0,"InChI=1S/C10H20/c1-3-5-7-9-10-8-6-4-2/h3,5H,4,6-10H2,1-2H3",ECHA,V,,CC=CCCCCCCC,3.9230000000000027
3809,109-60-4,,102.13169860839844,propyl acetate,0,"InChI=1S/C5H10O2/c1-3-4-7-5(2)6/h3-4H2,1-2H3",ECHA,V,,CCCOC(C)=O,0.9595
1714,7300-34-7,,204.3097686767578,"3,3'-[butane-1,4-diylbis(oxy)]dipropan-1-amine",1,InChI=1S/C10H24N2O2/c11-5-3-9-13-7-1-2-8-14-10-4-6-12/h1-12H2,ECHA,A,,NCCCOCCCCOCCCN,0.4974000000000006
2369,56-93-9,,150.24073791503906,"N,N,N-trimethyl(phenyl)methanaminium chloride",1,"InChI=1S/C10H16N/c1-11(2,3)9-10-7-5-4-6-8-10/h4-8H,9H2,1-3H3/q+1",ECHA,A,,C[N+](C)(C)Cc1ccccc1,1.8928
3818,17462-58-7,,136.57676696777344,sec-butyl chlorocarbonate,1,"InChI=1S/C5H9ClO2/c1-3-4(2)8-5(6)7/h4H,3H2,1-2H3",ECHA,V,,CCC(C)OC(=O)Cl,2.1603000000000003
1357,35265-04-4,,117.18939971923828,2-(sec-butylamino)ethanol,1,"InChI=1S/C6H15NO/c1-3-6(2)7-4-5-8/h6-8H,3-5H2,1-2H3",ECHA,V,,CCC(C)NCCO,0.36679999999999985
1852,42125-46-2,,218.72036743164062,4-tert-butylcyclohexyl chlorocarbonate,1,"InChI=1S/C11H19ClO2/c1-11(2,3)8-4-6-9(7-5-8)14-10(12)13/h8-9H,4-7H2,1-3H3",ECHA,A,,CC(C)(C)C1CCC(OC(=O)Cl)CC1,3.966700000000003
4011,108-88-3,,92.13842010498047,toluene,0,"InChI=1S/C7H8/c1-7-5-3-2-4-6-7/h2-6H,1H3",ECHA,V,,Cc1ccccc1,1.99502
970,149-30-4,,167.2512969970703,"1,3-benzothiazole-2-thiol",0,"InChI=1S/C7H5NS2/c9-7-8-5-3-1-2-4-6(5)10-7/h1-4H,(H,8,9)",ECHA,A,,S=c1[nH]c2ccccc2s1,2.9588900000000002
3229,50-01-1,,59.070499420166016,guanidine hydrochloride,1,"InChI=1S/CH5N3/c2-1(3)4/h(H5,2,3,4)",ECHA,A,,N=C(N)N,-1.1614300000000002
1892,7747-35-5,,143.18362426757812,"7a-ethyldihydro-1H-[1,3]oxazolo[3,4-c][1,3]oxazole",1,"InChI=1S/C7H13NO2/c1-2-7-3-9-5-8(7)6-10-4-7/h2-6H2,1H3",ECHA,A,,CCC12COCN1COC2,0.4126000000000001
2605,111-49-9,,99.17411804199219,azepane,1,"InChI=1S/C6H13N/c1-2-4-6-7-5-3-1/h7H,1-6H2",ECHA,V,,C1CCCNCC1,1.15
897,4637-24-5,,120.17015838623047,"1,1-dimethoxy-N,N-dimethylmethanamine",1,"InChI=1S/C5H13NO2/c1-6(2)5(7-3)8-4/h5H,1-4H3",ECHA,V,,COC(OC)N(C)C,0.12439999999999984
3003,926-63-6,,87.16342163085938,dimethyl(propyl)amine,1,"InChI=1S/C5H13N/c1-4-5-6(2)3/h4-5H2,1-3H3",ECHA,V,,CCCN(C)C,0.9580000000000001
1656,78-83-1,,74.1216049194336,2-methylpropan-1-ol,0,"InChI=1S/C4H10O/c1-4(2)3-5/h4-5H,3H2,1-2H3",ECHA,V,,CC(C)CO,0.6347
1331,2312-35-8,,350.47235107421875,2-(4-tert-butylphenoxy)cyclohexyl prop-2-yn-1-yl sulfite,1,"InChI=1S/C19H26O4S/c1-5-14-21-24(20)23-18-9-7-6-8-17(18)22-16-12-10-15(11-13-16)19(2,3)4/h1,10-13,17-18H,6-9,14H2,2-4H3",ECHA,A,,C#CCOS(=O)OC1CCCCC1Oc1ccc(C(C)(C)C)cc1,3.9192000000000027
2081; 2082; 2080,64741-76-0,,296.5740661621094,"Distillates (petroleum), heavy hydrocracked",0,"InChI=1S/C21H44/c1-3-5-7-9-11-13-15-17-19-21-20-18-16-14-12-10-8-6-4-2/h3-21H2,1-2H3",ECHA,A,,CCCCCCCCCCCCCCCCCCCCC,8.438100000000006
3971; 3972,78-10-4,,208.32749938964844,tetraethyl silicate,0,"InChI=1S/C8H20O4Si/c1-5-9-13(10-6-2,11-7-3)12-8-4/h5-8H2,1-4H3",ECHA,A,,CCO[Si](OCC)(OCC)OCC,1.568
2604,105-60-2,,113.15763854980469,azepan-2-one,0,"InChI=1S/C6H11NO/c8-6-4-2-1-3-5-7-6/h1-5H2,(H,7,8)",ECHA,A,,O=C1CCCCCN1,0.6766000000000001
2657,4151-51-3,,465.375244140625,bis(4-isocyanatophenyl) [(4-isocyanatophenyl)sulfanyl]phosphonate,0,"InChI=1S/C21H12N3O6PS/c25-13-22-16-1-7-19(8-2-16)28-31(32,29-20-9-3-17(4-10-20)23-14-26)30-21-11-5-18(6-12-21)24-15-27/h1-12H",ECHA,A,,O=C=Nc1ccc(OP(=S)(Oc2ccc(N=C=O)cc2)Oc2ccc(N=C=O)cc2)cc1,5.349800000000004
231; 1871; 1872,3623-51-6,,156.26519775390625,(??)-neomenthol,0,"InChI=1S/C10H20O/c1-7(2)9-5-4-8(3)6-10(9)11/h7-11H,4-6H2,1-3H3",ECHA,A,,CC1CCC(C(C)C)C(O)C1,2.4395000000000007
1718,873-94-9,,140.22274780273438,"3,3,5-trimethylcyclohexanone",0,"InChI=1S/C9H16O/c1-7-4-8(10)6-9(2,3)5-7/h7H,4-6H2,1-3H3",ECHA,A,,CC1CC(=O)CC(C)(C)C1,2.401700000000001
342,2511-00-4,,184.27529907226562,-,0,"InChI=1S/C11H20O2/c1-3-13-11(12)9(2)10-7-5-4-6-8-10/h9-10H,3-8H2,1-2H3",ECHA,A,,CCOC(=O)C(C)C1CCCCC1,2.765900000000001
413,174489-43-1,,297.734130859375,-,0,"InChI=1S/C14H16ClNO4/c1-4-7-19-13(18)14(2,3)20-12(17)10-8-9(16)5-6-11(10)15/h4-6,8H,1,7,16H2,2-3H3",ECHA,A,,C=CCOC(=O)C(C)(C)OC(=O)c1cc(N)ccc1Cl,2.5868
4107,603-35-0,,262.28546142578125,triphenylphosphane,0,InChI=1S/C18H15P/c1-4-10-16(11-5-1)19(17-12-6-2-7-13-17)18-14-8-3-9-15-18/h1-15H,ECHA,A,,c1ccc(P(c2ccccc2)c2ccccc2)cc1,3.4448000000000016
1763,19780-11-1,,266.3758544921875,"3-[(2E)-dodec-2-en-1-yl]oxolane-2,5-dione; 3-[(2Z)-dodec-2-en-1-yl]oxolane-2,5-dione",0,"InChI=1S/C16H26O3/c1-2-3-4-5-6-7-8-9-10-11-12-14-13-15(17)19-16(14)18/h10-11,14H,2-9,12-13H2,1H3",ECHA,A,,CCCCCCCCCC=CCC1CC(=O)OC1=O,4.163100000000004
2885; 2884,541-02-6,,370.76971435546875,"decamethyl-1,3,5,7,9,2,4,6,8,10-pentaoxapentasilecane",0,"InChI=1S/C10H30O5Si5/c1-16(2)11-17(3,4)13-19(7,8)15-20(9,10)14-18(5,6)12-16/h1-10H3",ECHA,A,,C[Si]1(C)O[Si](C)(C)O[Si](C)(C)O[Si](C)(C)O[Si](C)(C)O1,3.5920000000000023
469,35123-06-9,,117.1463394165039,-,0,"InChI=1S/C5H11NO2/c1-4(7)5(8)6(2)3/h4,7H,1-3H3",ECHA,A,,CC(O)C(=O)N(C)C,-0.5446000000000002
3964; 3969; 3968; 3963; 3965,629-59-4,,198.38800048828125,tetradecane,0,"InChI=1S/C14H30/c1-3-5-7-9-11-13-14-12-10-8-6-4-2/h3-14H2,1-2H3",ECHA,V; A,,CCCCCCCCCCCCCC,5.707400000000006
2896; 2892; 2893; 2895; 2889,124-18-5,,142.28167724609375,decane,0,"InChI=1S/C10H22/c1-3-5-7-9-10-8-6-4-2/h3-10H2,1-2H3",ECHA,V; A,,CCCCCCCCCC,4.147000000000004
2714; 2717; 2710; 2716; 2715,123-86-4,,116.1582794189453,butyl acetate,0,"InChI=1S/C6H12O2/c1-3-4-5-8-6(2)7/h3-5H2,1-2H3",ECHA,V; A,,CCCCOC(C)=O,1.3496000000000001
4050; 4057; 4054; 4051; 4055,629-50-5,,184.36141967773438,tridecane,0,"InChI=1S/C13H28/c1-3-5-7-9-11-13-12-10-8-6-4-2/h3-13H2,1-2H3",ECHA,V; A,,CCCCCCCCCCCCC,5.317300000000005
4143; 4139; 4137; 4138; 4146,1120-21-4,,156.30825805664062,undecane,0,"InChI=1S/C11H24/c1-3-5-7-9-11-10-8-6-4-2/h3-11H2,1-2H3",ECHA,V; A,,CCCCCCCCCCC,4.537100000000004
3103; 3100; 3105; 3104; 3099,112-40-3,,170.33483886718753,dodecane,0,"InChI=1S/C12H26/c1-3-5-7-9-11-12-10-8-6-4-2/h3-12H2,1-2H3",ECHA,V; A,,CCCCCCCCCCCC,4.9272000000000045
1256; 1257; 1261; 1259; 1255,13475-82-6,,170.33483886718753,"2,2,4,6,6-pentamethylheptane",0,"InChI=1S/C12H26/c1-10(8-11(2,3)4)9-12(5,6)7/h10H,8-9H2,1-7H3",ECHA,V; A,,CC(CC(C)(C)C)CC(C)(C)C,4.494900000000004
892; 891; 894; 893,75-35-4,,96.94327545166016,"1,1-dichloroethene",1,InChI=1S/C2H2Cl2/c1-2(3)4/h1H2,ECHA,V,,C=C(Cl)Cl,1.9352
1484; 1482; 1483,79-14-1,,76.05136108398438,2-hydroxyacetic acid,0,"InChI=1S/C2H4O3/c3-1-2(4)5/h3H,1H2,(H,4,5)",ECHA,A,,O=C(O)CO,-0.9367000000000001
731,42532-60-5,,195.038330078125,-,0,"InChI=1S/C4F7N/c5-2(1-12,3(6,7)8)4(9,10)11",ECHA,G,,N#CC(F)(C(F)(F)F)C(F)(F)F,2.34288
1447,76199-85-4,,337.2896423339844,"2-cyano-N-methyl-2-[(1E)-3-(2,4,6-trioxo-1,3-diazinan-5-ylidene)-2,3-dihydro-1H-isoindol-1-ylidene]acetamide",0,"InChI=1S/C16H11N5O4/c1-18-13(22)9(6-17)11-7-4-2-3-5-8(7)12(19-11)10-14(23)20-16(25)21-15(10)24/h2-5,19H,1H3,(H,18,22)(H2,20,21,23,24,25)",ECHA,A,,CNC(=O)C(C#N)=c1[nH]c(=C2C(=O)NC(=O)NC2=O)c2ccccc12,-1.8951199999999988
1148,104-12-1,,153.56576538085938,1-chloro-4-isocyanatobenzene,1,InChI=1S/C7H4ClNO/c8-6-1-3-7(4-2-6)9-5-10/h1-4H,ECHA,V,,O=C=Nc1ccc(Cl)cc1,2.3072999999999997
183,73-32-5,,131.1729278564453,(2S)-2-amino-3-methylpentanoic acid,0,"InChI=1S/C6H13NO2/c1-3-4(2)5(7)6(8)9/h4-5H,3,7H2,1-2H3,(H,8,9)",ECHA,A,,CCC(C)C(N)C(=O)O,0.44439999999999996
501,199119-58-9,,436.3431396484375,-,0,"InChI=1S/C14H14F3N5O6S/c1-26-9-6-10(27-2)20-12(19-9)21-13(23)22-29(24,25)11-8(4-3-5-18-11)28-7-14(15,16)17/h3-6H,7H2,1-2H3,(H2,19,20,21,22,23)",ECHA,A,,COc1cc(OC)nc(NC(=O)NS(=O)(=O)c2ncccc2OCC(F)(F)F)n1,1.3402999999999998
1115,460-00-4,,174.9983673095703,1-bromo-4-fluorobenzene,1,InChI=1S/C6H4BrF/c7-5-1-3-6(8)4-2-5/h1-4H,ECHA,V,,Fc1ccc(Br)cc1,2.5882000000000005
4060,17980-47-1,,220.3812713623047,triethoxy(2-methylpropyl)silane,0,"InChI=1S/C10H24O3Si/c1-6-11-14(12-7-2,13-8-3)9-10(4)5/h10H,6-9H2,1-5H3",ECHA,A,,CCO[Si](CC(C)C)(OCC)OCC,2.690800000000001
1330,120-20-7,,181.23159790039062,"2-(3,4-dimethoxyphenyl)ethan-1-amine",0,"InChI=1S/C10H15NO2/c1-12-9-4-3-8(5-6-11)7-10(9)13-2/h3-4,7H,5-6,11H2,1-2H3",ECHA,A,,COc1ccc(CCN)cc1OC,1.205
4014,56-35-9,,596.10498046875,tributyl[(tributylstannyl)oxy]stannane,1,"InChI=1S/6C4H9.O.2Sn/c6*1-3-4-2;;;/h6*1,3-4H2,2H3;;;",ECHA,A,,CCC[CH2][Sn]([CH2]CCC)([CH2]CCC)[O][Sn]([CH2]CCC)([CH2]CCC)[CH2]CCC,9.694599999999998
2511,624-86-2,,61.08308029174805,O-ethylhydroxylamine,1,"InChI=1S/C2H7NO/c1-2-4-3/h2-3H2,1H3",ECHA,A,,CCON,-0.10339999999999983
185; 1327,93-17-4,,177.19984436035156,"(3,4-dimethoxyphenyl)acetonitrile",0,"InChI=1S/C10H11NO2/c1-12-9-4-3-8(5-6-11)7-10(9)13-2/h3-4,7H,5H2,1-2H3",ECHA,A,,COc1ccc(CC#N)cc1OC,1.76988
4111,13674-87-8,,430.9047546386719,"tris(1,3-dichloropropan-2-yl) phosphate",0,"InChI=1S/C9H15Cl6O4P/c10-1-7(2-11)17-20(16,18-8(3-12)4-13)19-9(5-14)6-15/h7-9H,1-6H2",ECHA,A,,O=P(OC(CCl)CCl)(OC(CCl)CCl)OC(CCl)CCl,4.682900000000004
971,26850-24-8,,216.23434448242188,"1,3-bis(2-hydroxyethyl)-5,5-dimethylimidazolidine-2,4-dione",0,"InChI=1S/C9H16N2O4/c1-9(2)7(14)10(3-5-12)8(15)11(9)4-6-13/h12-13H,3-6H2,1-2H3",ECHA,A,,CC1(C)C(=O)N(CCO)C(=O)N1CCO,-0.9862000000000004
2648,68425-16-1,,350.6893310546875,"bis(2,3,4,4-tetramethylpentan-2-yl)trisulfane",0,"InChI=1S/C18H38S3/c1-13(15(3,4)5)17(9,10)19-21-20-18(11,12)14(2)16(6,7)8/h13-14H,1-12H3",ECHA,A,,CC(C(C)(C)C)C(C)(C)SSSC(C)(C)C(C)C(C)(C)C,7.937600000000008
181,72-19-5,,119.1191635131836,(2S)-2-amino-3-hydroxybutanoic acid,0,"InChI=1S/C4H9NO3/c1-2(6)3(5)4(7)8/h2-3,6H,5H2,1H3,(H,7,8)",ECHA,A,,CC(O)C(N)C(=O)O,-1.2208999999999997
1236,5994-61-6,,227.10916137695312,"2,2'-[(phosphonomethyl)imino]diacetic acid",0,"InChI=1S/C5H10NO7P/c7-4(8)1-6(2-5(9)10)3-14(11,12)13/h1-3H2,(H,7,8)(H,9,10)(H2,11,12,13)",ECHA,A,,O=C(O)CN(CC(=O)O)CP(=O)(O)O,-1.4072
3845; 3846,137-16-6,,270.3877258300781,sodium 2-(N-methyldodecanamido)acetate,1,"InChI=1S/C15H29NO3/c1-3-4-5-6-7-8-9-10-11-12-14(17)16(2)13-15(18)19/h3-13H2,1-2H3,(H,18,19)",ECHA,A,,CCCCCCCCCCCC(=O)N(C)CC(=O)O,3.4503000000000013
3789,71-23-8,,60.09502029418945,propan-1-ol,0,"InChI=1S/C3H8O/c1-2-3-4/h4H,2-3H2,1H3",ECHA,V,,CCCO,0.3887
412,119851-28-4,,281.1340026855469,-,0,"InChI=1S/C14H10Cl2O2/c1-9(17)13-7-6-12(8-14(13)16)18-11-4-2-10(15)3-5-11/h2-8H,1H3",ECHA,A,,CC(=O)c1ccc(Oc2ccc(Cl)cc2)cc1Cl,4.988300000000002
3975,116-14-3,,100.0150146484375,tetrafluoroethene,0,InChI=1S/C2F4/c3-1(4)2(5)6,ECHA,G,,FC(F)=C(F)F,1.991
4085,1185-55-3,,136.22178649902344,trimethoxy(methyl)silane,0,"InChI=1S/C4H12O3Si/c1-5-8(4,6-2)7-3/h1-4H3",ECHA,V,,CO[Si](C)(OC)OC,0.49429999999999985
1086,215917-77-4,,367.42156982421875,1-(2-benzenesulfonamidophenyl)-3-phenylurea,0,"InChI=1S/C19H17N3O3S/c23-19(20-15-9-3-1-4-10-15)21-17-13-7-8-14-18(17)22-26(24,25)16-11-5-2-6-12-16/h1-14,22H,(H2,20,21,23)",ECHA,A,,O=C(Nc1ccccc1)Nc1ccccc1NS(=O)(=O)c1ccccc1,4.131400000000002
1124,75-68-3,,100.49502563476562,"1-chloro-1,1-difluoroethane",0,"InChI=1S/C2H3ClF2/c1-2(3,4)5/h1H3",ECHA,G,,CC(F)(F)Cl,1.8379
889,1187-93-5,,166.0219268798828,"1,1,2-trifluoro-2-(trifluoromethoxy)ethene",0,"InChI=1S/C3F6O/c4-1(5)2(6)10-3(7,8)9",ECHA,G,,FC(F)=C(F)OC(F)(F)F,2.5579
1310,1897-52-5,,139.10223388671875,"2,6-difluorobenzonitrile",1,InChI=1S/C7H3F2N/c8-6-2-1-3-7(9)5(6)4-10/h1-3H,ECHA,V,,N#Cc1c(F)cccc1F,1.8364800000000001
4091,2530-83-8,,236.3376007080078,trimethoxy[3-(oxiran-2-ylmethoxy)propyl]silane,0,"InChI=1S/C9H20O5Si/c1-10-15(11-2,12-3)6-4-5-13-7-9-8-14-9/h9H,4-8H2,1-3H3",ECHA,A,,CO[Si](CCCOCC1CO1)(OC)OC,0.6699999999999997
1282,608-27-5,,162.0166015625,"2,3-dichloroaniline",0,"InChI=1S/C6H5Cl2N/c7-4-2-1-3-5(9)6(4)8/h1-3H,9H2",ECHA,A,,Nc1cccc(Cl)c1Cl,2.5756000000000006
1443,78-86-4,,92.5672607421875,2-chlorobutane,0,"InChI=1S/C4H9Cl/c1-3-4(2)5/h4H,3H2,1-2H3",ECHA,V,,CCC(C)Cl,2.0237
2906,11097-59-9,,60.0088996887207,dialuminium(3+) ion hexamagnesium(2+) ion hexadecahydroxide carbonate,0,"InChI=1S/CH2O3/c2-1(3)4/h(H2,2,3,4)",ECHA,A,,O=C(O)O,0.2224
1134,88-66-4,,195.47360229492188,1-chloro-2-(dichloromethyl)benzene,0,"InChI=1S/C7H5Cl3/c8-6-4-2-1-3-5(6)7(9)10/h1-4,7H",ECHA,A,,Clc1ccccc1C(Cl)Cl,3.8162000000000003
3361; 3362,112-95-8,,282.5474853515625,icosane,0,"InChI=1S/C20H42/c1-3-5-7-9-11-13-15-17-19-20-18-16-14-12-10-8-6-4-2/h3-20H2,1-2H3",ECHA,A,,CCCCCCCCCCCCCCCCCCCC,8.048000000000007
4129,2893-78-9,,196.95639038085938,troclosene sodium,1,"InChI=1S/C3HCl2N3O3/c4-7-1(9)6-2(10)8(5)3(7)11/h(H,6,9,10)",ECHA,A,,O=c1[nH]c(=O)n(Cl)c(=O)n1Cl,-1.2978999999999996
1687,54112-23-1,,476.5673828125,2-oxo-N-[4-({4-[(2-oxoazepane-1-carbonyl)amino]phenyl}methyl)phenyl]azepane-1-carboxamide,0,"InChI=1S/C27H32N4O4/c32-24-7-3-1-5-17-30(24)26(34)28-22-13-9-20(10-14-22)19-21-11-15-23(16-12-21)29-27(35)31-18-6-2-4-8-25(31)33/h9-16H,1-8,17-19H2,(H,28,34)(H,29,35)",ECHA,A,,O=C1CCCCCN1C(=O)Nc1ccc(Cc2ccc(NC(=O)N3CCCCCC3=O)cc2)cc1,5.146400000000004
2375,68391-05-9,,438.83587646484375,"N,N-dimethyl-N-tetradecyltetradecan-1-aminium chloride",1,"InChI=1S/C30H64N/c1-5-7-9-11-13-15-17-19-21-23-25-27-29-31(3,4)30-28-26-24-22-20-18-16-14-12-10-8-6-2/h5-30H2,1-4H3/q+1",ECHA,A,,CCCCCCCCCCCCCC[N+](C)(C)CCCCCCCCCCCCCC,10.464999999999995
1084,1320-51-0,,104.10781860351562,1-(1-hydroxyethyl)urea,0,"InChI=1S/C3H8N2O2/c4-3(7)5-1-2-6/h6H,1-2H2,(H3,4,5,7)",ECHA,A,,NC(=O)NCCO,-1.3530000000000002
1237,482-89-3,,262.2628173828125,"2,2'-biindole-3,3'(1H,1'H)-dione",0,"InChI=1S/C16H10N2O2/c19-15-9-5-1-3-7-11(9)17-13(15)14-16(20)10-6-2-4-8-12(10)18-14/h1-8,17-18H",ECHA,A,,O=C1C(=C2Nc3ccccc3C2=O)Nc2ccccc21,2.8148
610,77501-63-4,,461.7731018066406,-,0,"InChI=1S/C19H15ClF3NO7/c1-3-29-17(25)10(2)30-18(26)13-9-12(5-6-15(13)24(27)28)31-16-7-4-11(8-14(16)20)19(21,22)23/h4-10H,3H2,1-2H3",ECHA,A,,CCOC(=O)C(C)OC(=O)c1cc(Oc2ccc(C(F)(F)F)cc2Cl)ccc1[N+](=O)[O-],5.1677000000000035
644,62037-80-3,,329.0448303222656,-,0,"InChI=1S/C6HF11O3/c7-2(1(18)19,4(10,11)12)20-6(16,17)3(8,9)5(13,14)15/h(H,18,19)",ECHA,A,,O=C(O)C(F)(OC(F)(F)C(F)(F)C(F)(F)F)C(F)(F)F,3.1061
3867,28348-53-0,,199.24684143066406,sodium cumenesulphonate,0,"InChI=1S/C9H12O3S/c1-9(2,13(10,11)12)8-6-4-3-5-7-8/h3-7H,1-2H3,(H,10,11,12)",ECHA,A,,CC(C)(c1ccccc1)S(=O)(=O)O,1.8095000000000003
949; 945; 948; 946; 944; 942; 943; 941,95-47-6,,106.16500091552734,"1,2-xylene",0,"InChI=1S/C8H10/c1-7-5-3-4-6-8(7)2/h3-6H,1-2H3",ECHA,V,,Cc1ccccc1C,2.30344
1117; 1119; 1120,106-94-5,,122.99168395996092,1-bromopropane,0,"InChI=1S/C3H7Br/c1-2-3-4/h2-3H2,1H3",ECHA,V,,CCCBr,1.7913000000000001
156,54889-63-3,,200.31776428222656,"(1r,4r)-1,4-bis(ethoxymethyl)cyclohexane; (1s,4s)-1,4-bis(ethoxymethyl)cyclohexane",0,"InChI=1S/C12H24O2/c1-3-13-9-11-5-7-12(8-6-11)10-14-4-2/h11-12H,3-10H2,1-2H3",ECHA,A,,CCOCC1CCC(COCC)CC1,2.865800000000002
1660,75-65-0,,74.1216049194336,2-methylpropan-2-ol,0,"InChI=1S/C4H10O/c1-4(2,3)5/h5H,1-3H3",ECHA,V,,CC(C)(C)O,0.7771999999999999
925,84-74-2,,278.3434753417969,"1,2-dibutyl benzene-1,2-dicarboxylate",0,"InChI=1S/C16H22O4/c1-3-5-11-19-15(17)13-9-7-8-10-14(13)16(18)20-12-6-4-2/h7-10H,3-6,11-12H2,1-2H3",ECHA,A,,CCCCOC(=O)c1ccccc1C(=O)OCCCC,3.600400000000003
1683,88-74-4,,138.12403869628906,2-nitroaniline,0,"InChI=1S/C6H6N2O2/c7-5-3-1-2-4-6(5)8(9)10/h1-4H,7H2",ECHA,A,,Nc1ccccc1[N+](=O)[O-],1.177
4064,78-40-0,,182.1546630859375,triethyl phosphate,0,"InChI=1S/C6H15O4P/c1-4-8-11(7,9-5-2)10-6-3/h4-6H2,1-3H3",ECHA,A,,CCOP(=O)(OCC)OCC,2.2039999999999997
1059,105-05-5,,134.21817016601562,"1,4-diethylbenzene",0,"InChI=1S/C10H14/c1-3-9-5-7-10(4-2)8-6-9/h5-8H,3-4H2,1-2H3",ECHA,A,,CCc1ccc(CC)cc1,2.811400000000001
2660,124-02-7,,97.15824127197266,bis(prop-2-en-1-yl)amine,1,"InChI=1S/C6H11N/c1-3-5-7-6-4-2/h3-4,7H,1-2,5-6H2",ECHA,V,,C=CCNCC=C,0.948
1815,51-67-2,,137.17904663085938,4-(2-aminoethyl)phenol,0,"InChI=1S/C8H11NO/c9-6-5-7-1-3-8(10)4-2-7/h1-4,10H,5-6,9H2",ECHA,A,,NCCc1ccc(O)cc1,0.8934
1813,56706-10-6,,474.823486328125,"4,4,13,13-tetraethoxy-3,14-dioxa-8,9-dithia-4,13-disilahexadecane",0,"InChI=1S/C18H42O6S2Si2/c1-7-19-27(20-8-2,21-9-3)17-13-15-25-26-16-14-18-28(22-10-4,23-11-5)24-12-6/h7-18H2,1-6H3",ECHA,A,,CCO[Si](CCCSSCCC[Si](OCC)(OCC)OCC)(OCC)OCC,5.244800000000006
1886,4948-15-6,,598.6454467773438,"7,18-bis(3,5-dimethylphenyl)-7,18-diazaheptacyclo[14.6.2.2??,????.0??,????.0????,????.0????,????.0??????,??????]hexacosa-1(22),2,4,9,11,13(23),14,16(24),20,25-decaene-6,8,17,19-tetrone",0,"InChI=1S/C40H26N2O4/c1-19-13-20(2)16-23(15-19)41-37(43)29-9-5-25-27-7-11-31-36-32(40(46)42(39(31)45)24-17-21(3)14-22(4)18-24)12-8-28(34(27)36)26-6-10-30(38(41)44)35(29)33(25)26/h5-18H,1-4H3",ECHA,A,,Cc1cc(C)cc(N2C(=O)c3ccc4c5ccc6c7c(ccc(c8ccc(c3c48)C2=O)c75)C(=O)N(c2cc(C)cc(C)c2)C6=O)c1,8.572080000000001
665,186817-80-1,,202.29058837890625,-,0,"InChI=1S/C11H22O3/c1-4-6-7-10(5-2)8-14-11(13)9(3)12/h9-10,12H,4-8H2,1-3H3",ECHA,A,,CCCCC(CC)COC(=O)C(C)O,2.1268000000000007
184,63-68-3,,149.21133422851562,(2S)-2-amino-4-(methylsulfanyl)butanoic acid,0,"InChI=1S/C5H11NO2S/c1-9-3-2-4(6)5(7)8/h4H,2-3,6H2,1H3,(H,7,8)",ECHA,A,,CSCCC(N)C(=O)O,0.1513999999999998
1830,16803-97-7,,263.3155212402344,4-amino-N-(4-aminophenyl)benzene-1-sulfonamide,0,"InChI=1S/C12H13N3O2S/c13-9-1-3-10(4-2-9)15-11-5-7-12(8-6-11)18(14,16)17/h1-8,15H,13H2,(H2,14,16,17)",ECHA,A,,Nc1ccc(Nc2ccc(S(N)(=O)=O)cc2)cc1,1.6598000000000004
1879,51-03-6,,338.4385070800781,"5-{[2-(2-butoxyethoxy)ethoxy]methyl}-6-propyl-2H-1,3-benzodioxole",0,"InChI=1S/C19H30O5/c1-3-5-7-20-8-9-21-10-11-22-14-17-13-19-18(23-15-24-19)12-16(17)6-4-2/h12-13H,3-11,14-15H2,1-2H3",ECHA,A,,CCCCOCCOCCOCc1cc2c(cc1CCC)OCO2,3.7177000000000024
1391; 1390; 1389,63225-53-6,,215.24627685546872,2-[(butylcarbamoyl)oxy]ethyl prop-2-enoate,1,"InChI=1S/C10H17NO4/c1-3-5-6-11-10(13)15-8-7-14-9(12)4-2/h4H,2-3,5-8H2,1H3,(H,11,13)",ECHA,A,,C=CC(=O)OCCOC(=O)NCCCC,1.2419
4186,181587-01-9,,397.2029724121094,unnamed [181587-01-9],0,"InChI=1S/C13H9Cl2F3N4OS/c1-2-24(23)11-9(5-19)21-22(12(11)20)10-7(14)3-6(4-8(10)15)13(16,17)18/h3-4H,2,20H2,1H3",ECHA,A,,CCS(=O)c1c(C#N)nn(-c2c(Cl)cc(C(F)(F)F)cc2Cl)c1N,3.7792800000000017
1468,26399-02-0,,394.67401123046875,2-ethylhexyl (9Z)-octadec-9-enoate,0,"InChI=1S/C26H50O2/c1-4-7-9-10-11-12-13-14-15-16-17-18-19-20-21-23-26(27)28-24-25(6-3)22-8-5-2/h14-15,25H,4-13,16-24H2,1-3H3",ECHA,A,,CCCCCCCCC=CCCCCCCCC(=O)OCC(CC)CCCC,8.783500000000004
1354,122-60-1,,150.17449951171875,2-(phenoxymethyl)oxirane,1,"InChI=1S/C9H10O2/c1-2-4-8(5-3-1)10-6-9-7-11-9/h1-5,9H,6-7H2",ECHA,V,,c1ccc(OCC2CO2)cc1,1.4641999999999997
2374,3710-84-7,,89.13623809814453,"N,N-diethylhydroxylamine",1,"InChI=1S/C4H11NO/c1-3-5(6)4-2/h6H,3-4H2,1-2H3",ECHA,V,,CCN(O)CC,0.7174
3167,692-86-4,,212.32846069335938,ethyl undec-10-enoate,0,"InChI=1S/C13H24O2/c1-3-5-6-7-8-9-10-11-12-13(14)15-4-2/h3H,1,4-12H2,2H3",ECHA,A,,C=CCCCCCCCCC(=O)OCC,3.8563000000000027
1277,754-12-1,,114.04159545898438,"2,3,3,3-tetrafluoroprop-1-ene",0,"InChI=1S/C3H2F4/c1-2(4)3(5,6)7/h1H2",ECHA,G,,C=C(F)C(F)(F)F,2.0319
3032,72139-17-4,,649.9871826171875,"disodium 1-amino-4-({3-[(5-chloro-2,6-difluoropyrimidin-4-yl)amino]-2-methyl-5-sulfonatophenyl}amino)-9,10-dioxo-9,10-dihydroanthracene-2-sulfonate",0,"InChI=1S/C25H16ClF2N5O8S2/c1-9-13(6-10(42(36,37)38)7-14(9)31-24-19(26)23(27)32-25(28)33-24)30-15-8-16(43(39,40)41)20(29)18-17(15)21(34)11-4-2-3-5-12(11)22(18)35/h2-8,30H,29H2,1H3,(H,31,32,33)(H,36,37,38)(H,39,40,41)",ECHA,A,,Cc1c(Nc2cc(S(=O)(=O)O)c(N)c3c2C(=O)c2ccccc2C3=O)cc(S(=O)(=O)O)cc1Nc1nc(F)nc(F)c1Cl,4.054820000000001
1784,153719-38-1,,160.13131713867188,"3-methyl-N-nitro-3,6-dihydro-2H-1,3,5-oxadiazin-4-amine",0,"InChI=1S/C4H8N4O3/c1-7-3-11-2-5-4(7)6-8(9)10/h2-3H2,1H3,(H,5,6)",ECHA,A,,CN1COCN=C1N[N+](=O)[O-],-0.9993000000000001
742,874195-61-6,,406.3370361328125,-,0,"InChI=1S/C14H13F3N4O5S/c1-21(27(23,24)12(16)17)9-7(5-4-6-8(9)15)10(22)11-18-13(25-2)20-14(19-11)26-3/h4-6,12H,1-3H3",ECHA,A,,COc1nc(OC)nc(C(=O)c2cccc(F)c2N(C)S(=O)(=O)C(F)F)n1,1.2475
923,38640-62-9,,212.3300018310547,"1,2-bis(propan-2-yl)naphthalene",0,"InChI=1S/C16H20/c1-11(2)13-7-5-10-16-14(12(3)4)8-6-9-15(13)16/h5-12H,1-4H3",ECHA,A,,CC(C)c1cccc2c(C(C)C)cccc12,5.086600000000004
1263,10196-49-3,,145.27490234375,"2,2,4-trimethyl-1,4,2-oxazasilinane",0,"InChI=1S/C6H15NOSi/c1-7-4-5-8-9(2,3)6-7/h4-6H2,1-3H3",ECHA,V,,CN1CCO[Si](C)(C)C1,0.6926999999999999
940,1739-84-0,,96.13041687011719,"1,2-dimethyl-1H-imidazole",1,"InChI=1S/C5H8N2/c1-5-6-3-4-7(5)2/h3-4H,1-2H3",ECHA,A,,Cc1nccn1C,0.72852
2691,2028-63-9,,70.08984375,but-3-yn-2-ol,1,"InChI=1S/C4H6O/c1-3-4(2)5/h1,4-5H,2H3",ECHA,V,,C#CC(C)O,0.00040000000000001146
1642,75-56-9,,58.079139709472656,2-methyloxirane,1,"InChI=1S/C3H6O/c1-3-2-4-3/h3H,2H2,1H3",ECHA,V,,CC1CO1,0.4051
429,99591-74-9,,188.1795654296875,-,1,"InChI=1S/C2H4O6S2/c3-9(4)2-10(5,6)8-1-7-9/h1-2H2",ECHA,A,,O=S1(=O)CS(=O)(=O)OCO1,-1.3921999999999999
3798,696-29-7,,126.23922729492188,propan-2-ylcyclohexane,0,"InChI=1S/C9H18/c1-8(2)9-6-4-3-5-7-9/h8-9H,3-7H2,1-2H3",ECHA,A,,CC(C)C1CCCCC1,3.2227000000000023
888,10493-43-3,,216.02943420410156,"1,1,2-trifluoro-2-(pentafluoroethoxy)ethene",0,"InChI=1S/C4F8O/c5-1(6)2(7)13-4(11,12)3(8,9)10",ECHA,V,,FC(F)=C(F)OC(F)(F)C(F)(F)F,3.1932
3413; 3412; 3414; 3411,126-98-7,,67.08920288085938,methacrylonitrile,1,"InChI=1S/C4H5N/c1-4(2)3-5/h1H2,2H3",ECHA,V,,C=C(C)C#N,1.08608
3312; 3313; 3314; 3315,116-15-4,,150.02252197265625,hexafluoroprop-1-ene,1,"InChI=1S/C3F6/c4-1(2(5)6)3(7,8)9",ECHA,G,,FC(F)=C(F)C(F)(F)F,2.6263
1493,19234-20-9,,146.18426513671875,2-isopropoxyethyl acetate,0,"InChI=1S/C7H14O3/c1-6(2)9-4-5-10-7(3)8/h6H,4-5H2,1-3H3",ECHA,A,,CC(=O)OCCOC(C)C,0.9744999999999999
3147,7452-79-1,,130.1848602294922,ethyl 2-methylbutanoate,0,"InChI=1S/C7H14O2/c1-4-6(3)7(8)9-5-2/h6H,4-5H2,1-3H3",ECHA,A,,CCOC(=O)C(C)CC,1.5956000000000001
3484,60-34-4,,46.071739196777344,methylhydrazine,1,"InChI=1S/CH6N2/c1-3-2/h3H,2H2,1H3",ECHA,V,,CNN,-0.9205000000000001
3774; 3772; 3773,107-02-8,,56.06326293945312,prop-2-enal,1,"InChI=1S/C3H4O/c1-2-3-4/h2-3H,1H2",ECHA,V,,C=CC=O,0.37129999999999996
998,13811-50-2,,138.16709899902344,"1,3-divinylimidazolidin-2-one",0,"InChI=1S/C7H10N2O/c1-3-8-5-6-9(4-2)7(8)10/h3-4H,1-2,5-6H2",ECHA,A,,C=CN1CCN(C=C)C1=O,1.0110000000000001
3468,112-61-8,,298.5038146972656,methyl octadecanoate,0,"InChI=1S/C19H38O2/c1-3-4-5-6-7-8-9-10-11-12-13-14-15-16-17-18-19(20)21-2/h3-18H2,1-2H3",ECHA,A,,CCCCCCCCCCCCCCCCCC(=O)OC,6.420900000000007
2901,2167-23-9,,234.3324432373047,di-tert-butyl sec-butylidene diperoxide,1,"InChI=1S/C12H26O4/c1-9-12(8,15-13-10(2,3)4)16-14-11(5,6)7/h9H2,1-8H3",ECHA,A,,CCC(C)(OOC(C)(C)C)OOC(C)(C)C,3.6060000000000025
4089,1067-25-0,,164.2749481201172,trimethoxy(propyl)silane,0,"InChI=1S/C6H16O3Si/c1-5-6-10(7-2,8-3)9-4/h5-6H2,1-4H3",ECHA,V,,CCC[Si](OC)(OC)OC,1.2745
4118,126-71-6,,266.31414794921875,tris(2-methylpropyl) phosphate,0,"InChI=1S/C12H27O4P/c1-10(2)7-14-17(13,15-8-11(3)4)16-9-12(5)6/h10-12H,7-9H2,1-6H3",ECHA,A,,CC(C)COP(=O)(OCC(C)C)OCC(C)C,4.112300000000004
2799; 2798,75-00-3,,64.51409912109375,chloroethane,0,"InChI=1S/C2H5Cl/c1-2-3/h2H2,1H3",ECHA,V,,CCCl,1.2451
1494,994-05-8,,102.17475891113281,2-methoxy-2-methylbutane,1,"InChI=1S/C6H14O/c1-5-6(2,3)7-4/h5H2,1-4H3",ECHA,V,,CCC(C)(C)OC,1.8214000000000001
3841,137-42-8,,106.18985748291016,sodium (methylcarbamothioyl)sulfanide,0,"InChI=1S/C2H5NS2/c1-3-2(4)5/h1H3,(H2,3,4,5)",ECHA,A,,CNC(=S)S,0.42049999999999993
3148,39255-32-8,,144.21144104003906,ethyl 2-methylpentanoate,0,"InChI=1S/C8H16O2/c1-4-6-7(3)8(9)10-5-2/h7H,4-6H2,1-3H3",ECHA,A,,CCCC(C)C(=O)OCC,1.9857
1207,770-35-4,,152.1903839111328,1-phenoxypropan-2-ol,0,"InChI=1S/C9H12O2/c1-8(10)7-11-9-5-3-2-4-6-9/h2-6,8,10H,7H2,1H3",ECHA,A,,CC(O)COc1ccccc1,1.4462
4154; 4153,117428-22-5,,367.31915283203125,unnamed [117428-22-5],1,"InChI=1S/C18H16F3NO4/c1-24-11-14(17(23)25-2)13-7-4-3-6-12(13)10-26-16-9-5-8-15(22-16)18(19,20)21/h3-9,11H,10H2,1-2H3",ECHA,A,,COC=C(C(=O)OC)c1ccccc1COc1cccc(C(F)(F)F)n1,3.8397000000000023
3323,1071-93-8,,174.20095825195312,hexanedihydrazide,0,"InChI=1S/C6H14N4O2/c7-9-5(11)3-1-2-4-6(12)10-8/h1-4,7-8H2,(H,9,11)(H,10,12)",ECHA,A,,NNC(=O)CCCCC(=O)NN,-1.473399999999999
4314,88349-88-6,,237.63912963867188,unnamed [88349-88-6],0,"InChI=1S/C11H8ClNO3/c12-8-3-4-9(16-6-10(14)15)11-7(8)2-1-5-13-11/h1-5H,6H2,(H,14,15)",ECHA,A,,O=C(O)COc1ccc(Cl)c2cccnc12,2.3516000000000004
1172,91-97-4,,264.2786865234375,1-isocyanato-4-(4-isocyanato-3-methylphenyl)-2-methylbenzene,1,"InChI=1S/C16H12N2O2/c1-11-7-13(3-5-15(11)17-9-19)14-4-6-16(18-10-20)12(2)8-14/h3-8H,1-2H3",ECHA,A,,Cc1cc(-c2ccc(N=C=O)c(C)c2)ccc1N=C=O,3.9050400000000023
2137,67762-63-4,,423.7242736816406,"Fatty acids, tall-oil, Bu esters",0,"InChI=1S/3C4H9O.Tl/c3*1-2-3-4-5;/h3*2-4H2,1H3;/q3*-1;+3",ECHA,A,,CCCC[O][Tl]([O]CCCC)[O]CCCC,3.421400000000002
899; 900,686-31-7,,230.34375,"1,1-dimethylpropyl 2-(ethylperoxy)hexanoate",0,"InChI=1S/C13H26O3/c1-6-9-10-11(7-2)12(14)15-16-13(4,5)8-3/h11H,6-10H2,1-5H3",ECHA,A,,CCCCC(CC)C(=O)OOC(C)(C)CC,3.8662000000000027
3527; 3525; 3528; 3530; 3521; 3520; 3518; 3529; 3522; 3526; 3523; 3524; 3519,27215-95-8,,126.23922729492189,non-1-ene,0,"InChI=1S/C9H18/c1-3-5-7-9-8-6-4-2/h3,5H,4,6-9H2,1-2H3",ECHA,V,,CC=CCCCCCC,3.5329000000000024
1346,629-15-2,,118.08804321289062,2-(formyloxy)ethyl formate,0,"InChI=1S/C4H6O4/c5-3-7-1-2-8-4-6/h3-4H,1-2H2",ECHA,A,,O=COCCOC=O,-0.6676000000000002
3234,142-82-5,,100.20194244384766,heptane,0,"InChI=1S/C7H16/c1-3-5-7-6-4-2/h3-7H2,1-2H3",ECHA,V,,CCCCCCC,2.976700000000002
3364,74-88-4,,141.93899536132812,iodomethane,1,InChI=1S/CH3I/c1-2/h1H3,ECHA,V,,CI,1.0512000000000001
1108,3006-93-7,,268.2243347167969,"1-[3-(2,5-dioxo-2,5-dihydro-1H-pyrrol-1-yl)phenyl]-2,5-dihydro-1H-pyrrole-2,5-dione",1,InChI=1S/C14H8N2O4/c17-11-4-5-12(18)15(11)9-2-1-3-10(8-9)16-13(19)6-7-14(16)20/h1-8H,ECHA,A,,O=C1C=CC(=O)N1c1cccc(N2C(=O)C=CC2=O)c1,0.5454
1782,64194-22-5,,226.2689208984375,3-methyl-5-(prop-2-enoyloxy)pentyl prop-2-enoate,1,"InChI=1S/C12H18O4/c1-4-11(13)15-8-6-10(3)7-9-16-12(14)5-2/h4-5,10H,1-2,6-9H2,3H3",ECHA,A,,C=CC(=O)OCCC(C)CCOC(=O)C=C,1.8611
3685,25899-50-7,,81.11578369140625,pent-2-enenitrile,1,"InChI=1S/C5H7N/c1-2-3-4-5-6/h3-4H,2H2,1H3",ECHA,V,,CCC=CC#N,1.47618
1307,24279-39-8,,230.0145721435547,"2,6-dichloro-4-(trifluoromethyl)aniline",1,"InChI=1S/C7H4Cl2F3N/c8-4-1-3(7(10,11)12)2-5(9)6(4)13/h1-2H,13H2",ECHA,A,,Nc1c(Cl)cc(C(F)(F)F)cc1Cl,3.5944000000000003
1805,108-99-6,,93.12648010253906,3-methylpyridine,1,"InChI=1S/C6H7N/c1-6-3-2-4-7-5-6/h2-5H,1H3",ECHA,V,,Cc1cccnc1,1.39002
3740; 3741,75-98-9,,102.13169860839844,pivalic acid,0,"InChI=1S/C5H10O2/c1-5(2,3)4(6)7/h1-3H3,(H,6,7)",ECHA,A,,CC(C)(C)C(=O)O,1.1171
822,256473-04-8,,211.56890869140625,-,0,"InChI=1S/C7H5ClF3NO/c8-6-5(2-1-3-12-6)13-4-7(9,10)11/h1-3H,4H2",ECHA,A,,FC(F)(F)COc1cccnc1Cl,2.676100000000001
1006; 1003; 1009; 1004; 1001; 1002; 1005; 4619; 4618,108-38-3,,106.16500091552733,"1,3-xylene",0,"InChI=1S/C8H10/c1-7-4-3-5-8(2)6-7/h3-6H,1-2H3",ECHA,V,,Cc1cccc(C)c1,2.30344
1251,64338-16-5,,364.5652160644531,"2,2,4,4-tetramethyl-7-oxa-3,20-diazadispiro[5.1.11????.2????]henicosan-21-one",1,"InChI=1S/C22H40N2O2/c1-19(2)16-21(17-20(3,4)24-19)18(25)23-22(26-21)14-12-10-8-6-5-7-9-11-13-15-22/h24H,5-17H2,1-4H3,(H,23,25)",ECHA,A,,CC1(C)CC2(CC(C)(C)N1)OC1(CCCCCCCCCCC1)NC2=O,4.813200000000005
2779,353-50-4,,66.00690460205078,carbonyl difluoride,1,InChI=1S/CF2O/c2-1(3)4,ECHA,G,,O=C(F)F,1.0453999999999999
419,94239-04-0,,165.0883331298828,-,1,"InChI=1S/C6H3F4N/c7-5-3-1-2-4(11-5)6(8,9)10/h1-3H",ECHA,V,,Fc1cccc(C(F)(F)F)n1,2.2394999999999996
1056,105-76-0,,228.28480529785156,"1,4-dibutyl (2Z)-but-2-enedioate",0,"InChI=1S/C12H20O4/c1-3-5-9-15-11(13)7-8-12(14)16-10-6-4-2/h7-8H,3-6,9-10H2,1-2H3",ECHA,A,,CCCCOC(=O)C=CC(=O)OCCCC,2.2291999999999996
957,108-78-1,,126.11994171142578,"1,3,5-triazine-2,4,6-triamine",0,"InChI=1S/C3H6N6/c4-1-7-2(5)9-3(6)8-1/h(H6,4,5,6,7,8,9)",ECHA,A,,Nc1nc(N)nc(N)n1,-1.3818000000000001
441,134605-64-4,,474.81494140625,-,0,"InChI=1S/C20H18ClF3N2O6/c1-5-8-31-17(29)19(2,3)32-16(28)12-9-11(6-7-13(12)21)26-15(27)10-14(20(22,23)24)25(4)18(26)30/h5-7,9-10H,1,8H2,2-4H3",ECHA,A,,C=CCOC(=O)C(C)(C)OC(=O)c1cc(-n2c(=O)cc(C(F)(F)F)n(C)c2=O)ccc1Cl,2.873000000000001
3010; 3006; 3007,13360-57-1,,143.59254455566406,dimethylsulfamoyl chloride,1,"InChI=1S/C2H6ClNO2S/c1-4(2)7(3,5)6/h1-2H3",ECHA,G,,CN(C)S(=O)(=O)Cl,0.031600000000000295
1817,931-40-8,,118.08804321289062,"4-(hydroxymethyl)-1,3-dioxolan-2-one",0,"InChI=1S/C4H6O4/c5-1-3-2-7-4(6)8-3/h3,5H,1-2H2",ECHA,A,,O=C1OCC(CO)O1,-0.48590000000000005
3165; 3162,140-88-5,,100.1158218383789,ethyl prop-2-enoate,1,"InChI=1S/C5H8O2/c1-3-5(6)7-4-2/h3H,1,4H2,2H3",ECHA,V,,C=CC(=O)OCC,0.7354999999999999
881,375-50-8,,453.8389892578125,"1,1,2,2,3,3,4,4-octafluoro-1,4-diiodobutane",0,"InChI=1S/C4F8I2/c5-1(6,3(9,10)13)2(7,8)4(11,12)14",ECHA,V,,FC(F)(I)C(F)(F)C(F)(F)C(F)(F)I,4.3126
1739,4511-42-6,,144.1253204345703,"3,6-dimethyl-1,4-dioxane-2,5-dione",0,"InChI=1S/C6H8O4/c1-3-5(7)10-4(2)6(8)9-3/h3-4H,1-2H3",ECHA,A,,CC1OC(=O)C(C)OC1=O,-0.13660000000000005
4179,1584709-99-8,,216.27410888671875,unnamed [1584709-99-8],0,"InChI=1S/C11H20O4/c1-7(2)14-9(12)8(3)15-10(13)11(4,5)6/h7-8H,1-6H3",ECHA,A,,CC(C)OC(=O)C(C)OC(=O)C(C)(C)C,1.9158000000000002
2408; 2407,111-92-2,,129.2431640625,N-butylbutan-1-amine,1,"InChI=1S/C8H19N/c1-3-5-7-9-8-6-4-2/h9H,3-8H2,1-2H3",ECHA,V,,CCCCNCCCC,2.1761999999999997
3812; 3811; 3810,110-86-1,,79.09989929199219,pyridine,1,InChI=1S/C5H5N/c1-2-4-6-5-3-1/h1-5H,ECHA,V,,c1ccncc1,1.0816
1276,3282-30-2,,120.57736206054688,"2,2-dimethylpropanoyl chloride",1,"InChI=1S/C5H9ClO/c1-5(2,3)4(6)7/h1-3H3",ECHA,V,,CC(C)(C)C(=O)Cl,1.7979
1487; 1486; 1488; 3849; 2749,10326-41-7,,89.67476501464844,2-hydroxypropanoic acid,0,"InChI=1S/C3H6O3/c1-2(4)3(5)6/h2,4H,1H3,(H,5,6)",ECHA,A,,CC(O)C(=O)O,-0.5482
1809,128-58-5,,516.5416259765625,"30,34-dimethoxynonacyclo[18.10.2.2??,????.0??,??????.0????,????.0????,????.0??????,????.0????,??????.0??????,????]tetratriaconta-1(30),2(34),3,5(33),6,8,10,13,15,17,19,22,24,26,28,31-hexadecaene-12,21-dione",1,"InChI=1S/C36H20O4/c1-39-27-15-25-17-7-3-5-9-21(17)35(37)23-13-11-19-20-12-14-24-30-26(18-8-4-6-10-22(18)36(24)38)16-28(40-2)34(32(20)30)33(27)31(19)29(23)25/h3-16H,1-2H3",ECHA,A,,COc1cc2c3c(ccc4c5ccc6c7c(cc(OC)c(c1c34)c75)-c1ccccc1C6=O)C(=O)c1ccccc1-2,8.177200000000003
4617,25013-15-4,,118.17570495605469,vinyltoluene,1,"InChI=1S/C9H10/c1-3-9-6-4-5-8(2)7-9/h3-7H,1H2,2H3",ECHA,V,,C=Cc1cccc(C)c1,2.638020000000001
2968,4079-68-9,,111.18482208251953,diethyl(prop-2-yn-1-yl)amine,1,"InChI=1S/C7H13N/c1-4-7-8(5-2)6-3/h1H,5-7H2,2-3H3",ECHA,V,,C#CCN(CC)CC,0.9614
3408; 4177,15375-84-5,,288.21087646484375,manganese(2+) ion disodium 2-({2-[bis(carboxylatomethyl)amino]ethyl}(carboxylatomethyl)amino)acetate,0,"InChI=1S/C10H16N2O8/c13-7(14)3-11(4-8(15)16)1-2-12(5-9(17)18)6-10(19)20/h1-6H2,(H,13,14)(H,15,16)(H,17,18)(H,19,20)",ECHA,A,,O=C(O)CN(CCN(CC(=O)O)CC(=O)O)CC(=O)O,-2.0711999999999957
280,919-94-8,,116.20133972167969,-,0,"InChI=1S/C7H16O/c1-5-7(3,4)8-6-2/h5-6H2,1-4H3",ECHA,V,,CCOC(C)(C)CC,2.2115
214,156-60-5,,96.94327545166016,"(E)-1,2-dichloroethene",0,InChI=1S/C2H2Cl2/c3-1-2-4/h1-2H,ECHA,V,,ClC=CCl,1.9352
2787,6092-54-2,,164.6299285888672,chloro(hexyloxy)methanone,1,"InChI=1S/C7H13ClO2/c1-2-3-4-5-6-10-7(8)9/h2-6H2,1H3",ECHA,V,,CCCCCCOC(=O)Cl,2.9421000000000017
4160,118135-28-7,,246.77352905273438,unnamed [118135-28-7],0,"InChI=1S/C13H23ClO2/c1-12(2,3)10-4-6-13(7-5-10)15-9-11(8-14)16-13/h10-11H,4-9H2,1-3H3",ECHA,A,,CC(C)(C)C1CCC2(CC1)OCC(CCl)O2,3.5732000000000026
3501,2243-62-1,,158.19979858398438,"naphthalene-1,5-diamine",0,"InChI=1S/C10H10N2/c11-9-5-1-3-7-8(9)4-2-6-10(7)12/h1-6H,11-12H2",ECHA,A,,Nc1cccc2c(N)cccc12,2.0042
3373,3173-53-3,,125.16834259033203,isocyanatocyclohexane,1,"InChI=1S/C7H11NO/c9-6-8-7-4-2-1-3-5-7/h7H,1-5H2",ECHA,V,,O=C=NC1CCCCC1,1.6549
3911,107-59-5,,150.6033477783203,tert-butyl 2-chloroacetate,1,"InChI=1S/C6H11ClO2/c1-6(2,3)9-5(8)4-7/h4H2,1-3H3",ECHA,V,,CC(C)(C)OC(=O)CCl,1.5669
1348; 1350,299-42-3,,165.23220825195312,2-(methylamino)-1-phenylpropan-1-ol,0,"InChI=1S/C10H15NO/c1-8(11-2)10(12)9-6-4-3-5-7-9/h3-8,10-12H,1-2H3",ECHA,A,,CNC(C)C(O)c1ccccc1,1.3278999999999999
182,72-18-4,,117.1463394165039,(2S)-2-amino-3-methylbutanoic acid,0,"InChI=1S/C5H11NO2/c1-3(2)4(6)5(7)8/h3-4H,6H2,1-2H3,(H,7,8)",ECHA,A,,CC(C)C(N)C(=O)O,0.05430000000000007
4169,1226911-69-8,,188.2655487060547,unnamed [1226911-69-8],0,"InChI=1S/C13H16O/c1-11-5-7-13(8-6-11)10-12(2)4-3-9-14/h5-10H,3-4H2,1-2H3",ECHA,A,,CC(=Cc1ccc(C)cc1)CCC=O,3.3774200000000016
3498,4394-85-8,,115.13046264648438,morpholine-4-carbaldehyde,0,"InChI=1S/C5H9NO2/c7-5-6-1-3-8-4-2-6/h5H,1-4H2",ECHA,A,,O=CN1CCOCC1,-0.5250000000000001
3441; 3440; 3439,115-10-6,,46.06843948364258,methoxymethane,0,InChI=1S/C2H6O/c1-3-2/h1-2H3,ECHA,G,,COC,0.26260000000000006
3850,3598-16-1,,151.13938903808594,sodium 2-phenoxyacetate,0,"InChI=1S/C8H8O3/c9-8(10)6-11-7-4-2-1-3-5-7/h1-5H,6H2,(H,9,10)",ECHA,A,,O=C(O)COc1ccccc1,1.1500000000000001
3216,74-90-8,,27.025339126586914,formonitrile,1,InChI=1S/CHN/c1-2/h1H,ECHA,G,,C#N,0.13978
3978,681-84-5,,152.22117614746094,tetramethyl silicate,1,"InChI=1S/C4H12O4Si/c1-5-9(6-2,7-3)8-4/h1-4H3",ECHA,V,,CO[Si](OC)(OC)OC,0.007599999999999829
1174,35037-73-1,,203.11807250976562,1-isocyanato-4-(trifluoromethoxy)benzene,1,"InChI=1S/C8H4F3NO2/c9-8(10,11)14-7-3-1-6(2-4-7)12-5-13/h1-4H",ECHA,V,,O=C=Nc1ccc(OC(F)(F)F)cc1,2.5525
1464,123-05-7,,128.2120361328125,2-ethylhexanal,0,"InChI=1S/C8H16O/c1-3-5-6-8(4-2)7-9/h7-8H,3-6H2,1-2H3",ECHA,A,,CCCCC(C=O)CC,2.401700000000001
1503,90-05-1,,124.13722229003906,2-methoxyphenol,1,"InChI=1S/C7H8O2/c1-9-7-5-3-2-4-6(7)8/h2-5,8H,1H3",ECHA,V,,COc1ccccc1O,1.4008
1781,26586-02-7,,142.15249633789062,3-methyl-4-oxobut-2-en-1-yl acetate,1,"InChI=1S/C7H10O3/c1-6(5-8)3-4-10-7(2)9/h3,5H,4H2,1-2H3",ECHA,A,,CC(=O)OCC=C(C)C=O,0.6947000000000001
3448,17392-83-5,,104.10452270507812,methyl 2-hydroxypropanoate,0,"InChI=1S/C4H8O3/c1-3(5)4(6)7-2/h3,5H,1-2H3",ECHA,A,,COC(=O)C(C)O,-0.45980000000000015
1887,83524-75-8,,630.6442260742188,"7,18-bis[(4-methoxyphenyl)methyl]-7,18-diazaheptacyclo[14.6.2.2??,????.0??,????.0????,????.0????,????.0??????,??????]hexacosa-1(22),2,4,9,11,13(23),14,16(24),20,25-decaene-6,8,17,19-tetrone",0,"InChI=1S/C40H26N2O6/c1-47-23-7-3-21(4-8-23)19-41-37(43)29-15-11-25-27-13-17-31-36-32(40(46)42(39(31)45)20-22-5-9-24(48-2)10-6-22)18-14-28(34(27)36)26-12-16-30(38(41)44)35(29)33(25)26/h3-18H,19-20H2,1-2H3",ECHA,A,,COc1ccc(CN2C(=O)c3ccc4c5ccc6c7c(ccc(c8ccc(c3c48)C2=O)c75)C(=O)N(Cc2ccc(OC)cc2)C6=O)cc1,7.346800000000006
4319,915972-17-7,,593.6640625,unnamed [915972-17-7],0,"InChI=1S/C33H39NO9/c1-31-11-10-24(42-29(38)18-8-9-18)32(2,16-40-28(37)17-6-7-17)22(31)14-23(35)33(3)27(31)26(36)25-21(43-33)13-20(41-30(25)39)19-5-4-12-34-15-19/h4-5,12-13,15,17-18,22-24,26-27,35-36H,6-11,14,16H2,1-3H3",ECHA,A,,CC1(COC(=O)C2CC2)C(OC(=O)C2CC2)CCC2(C)C1CC(O)C1(C)Oc3cc(-c4cccnc4)oc(=O)c3C(O)C21,3.964700000000003
3429,74-93-1,,48.107460021972656,methanethiol,1,"InChI=1S/CH4S/c1-2/h2H,1H3",ECHA,G,,CS,0.546
2656,345-92-6,,218.19883728027344,bis(4-fluorophenyl)methanone,0,InChI=1S/C13H8F2O/c14-11-5-1-9(2-6-11)13(16)10-3-7-12(15)8-4-10/h1-8H,ECHA,A,,O=C(c1ccc(F)cc1)c1ccc(F)cc1,3.195800000000002
1398,106-92-3,,114.14240264892578,2-[(prop-2-en-1-yloxy)methyl]oxirane,1,"InChI=1S/C6H10O2/c1-2-3-7-4-6-5-8-6/h2,6H,1,3-5H2",ECHA,V,,C=CCOCC1CO1,0.5878
1144,5216-25-1,,229.9186553955078,1-chloro-4-(trichloromethyl)benzene,1,"InChI=1S/C7H4Cl4/c8-6-3-1-5(2-4-6)7(9,10)11/h1-4H",ECHA,A,,Clc1ccc(C(Cl)(Cl)Cl)cc1,4.1667000000000005
175,1338-39-2,,346.4589538574219,"(2R)-2-[(2R,3R,4S)-3,4-dihydroxyoxolan-2-yl]-2-hydroxyethyl dodecanoate",0,"InChI=1S/C18H34O6/c1-2-3-4-5-6-7-8-9-10-11-16(21)23-13-15(20)18-17(22)14(19)12-24-18/h14-15,17-20,22H,2-13H2,1H3",ECHA,A,,CCCCCCCCCCCC(=O)OCC(O)C1OCC(O)C1O,1.931999999999999
2810,2587-76-0,,493.8247375488281,chlorotrioctylstannane,1,"InChI=1S/3C8H17.ClH.Sn/c3*1-3-5-7-8-6-4-2;;/h3*1,3-8H2,2H3;1H;/q;;;;+1/p-1",ECHA,A,,CCCCCCC[CH2][Sn]([Cl])([CH2]CCCCCCC)[CH2]CCCCCCC,10.252199999999993
1448; 1689,372-09-8,,85.0614242553711,2-cyanoacetic acid,1,"InChI=1S/C3H3NO2/c4-2-1-3(5)6/h1H2,(H,5,6)",ECHA,A,,N#CCC(=O)O,-0.015320000000000056
1116,109-65-9,,137.0182647705078,1-bromobutane,0,"InChI=1S/C4H9Br/c1-2-3-4-5/h2-4H2,1H3",ECHA,V,,CCCCBr,2.1814
919,53306-54-0,,446.6624450683594,"1,2-bis(2-propylheptyl) benzene-1,2-dicarboxylate",0,"InChI=1S/C28H46O4/c1-5-9-11-17-23(15-7-3)21-31-27(29)25-19-13-14-20-26(25)28(30)32-22-24(16-8-4)18-12-10-6-2/h13-14,19-20,23-24H,5-12,15-18,21-22H2,1-4H3",ECHA,A,,CCCCCC(CCC)COC(=O)c1ccccc1C(=O)OCC(CCC)CCCCC,7.993400000000009
3152,163520-33-0,,295.3324890136719,"ethyl 5,5-diphenyl-4,5-dihydro-1,2-oxazole-3-carboxylate",0,"InChI=1S/C18H17NO3/c1-2-21-17(20)16-13-18(22-19-16,14-9-5-3-6-10-14)15-11-7-4-8-12-15/h3-12H,2,13H2,1H3",ECHA,A,,CCOC(=O)C1=NOC(c2ccccc2)(c2ccccc2)C1,3.2696000000000023
4628,137-30-4,,120.21643829345703,zinc bis(dimethyldithiocarbamate),1,"InChI=1S/C3H7NS2/c1-4(2)3(5)6/h1-2H3,(H,5,6)",ECHA,A,,CN(C)C(=S)S,0.7626999999999999
1823,80-51-3,,358.39337158203125,4-[4-(hydrazinesulfonyl)phenoxy]benzene-1-sulfonohydrazide,0,"InChI=1S/C12H14N4O5S2/c13-15-22(17,18)11-5-1-9(2-6-11)21-10-3-7-12(8-4-10)23(19,20)16-14/h1-8,15-16H,13-14H2",ECHA,A,,NNS(=O)(=O)c1ccc(Oc2ccc(S(=O)(=O)NN)cc2)cc1,-0.2170999999999994
3231; 3230,629-78-7,,240.46774291992188,heptadecane,0,"InChI=1S/C17H36/c1-3-5-7-9-11-13-15-17-16-14-12-10-8-6-4-2/h3-17H2,1-2H3",ECHA,A,,CCCCCCCCCCCCCCCCC,6.877700000000007
1166,123-03-5,,,1-hexadecylpyridinium chloride,1,"InChI=1S/C21H38N/c1-2-3-4-5-6-7-8-9-10-11-12-13-14-16-19-22-20-17-15-18-21-22/h15,17-18,20-21H,2-14,16,19H2,1H3/q+1",ECHA,A,,CCCCCCCCCCCCCCCC[n+]1ccccc1,6.455400000000006
603,150114-71-9,,207.01416015625,-,0,"InChI=1S/C6H4Cl2N2O2/c7-3-1-2(9)4(8)5(10-3)6(11)12/h1H,(H2,9,10)(H,11,12)",ECHA,A,,Nc1cc(Cl)nc(C(=O)O)c1Cl,1.6688
1426,5451-76-3,,222.2802276611328,2-butoxyethyl benzoate,0,"InChI=1S/C13H18O3/c1-2-3-9-15-10-11-16-13(14)12-7-5-4-6-8-12/h4-8H,2-3,9-11H2,1H3",ECHA,A,,CCCCOCCOC(=O)c1ccccc1,2.660100000000001
4086,3069-40-7,,234.40785217285156,trimethoxy(octyl)silane,1,"InChI=1S/C11H26O3Si/c1-5-6-7-8-9-10-11-15(12-2,13-3)14-4/h5-11H2,1-4H3",ECHA,A,,CCCCCCCC[Si](OC)(OC)OC,3.2250000000000014
3150,67707-75-9,,186.2911834716797,"ethyl 3,5,5-trimethylhexanoate",1,"InChI=1S/C11H22O2/c1-6-13-10(12)7-9(2)8-11(3,4)5/h9H,6-8H2,1-5H3",ECHA,A,,CCOC(=O)CC(C)CC(C)(C)C,3.0119000000000016
202,3681-71-8,,142.195556640625,(3Z)-hex-3-en-1-yl acetate,0,"InChI=1S/C8H14O2/c1-3-4-5-6-7-10-8(2)9/h4-5H,3,6-7H2,1-2H3",ECHA,A,,CCC=CCCOC(C)=O,1.9058
3207,6746-94-7,,66.10114288330078,ethynylcyclopropane,0,"InChI=1S/C5H6/c1-2-5-3-4-5/h1,5H,3-4H2",ECHA,V,,C#CC1CC1,1.0295999999999998
2898,93777-46-9,,284.47723388671875,decyl 2-ethylhexanoate,0,"InChI=1S/C18H36O2/c1-4-7-9-10-11-12-13-14-16-20-18(19)17(6-3)15-8-5-2/h17H,4-16H2,1-3H3",ECHA,A,,CCCCCCCCCCOC(=O)C(CC)CCCC,5.8867000000000065
3738; 3739,110-89-4,,85.14753723144531,piperidine,1,"InChI=1S/C5H11N/c1-2-4-6-5-3-1/h6H,1-5H2",ECHA,V,,C1CCNCC1,0.7599
1816,80-46-6,,164.244140625,4-(2-methylbutan-2-yl)phenol,0,"InChI=1S/C11H16O/c1-4-11(2,3)9-5-7-10(12)8-6-9/h5-8,12H,4H2,1-3H3",ECHA,A,,CCC(C)(C)c1ccc(O)cc1,3.0798000000000014
1319,51422-54-9,,146.22732543945312,2-(2-ethoxyethoxy)-2-methylpropane,1,"InChI=1S/C8H18O2/c1-5-9-6-7-10-8(2,3)4/h5-7H2,1-4H3",ECHA,V,,CCOCCOC(C)(C)C,1.838
1053,6408-72-6,,422.43212890625,"1,4-diamino-2,3-diphenoxy-9,10-dihydroanthracene-9,10-dione",0,"InChI=1S/C26H18N2O4/c27-21-19-20(24(30)18-14-8-7-13-17(18)23(19)29)22(28)26(32-16-11-5-2-6-12-16)25(21)31-15-9-3-1-4-10-15/h1-14H,27-28H2",ECHA,A,,Nc1c(Oc2ccccc2)c(Oc2ccccc2)c(N)c2c1C(=O)c1ccccc1C2=O,5.211000000000004
1762,111-17-1,,178.20620727539062,3-[(2-carboxyethyl)sulfanyl]propanoic acid,0,"InChI=1S/C6H10O4S/c7-5(8)1-3-11-4-2-6(9)10/h1-4H2,(H,7,8)(H,9,10)",ECHA,A,,O=C(O)CCSCCC(=O)O,0.669
1743,73570-52-2,,324.43994140625,"3,7-bis(diethylamino)-5??????-phenoxazin-5-ylium nitrate",1,"InChI=1S/C20H26N3O/c1-5-22(6-2)15-9-11-17-19(13-15)24-20-14-16(23(7-3)8-4)10-12-18(20)21-17/h9-14H,5-8H2,1-4H3/q+1",ECHA,A,,CCN(CC)c1ccc2nc3ccc(N(CC)CC)cc3[o+]c2c1,4.954500000000005
2965,105-58-8,,118.131103515625,diethyl carbonate,1,"InChI=1S/C5H10O3/c1-3-7-5(6)8-4-2/h3-4H2,1-2H3",ECHA,V,,CCOC(=O)OCC,1.1794
3857; 3858,127-68-4,,202.16465759277344,sodium 3-nitrobenzene-1-sulfonate,0,"InChI=1S/C6H5NO5S/c8-7(9)5-2-1-3-6(4-5)13(10,11)12/h1-4H,(H,10,11,12)",ECHA,A,,O=[N+]([O-])c1cccc(S(=O)(=O)O)c1,0.8415000000000001
3910,927-07-1,,174.2374267578125,"tert-butyl 2,2-dimethylpropaneperoxoate",0,"InChI=1S/C9H18O3/c1-8(2,3)7(10)11-12-9(4,5)6/h1-6H3",ECHA,A,,CC(C)(C)OOC(=O)C(C)(C)C,2.3058000000000005
4196,38632-47-2,,330.3353576660156,unnamed [38632-47-2],0,"InChI=1S/C8H16N2O8S2/c11-7(19(13,14)15)9-5-3-1-2-4-6-10-8(12)20(16,17)18/h1-6H2,(H,9,11)(H,10,12)(H,13,14,15)(H,16,17,18)",ECHA,A,,O=C(NCCCCCCNC(=O)S(=O)(=O)O)S(=O)(=O)O,-0.25839999999999913
964; 965; 963; 962,2451-62-9,,297.2640075683594,"1,3,5-tris(oxiran-2-ylmethyl)-1,3,5-triazinane-2,4,6-trione",1,"InChI=1S/C12H15N3O6/c16-10-13(1-7-4-19-7)11(17)15(3-9-6-21-9)12(18)14(10)2-8-5-20-8/h7-9H,1-6H2",ECHA,A,,O=c1n(CC2CO2)c(=O)n(CC2CO2)c(=O)n1CC1CO1,-2.6318999999999972
3374,97338-28-8,,791.3638916015625,isohexadecyl 12-[(1-oxooctadecyl)oxy]octadecanoate,0,"InChI=1S/C52H102O4/c1-5-7-9-11-12-13-14-15-16-17-20-23-30-35-41-47-52(54)56-50(44-38-10-8-6-2)45-39-33-28-24-25-29-34-40-46-51(53)55-48-42-36-31-26-21-18-19-22-27-32-37-43-49(3)4/h49-50H,5-48H2,1-4H3",ECHA,A,,CCCCCCCCCCCCCCCCCC(=O)OC(CCCCCC)CCCCCCCCCCC(=O)OCCCCCCCCCCCCCC(C)C,17.911499999999975
1705,70331-94-1,,696.9130249023438,"2-{[(2-{[3-(3,5-di-tert-butyl-4-hydroxyphenyl)propanoyl]oxy}ethyl)carbamoyl]formamido}ethyl 3-(3,5-di-tert-butyl-4-hydroxyphenyl)propanoate",0,"InChI=1S/C40H60N2O8/c1-37(2,3)27-21-25(22-28(33(27)45)38(4,5)6)13-15-31(43)49-19-17-41-35(47)36(48)42-18-20-50-32(44)16-14-26-23-29(39(7,8)9)34(46)30(24-26)40(10,11)12/h21-24,45-46H,13-20H2,1-12H3,(H,41,47)(H,42,48)",ECHA,A,,CC(C)(C)c1cc(CCC(=O)OCCNC(=O)C(=O)NCCOC(=O)CCc2cc(C(C)(C)C)c(O)c(C(C)(C)C)c2)cc(C(C)(C)C)c1O,6.172000000000007
2970,381-73-7,,96.03289031982422,difluoroacetic acid,1,"InChI=1S/C2H2F2O2/c3-1(4)2(5)6/h1H,(H,5,6)",ECHA,A,,O=C(O)C(F)F,0.3361
1859,66068-84-6,,236.39292907714844,"4-{5,5,6-trimethylbicyclo[2.2.1]heptan-2-yl}cyclohexan-1-ol",0,"InChI=1S/C16H28O/c1-10-14-8-12(16(10,2)3)9-15(14)11-4-6-13(17)7-5-11/h10-15,17H,4-9H2,1-3H3",ECHA,A,,CC1C2CC(CC2C2CCC(O)CC2)C1(C)C,3.855800000000003
1717,1800-91-5,,354.135498046875,"3,3,4,4,5,5,6,6,7,7,8,8-dodecafluorodeca-1,9-diene",0,"InChI=1S/C10H6F12/c1-3-5(11,12)7(15,16)9(19,20)10(21,22)8(17,18)6(13,14)4-2/h3-4H,1-2H2",ECHA,V,,C=CC(F)(F)C(F)(F)C(F)(F)C(F)(F)C(F)(F)C(F)(F)C=C,5.170200000000001
1243,428-59-1,,166.0219268798828,"2,2,3-trifluoro-3-(trifluoromethyl)oxirane",1,"InChI=1S/C3F6O/c4-1(2(5,6)7)3(8,9)10-1",ECHA,G,,FC(F)(F)C1(F)OC1(F)F,1.8375
157,1760-24-3,,222.3573760986328,(2-aminoethyl)[3-(trimethoxysilyl)propyl]amine,1,"InChI=1S/C8H22N2O3Si/c1-11-14(12-2,13-3)8-4-6-10-7-5-9/h10H,4-9H2,1-3H3",ECHA,A,,CO[Si](CCCNCCN)(OC)OC,-0.1970999999999985
2133,67762-53-2,,528.890625,"Fatty acids, C5-9, tetraesters with pentaerythritol",0,"InChI=1S/C33H68O4/c1-5-9-13-17-21-25-34-29-33(30-35-26-22-18-14-10-6-2,31-36-27-23-19-15-11-7-3)32-37-28-24-20-16-12-8-4/h5-32H2,1-4H3",ECHA,A,,CCCCCCCOCC(COCCCCCCC)(COCCCCCCC)COCCCCCCC,9.9208
1173,31027-31-3,,161.200439453125,1-isocyanato-4-(propan-2-yl)benzene,1,"InChI=1S/C10H11NO/c1-8(2)9-3-5-10(6-4-9)11-7-12/h3-6,8H,1-2H3",ECHA,A,,CC(C)c1ccc(N=C=O)cc1,2.777300000000001
3013; 3012; 3014; 3011,753-73-1,,219.68504333496094,dimethyltin dichloride,1,InChI=1S/2CH3.2ClH.Sn/h2*1H3;2*1H;/q;;;;+2/p-2,ECHA,A,,[CH3][Sn]([CH3])([Cl])[Cl],2.1658
3856; 3852; 3853; 3855; 3854,63405-85-6,,425.4377746582031,sodium 3-({3-methoxy-4-[(4-methoxyphenyl)diazenyl]phenyl}diazenyl)benzenesulfonate,1,"InChI=1S/C20H18N4O5S/c1-28-17-9-6-14(7-10-17)21-24-19-11-8-16(13-20(19)29-2)23-22-15-4-3-5-18(12-15)30(25,26)27/h3-13H,1-2H3,(H,25,26,27)",ECHA,A,,COc1ccc(N=Nc2ccc(N=Nc3cccc(S(=O)(=O)O)c3)cc2OC)cc1,5.781300000000004
1424; 1425; 1421; 1422; 1423,111-76-2,,118.17416381835939,2-butoxyethan-1-ol,1,"InChI=1S/C6H14O2/c1-2-3-5-8-6-4-7/h7H,2-6H2,1H3",ECHA,V,,CCCCOCCO,0.7953999999999999
4293,700874-87-9,,232.02882385253906,unnamed [700874-87-9],0,"InChI=1S/C4F8O2/c5-1(6)2(7)13-4(11,12)14-3(8,9)10",ECHA,V,,FC(F)=C(F)OC(F)(F)OC(F)(F)F,3.1248
627,157859-20-6,,228.40325927734375,-,0,"InChI=1S/C12H24O2Si/c1-8-12(13)14-15(9(2)3,10(4)5)11(6)7/h8-11H,1H2,2-7H3",ECHA,A,,C=CC(=O)O[Si](C(C)C)(C(C)C)C(C)C,3.8911000000000033
1472,10584-98-2,,639.5818481445312,2-ethylhexyl 2-{[dibutyl({2-[(2-ethylhexyl)oxy]-2-oxoethyl}sulfanyl)stannyl]sulfanyl}acetate,1,"InChI=1S/2C10H20O2S.2C4H9.Sn/c2*1-3-5-6-9(4-2)7-12-10(11)8-13;2*1-3-4-2;/h2*9,13H,3-8H2,1-2H3;2*1,3-4H2,2H3;/q;;;;+2/p-2",ECHA,A,,CCCCC(CC)COC(=O)C[S][Sn]([CH2]CCC)([CH2]CCC)[S]CC(=O)OCC(CC)CCCC,9.014400000000004
2596,26266-58-0,,957.4947509765625,anhydro-D-glucitol trioleate,0,"InChI=1S/C60H108O8/c1-4-7-10-13-16-19-22-25-28-31-34-37-40-43-46-49-56(62)65-53-55(67-57(63)50-47-44-41-38-35-32-29-26-23-20-17-14-11-8-5-2)60-59(54(61)52-66-60)68-58(64)51-48-45-42-39-36-33-30-27-24-21-18-15-12-9-6-3/h25-30,54-55,59-61H,4-24,31-53H2,1-3H3",ECHA,A,,CCCCCCCCC=CCCCCCCCC(=O)OCC(OC(=O)CCCCCCCC=CCCCCCCCC)C1OCC(O)C1OC(=O)CCCCCCCC=CCCCCCCCC,17.22539999999997
1242,422-05-9,,150.04733276367188,"2,2,3,3,3-pentafluoropropan-1-ol",0,"InChI=1S/C3H3F5O/c4-2(5,1-9)3(6,7)8/h9H,1H2",ECHA,V,,OCC(F)(F)C(F)(F)F,1.1763
493,1370711-06-0,,170.24871826171875,-,0,"InChI=1S/C10H18O2/c1-5-7-10(11)12-9(6-2)8(3)4/h5,7-9H,6H2,1-4H3",ECHA,A,,CC=CC(=O)OC(CC)C(C)C,2.540300000000001
1415; 1416,88-68-6,,136.15121459960938,2-aminobenzamide,0,"InChI=1S/C7H8N2O/c8-6-4-2-1-3-5(6)7(9)10/h1-4H,8H2,(H2,9,10)",ECHA,A,,NC(=O)c1ccccc1N,0.3677
4093,2487-90-3,,121.18726348876953,trimethoxysilane,1,InChI=1S/C3H9O3Si/c1-4-7(5-2)6-3/h1-3H3,ECHA,V,,CO[Si](OC)OC,-0.08950000000000014
3447,96-34-4,,108.52359771728516,methyl 2-chloroacetate,1,"InChI=1S/C3H5ClO2/c1-6-3(5)2-4/h2H2,1H3",ECHA,V,,COC(=O)CCl,0.3981999999999999
3428,124-63-0,,114.55131530761719,methanesulfonyl chloride,1,"InChI=1S/CH3ClO2S/c1-5(2,3)4/h1H3",ECHA,V,,CS(=O)(=O)Cl,0.18480000000000008
2686,108-86-1,,157.00790405273438,bromobenzene,0,InChI=1S/C6H5Br/c7-6-4-2-1-3-5-6/h1-5H,ECHA,V,,Brc1ccccc1,2.4491000000000005
3926,632-79-1,,463.6997985839844,"tetrabromo-1,3-dihydro-2-benzofuran-1,3-dione",0,InChI=1S/C8Br4O3/c9-3-1-2(8(14)15-7(1)13)4(10)6(12)5(3)11,ECHA,A,,O=C1OC(=O)c2c(Br)c(Br)c(Br)c(Br)c21,4.0472
1419,1514-82-5,,174.9471893310547,"2-bromo-3,3,3-trifluoroprop-1-ene",0,"InChI=1S/C3H2BrF3/c1-2(4)3(5,6)7/h1H2",ECHA,V,,C=C(Br)C(F)(F)F,2.4573
1715,382-10-5,,164.04910278320312,"3,3,3-trifluoro-2-(trifluoromethyl)prop-1-ene",1,"InChI=1S/C4H2F6/c1-2(3(5,6)7)4(8,9)10/h1H2",ECHA,G,,C=C(C(F)(F)F)C(F)(F)F,2.6672000000000002
225,75-18-3,,62.13404083251953,(methylsulfanyl)methane,0,InChI=1S/C2H6S/c1-3-2/h1-2H3,ECHA,V,,CSC,0.9792
952,68134-38-3,,306.4246520996094,"1,3,3-trimethyl-2-[(1E)-[2-methyl-2-(4-methylphenyl)hydrazin-1-ylidene]methyl]-3H-indol-1-ium chloride",1,"InChI=1S/C20H24N3/c1-15-10-12-16(13-11-15)23(5)21-14-19-20(2,3)17-8-6-7-9-18(17)22(19)4/h6-14,19H,5H2,1-4H3/q+1",ECHA,A,,C=[N+](N=CC1N(C)c2ccccc2C1(C)C)c1ccc(C)cc1,4.121620000000004
3370,12389-75-2,,389.31475830078125,iron(3+) ion sodium 2-{[2-({2-[bis(carboxylatomethyl)amino]ethyl}(carboxylatomethyl)amino)ethyl](carboxymethyl)amino}acetate,0,"InChI=1S/C14H23N3O10/c18-10(19)5-15(1-3-16(6-11(20)21)7-12(22)23)2-4-17(8-13(24)25)9-14(26)27/h1-9H2,(H,18,19)(H,20,21)(H,22,23)(H,24,25)(H,26,27)",ECHA,A,,O=C(O)CN(CCN(CC(=O)O)CC(=O)O)CCN(CC(=O)O)CC(=O)O,-2.6845999999999934
2619; 2620,121-91-5,,166.13084411621094,"benzene-1,3-dicarboxylic acid",0,"InChI=1S/C8H6O4/c9-7(10)5-2-1-3-6(4-5)8(11)12/h1-4H,(H,9,10)(H,11,12)",ECHA,A,,O=C(O)c1cccc(C(=O)O)c1,1.083
1241; 1240,352-87-4,,168.11380004882812,"2,2,2-trifluoroethyl methacrylate",1,"InChI=1S/C6H7F3O2/c1-4(2)5(10)11-3-6(7,8)9/h1,3H2,2H3",ECHA,V,,C=C(C)C(=O)OCC(F)(F)F,1.668
3108,75-04-7,,45.08367919921875,ethanamine,1,"InChI=1S/C2H7N/c1-2-3/h2-3H2,1H3",ECHA,G,,CCN,-0.03499999999999981
4074,617-86-7,,115.268798828125,triethylsilane,0,"InChI=1S/C6H15Si/c1-4-7(5-2)6-3/h4-6H2,1-3H3",ECHA,V,,CC[Si](CC)CC,2.5409000000000006
3988,110-01-0,,88.17131805419922,thiolane,0,InChI=1S/C4H8S/c1-2-4-5-3-1/h1-4H2,ECHA,V,,C1CCSC1,1.5133999999999999
1239,75-89-8,,100.03983306884766,"2,2,2-trifluoroethan-1-ol",1,"InChI=1S/C2H3F3O/c3-2(4,5)1-6/h6H,1H2",ECHA,V,,OCC(F)(F)F,0.5410000000000001
2924,683-18-1,,303.8445129394531,dibutylstannanebis(ylium) dichloride,1,"InChI=1S/2C4H9.2ClH.Sn/c2*1-3-4-2;;;/h2*1,3-4H2,2H3;2*1H;/q;;;;+2/p-2",ECHA,A,,CCC[CH2][Sn]([Cl])([Cl])[CH2]CCC,4.506400000000004
1406; 1407,75535-16-9,,333.4897766113281,"2-[2-[4-(diethylamino)phenyl]vinyl]-1,3,3-trimethyl-3H-indolium dihydrogen phosphate",1,"InChI=1S/C23H29N2/c1-6-25(7-2)19-15-12-18(13-16-19)14-17-22-23(3,4)20-10-8-9-11-21(20)24(22)5/h8-17H,6-7H2,1-5H3/q+1",ECHA,A,,CCN(CC)c1ccc(C=CC2=[N+](C)c3ccccc3C2(C)C)cc1,5.2522000000000055
4134,12070-12-1,,195.85069274902344,tungsten(4+) ion methanetetraide,0,InChI=1S/CH.W/h1H;,ECHA,A,,[CH]#[W],0.1222
3144,60-29-7,,74.1216049194336,ethoxyethane,0,"InChI=1S/C4H10O/c1-3-5-4-2/h3-4H2,1-2H3",ECHA,V,,CCOCC,1.0428000000000002
217,4180-23-8,,148.20169067382812,(E)-anethole,0,"InChI=1S/C10H12O/c1-3-4-9-5-7-10(11-2)8-6-9/h3-8H,1-2H3",ECHA,A,,CC=Cc1ccc(OC)cc1,2.728300000000001
991,96-26-4,,90.07794189453125,"1,3-dihydroxypropan-2-one",0,"InChI=1S/C3H6O3/c4-1-3(6)2-5/h4-5H,1-2H2",ECHA,A,,O=C(CO)CO,-1.4599000000000002
4183; 4182,1639345-42-8,,145.25009155273438,unnamed [1639345-42-8],1,"InChI=1S/C6H12FNSi/c1-9(2,7)6-4-3-5-8/h3-4,6H2,1-2H3",ECHA,V,,C[Si](C)(F)CCCC#N,2.46478
3624,593-45-3,,254.49432373046875,octadecane,0,"InChI=1S/C18H38/c1-3-5-7-9-11-13-15-17-18-16-14-12-10-8-6-4-2/h3-18H2,1-2H3",ECHA,A,,CCCCCCCCCCCCCCCCCC,7.267800000000007
3808,79-03-8,,92.52420043945312,propanoyl chloride,1,"InChI=1S/C3H5ClO/c1-2-3(4)5/h2H2,1H3",ECHA,V,,CCC(=O)Cl,1.1618
1075,103-23-1,,370.5664978027344,"1,6-bis(2-ethylhexyl) hexanedioate",0,"InChI=1S/C22H42O4/c1-5-9-13-19(7-3)17-25-21(23)15-11-12-16-22(24)26-18-20(8-4)14-10-6-2/h19-20H,5-18H2,1-4H3",ECHA,A,,CCCCC(CC)COC(=O)CCCCC(=O)OCC(CC)CCCC,6.066000000000007
4195,3709-71-5,,300.0450439453125,unnamed [3709-71-5],0,"InChI=1S/C6F12/c7-1(2(8)4(10,11)12)3(9,5(13,14)15)6(16,17)18",ECHA,V,,FC(=C(F)C(F)(C(F)(F)F)C(F)(F)F)C(F)(F)F,4.5322000000000005
1203,872-50-4,,99.13105773925781,1-methylpyrrolidin-2-one,0,"InChI=1S/C5H9NO/c1-6-4-2-3-5(6)7/h2-4H2,1H3",ECHA,A,,CN1CCCC1=O,0.23859999999999992
313,80793-17-5,,348.10455322265625,-,0,"InChI=1S/C8H5F13/c1-2-3(9,10)4(11,12)5(13,14)6(15,16)7(17,18)8(19,20)21/h2H2,1H3",ECHA,V,,CCC(F)(F)C(F)(F)C(F)(F)C(F)(F)C(F)(F)C(F)(F)F,5.135200000000002
1651,78-85-3,,70.08984375,2-methylprop-2-enal,1,"InChI=1S/C4H6O/c1-4(2)3-5/h3H,1H2,2H3",ECHA,V,,C=C(C)C=O,0.7614
554,166524-75-0,,426.4242858886719,-,0,"InChI=1S/C14H12F2N8O2S2/c1-3-25-13-17-7(15)5-9-19-11(21-23(9)13)27-28-12-20-10-6-8(16)18-14(26-4-2)24(10)22-12/h5-6H,3-4H2,1-2H3",ECHA,A,,CCOc1nc(F)cc2nc(SSc3nc4cc(F)nc(OCC)n4n3)nn12,2.4370000000000003
3633,111-65-9,,114.22852325439453,octane,0,"InChI=1S/C8H18/c1-3-5-7-8-6-4-2/h3-8H2,1-2H3",ECHA,V,,CCCCCCCC,3.3668000000000022
1707,126-58-9,,254.27748107910156,"2-{[3-hydroxy-2,2-bis(hydroxymethyl)propoxy]methyl}-2-(hydroxymethyl)propane-1,3-diol",0,"InChI=1S/C10H22O7/c11-1-9(2-12,3-13)7-17-8-10(4-14,5-15)6-16/h11-16H,1-8H2",ECHA,A,,OCC(CO)(CO)COCC(CO)(CO)CO,-3.070399999999999
1293,118-48-9,,163.1302032470703,"2,4-dihydro-1H-3,1-benzoxazine-2,4-dione",0,"InChI=1S/C8H5NO3/c10-7-5-3-1-2-4-6(5)9-8(11)12-7/h1-4H,(H,9,11)",ECHA,A,,O=c1[nH]c2ccccc2c(=O)o1,0.4813
958,64742-95-6,,253.4529266357422,"1,3,5-trimethylbenzene; 1-ethyl-4-methylbenzene; prop-1-en-2-ylbenzene; propan-2-ylbenzene; propylbenzene",1,"InChI=1S/C7H3BrClFO2/c8-4-2-5(9)3(7(11)12)1-6(4)10/h1-2H,(H,11,12)",ECHA,V,,O=C(O)c1cc(F)c(Br)cc1Cl,2.939800000000001
1339,108-01-0,,89.13623809814453,2-(dimethylamino)ethan-1-ol,1,"InChI=1S/C4H11NO/c1-5(2)3-4-6/h6H,3-4H2,1-2H3",ECHA,V,,CN(C)CCO,-0.45970000000000016
597,51336-94-8,,190.5745086669922,-,1,"InChI=1S/C8H5ClF2O/c9-4-8(12)6-2-1-5(10)3-7(6)11/h1-3H,4H2",ECHA,V,,O=C(CCl)c1ccc(F)cc1F,2.3863000000000003
3430; 3431; 3432,630-08-0,,28.010101318359375,methanidylidyneoxidanium,1,InChI=1S/CO/c1-2,ECHA,G,,[C-]#[O+],-0.03751
1232,81-77-6,,442.4217529296875,"2,17-diazaheptacyclo[16.12.0.0??,??????.0????,????.0????,????.0??????,??????.0????,??????]triaconta-1(30),3,6(11),7,9,13,15,18,21(26),22,24,28-dodecaene-5,12,20,27-tetrone",0,"InChI=1S/C28H14N2O4/c31-25-13-5-1-3-7-15(13)27(33)21-17(25)9-11-19-23(21)29-20-12-10-18-22(24(20)30-19)28(34)16-8-4-2-6-14(16)26(18)32/h1-12,29-30H",ECHA,A,,O=c1c2ccccc2c(=O)c2c1ccc1[nH]c3c(ccc4c(=O)c5ccccc5c(=O)c43)[nH]c12,4.140600000000002
3796,10233-13-3,,242.3975067138672,propan-2-yl dodecanoate,0,"InChI=1S/C15H30O2/c1-4-5-6-7-8-9-10-11-12-13-15(16)17-14(2)3/h14H,4-13H2,1-3H3",ECHA,A,,CCCCCCCCCCCC(=O)OC(C)C,4.858900000000005
3805,19224-26-1,,284.3065490722656,"propane-1,2-diyl dibenzoate",0,"InChI=1S/C17H16O4/c1-13(21-17(19)15-10-6-3-7-11-15)12-20-16(18)14-8-4-2-5-9-14/h2-11,13H,12H2,1H3",ECHA,A,,CC(COC(=O)c1ccccc1)OC(=O)c1ccccc1,3.0889000000000015
2388; 2390,124172-53-8,,450.7008056640625,"N-(2,2,6,6-tetramethylpiperidin-4-yl)-N-{6-[N-(2,2,6,6-tetramethylpiperidin-4-yl)formamido]hexyl}formamide",0,"InChI=1S/C26H50N4O2/c1-23(2)15-21(16-24(3,4)27-23)29(19-31)13-11-9-10-12-14-30(20-32)22-17-25(5,6)28-26(7,8)18-22/h19-22,27-28H,9-18H2,1-8H3",ECHA,A,,CC1(C)CC(N(C=O)CCCCCCN(C=O)C2CC(C)(C)NC(C)(C)C2)CC(C)(C)N1,4.0820000000000025
987,10061-01-5,,110.96985626220703,"1,3-dichloroprop-1-ene",1,"InChI=1S/C3H4Cl2/c4-2-1-3-5/h1-2H,3H2",ECHA,V,,ClC=CCCl,1.9777
3464,111-82-0,,214.34434509277344,methyl dodecanoate,0,"InChI=1S/C13H26O2/c1-3-4-5-6-7-8-9-10-11-12-13(14)15-2/h3-12H2,1-2H3",ECHA,A,,CCCCCCCCCCCC(=O)OC,4.080300000000003
1070; 1067; 1069; 1066; 1071; 1063; 1068; 1064; 1065,106-42-3,,106.16500091552733,"1,4-xylene",0,"InChI=1S/C8H10/c1-7-3-5-8(2)6-4-7/h3-6H,1-2H3",ECHA,V,,Cc1ccc(C)cc1,2.30344
1125,79-38-9,,116.46961212158203,"1-chloro-1,2,2-trifluoroethene",1,InChI=1S/C2ClF3/c3-1(4)2(5)6,ECHA,G,,FC(F)=C(F)Cl,2.2603
3686,4635-87-4,,81.11578369140625,pent-3-enenitrile,1,"InChI=1S/C5H7N/c1-2-3-4-5-6/h2-3H,4H2,1H3",ECHA,V,,CC=CCC#N,1.47618
4081,34396-03-7,,234.40785217285156,"trimethoxy(2,4,4-trimethylpentyl)silane",0,"InChI=1S/C11H26O3Si/c1-10(8-11(2,3)4)9-15(12-5,13-6)14-7/h10H,8-9H2,1-7H3",ECHA,A,,CO[Si](CC(C)CC(C)(C)C)(OC)OC,2.9368000000000016
4059,35435-21-3,,276.4875793457031,"triethoxy(2,4,4-trimethylpentyl)silane",0,"InChI=1S/C14H32O3Si/c1-8-15-18(16-9-2,17-10-3)12-13(4)11-14(5,6)7/h13H,8-12H2,1-7H3",ECHA,A,,CCO[Si](CC(C)CC(C)(C)C)(OCC)OCC,4.1071000000000035
1094,111-34-2,,100.15888214111328,1-(ethenyloxy)butane,0,"InChI=1S/C6H12O/c1-3-5-6-7-4-2/h4H,2-3,5-6H2,1H3",ECHA,V,,C=COCCCC,1.9465999999999999
1151,109-69-3,,92.5672607421875,1-chlorobutane,0,"InChI=1S/C4H9Cl/c1-2-3-4-5/h2-4H2,1H3",ECHA,A,,CCCCCl,2.0253
2792; 2790,79-04-9,,112.94268035888672,chloroacetyl chloride,1,InChI=1S/C2H2Cl2O/c3-1-2(4)5/h1H2,ECHA,V,,O=C(Cl)CCl,0.9906
1401,14228-73-0,,256.33795166015625,2-[({4-[(oxiran-2-ylmethoxy)methyl]cyclohexyl}methoxy)methyl]oxirane,0,"InChI=1S/C14H24O4/c1-2-12(6-16-8-14-10-18-14)4-3-11(1)5-15-7-13-9-17-13/h11-14H,1-10H2",ECHA,A,,C1CC(COCC2CO2)CCC1COCC1CO1,1.6236
3253,77-47-4,,272.771484375,"hexachlorocyclopenta-1,3-diene",1,"InChI=1S/C5Cl6/c6-1-2(7)4(9)5(10,11)3(1)8",ECHA,V,,ClC1=C(Cl)C(Cl)(Cl)C(Cl)=C1Cl,4.5523
3765,107-11-9,,57.09437942504883,prop-2-en-1-amine,1,"InChI=1S/C3H7N/c1-2-3-4/h2H,1,3-4H2",ECHA,V,,C=CCN,0.1311000000000001
4109,93857-00-2,,119.17137908935547,tripotassium propylsilanetris(olate),0,"InChI=1S/C3H10O3Si/c1-2-3-7(4,5)6/h4-6H,2-3H2,1H3",ECHA,V,,CCC[Si](O)(O)O,-0.6878
1846,674-82-8,,84.0733642578125,4-methyleneoxetan-2-one,1,InChI=1S/C4H4O2/c1-3-2-4(5)6-3/h1-2H2,ECHA,A,,C=C1CC(=O)O1,0.44699999999999995
1511,16529-56-9,,81.11578369140625,2-methylbut-3-enenitrile,1,"InChI=1S/C5H7N/c1-3-5(2)4-6/h3,5H,1H2,2H3",ECHA,V,,C=CC(C)C#N,1.33208
2763,26264-06-2,,325.4860534667969,calcium dodecylbenzenesulphonate,1,"InChI=1S/C18H30O3S/c1-2-3-4-5-6-7-8-9-10-11-14-17-15-12-13-16-18(17)22(19,20)21/h12-13,15-16H,2-11,14H2,1H3,(H,19,20,21)",ECHA,A,,CCCCCCCCCCCCc1ccccc1S(=O)(=O)O,5.396700000000005
3848,70161-44-3,,104.08464050292969,sodium 2-[(hydroxymethyl)amino]acetate,0,"InChI=1S/C3H7NO3/c5-2-4-1-3(6)7/h4-5H,1-2H2,(H,6,7)",ECHA,A,,O=C(O)CNCO,-1.3896000000000002
3695,5343-92-0,,104.1475830078125,"pentane-1,2-diol",0,"InChI=1S/C5H12O2/c1-2-3-5(7)4-6/h5-7H,2-4H2,1H3",ECHA,A,,CCCC(O)CO,0.13970000000000005
1849,22374-89-6,,149.23280334472656,4-phenylbutan-2-amine,0,"InChI=1S/C10H15N/c1-9(11)7-8-10-5-3-2-4-6-10/h2-6,9H,7-8,11H2,1H3",ECHA,A,,CC(N)CCc1ccccc1,1.9664000000000001
2703; 2702,110-63-4,,90.12100219726562,"butane-1,4-diol",0,"InChI=1S/C4H10O2/c5-3-1-2-4-6/h5-6H,1-4H2",ECHA,A,,OCCCCO,-0.24880000000000008
2570,75-05-8,,41.05192184448242,acetonitrile,1,InChI=1S/C2H3N/c1-2-3/h1H3,ECHA,V,,CC#N,0.52988
4176,1338-23-4,,210.2249298095703,unnamed [1338-23-4],1,"InChI=1S/C8H18O6/c1-5-7(3,11-9)13-14-8(4,6-2)12-10/h9-10H,5-6H2,1-4H3",ECHA,A,,CCC(C)(OO)OOC(C)(CC)OO,2.1662
986,926-57-8,,124.9964370727539,"1,3-dichlorobut-2-ene",1,"InChI=1S/C4H6Cl2/c1-4(6)2-3-5/h2H,3H2,1H3",ECHA,V,,CC(Cl)=CCCl,2.3678
271,224049-04-1,,298.14788818359375,-,0,"InChI=1S/C11H5Cl2N3OS/c12-8-9(18-16-10(8)13)11(17)15-7-4-2-1-3-6(7)5-14/h1-4H,(H,15,17)",ECHA,A,,N#Cc1ccccc1NC(=O)c1snc(Cl)c1Cl,3.573880000000001
3311,76-16-4,,138.01182556152344,hexafluoroethane,0,"InChI=1S/C2F6/c3-1(4,5)2(6,7)8",ECHA,G,,FC(F)(F)C(F)(F)F,2.1109999999999998
1669; 1668; 1667,75-66-1,,90.18720245361328,2-methylpropane-2-thiol,0,"InChI=1S/C4H10S/c1-4(2,3)5/h5H,1-3H3",ECHA,V,,CC(C)(C)S,1.7147
1459,23235-61-2,,250.33184814453125,"2-ethyl-2-{[2-ethyl-3-hydroxy-2-(hydroxymethyl)propoxy]methyl}propane-1,3-diol",0,"InChI=1S/C12H26O5/c1-3-11(5-13,6-14)9-17-10-12(4-2,7-15)8-16/h13-16H,3-10H2,1-2H3",ECHA,A,,CCC(CO)(CO)COCC(CC)(CO)CO,-0.2350000000000002
4321,960253-23-0,,296.44488525390625,unnamed [960253-23-0],1,"InChI=1S/C18H32O3/c1-5-7-8-9-10-11-12-13-15(3)14-17(16(4)19)18(20)21-6-2/h14-15H,5-13H2,1-4H3/b17-14+",ECHA,A,,CCCCCCCCCC(C)/C=C(\C(C)=O)C(=O)OCC,4.841700000000005
2636,65-85-0,,122.12134552001953,benzoic acid,0,"InChI=1S/C7H6O2/c8-7(9)6-4-2-1-3-5-6/h1-5H,(H,8,9)",ECHA,A,,O=C(O)c1ccccc1,1.3848
224,624-92-0,,94.19903564453125,(methyldisulfanyl)methane,1,InChI=1S/C2H6S2/c1-3-4-2/h1-2H3,ECHA,V,,CSSC,1.6274
4112,78-51-3,,398.4718322753906,tris(2-butoxyethyl) phosphate,0,"InChI=1S/C18H39O7P/c1-4-7-10-20-13-16-23-26(19,24-17-14-21-11-8-5-2)25-18-15-22-12-9-6-3/h4-18H2,1-3H3",ECHA,A,,CCCCOCCOP(=O)(OCCOCCCC)OCCOCCCC,4.594400000000005
4311,865536-03-4,,885.2282104492188,unnamed [865536-03-4],0,"InChI=1S/C52H80N6O6/c1-39(2)26-19-15-11-7-9-13-17-21-34-63-51(61)57-47-32-24-30-45(41(47)5)55-49(59)53-37-43-28-23-29-44(36-43)38-54-50(60)56-46-31-25-33-48(42(46)6)58-52(62)64-35-22-18-14-10-8-12-16-20-27-40(3)4/h23-25,28-33,36,39-40H,7-22,26-27,34-35,37-38H2,1-6H3,(H,57,61)(H,58,62)(H2,53,55,59)(H2,54,56,60)",ECHA,A,,Cc1c(NC(=O)NCc2cccc(CNC(=O)Nc3cccc(NC(=O)OCCCCCCCCCCC(C)C)c3C)c2)cccc1NC(=O)OCCCCCCCCCCC(C)C,14.37763999999997
3729,100-51-6,,108.13782501220703,phenylmethanol,0,"InChI=1S/C7H8O/c8-6-7-4-2-1-3-5-7/h1-5,8H,6H2",ECHA,A,,OCc1ccccc1,1.1789
1847,108-11-2,,102.17475891113281,4-methylpentan-2-ol,1,"InChI=1S/C6H14O/c1-5(2)4-6(3)7/h5-7H,4H2,1-3H3",ECHA,V,,CC(C)CC(C)O,1.4133
1268,115-77-5,,136.14637756347656,"2,2-bis(hydroxymethyl)propane-1,3-diol",0,"InChI=1S/C5H12O4/c6-1-5(2-7,3-8)4-9/h6-9H,1-4H2",ECHA,A,,OCC(CO)(CO)CO,-2.058
3912,3006-82-4,,216.31716918945312,tert-butyl 2-ethylhexaneperoxoate,0,"InChI=1S/C12H24O3/c1-6-8-9-10(7-2)11(13)14-15-12(3,4)5/h10H,6-9H2,1-5H3",ECHA,A,,CCCCC(CC)C(=O)OOC(C)(C)C,3.4761000000000024
190,919-30-2,,221.36932373046875,(3-aminopropyl)triethoxysilane,0,"InChI=1S/C9H23NO3Si/c1-4-11-14(12-5-2,13-6-3)9-7-8-10/h4-10H2,1-3H3",ECHA,A,,CCO[Si](CCCN)(OCC)OCC,1.3835999999999997
2831,110-82-7,,84.15948486328125,cyclohexane,0,InChI=1S/C6H12/c1-2-4-6-5-3-1/h1-6H2,ECHA,V,,C1CCCCC1,2.3406000000000002
660,36635-56-0,,213.2535400390625,-,0,"InChI=1S/C9H11NO3S/c1-8-2-4-9(5-3-8)14(12,13)7-10-6-11/h2-6H,7H2,1H3,(H,10,11)",ECHA,A,,Cc1ccc(S(=O)(=O)CNC=O)cc1,0.4722199999999998
1205,598-50-5,,74.08184051513672,1-methylurea,0,"InChI=1S/C2H6N2O/c1-4-2(3)5/h1H3,(H3,3,4,5)",ECHA,A,,CNC(N)=O,-0.7155
1090; 1089,330-54-1,,233.09449768066406,"1-(3,4-dichlorophenyl)-3,3-dimethylurea",0,"InChI=1S/C9H10Cl2N2O/c1-13(2)9(14)12-6-3-4-7(10)8(11)5-6/h3-5H,1-2H3,(H,12,14)",ECHA,A,,CN(C)C(=O)Nc1ccc(Cl)c(Cl)c1,3.0869000000000018
2616,88-99-3,,166.13084411621094,"benzene-1,2-dicarboxylic acid",0,"InChI=1S/C8H6O4/c9-7(10)5-3-1-2-4-6(5)8(11)12/h1-4H,(H,9,10)(H,11,12)",ECHA,A,,O=C(O)c1ccccc1C(=O)O,1.083
4076,75-46-7,,70.01384735107422,trifluoromethane,0,InChI=1S/CHF3/c2-1(3)4/h1H,ECHA,G,,FC(F)F,1.1784999999999999
1828,2022-85-7,,129.09246826171875,"4-amino-5-fluoro-1,2-dihydropyrimidin-2-one",0,"InChI=1S/C4H4FN3O/c5-2-1-7-4(9)8-3(2)6/h1H,(H3,6,7,8,9)",ECHA,A,,Nc1nc(=O)[nH]cc1F,-0.5088000000000001
293; 261; 390,17865-32-6,,188.3394012451172,-,0,"InChI=1S/C9H20O2Si/c1-10-12(11-2)8-9-6-4-3-5-7-9/h9,12H,3-8H2,1-2H3",ECHA,A,,CO[SiH](CC1CCCCC1)OC,2.08
1074,1119-40-0,,160.16778564453125,"1,5-dimethyl pentanedioate",0,"InChI=1S/C7H12O4/c1-10-6(8)4-3-5-7(9)11-2/h3-5H2,1-2H3",ECHA,A,,COC(=O)CCCC(=O)OC,0.5026999999999999
3136,108-05-4,,86.08924102783203,ethenyl acetate,1,"InChI=1S/C4H6O2/c1-3-6-4(2)5/h3H,1H2,2H3",ECHA,V,,C=COC(C)=O,0.693
3769,107-18-6,,58.079139709472656,prop-2-en-1-ol,1,"InChI=1S/C3H6O/c1-2-3-4/h2,4H,1,3H2",ECHA,V,,C=CCO,0.1647
877; 878,431-89-0,,170.02886962890625,"1,1,1,2,3,3,3-heptafluoropropane",0,"InChI=1S/C3HF7/c4-1(2(5,6)7)3(8,9)10/h1H",ECHA,G,,FC(C(F)(F)F)C(F)(F)F,2.4490999999999996
2385,102-69-2,,143.26974487304688,"N,N-dipropylpropan-1-amine",1,"InChI=1S/C9H21N/c1-4-7-10(8-5-2)9-6-3/h4-9H2,1-3H3",ECHA,V,,CCCN(CCC)CCC,2.5184000000000006
3034,6428-31-5,,793.7910766601562,"disodium 4-amino-3,6-bis[(E)-2-{4-[(E)-2-(2,4-diaminophenyl)diazen-1-yl]phenyl}diazen-1-yl]-5-hydroxynaphthalene-2,7-disulfonate",0,"InChI=1S/C34H29N13O7S2/c35-18-1-11-26(24(37)15-18)44-40-20-3-7-22(8-4-20)42-46-32-28(55(49,50)51)13-17-14-29(56(52,53)54)33(34(48)30(17)31(32)39)47-43-23-9-5-21(6-10-23)41-45-27-12-2-19(36)16-25(27)38/h1-16,48H,35-39H2,(H,49,50,51)(H,52,53,54)",ECHA,A,,Nc1ccc(N=Nc2ccc(N=Nc3c(S(=O)(=O)O)cc4cc(S(=O)(=O)O)c(N=Nc5ccc(N=Nc6ccc(N)cc6N)cc5)c(O)c4c3N)cc2)c(N)c1,8.611400000000005
1309,1194-65-6,,172.01141357421875,"2,6-dichlorobenzonitrile",0,InChI=1S/C7H3Cl2N/c8-6-2-1-3-7(9)5(6)4-10/h1-3H,ECHA,A,,N#Cc1c(Cl)cccc1Cl,2.8650800000000007
1062,40018-26-6,,152.23512268066406,"1,4-dithiane-2,5-diol",1,"InChI=1S/C4H8O2S2/c5-3-1-7-4(6)2-8-3/h3-6H,1-2H2",ECHA,A,,OC1CSC(O)CS1,0.10319999999999996
3002,18755-43-6,,152.12867736816406,dimethyl propylphosphonate,0,"InChI=1S/C5H13O3P/c1-4-5-9(6,7-2)8-3/h4-5H2,1-3H3",ECHA,A,,CCCP(=O)(OC)OC,1.8822999999999999
3146,2983-37-1,,172.2646026611328,ethyl 2-ethylhexanoate,1,"InChI=1S/C10H20O2/c1-4-7-8-9(5-2)10(11)12-6-3/h9H,4-8H2,1-3H3",ECHA,A,,CCCCC(CC)C(=O)OCC,2.765900000000001
2507,3576-88-3,,235.2093505859375,"N~2~-(4,6-diamino-1,3,5-triazin-2-yl)-1,3,5-triazine-2,4,6-triamine",0,"InChI=1S/C6H9N11/c7-1-11-2(8)14-5(13-1)17-6-15-3(9)12-4(10)16-6/h(H9,7,8,9,10,11,12,13,14,15,16,17)",ECHA,A,,Nc1nc(N)nc(Nc2nc(N)nc(N)n2)n1,-1.8710000000000013
3479,124-10-7,,242.3975067138672,methyl tetradecanoate,0,"InChI=1S/C15H30O2/c1-3-4-5-6-7-8-9-10-11-12-13-14-15(16)17-2/h3-14H2,1-2H3",ECHA,A,,CCCCCCCCCCCCCC(=O)OC,4.8605000000000045
2823,108-80-5,,129.07421875,cyanuric acid,0,"InChI=1S/C3H3N3O3/c7-1-4-2(8)6-3(9)5-1/h(H3,4,5,6,7,8,9)",ECHA,A,,O=c1[nH]c(=O)[nH]c(=O)[nH]1,-2.2485000000000004
1403,112-27-6,,150.17295837402344,2-[2-(2-hydroxyethoxy)ethoxy]ethan-1-ol,0,"InChI=1S/C6H14O4/c7-1-3-9-5-6-10-4-2-8/h7-8H,1-6H2",ECHA,A,,OCCOCCOCCO,-0.9958000000000002
4322,97780-06-8,,410.405029296875,unnamed [97780-06-8],0,"InChI=1S/C15H18N6O6S/c1-4-27-15-19-12(16-2)17-13(20-15)18-14(23)21-28(24,25)10-8-6-5-7-9(10)11(22)26-3/h5-8H,4H2,1-3H3,(H3,16,17,18,19,20,21,23)",ECHA,A,,CCOc1nc(NC)nc(NC(=O)NS(=O)(=O)c2ccccc2C(=O)OC)n1,0.6089999999999994
1738,3068-39-1,,429.53076171875,"3,6-bis(ethylamino)-9-[2-(methoxycarbonyl)phenyl]-2,7-dimethyl-10??????-xanthen-10-ylium chloride",1,"InChI=1S/C27H29N2O3/c1-6-28-22-14-24-20(12-16(22)3)26(18-10-8-9-11-19(18)27(30)31-5)21-13-17(4)23(29-7-2)15-25(21)32-24/h8-15,28-29H,6-7H2,1-5H3/q+1",ECHA,A,,CCNc1cc2[o+]c3cc(NCC)c(C)cc3c(-c3ccccc3C(=O)OC)c2cc1C,6.801140000000006
2397,7597-60-6,,198.17930603027344,"N-(6-amino-1,3-dimethyl-2,4-dioxo-1,2,3,4-tetrahydropyrimidin-5-yl)formamide",0,"InChI=1S/C7H10N4O3/c1-10-5(8)4(9-3-12)6(13)11(2)7(10)14/h3H,8H2,1-2H3,(H,9,12)",ECHA,A,,Cn1c(N)c(NC=O)c(=O)n(C)c1=O,-1.7654999999999998
1130; 1129; 1131; 1128,111-44-4,,143.01171875,1-chloro-2-(2-chloroethoxy)ethane,1,InChI=1S/C4H8Cl2O/c5-1-3-7-4-2-6/h1-4H2,ECHA,V,,ClCCOCCCl,1.4806
203,6362-80-7,,236.35140991210938,(4-methyl-4-phenylpent-1-en-2-yl)benzene,0,"InChI=1S/C18H20/c1-15(16-10-6-4-7-11-16)14-18(2,3)17-12-8-5-9-13-17/h4-13H,1,14H2,2-3H3",ECHA,A,,C=C(CC(C)(C)c1ccccc1)c1ccccc1,5.067700000000004
2827; 2826; 152,4904-61-4,,162.27133178710938,"cyclododeca-1,5,9-triene",0,"InChI=1S/C12H18/c1-2-4-6-8-10-12-11-9-7-5-3-1/h1-2,7-10H,3-6,11-12H2/b2-1+,9-7+,10-8+",ECHA,A,,C1=CCCC=CCCC=CCC1,4.009200000000003
363,143390-89-0,,313.3477783203125,-,0,"InChI=1S/C18H19NO4/c1-13-8-4-7-11-16(13)23-12-14-9-5-6-10-15(14)17(19-22-3)18(20)21-2/h4-11H,12H2,1-3H3",ECHA,A,,CON=C(C(=O)OC)c1ccccc1COc1ccccc1C,3.097520000000002
1198,99-99-0,,137.135986328125,1-methyl-4-nitrobenzene,1,"InChI=1S/C7H7NO2/c1-6-2-4-7(5-3-6)8(9)10/h2-5H,1H3",ECHA,A,,Cc1ccc([N+](=O)[O-])cc1,1.90322
1891,286-20-4,,98.14300537109375,7-oxabicyclo[4.1.0]heptane,1,"InChI=1S/C6H10O/c1-2-4-6-5(3-1)7-6/h5-6H,1-4H2",ECHA,V,,C1CCC2OC2C1,1.3277999999999999
3321,106-69-4,,134.17356872558594,"hexane-1,2,6-triol",0,"InChI=1S/C6H14O3/c7-4-2-1-3-6(9)5-8/h6-9H,1-5H2",ECHA,A,,OCCCCC(O)CO,-0.4977999999999999
