id_input,InChIKey,substance_name,casrn,Molecular weight,guideline,species,type_of_coverage,max_duration(hrs),vehicle,edema/ erythema score,max_score,reversibility,Outcome,StandardizerResult,SMILES
951,ACVNYUMGXUDACR-UHFFFAOYSA-N,-,65405-84-7,208.3397674560547,OECD Guideline 404 (Acute Dermal Irritation / Corrosion),rabbit,semiocclusive,4.0,unchanged (no vehicle),2.33333333333333,4.0,0.0,1,"Remove Explicit Hydrogens (ID: RemoveExplicitH)
Clear Stereo (ID: ClearStereo)
Wedge Clean (ID: WedgeClean)
Mesomerize (ID: Mesomerize)
Tautomerize (ID: Tautomerize)
Add Explicit Hydrogens (ID: AddExplicitH)
Neutralize (ID: Neutralize)
Clean 2D (ID: Clean2D)",CC1=CCCC(C)(C)C1C(C)CCC=O
1887,ACZGCWSMSTYWDQ-UHFFFAOYSA-N,1-benzofuran-2(3H)-one,553-86-6,134.13204956054688,OECD Guideline 404 (Acute Dermal Irritation / Corrosion),rabbit,semiocclusive,4.0,water,2.23333333333333,,0.0,1,"Remove Explicit Hydrogens (ID: RemoveExplicitH)
Dearomatize (ID: Dearomatize)
Clear Stereo (ID: ClearStereo)
Wedge Clean (ID: WedgeClean)
Mesomerize (ID: Mesomerize)
Tautomerize (ID: Tautomerize)
Aromatize (ID: Aromatize)
Add Explicit Hydrogens (ID: AddExplicitH)
Neutralize (ID: Neutralize)
Clean 2D (ID: Clean2D)",O=C1Cc2ccccc2O1
1921,ADAKRBAJFHTIEW-UHFFFAOYSA-N,1-chloro-4-isocyanatobenzene,104-12-1,153.56576538085938,OECD Guideline 404 (Acute Dermal Irritation / Corrosion),rabbit,semiocclusive,4.0,unchanged (no vehicle),2.79,4.0,1.0,1,"Remove Explicit Hydrogens (ID: RemoveExplicitH)
Dearomatize (ID: Dearomatize)
Clear Stereo (ID: ClearStereo)
Wedge Clean (ID: WedgeClean)
Mesomerize (ID: Mesomerize)
Tautomerize (ID: Tautomerize)
Aromatize (ID: Aromatize)
Add Explicit Hydrogens (ID: AddExplicitH)
Neutralize (ID: Neutralize)
Clean 2D (ID: Clean2D)",O=C=Nc1ccc(Cl)cc1
4500,AEEGJNJYJCGJFZ-UHFFFAOYSA-N,isobutyl 2-chloropropanoate,83261-15-8,164.6299285888672,OECD Guideline 404 (Acute Dermal Irritation / Corrosion),rabbit,occlusive,4.0,unchanged (no vehicle),1.56,4.0,0.0,1,"Remove Explicit Hydrogens (ID: RemoveExplicitH)
Clear Stereo (ID: ClearStereo)
Wedge Clean (ID: WedgeClean)
Mesomerize (ID: Mesomerize)
Tautomerize (ID: Tautomerize)
Add Explicit Hydrogens (ID: AddExplicitH)
Neutralize (ID: Neutralize)
Clean 2D (ID: Clean2D)",CC(C)COC(=O)C(C)Cl
4174,AHUXYBVKTIBBJW-UHFFFAOYSA-N,dimethoxydiphenylsilane,6843-66-9,244.36114501953125,OECD Guideline 404 (Acute Dermal Irritation / Corrosion),rabbit,semiocclusive,4.0,unchanged (no vehicle),2.77666666666666,4.0,0.0,1,"Remove Explicit Hydrogens (ID: RemoveExplicitH)
Dearomatize (ID: Dearomatize)
Clear Stereo (ID: ClearStereo)
Wedge Clean (ID: WedgeClean)
Mesomerize (ID: Mesomerize)
Tautomerize (ID: Tautomerize)
Aromatize (ID: Aromatize)
Add Explicit Hydrogens (ID: AddExplicitH)
Neutralize (ID: Neutralize)
Clean 2D (ID: Clean2D)",CO[Si](OC)(c1ccccc1)c1ccccc1
5129,ALVYUZIFSCKIFP-UHFFFAOYSA-N,triethoxy(2-methylpropyl)silane,17980-47-1,220.3812713623047,OECD Guideline 404 (Acute Dermal Irritation / Corrosion),rabbit,semiocclusive,4.0,unchanged (no vehicle),1.9,4.0,0.0,1,"Remove Explicit Hydrogens (ID: RemoveExplicitH)
Clear Stereo (ID: ClearStereo)
Wedge Clean (ID: WedgeClean)
Mesomerize (ID: Mesomerize)
Tautomerize (ID: Tautomerize)
Add Explicit Hydrogens (ID: AddExplicitH)
Neutralize (ID: Neutralize)
Clean 2D (ID: Clean2D)",CCO[Si](CC(C)C)(OCC)OCC
927,AOKZLBCDXJYXOK-UHFFFAOYSA-N,-,149968-48-9,422.73046875,OECD Guideline 404 (Acute Dermal Irritation / Corrosion),rabbit,semiocclusive,4.0,unchanged (no vehicle),2.0,4.0,0.0,1,"Remove Explicit Hydrogens (ID: RemoveExplicitH)
Clear Stereo (ID: ClearStereo)
Wedge Clean (ID: WedgeClean)
Mesomerize (ID: Mesomerize)
Tautomerize (ID: Tautomerize)
Add Explicit Hydrogens (ID: AddExplicitH)
Neutralize (ID: Neutralize)
Clean 2D (ID: Clean2D)",CCCCCCCCC=CCCCCCCCCCCCC(=O)NCCCN(C)C
2827,AOOKHLGAVNECET-UHFFFAOYSA-N,"4-(3,4,5,6-tetramethyloctan-2-yl)phenol",121158-58-5,234.37704467773438,OECD Guideline 404 (Acute Dermal Irritation / Corrosion),rabbit,semiocclusive,4.0,unchanged (no vehicle),4.0,4.0,1.0,1,"Remove Explicit Hydrogens (ID: RemoveExplicitH)
Dearomatize (ID: Dearomatize)
Clear Stereo (ID: ClearStereo)
Wedge Clean (ID: WedgeClean)
Mesomerize (ID: Mesomerize)
Tautomerize (ID: Tautomerize)
Aromatize (ID: Aromatize)
Add Explicit Hydrogens (ID: AddExplicitH)
Neutralize (ID: Neutralize)
Clean 2D (ID: Clean2D)",CCC(C)C(C)C(C)CCc1ccc(O)cc1
4564,BAPJBEWLBFYGME-UHFFFAOYSA-N,methyl prop-2-enoate,96-33-3,86.08924102783203,OECD Guideline 404 (Acute Dermal Irritation / Corrosion),rabbit,semiocclusive,4.0,unchanged (no vehicle),2.385,3.0,1.0,1,"Remove Explicit Hydrogens (ID: RemoveExplicitH)
Clear Stereo (ID: ClearStereo)
Wedge Clean (ID: WedgeClean)
Mesomerize (ID: Mesomerize)
Tautomerize (ID: Tautomerize)
Add Explicit Hydrogens (ID: AddExplicitH)
Neutralize (ID: Neutralize)
Clean 2D (ID: Clean2D)",C=CC(=O)OC
1910,BASMANVIUSSIIM-UHFFFAOYSA-N,1-chloro-2-(chloromethyl)benzene,611-19-8,161.02853393554688,OECD Guideline 404 (Acute Dermal Irritation / Corrosion),rabbit,semiocclusive,4.0,unchanged (no vehicle),2.76666666666666,4.0,0.0,1,"Remove Explicit Hydrogens (ID: RemoveExplicitH)
Dearomatize (ID: Dearomatize)
Clear Stereo (ID: ClearStereo)
Wedge Clean (ID: WedgeClean)
Mesomerize (ID: Mesomerize)
Tautomerize (ID: Tautomerize)
Aromatize (ID: Aromatize)
Add Explicit Hydrogens (ID: AddExplicitH)
Neutralize (ID: Neutralize)
Clean 2D (ID: Clean2D)",ClCc1ccccc1Cl
2897,BBDKZWKEPDTENS-UHFFFAOYSA-N,4-ethenylcyclohex-1-ene,100-40-3,108.1808853149414,OECD Guideline 404 (Acute Dermal Irritation / Corrosion),rabbit,occlusive,4.0,other: no vehicle,2.56,4.0,1.0,1,"Remove Explicit Hydrogens (ID: RemoveExplicitH)
Clear Stereo (ID: ClearStereo)
Wedge Clean (ID: WedgeClean)
Mesomerize (ID: Mesomerize)
Tautomerize (ID: Tautomerize)
Add Explicit Hydrogens (ID: AddExplicitH)
Neutralize (ID: Neutralize)
Clean 2D (ID: Clean2D)",C=CC1CC=CCC1
2730,BHELZAPQIKSEDF-UHFFFAOYSA-N,3-bromoprop-1-ene,106-95-6,120.97579956054688,OECD Guideline 404 (Acute Dermal Irritation / Corrosion),rabbit,semiocclusive,4.0,unchanged (no vehicle),3.5,4.0,1.0,1,"Remove Explicit Hydrogens (ID: RemoveExplicitH)
Clear Stereo (ID: ClearStereo)
Wedge Clean (ID: WedgeClean)
Mesomerize (ID: Mesomerize)
Tautomerize (ID: Tautomerize)
Add Explicit Hydrogens (ID: AddExplicitH)
Neutralize (ID: Neutralize)
Clean 2D (ID: Clean2D)",C=CCBr
5001,BNWCETAHAJSBFG-UHFFFAOYSA-N,tert-butyl bromoacetate,5292-43-3,195.05433654785156,OECD Guideline 404 (Acute Dermal Irritation / Corrosion),rabbit,semiocclusive,4.0,unchanged (no vehicle),4.0,,1.0,1,"Remove Explicit Hydrogens (ID: RemoveExplicitH)
Clear Stereo (ID: ClearStereo)
Wedge Clean (ID: WedgeClean)
Mesomerize (ID: Mesomerize)
Tautomerize (ID: Tautomerize)
Add Explicit Hydrogens (ID: AddExplicitH)
Neutralize (ID: Neutralize)
Clean 2D (ID: Clean2D)",CC(C)(C)OC(=O)CBr
2105,BRPSAOUFIJSKOT-UHFFFAOYSA-N,"2,3-dichloroaniline",608-27-5,162.0166015625,OECD Guideline 404 (Acute Dermal Irritation / Corrosion),rabbit,semiocclusive,4.0,other: none,2.9,4.0,1.0,1,"Remove Explicit Hydrogens (ID: RemoveExplicitH)
Dearomatize (ID: Dearomatize)
Clear Stereo (ID: ClearStereo)
Wedge Clean (ID: WedgeClean)
Mesomerize (ID: Mesomerize)
Tautomerize (ID: Tautomerize)
Aromatize (ID: Aromatize)
Add Explicit Hydrogens (ID: AddExplicitH)
Neutralize (ID: Neutralize)
Clean 2D (ID: Clean2D)",Nc1cccc(Cl)c1Cl
1913,BXSVYGKOUULJCL-UHFFFAOYSA-N,1-chloro-2-(dichloromethyl)benzene,88-66-4,195.47360229492188,OECD Guideline 404 (Acute Dermal Irritation / Corrosion),rabbit,semiocclusive,4.0,unchanged (no vehicle),1.8,4.0,0.0,1,"Remove Explicit Hydrogens (ID: RemoveExplicitH)
Dearomatize (ID: Dearomatize)
Clear Stereo (ID: ClearStereo)
Wedge Clean (ID: WedgeClean)
Mesomerize (ID: Mesomerize)
Tautomerize (ID: Tautomerize)
Aromatize (ID: Aromatize)
Add Explicit Hydrogens (ID: AddExplicitH)
Neutralize (ID: Neutralize)
Clean 2D (ID: Clean2D)",Clc1ccccc1C(Cl)Cl
4374,CATSNJVOTSVZJV-UHFFFAOYSA-N,heptan-2-one,110-43-0,114.18546295166016,OECD Guideline 404 (Acute Dermal Irritation / Corrosion),rabbit,semiocclusive,4.0,unchanged (no vehicle),2.0,,0.0,1,"Remove Explicit Hydrogens (ID: RemoveExplicitH)
Clear Stereo (ID: ClearStereo)
Wedge Clean (ID: WedgeClean)
Mesomerize (ID: Mesomerize)
Tautomerize (ID: Tautomerize)
Add Explicit Hydrogens (ID: AddExplicitH)
Neutralize (ID: Neutralize)
Clean 2D (ID: Clean2D)",CCCCCC(C)=O
2125,CEOCVKWBUWKBKA-UHFFFAOYSA-N,"2,4-dichlorobenzoyl chloride",89-75-8,209.45712280273438,OECD Guideline 404 (Acute Dermal Irritation / Corrosion),rabbit,semiocclusive,4.0,unchanged (no vehicle),2.0,2.0,0.0,1,"Remove Explicit Hydrogens (ID: RemoveExplicitH)
Dearomatize (ID: Dearomatize)
Clear Stereo (ID: ClearStereo)
Wedge Clean (ID: WedgeClean)
Mesomerize (ID: Mesomerize)
Tautomerize (ID: Tautomerize)
Aromatize (ID: Aromatize)
Add Explicit Hydrogens (ID: AddExplicitH)
Neutralize (ID: Neutralize)
Clean 2D (ID: Clean2D)",O=C(Cl)c1ccc(Cl)cc1Cl
1704,CFXQEHVMCRXUSD-UHFFFAOYSA-N,"1,2,3-trichloropropane",96-18-4,147.43080139160156,OECD Guideline 404 (Acute Dermal Irritation / Corrosion),rabbit,other: 4h exposure: semi-occlusive; 24 h exposure: occlusive,24.0,unchanged (no vehicle),2.0,2.0,0.0,1,"Remove Explicit Hydrogens (ID: RemoveExplicitH)
Clear Stereo (ID: ClearStereo)
Wedge Clean (ID: WedgeClean)
Mesomerize (ID: Mesomerize)
Tautomerize (ID: Tautomerize)
Add Explicit Hydrogens (ID: AddExplicitH)
Neutralize (ID: Neutralize)
Clean 2D (ID: Clean2D)",ClCC(Cl)CCl
5485,CRDBNVPTOXURQK-UHFFFAOYSA-N,unnamed [68955-55-5],68955-55-5,271.4817810058594,OECD Guideline 404 (Acute Dermal Irritation / Corrosion),rabbit,semiocclusive,4.0,unchanged (no vehicle),2.23333333333333,4.0,0.0,1,"Remove Explicit Hydrogens (ID: RemoveExplicitH)
Clear Stereo (ID: ClearStereo)
Wedge Clean (ID: WedgeClean)
Mesomerize (ID: Mesomerize)
Tautomerize (ID: Tautomerize)
Add Explicit Hydrogens (ID: AddExplicitH)
Clean 2D (ID: Clean2D)",C=[N+](O)CCCCCCCCCCCCCCC
2110,CRJIYMRJTJWVLU-UHFFFAOYSA-N,"2,4,4-trimethylpentan-2-yl 2,2,3,5-tetramethylhexaneperoxoate 2,4,4-trimethylpentan-2-yl 2,2-diethylhexaneperoxoate 2,4,4-trimethylpentan-2-yl 2,2-dimethyloctaneperoxoate 2,4,4-trimethylpentan-2-yl 2,4-dimethyl-2-(propan-2-yl)pentaneperoxoate 2,4,4-trimethylpentan-2-yl 2-ethyl-2,5-dimethylhexaneperoxoate",51240-95-0,314.4601745605469,OECD Guideline 404 (Acute Dermal Irritation / Corrosion),rabbit,semiocclusive,4.0,unchanged (no vehicle),1.88,4.0,0.0,1,"Remove Explicit Hydrogens (ID: RemoveExplicitH)
Clear Stereo (ID: ClearStereo)
Wedge Clean (ID: WedgeClean)
Mesomerize (ID: Mesomerize)
Tautomerize (ID: Tautomerize)
Add Explicit Hydrogens (ID: AddExplicitH)
Neutralize (ID: Neutralize)
Clean 2D (ID: Clean2D)",CC(C)(C)CCCCC1(C(=O)OC(C)(C)CC(C)(C)C)OO1
4850,CSDSSGBPEUDDEE-UHFFFAOYSA-N,pyridine-2-carbaldehyde,1121-60-4,107.11000061035156,OECD Guideline 404 (Acute Dermal Irritation / Corrosion),rabbit,occlusive,4.0,unchanged (no vehicle),2.375,4.0,0.0,1,"Remove Explicit Hydrogens (ID: RemoveExplicitH)
Dearomatize (ID: Dearomatize)
Clear Stereo (ID: ClearStereo)
Wedge Clean (ID: WedgeClean)
Mesomerize (ID: Mesomerize)
Tautomerize (ID: Tautomerize)
Aromatize (ID: Aromatize)
Add Explicit Hydrogens (ID: AddExplicitH)
Neutralize (ID: Neutralize)
Clean 2D (ID: Clean2D)",O=Cc1ccccn1
2709,CUFBDUDYFHCIOH-UHFFFAOYSA-N,3-[(11-methyldodecyl)oxy]propan-1-amine,50977-10-1,257.4552001953125,OECD Guideline 404 (Acute Dermal Irritation / Corrosion),rabbit,semiocclusive,,unchanged (no vehicle),4.0,4.0,1.0,1,"Remove Explicit Hydrogens (ID: RemoveExplicitH)
Clear Stereo (ID: ClearStereo)
Wedge Clean (ID: WedgeClean)
Mesomerize (ID: Mesomerize)
Tautomerize (ID: Tautomerize)
Add Explicit Hydrogens (ID: AddExplicitH)
Neutralize (ID: Neutralize)
Clean 2D (ID: Clean2D)",CC(C)CCCCCCCCCCOCCCN
2888,CVINWVPRKDIGLL-UHFFFAOYSA-N,4-chloro-2-(trifluoromethyl)aniline,445-03-4,195.56951904296875,EU Method B.4 (Acute Toxicity: Dermal Irritation / Corrosion),rabbit,,,,2.85,4.0,0.0,1,"Remove Explicit Hydrogens (ID: RemoveExplicitH)
Dearomatize (ID: Dearomatize)
Clear Stereo (ID: ClearStereo)
Wedge Clean (ID: WedgeClean)
Mesomerize (ID: Mesomerize)
Tautomerize (ID: Tautomerize)
Aromatize (ID: Aromatize)
Add Explicit Hydrogens (ID: AddExplicitH)
Neutralize (ID: Neutralize)
Clean 2D (ID: Clean2D)",Nc1ccc(Cl)cc1C(F)(F)F
4070,CWRKZMLUDFBPAO-UHFFFAOYSA-N,dec-4-enal,65405-70-1,154.24932861328125,EU Method B.4 (Acute Toxicity: Dermal Irritation / Corrosion),rabbit,semiocclusive,4.0,unchanged (no vehicle),1.66666666666666,2.0,0.0,1,"Remove Explicit Hydrogens (ID: RemoveExplicitH)
Clear Stereo (ID: ClearStereo)
Wedge Clean (ID: WedgeClean)
Mesomerize (ID: Mesomerize)
Tautomerize (ID: Tautomerize)
Add Explicit Hydrogens (ID: AddExplicitH)
Neutralize (ID: Neutralize)
Clean 2D (ID: Clean2D)",CCCCCC=CCCC=O
1701,CXWXQJXEFPUFDZ-UHFFFAOYSA-N,"1,2,3,4-tetrahydronaphthalene",119-64-2,132.20228576660156,OECD Guideline 404 (Acute Dermal Irritation / Corrosion),rabbit,occlusive,4.0,unchanged (no vehicle),3.11,4.0,1.0,1,"Remove Explicit Hydrogens (ID: RemoveExplicitH)
Dearomatize (ID: Dearomatize)
Clear Stereo (ID: ClearStereo)
Wedge Clean (ID: WedgeClean)
Mesomerize (ID: Mesomerize)
Tautomerize (ID: Tautomerize)
Aromatize (ID: Aromatize)
Add Explicit Hydrogens (ID: AddExplicitH)
Neutralize (ID: Neutralize)
Clean 2D (ID: Clean2D)",c1ccc2c(c1)CCCC2
5007,CYTYCFOTNPOANT-UHFFFAOYSA-N,tetrachloroethene,127-18-4,165.83340454101562,OECD Guideline 404 (Acute Dermal Irritation / Corrosion),rabbit,occlusive,4.0,other: stabilized with ionol,4.0,4.0,0.0,1,"Clear Stereo (ID: ClearStereo)
Wedge Clean (ID: WedgeClean)
Mesomerize (ID: Mesomerize)
Tautomerize (ID: Tautomerize)
Clean 2D (ID: Clean2D)",ClC(Cl)=C(Cl)Cl
2914,CZCBTSFUTPZVKJ-UHFFFAOYSA-N,4-methyl-2-(2-methylprop-1-en-1-yl)oxane,16409-43-1,154.24932861328125,OECD Guideline 404 (Acute Dermal Irritation / Corrosion),rabbit,semiocclusive,4.0,unchanged (no vehicle),3.1,4.0,1.0,1,"Remove Explicit Hydrogens (ID: RemoveExplicitH)
Clear Stereo (ID: ClearStereo)
Wedge Clean (ID: WedgeClean)
Mesomerize (ID: Mesomerize)
Tautomerize (ID: Tautomerize)
Add Explicit Hydrogens (ID: AddExplicitH)
Neutralize (ID: Neutralize)
Clean 2D (ID: Clean2D)",CC(C)=CC1CC(C)CCO1
1938,DAFHKNAQFPVRKR-UHFFFAOYSA-N,"1-hydroxy-2,2,4-trimethylpentan-3-yl 2-methylpropanoate 3-hydroxy-2,2,4-trimethylpentyl 2-methylpropanoate",25265-77-4,216.31716918945312,EU Method B.4 (Acute Toxicity: Dermal Irritation / Corrosion),rabbit,semiocclusive,4.0,unchanged (no vehicle),1.66666666666666,2.0,0.0,1,"Remove Explicit Hydrogens (ID: RemoveExplicitH)
Clear Stereo (ID: ClearStereo)
Wedge Clean (ID: WedgeClean)
Mesomerize (ID: Mesomerize)
Tautomerize (ID: Tautomerize)
Add Explicit Hydrogens (ID: AddExplicitH)
Neutralize (ID: Neutralize)
Clean 2D (ID: Clean2D)",CC(C)C(=O)OCC(C)(C)C(O)C(C)C
2095,DAKWPKUUDNSNPN-UHFFFAOYSA-N,"2,2-bis[(prop-2-enoyloxy)methyl]butyl prop-2-enoate",15625-89-5,296.3157043457031,OECD Guideline 404 (Acute Dermal Irritation / Corrosion),,,,,2.0,4.0,0.0,1,"Remove Explicit Hydrogens (ID: RemoveExplicitH)
Clear Stereo (ID: ClearStereo)
Wedge Clean (ID: WedgeClean)
Mesomerize (ID: Mesomerize)
Tautomerize (ID: Tautomerize)
Add Explicit Hydrogens (ID: AddExplicitH)
Neutralize (ID: Neutralize)
Clean 2D (ID: Clean2D)",C=CC(=O)OCC(CC)(COC(=O)C=C)COC(=O)C=C
4356,DBPFRRFGLYGEJI-UHFFFAOYSA-N,ethyl glyoxylate,924-44-7,102.08863830566406,EU Method B.4 (Acute Toxicity: Dermal Irritation / Corrosion),rabbit,semiocclusive,4.0,unchanged (no vehicle),2.675,4.0,1.0,1,"Remove Explicit Hydrogens (ID: RemoveExplicitH)
Clear Stereo (ID: ClearStereo)
Wedge Clean (ID: WedgeClean)
Mesomerize (ID: Mesomerize)
Tautomerize (ID: Tautomerize)
Add Explicit Hydrogens (ID: AddExplicitH)
Neutralize (ID: Neutralize)
Clean 2D (ID: Clean2D)",CCOC(=O)C=O
2815,DDEDQHVHVPJFAC-UHFFFAOYSA-N,"4,6-dichloro-5-nitro-2-(propylsulfanyl)pyrimidine",145783-14-8,268.1203918457031,OECD Guideline 404 (Acute Dermal Irritation / Corrosion),rabbit,semiocclusive,4.0,unchanged (no vehicle),2.375,4.0,0.0,1,"Remove Explicit Hydrogens (ID: RemoveExplicitH)
Dearomatize (ID: Dearomatize)
Clear Stereo (ID: ClearStereo)
Wedge Clean (ID: WedgeClean)
Mesomerize (ID: Mesomerize)
Tautomerize (ID: Tautomerize)
Aromatize (ID: Aromatize)
Add Explicit Hydrogens (ID: AddExplicitH)
Neutralize (ID: Neutralize)
Clean 2D (ID: Clean2D)",CCCSc1nc(Cl)c([N+](=O)[O-])c(Cl)n1
4025,DDTBPAQBQHZRDW-UHFFFAOYSA-N,cyclododecane,294-62-2,168.3189697265625,OECD Guideline 404 (Acute Dermal Irritation / Corrosion),rabbit,occlusive,4.0,other: paraffin oil,1.56,4.0,0.0,1,"Remove Explicit Hydrogens (ID: RemoveExplicitH)
Clear Stereo (ID: ClearStereo)
Wedge Clean (ID: WedgeClean)
Mesomerize (ID: Mesomerize)
Tautomerize (ID: Tautomerize)
Add Explicit Hydrogens (ID: AddExplicitH)
Neutralize (ID: Neutralize)
Clean 2D (ID: Clean2D)",C1CCCCCCCCCCC1
566,DGBFPSVUFUDQNA-UHFFFAOYSA-N,-,14214-31-4,133.59925842285156,OECD Guideline 404 (Acute Dermal Irritation / Corrosion),rabbit,semiocclusive,,unchanged (no vehicle),2.56,3.0,1.0,1,"Remove Explicit Hydrogens (ID: RemoveExplicitH)
Clear Stereo (ID: ClearStereo)
Wedge Clean (ID: WedgeClean)
Mesomerize (ID: Mesomerize)
Tautomerize (ID: Tautomerize)
Add Explicit Hydrogens (ID: AddExplicitH)
Neutralize (ID: Neutralize)
Clean 2D (ID: Clean2D)",C=C(Cl)CN=C=S
3903,DLSOILHAKCBARI-UHFFFAOYSA-N,benzyl(tert-butyl)amine,3378-72-1,164.26731872558594,OECD Guideline 404 (Acute Dermal Irritation / Corrosion),rabbit,semiocclusive,4.0,unchanged (no vehicle),4.0,4.0,1.0,1,"Remove Explicit Hydrogens (ID: RemoveExplicitH)
Dearomatize (ID: Dearomatize)
Clear Stereo (ID: ClearStereo)
Wedge Clean (ID: WedgeClean)
Mesomerize (ID: Mesomerize)
Tautomerize (ID: Tautomerize)
Aromatize (ID: Aromatize)
Add Explicit Hydrogens (ID: AddExplicitH)
Neutralize (ID: Neutralize)
Clean 2D (ID: Clean2D)",CC(C)(C)NCc1ccccc1
5173,DLVYHYUFIXLWKV-UHFFFAOYSA-N,tris(2-ethylhexyl) borate,2467-13-2,398.470947265625,OECD Guideline 404 (Acute Dermal Irritation / Corrosion),rabbit,semiocclusive,4.0,unchanged (no vehicle),2.0,4.0,0.0,1,"Remove Explicit Hydrogens (ID: RemoveExplicitH)
Clear Stereo (ID: ClearStereo)
Wedge Clean (ID: WedgeClean)
Mesomerize (ID: Mesomerize)
Tautomerize (ID: Tautomerize)
Add Explicit Hydrogens (ID: AddExplicitH)
Neutralize (ID: Neutralize)
Clean 2D (ID: Clean2D)",CCCCC(CC)COB(OCC(CC)CCCC)OCC(CC)CCCC
554,DMKFWTCEKLNOKK-UHFFFAOYSA-N,-,219715-41-0,275.6327209472656,EPA OPPTS 870.2500 (Acute Dermal Irritation),rabbit,semiocclusive,4.0,water,2.44666666666666,4.0,0.0,1,"Remove Explicit Hydrogens (ID: RemoveExplicitH)
Dearomatize (ID: Dearomatize)
Clear Stereo (ID: ClearStereo)
Wedge Clean (ID: WedgeClean)
Mesomerize (ID: Mesomerize)
Tautomerize (ID: Tautomerize)
Aromatize (ID: Aromatize)
Add Explicit Hydrogens (ID: AddExplicitH)
Neutralize (ID: Neutralize)
Clean 2D (ID: Clean2D)",COc1nccc(C(F)(F)F)c1S(=O)(=O)Cl
1440,DPNXHTDWGGVXID-UHFFFAOYSA-N,-,13641-96-8,141.1246795654297,OECD Guideline 404 (Acute Dermal Irritation / Corrosion),rabbit,semiocclusive,4.0,unchanged (no vehicle),2.38285714285714,4.0,0.0,1,"Remove Explicit Hydrogens (ID: RemoveExplicitH)
Clear Stereo (ID: ClearStereo)
Wedge Clean (ID: WedgeClean)
Mesomerize (ID: Mesomerize)
Tautomerize (ID: Tautomerize)
Add Explicit Hydrogens (ID: AddExplicitH)
Neutralize (ID: Neutralize)
Clean 2D (ID: Clean2D)",C=CC(=O)OCCN=C=O
4478,DUKPKQFHJQGTGU-UHFFFAOYSA-N,hexyl 2-hydroxybenzoate,6259-76-3,222.2802276611328,OECD Guideline 404 (Acute Dermal Irritation / Corrosion),rabbit,semiocclusive,4.0,unchanged (no vehicle),2.0,4.0,0.0,1,"Remove Explicit Hydrogens (ID: RemoveExplicitH)
Dearomatize (ID: Dearomatize)
Clear Stereo (ID: ClearStereo)
Wedge Clean (ID: WedgeClean)
Mesomerize (ID: Mesomerize)
Tautomerize (ID: Tautomerize)
Aromatize (ID: Aromatize)
Add Explicit Hydrogens (ID: AddExplicitH)
Neutralize (ID: Neutralize)
Clean 2D (ID: Clean2D)",CCCCCCOC(=O)c1ccccc1O
4319,DUYAAUVXQSMXQP-UHFFFAOYSA-N,ethanethioic S-acid,507-09-5,76.11756134033203,OECD Guideline 404 (Acute Dermal Irritation / Corrosion),rabbit,semiocclusive,4.0,unchanged (no vehicle),1.8,4.0,0.0,1,"Remove Explicit Hydrogens (ID: RemoveExplicitH)
Clear Stereo (ID: ClearStereo)
Wedge Clean (ID: WedgeClean)
Mesomerize (ID: Mesomerize)
Tautomerize (ID: Tautomerize)
Add Explicit Hydrogens (ID: AddExplicitH)
Neutralize (ID: Neutralize)
Clean 2D (ID: Clean2D)",CC(=O)S
"6151, 6150",DXECDJILNIXBML-UHFFFAOYSA-N,"zinc bis(O,O-diisooctyl) bis(dithiophosphate)",28629-66-5,353.5437316894531,EPA OPPTS 870.2500 (Acute Dermal Irritation),rabbit,semiocclusive,4.0,other: mineral oil,2.505,4.0,0.5,1,"Remove Explicit Hydrogens (ID: RemoveExplicitH)
Clear Stereo (ID: ClearStereo)
Wedge Clean (ID: WedgeClean)
Mesomerize (ID: Mesomerize)
Tautomerize (ID: Tautomerize)
Add Explicit Hydrogens (ID: AddExplicitH)
Neutralize (ID: Neutralize)
Clean 2D (ID: Clean2D)",CC(C)CCCCCOP(=S)(S)OCCCCCC(C)C
2760,FAXDZWQIWUSWJH-UHFFFAOYSA-N,3-methoxypropan-1-amine,5332-73-0,89.13623809814453,OECD Guideline 404 (Acute Dermal Irritation / Corrosion),rabbit,semiocclusive,4.0,unchanged (no vehicle),4.0,4.0,1.0,1,"Remove Explicit Hydrogens (ID: RemoveExplicitH)
Clear Stereo (ID: ClearStereo)
Wedge Clean (ID: WedgeClean)
Mesomerize (ID: Mesomerize)
Tautomerize (ID: Tautomerize)
Add Explicit Hydrogens (ID: AddExplicitH)
Neutralize (ID: Neutralize)
Clean 2D (ID: Clean2D)",COCCCN
4132,FBCCMZVIWNDFMO-UHFFFAOYSA-N,dichloroacetyl chloride,79-36-7,147.3877410888672,OECD Guideline 404 (Acute Dermal Irritation / Corrosion),rabbit,occlusive,4.0,not specified,2.5,3.0,1.0,1,"Remove Explicit Hydrogens (ID: RemoveExplicitH)
Clear Stereo (ID: ClearStereo)
Wedge Clean (ID: WedgeClean)
Mesomerize (ID: Mesomerize)
Tautomerize (ID: Tautomerize)
Add Explicit Hydrogens (ID: AddExplicitH)
Neutralize (ID: Neutralize)
Clean 2D (ID: Clean2D)",O=C(Cl)C(Cl)Cl
"3305, 3307, 4615, 3306, 4614",FBUKVWPVBMHYJY-UHFFFAOYSA-N,"Fatty acids, C8-10",68937-75-7,158.23802185058594,OECD Guideline 404 (Acute Dermal Irritation / Corrosion),rabbit,semiocclusive,4.0,unchanged (no vehicle),3.365333333333332,3.8,0.4,1,"Remove Explicit Hydrogens (ID: RemoveExplicitH)
Clear Stereo (ID: ClearStereo)
Wedge Clean (ID: WedgeClean)
Mesomerize (ID: Mesomerize)
Tautomerize (ID: Tautomerize)
Add Explicit Hydrogens (ID: AddExplicitH)
Neutralize (ID: Neutralize)
Clean 2D (ID: Clean2D)",CCCCCCCCC(=O)O
"3147, 4073, 3148, 3150, 4074, 4075, 3149, 4072",FDBJNQUXZRDJHC-UHFFFAOYSA-N,"Alkenes, C9-11, C10-rich",68526-56-7,136.23403930664062,OECD Guideline 404 (Acute Dermal Irritation / Corrosion),rabbit,occlusive,4.0,unchanged (no vehicle),3.375,4.0,0.5000000000000001,1,"Remove Explicit Hydrogens (ID: RemoveExplicitH)
Clear Stereo (ID: ClearStereo)
Wedge Clean (ID: WedgeClean)
Mesomerize (ID: Mesomerize)
Tautomerize (ID: Tautomerize)
Add Explicit Hydrogens (ID: AddExplicitH)
Neutralize (ID: Neutralize)
Clean 2D (ID: Clean2D)",C=CC=CCCC=CCC
852,FECDACOUYKFOOP-UHFFFAOYSA-N,-,186817-80-1,202.29058837890625,OECD Guideline 404 (Acute Dermal Irritation / Corrosion),rabbit,semiocclusive,4.0,unchanged (no vehicle),2.0,2.0,0.0,1,"Remove Explicit Hydrogens (ID: RemoveExplicitH)
Clear Stereo (ID: ClearStereo)
Wedge Clean (ID: WedgeClean)
Mesomerize (ID: Mesomerize)
Tautomerize (ID: Tautomerize)
Add Explicit Hydrogens (ID: AddExplicitH)
Neutralize (ID: Neutralize)
Clean 2D (ID: Clean2D)",CCCCC(CC)COC(=O)C(C)O
1687,FFBFEBDZFWMXBE-UHFFFAOYSA-N,"1,1,1,3,3-pentachlorobutane",21981-33-9,230.34750366210938,OECD Guideline 404 (Acute Dermal Irritation / Corrosion),rabbit,semiocclusive,4.0,unchanged (no vehicle),3.1,3.0,0.0,1,"Remove Explicit Hydrogens (ID: RemoveExplicitH)
Clear Stereo (ID: ClearStereo)
Wedge Clean (ID: WedgeClean)
Mesomerize (ID: Mesomerize)
Tautomerize (ID: Tautomerize)
Add Explicit Hydrogens (ID: AddExplicitH)
Neutralize (ID: Neutralize)
Clean 2D (ID: Clean2D)",CC(Cl)(Cl)CC(Cl)(Cl)Cl
1501,FHTGJZOULSYEOB-UHFFFAOYSA-N,-,5510-99-6,206.32388305664062,OECD Guideline 404 (Acute Dermal Irritation / Corrosion),rabbit,semiocclusive,4.0,unchanged (no vehicle),2.0,4.0,0.0,1,"Remove Explicit Hydrogens (ID: RemoveExplicitH)
Dearomatize (ID: Dearomatize)
Clear Stereo (ID: ClearStereo)
Wedge Clean (ID: WedgeClean)
Mesomerize (ID: Mesomerize)
Tautomerize (ID: Tautomerize)
Aromatize (ID: Aromatize)
Add Explicit Hydrogens (ID: AddExplicitH)
Neutralize (ID: Neutralize)
Clean 2D (ID: Clean2D)",CCC(C)c1cccc(C(C)CC)c1O
2998,FIHBHSQYSYVZQE-UHFFFAOYSA-N,6-(prop-2-enoyloxy)hexyl prop-2-enoate,13048-33-4,226.2689208984375,OECD Guideline 404 (Acute Dermal Irritation / Corrosion),rabbit,semiocclusive,4.0,unchanged (no vehicle),2.67,4.0,0.0,1,"Remove Explicit Hydrogens (ID: RemoveExplicitH)
Clear Stereo (ID: ClearStereo)
Wedge Clean (ID: WedgeClean)
Mesomerize (ID: Mesomerize)
Tautomerize (ID: Tautomerize)
Add Explicit Hydrogens (ID: AddExplicitH)
Neutralize (ID: Neutralize)
Clean 2D (ID: Clean2D)",C=CC(=O)OCCCCCCOC(=O)C=C
4734,FKUPPRZPSYCDRS-UHFFFAOYSA-N,oxacyclohexadecan-2-one,106-02-5,240.38162231445312,OECD Guideline 404 (Acute Dermal Irritation / Corrosion),rabbit,semiocclusive,4.0,other: Ethanol 96% and diethyl phthalate (DEP) (1 : 1 (w/w)),1.58,4.0,0.0,1,"Remove Explicit Hydrogens (ID: RemoveExplicitH)
Clear Stereo (ID: ClearStereo)
Wedge Clean (ID: WedgeClean)
Mesomerize (ID: Mesomerize)
Tautomerize (ID: Tautomerize)
Add Explicit Hydrogens (ID: AddExplicitH)
Neutralize (ID: Neutralize)
Clean 2D (ID: Clean2D)",O=C1CCCCCCCCCCCCCCO1
93,FMGBDYLOANULLW-UHFFFAOYSA-N,(3-isocyanatopropyl)trimethoxysilane,15396-00-6,205.28379821777344,OECD Guideline 404 (Acute Dermal Irritation / Corrosion),rabbit,occlusive,4.0,unchanged (no vehicle),2.87888888888888,4.0,0.0,1,"Remove Explicit Hydrogens (ID: RemoveExplicitH)
Clear Stereo (ID: ClearStereo)
Wedge Clean (ID: WedgeClean)
Mesomerize (ID: Mesomerize)
Tautomerize (ID: Tautomerize)
Add Explicit Hydrogens (ID: AddExplicitH)
Neutralize (ID: Neutralize)
Clean 2D (ID: Clean2D)",CO[Si](CCCN=C=O)(OC)OC
4856,FPIPGXGPPPQFEQ-UHFFFAOYSA-N,retinol,68-26-8,286.45159912109375,OECD Guideline 404 (Acute Dermal Irritation / Corrosion),rabbit,semiocclusive,4.0,unchanged (no vehicle),2.1,4.0,0.0,1,"Remove Explicit Hydrogens (ID: RemoveExplicitH)
Clear Stereo (ID: ClearStereo)
Wedge Clean (ID: WedgeClean)
Mesomerize (ID: Mesomerize)
Tautomerize (ID: Tautomerize)
Add Explicit Hydrogens (ID: AddExplicitH)
Neutralize (ID: Neutralize)
Clean 2D (ID: Clean2D)",CC(C=CC1=C(C)CCCC1(C)C)=CC=CC(C)=CCO
1811,FRASJONUBLZVQX-UHFFFAOYSA-N,"1,4-dihydronaphthalene-1,4-dione",130-15-4,158.1534423828125,OECD Guideline 404 (Acute Dermal Irritation / Corrosion),rabbit,semiocclusive,4.0,unchanged (no vehicle),4.0,4.0,0.0,1,"Remove Explicit Hydrogens (ID: RemoveExplicitH)
Dearomatize (ID: Dearomatize)
Clear Stereo (ID: ClearStereo)
Wedge Clean (ID: WedgeClean)
Mesomerize (ID: Mesomerize)
Tautomerize (ID: Tautomerize)
Aromatize (ID: Aromatize)
Add Explicit Hydrogens (ID: AddExplicitH)
Neutralize (ID: Neutralize)
Clean 2D (ID: Clean2D)",O=C1C=CC(=O)c2ccccc21
295,FWULFEHVLSQUBD-UHFFFAOYSA-N,-,111974-73-3,321.3929138183594,,rabbit,semiocclusive,4.0,other: Olive oil (small amount),1.66666666666666,4.0,0.0,1,"Remove Explicit Hydrogens (ID: RemoveExplicitH)
Dearomatize (ID: Dearomatize)
Clear Stereo (ID: ClearStereo)
Wedge Clean (ID: WedgeClean)
Mesomerize (ID: Mesomerize)
Tautomerize (ID: Tautomerize)
Aromatize (ID: Aromatize)
Add Explicit Hydrogens (ID: AddExplicitH)
Neutralize (ID: Neutralize)
Clean 2D (ID: Clean2D)",O=C(Nc1ccccc1Sc1ccccc1)Oc1ccccc1
2108,FXNDIJDIPNCZQJ-UHFFFAOYSA-N,"2,4,4-trimethylpent-1-ene",25167-70-8,112.212646484375,OECD Guideline 404 (Acute Dermal Irritation / Corrosion),rabbit,semiocclusive,4.0,unchanged (no vehicle),1.6,2.0,0.0,1,"Remove Explicit Hydrogens (ID: RemoveExplicitH)
Clear Stereo (ID: ClearStereo)
Wedge Clean (ID: WedgeClean)
Mesomerize (ID: Mesomerize)
Tautomerize (ID: Tautomerize)
Add Explicit Hydrogens (ID: AddExplicitH)
Neutralize (ID: Neutralize)
Clean 2D (ID: Clean2D)",C=C(C)CC(C)(C)C
2359,FZLHAQMQWDDWFI-UHFFFAOYSA-N,2-[2-(oxolan-2-yl)propan-2-yl]oxolane,89686-69-1,184.27529907226562,OECD Guideline 404 (Acute Dermal Irritation / Corrosion),rabbit,semiocclusive,4.0,unchanged (no vehicle),1.9,4.0,0.0,1,"Remove Explicit Hydrogens (ID: RemoveExplicitH)
Clear Stereo (ID: ClearStereo)
Wedge Clean (ID: WedgeClean)
Mesomerize (ID: Mesomerize)
Tautomerize (ID: Tautomerize)
Add Explicit Hydrogens (ID: AddExplicitH)
Neutralize (ID: Neutralize)
Clean 2D (ID: Clean2D)",CC(C)(C1CCCO1)C1CCCO1
3499,GDYNEEHLNBYCLY-UHFFFAOYSA-N,"N-{3-[methoxy(dimethyl)silyl]propyl}ethane-1,2-diamine",3069-33-8,190.35858154296875,OECD Guideline 404 (Acute Dermal Irritation / Corrosion),rabbit,semiocclusive,4.0,unchanged (no vehicle),3.0,4.0,1.0,1,"Remove Explicit Hydrogens (ID: RemoveExplicitH)
Clear Stereo (ID: ClearStereo)
Wedge Clean (ID: WedgeClean)
Mesomerize (ID: Mesomerize)
Tautomerize (ID: Tautomerize)
Add Explicit Hydrogens (ID: AddExplicitH)
Neutralize (ID: Neutralize)
Clean 2D (ID: Clean2D)",CO[Si](C)(C)CCCNCCN
291,GEXJJRFMEPZBNW-UHFFFAOYSA-N,-,82530-64-1,199.07498168945312,OECD Guideline 404 (Acute Dermal Irritation / Corrosion),rabbit,semiocclusive,4.0,unchanged (no vehicle),2.0,2.0,0.0,1,"Remove Explicit Hydrogens (ID: RemoveExplicitH)
Clear Stereo (ID: ClearStereo)
Wedge Clean (ID: WedgeClean)
Mesomerize (ID: Mesomerize)
Tautomerize (ID: Tautomerize)
Add Explicit Hydrogens (ID: AddExplicitH)
Neutralize (ID: Neutralize)
Clean 2D (ID: Clean2D)",O=C(CCCl)OCCCCCl
968,GEZOSPWWMQDYMS-UHFFFAOYSA-N,-,30025-38-8,162.2267303466797,OECD Guideline 404 (Acute Dermal Irritation / Corrosion),rabbit,occlusive,4.0,unchanged (no vehicle),1.5,1.0,0.0,1,"Remove Explicit Hydrogens (ID: RemoveExplicitH)
Clear Stereo (ID: ClearStereo)
Wedge Clean (ID: WedgeClean)
Mesomerize (ID: Mesomerize)
Tautomerize (ID: Tautomerize)
Add Explicit Hydrogens (ID: AddExplicitH)
Neutralize (ID: Neutralize)
Clean 2D (ID: Clean2D)",CCOCCCOC(O)CC
3405,GGSUCNLOZRCGPQ-UHFFFAOYSA-N,"N,N-diethylaniline",91-66-7,149.23280334472656,OECD Guideline 404 (Acute Dermal Irritation / Corrosion),rabbit,occlusive,4.0,not specified,2.0,3.0,0.0,1,"Remove Explicit Hydrogens (ID: RemoveExplicitH)
Dearomatize (ID: Dearomatize)
Clear Stereo (ID: ClearStereo)
Wedge Clean (ID: WedgeClean)
Mesomerize (ID: Mesomerize)
Tautomerize (ID: Tautomerize)
Aromatize (ID: Aromatize)
Add Explicit Hydrogens (ID: AddExplicitH)
Neutralize (ID: Neutralize)
Clean 2D (ID: Clean2D)",CCN(CC)c1ccccc1
2176,GIAFURWZWWWBQT-UHFFFAOYSA-N,2-(2-aminoethoxy)ethan-1-ol,929-06-6,105.1356430053711,OECD Guideline 404 (Acute Dermal Irritation / Corrosion),rabbit,occlusive,24.0,unchanged (no vehicle),4.0,4.0,1.0,1,"Remove Explicit Hydrogens (ID: RemoveExplicitH)
Clear Stereo (ID: ClearStereo)
Wedge Clean (ID: WedgeClean)
Mesomerize (ID: Mesomerize)
Tautomerize (ID: Tautomerize)
Add Explicit Hydrogens (ID: AddExplicitH)
Neutralize (ID: Neutralize)
Clean 2D (ID: Clean2D)",NCCOCCO
812,GMGWXLPFRHYWAS-UHFFFAOYSA-N,-,56962-04-0,207.45236206054688,EU Method B.4 (Acute Toxicity: Dermal Irritation / Corrosion),rabbit,semiocclusive,4.0,water,2.0,,0.0,1,"Remove Explicit Hydrogens (ID: RemoveExplicitH)
Dearomatize (ID: Dearomatize)
Clear Stereo (ID: ClearStereo)
Wedge Clean (ID: WedgeClean)
Mesomerize (ID: Mesomerize)
Tautomerize (ID: Tautomerize)
Aromatize (ID: Aromatize)
Add Explicit Hydrogens (ID: AddExplicitH)
Neutralize (ID: Neutralize)
Clean 2D (ID: Clean2D)",Oc1cc(Cl)cc(Br)c1
2424,GPIQOFWTZXXOOV-UHFFFAOYSA-N,"2-chloro-4,6-dimethoxy-1,3,5-triazine",3140-73-6,175.5730438232422,OECD Guideline 404 (Acute Dermal Irritation / Corrosion),rabbit,occlusive,4.0,water,2.375,4.0,0.0,1,"Remove Explicit Hydrogens (ID: RemoveExplicitH)
Dearomatize (ID: Dearomatize)
Clear Stereo (ID: ClearStereo)
Wedge Clean (ID: WedgeClean)
Mesomerize (ID: Mesomerize)
Tautomerize (ID: Tautomerize)
Aromatize (ID: Aromatize)
Add Explicit Hydrogens (ID: AddExplicitH)
Neutralize (ID: Neutralize)
Clean 2D (ID: Clean2D)",COc1nc(Cl)nc(OC)n1
"6178, 6179",GTEXIOINCJRBIO-UHFFFAOYSA-N,{2-[2-(dimethylamino)ethoxy]ethyl}dimethylamine,3033-62-3,160.2572021484375,OECD Guideline 404 (Acute Dermal Irritation / Corrosion),rabbit,semiocclusive,12.5,unchanged (no vehicle),3.83333333333333,4.0,0.5,1,"Remove Explicit Hydrogens (ID: RemoveExplicitH)
Clear Stereo (ID: ClearStereo)
Wedge Clean (ID: WedgeClean)
Mesomerize (ID: Mesomerize)
Tautomerize (ID: Tautomerize)
Add Explicit Hydrogens (ID: AddExplicitH)
Neutralize (ID: Neutralize)
Clean 2D (ID: Clean2D)",CN(C)CCOCCN(C)C
5174,GTVWRXDRKAHEAD-UHFFFAOYSA-N,tris(2-ethylhexyl) phosphate,78-42-2,434.63311767578125,OECD Guideline 404 (Acute Dermal Irritation / Corrosion),rabbit,semiocclusive,4.0,unchanged (no vehicle),2.22,4.0,0.0,1,"Remove Explicit Hydrogens (ID: RemoveExplicitH)
Clear Stereo (ID: ClearStereo)
Wedge Clean (ID: WedgeClean)
Mesomerize (ID: Mesomerize)
Tautomerize (ID: Tautomerize)
Add Explicit Hydrogens (ID: AddExplicitH)
Neutralize (ID: Neutralize)
Clean 2D (ID: Clean2D)",CCCCC(CC)COP(=O)(OCC(CC)CCCC)OCC(CC)CCCC
5331,GUUHFMWKWLOQMM-UHFFFAOYSA-N,unnamed [165184-98-5],165184-98-5,216.31871032714844,EU Method B.4 (Acute Toxicity: Dermal Irritation / Corrosion),rabbit,semiocclusive,4.0,unchanged (no vehicle),2.0,4.0,0.0,1,"Remove Explicit Hydrogens (ID: RemoveExplicitH)
Dearomatize (ID: Dearomatize)
Clear Stereo (ID: ClearStereo)
Wedge Clean (ID: WedgeClean)
Mesomerize (ID: Mesomerize)
Tautomerize (ID: Tautomerize)
Aromatize (ID: Aromatize)
Add Explicit Hydrogens (ID: AddExplicitH)
Neutralize (ID: Neutralize)
Clean 2D (ID: Clean2D)",CCCCCCC(C=O)=Cc1ccccc1
2720,GXDMUOPCQNLBCZ-UHFFFAOYSA-N,"3-[3-(triethoxysilyl)propyl]dihydrofuran-2,5-dione",93642-68-3,304.41156005859375,OECD Guideline 404 (Acute Dermal Irritation / Corrosion),rabbit,semiocclusive,4.0,unchanged (no vehicle),1.5,4.0,0.0,1,"Remove Explicit Hydrogens (ID: RemoveExplicitH)
Clear Stereo (ID: ClearStereo)
Wedge Clean (ID: WedgeClean)
Mesomerize (ID: Mesomerize)
Tautomerize (ID: Tautomerize)
Add Explicit Hydrogens (ID: AddExplicitH)
Neutralize (ID: Neutralize)
Clean 2D (ID: Clean2D)",CCO[Si](CCCC1CC(=O)OC1=O)(OCC)OCC
316,HAFKWVXPFIPBEJ-UHFFFAOYSA-N,-,1445870-18-7,481.7513122558594,OECD Guideline 404 (Acute Dermal Irritation / Corrosion),rabbit,semiocclusive,4.0,unchanged (no vehicle),2.0,4.0,0.0,1,"Remove Explicit Hydrogens (ID: RemoveExplicitH)
Clear Stereo (ID: ClearStereo)
Wedge Clean (ID: WedgeClean)
Mesomerize (ID: Mesomerize)
Tautomerize (ID: Tautomerize)
Add Explicit Hydrogens (ID: AddExplicitH)
Neutralize (ID: Neutralize)
Clean 2D (ID: Clean2D)",CC(CC(=O)OCCN1C(C)(C)CC(OC(=O)CC(C)CC(C)(C)C)CC1(C)C)CC(C)(C)C
5111,HANKSFAYJLDDKP-UHFFFAOYSA-N,"tricyclo[5.2.1.0????,??????]dec-3-ene",4488-57-7,134.21817016601562,,rabbit,semiocclusive,24.0,unchanged (no vehicle),3.7,4.0,0.0,1,"Remove Explicit Hydrogens (ID: RemoveExplicitH)
Clear Stereo (ID: ClearStereo)
Wedge Clean (ID: WedgeClean)
Mesomerize (ID: Mesomerize)
Tautomerize (ID: Tautomerize)
Add Explicit Hydrogens (ID: AddExplicitH)
Neutralize (ID: Neutralize)
Clean 2D (ID: Clean2D)",C1=CC2C3CCC(C3)C2C1
2155,HDUUZPLYVVQTKN-UHFFFAOYSA-N,"2,6-dichloro-N-phenylaniline",15307-93-4,238.11256408691406,EU Method B.4 (Acute Toxicity: Dermal Irritation / Corrosion),rabbit,occlusive,24.0,unchanged (no vehicle),1.55571428571428,4.0,0.0,1,"Remove Explicit Hydrogens (ID: RemoveExplicitH)
Dearomatize (ID: Dearomatize)
Clear Stereo (ID: ClearStereo)
Wedge Clean (ID: WedgeClean)
Mesomerize (ID: Mesomerize)
Tautomerize (ID: Tautomerize)
Aromatize (ID: Aromatize)
Add Explicit Hydrogens (ID: AddExplicitH)
Neutralize (ID: Neutralize)
Clean 2D (ID: Clean2D)",Clc1cccc(Cl)c1Nc1ccccc1
6143,HGBOYTHUEUWSSQ-UHFFFAOYSA-N,valeraldehyde,110-62-3,86.1323013305664,OECD Guideline 404 (Acute Dermal Irritation / Corrosion),rabbit,semiocclusive,4.0,unchanged (no vehicle),1.77,4.0,0.0,1,"Remove Explicit Hydrogens (ID: RemoveExplicitH)
Clear Stereo (ID: ClearStereo)
Wedge Clean (ID: WedgeClean)
Mesomerize (ID: Mesomerize)
Tautomerize (ID: Tautomerize)
Add Explicit Hydrogens (ID: AddExplicitH)
Neutralize (ID: Neutralize)
Clean 2D (ID: Clean2D)",CCCCC=O
1834,HIJMYZPXTIYZKV-UHFFFAOYSA-N,1-(2-ethylbutyl)cyclohexane-1-carbonitrile,855425-38-6,182.34555053710938,OECD Guideline 404 (Acute Dermal Irritation / Corrosion),rabbit,semiocclusive,4.0,unchanged (no vehicle),3.0,,0.0,1,"Remove Explicit Hydrogens (ID: RemoveExplicitH)
Clear Stereo (ID: ClearStereo)
Wedge Clean (ID: WedgeClean)
Mesomerize (ID: Mesomerize)
Tautomerize (ID: Tautomerize)
Add Explicit Hydrogens (ID: AddExplicitH)
Neutralize (ID: Neutralize)
Clean 2D (ID: Clean2D)",CCC(CC)CC1(C)CCCCC1
5506,HMKKIXGYKWDQSV-UHFFFAOYSA-N,unnamed [78605-96-6],78605-96-6,202.29212951660156,EU Method B.4 (Acute Toxicity: Dermal Irritation / Corrosion),rabbit,semiocclusive,4.0,unchanged (no vehicle),2.0,4.0,0.0,1,"Remove Explicit Hydrogens (ID: RemoveExplicitH)
Dearomatize (ID: Dearomatize)
Clear Stereo (ID: ClearStereo)
Wedge Clean (ID: WedgeClean)
Mesomerize (ID: Mesomerize)
Tautomerize (ID: Tautomerize)
Aromatize (ID: Aromatize)
Add Explicit Hydrogens (ID: AddExplicitH)
Neutralize (ID: Neutralize)
Clean 2D (ID: Clean2D)",CCCCCC(C=O)=Cc1ccccc1
3411,HNXNKTMIVROLTK-UHFFFAOYSA-N,"N,N-dimethyldecanamide",14433-76-2,199.3330078125,OECD Guideline 404 (Acute Dermal Irritation / Corrosion),rabbit,semiocclusive,4.0,unchanged (no vehicle),2.8,4.0,0.0,1,"Remove Explicit Hydrogens (ID: RemoveExplicitH)
Clear Stereo (ID: ClearStereo)
Wedge Clean (ID: WedgeClean)
Mesomerize (ID: Mesomerize)
Tautomerize (ID: Tautomerize)
Add Explicit Hydrogens (ID: AddExplicitH)
Neutralize (ID: Neutralize)
Clean 2D (ID: Clean2D)",CCCCCCCCCC(=O)N(C)C
3948,HQABUPZFAYXKJW-UHFFFAOYSA-N,butan-1-amine,109-73-9,73.1368408203125,,rabbit,semiocclusive,0.0166666666666666,unchanged (no vehicle),4.0,4.0,1.0,1,"Remove Explicit Hydrogens (ID: RemoveExplicitH)
Clear Stereo (ID: ClearStereo)
Wedge Clean (ID: WedgeClean)
Mesomerize (ID: Mesomerize)
Tautomerize (ID: Tautomerize)
Add Explicit Hydrogens (ID: AddExplicitH)
Neutralize (ID: Neutralize)
Clean 2D (ID: Clean2D)",CCCCN
4103,HQOVXPHOJANJBR-UHFFFAOYSA-N,di-tert-butyl sec-butylidene diperoxide,2167-23-9,234.3324432373047,OECD Guideline 404 (Acute Dermal Irritation / Corrosion),rabbit,semiocclusive,4.0,unchanged (no vehicle),1.85,2.0,0.0,1,"Remove Explicit Hydrogens (ID: RemoveExplicitH)
Clear Stereo (ID: ClearStereo)
Wedge Clean (ID: WedgeClean)
Mesomerize (ID: Mesomerize)
Tautomerize (ID: Tautomerize)
Add Explicit Hydrogens (ID: AddExplicitH)
Neutralize (ID: Neutralize)
Clean 2D (ID: Clean2D)",CCC(C)(OOC(C)(C)C)OOC(C)(C)C
4370,HYBBIBNJHNGZAN-UHFFFAOYSA-N,furan-2-carbaldehyde,98-01-1,96.08406066894531,OECD Guideline 404 (Acute Dermal Irritation / Corrosion),rabbit,semiocclusive,4.0,unchanged (no vehicle),2.0,4.0,0.0,1,"Remove Explicit Hydrogens (ID: RemoveExplicitH)
Dearomatize (ID: Dearomatize)
Clear Stereo (ID: ClearStereo)
Wedge Clean (ID: WedgeClean)
Mesomerize (ID: Mesomerize)
Tautomerize (ID: Tautomerize)
Aromatize (ID: Aromatize)
Add Explicit Hydrogens (ID: AddExplicitH)
Neutralize (ID: Neutralize)
Clean 2D (ID: Clean2D)",O=Cc1ccco1
993,IDGMBCFBOMJIMX-UHFFFAOYSA-N,-,1141487-54-8,184.318359375,OECD Guideline 404 (Acute Dermal Irritation / Corrosion),rabbit,semiocclusive,4.0,unchanged (no vehicle),2.0,4.0,0.0,1,"Remove Explicit Hydrogens (ID: RemoveExplicitH)
Clear Stereo (ID: ClearStereo)
Wedge Clean (ID: WedgeClean)
Mesomerize (ID: Mesomerize)
Tautomerize (ID: Tautomerize)
Add Explicit Hydrogens (ID: AddExplicitH)
Neutralize (ID: Neutralize)
Clean 2D (ID: Clean2D)",CC(CO)CCCC1CCCCC1
4038,IGARGHRYKHJQSM-UHFFFAOYSA-N,cyclohexylbenzene,827-52-1,160.2554473876953,OECD Guideline 404 (Acute Dermal Irritation / Corrosion),rabbit,semiocclusive,4.0,unchanged (no vehicle),2.2,,0.0,1,"Remove Explicit Hydrogens (ID: RemoveExplicitH)
Dearomatize (ID: Dearomatize)
Clear Stereo (ID: ClearStereo)
Wedge Clean (ID: WedgeClean)
Mesomerize (ID: Mesomerize)
Tautomerize (ID: Tautomerize)
Aromatize (ID: Aromatize)
Add Explicit Hydrogens (ID: AddExplicitH)
Neutralize (ID: Neutralize)
Clean 2D (ID: Clean2D)",c1ccc(C2CCCCC2)cc1
610,IIVWHGMLFGNMOW-UHFFFAOYSA-N,-,7756-94-7,57.114261627197266,OECD Guideline 404 (Acute Dermal Irritation / Corrosion),rabbit,semiocclusive,4.0,unchanged (no vehicle),1.6,2.0,0.0,1,"Remove Explicit Hydrogens (ID: RemoveExplicitH)
Clear Stereo (ID: ClearStereo)
Wedge Clean (ID: WedgeClean)
Mesomerize (ID: Mesomerize)
Tautomerize (ID: Tautomerize)
Add Explicit Hydrogens (ID: AddExplicitH)
Neutralize (ID: Neutralize)
Clean 2D (ID: Clean2D)",C[C](C)C
1693,IMYCVFRTNVMHAD-UHFFFAOYSA-N,"1,1-bis[(2-methylbutan-2-yl)peroxy]cyclohexane",15667-10-4,288.4228820800781,OECD Guideline 404 (Acute Dermal Irritation / Corrosion),rabbit,semiocclusive,4.0,unchanged (no vehicle),3.4,4.0,1.0,1,"Remove Explicit Hydrogens (ID: RemoveExplicitH)
Clear Stereo (ID: ClearStereo)
Wedge Clean (ID: WedgeClean)
Mesomerize (ID: Mesomerize)
Tautomerize (ID: Tautomerize)
Add Explicit Hydrogens (ID: AddExplicitH)
Neutralize (ID: Neutralize)
Clean 2D (ID: Clean2D)",CCC(C)(C)OOC1(OOC(C)(C)CC)CCCCC1
2154,ITNMAZSPBLRJLU-UHFFFAOYSA-N,"2,6-dichloro-4-(trifluoromethyl)aniline",24279-39-8,230.0145721435547,OECD Guideline 404 (Acute Dermal Irritation / Corrosion),rabbit,semiocclusive,4.0,unchanged (no vehicle),2.0,4.0,0.0,1,"Remove Explicit Hydrogens (ID: RemoveExplicitH)
Dearomatize (ID: Dearomatize)
Clear Stereo (ID: ClearStereo)
Wedge Clean (ID: WedgeClean)
Mesomerize (ID: Mesomerize)
Tautomerize (ID: Tautomerize)
Aromatize (ID: Aromatize)
Add Explicit Hydrogens (ID: AddExplicitH)
Neutralize (ID: Neutralize)
Clean 2D (ID: Clean2D)",Nc1c(Cl)cc(C(F)(F)F)cc1Cl
4801,IUGYQRQAERSCNH-UHFFFAOYSA-N,pivalic acid,75-98-9,102.13169860839844,OECD Guideline 404 (Acute Dermal Irritation / Corrosion),rabbit,not specified,4.0,unchanged (no vehicle),3.61,,1.0,1,"Remove Explicit Hydrogens (ID: RemoveExplicitH)
Clear Stereo (ID: ClearStereo)
Wedge Clean (ID: WedgeClean)
Mesomerize (ID: Mesomerize)
Tautomerize (ID: Tautomerize)
Add Explicit Hydrogens (ID: AddExplicitH)
Neutralize (ID: Neutralize)
Clean 2D (ID: Clean2D)",CC(C)(C)C(=O)O
87,IUNMPGNGSSIWFP-UHFFFAOYSA-N,(3-aminopropyl)dimethylamine,109-55-7,102.17806243896484,OECD Guideline 404 (Acute Dermal Irritation / Corrosion),rabbit,semiocclusive,24.0,unchanged (no vehicle),3.66666666666666,4.0,1.0,1,"Remove Explicit Hydrogens (ID: RemoveExplicitH)
Clear Stereo (ID: ClearStereo)
Wedge Clean (ID: WedgeClean)
Mesomerize (ID: Mesomerize)
Tautomerize (ID: Tautomerize)
Add Explicit Hydrogens (ID: AddExplicitH)
Neutralize (ID: Neutralize)
Clean 2D (ID: Clean2D)",CN(C)CCCN
"1807, 4128",JBSLOWBPDRZSMB-UHFFFAOYSA-N,"1,4-dibutyl (2Z)-but-2-enedioate",105-76-0,228.28480529785156,OECD Guideline 404 (Acute Dermal Irritation / Corrosion),rabbit,semiocclusive,4.0,unchanged (no vehicle),1.649999999999995,3.0,0.0,1,"Remove Explicit Hydrogens (ID: RemoveExplicitH)
Clear Stereo (ID: ClearStereo)
Wedge Clean (ID: WedgeClean)
Mesomerize (ID: Mesomerize)
Tautomerize (ID: Tautomerize)
Add Explicit Hydrogens (ID: AddExplicitH)
Neutralize (ID: Neutralize)
Clean 2D (ID: Clean2D)",CCCCOC(=O)C=CC(=O)OCCCC
4365,JGFZNNIVVJXRND-UHFFFAOYSA-N,ethylbis(propan-2-yl)amine,7087-68-5,129.2431640625,OECD Guideline 404 (Acute Dermal Irritation / Corrosion),rabbit,semiocclusive,4.0,unchanged (no vehicle),1.85,4.0,0.0,1,"Remove Explicit Hydrogens (ID: RemoveExplicitH)
Clear Stereo (ID: ClearStereo)
Wedge Clean (ID: WedgeClean)
Mesomerize (ID: Mesomerize)
Tautomerize (ID: Tautomerize)
Add Explicit Hydrogens (ID: AddExplicitH)
Neutralize (ID: Neutralize)
Clean 2D (ID: Clean2D)",CCN(C(C)C)C(C)C
4359,JIGUQPWFLRLWPJ-UHFFFAOYSA-N,ethyl prop-2-enoate,140-88-5,100.1158218383789,OECD Guideline 404 (Acute Dermal Irritation / Corrosion),rabbit,semiocclusive,4.0,unchanged (no vehicle),2.175,4.0,0.0,1,"Remove Explicit Hydrogens (ID: RemoveExplicitH)
Clear Stereo (ID: ClearStereo)
Wedge Clean (ID: WedgeClean)
Mesomerize (ID: Mesomerize)
Tautomerize (ID: Tautomerize)
Add Explicit Hydrogens (ID: AddExplicitH)
Neutralize (ID: Neutralize)
Clean 2D (ID: Clean2D)",C=CC(=O)OCC
"2527, 2528, 2529",JJRDRFZYKKFYMO-UHFFFAOYSA-N,2-methyl-2-[(2-methylbutan-2-yl)peroxy]butane,10508-09-5,174.28048706054688,OECD Guideline 404 (Acute Dermal Irritation / Corrosion),rabbit,semiocclusive,4.0,unchanged (no vehicle),3.88,4.0,0.0,1,"Remove Explicit Hydrogens (ID: RemoveExplicitH)
Clear Stereo (ID: ClearStereo)
Wedge Clean (ID: WedgeClean)
Mesomerize (ID: Mesomerize)
Tautomerize (ID: Tautomerize)
Add Explicit Hydrogens (ID: AddExplicitH)
Neutralize (ID: Neutralize)
Clean 2D (ID: Clean2D)",CCC(C)(C)OOC(C)(C)CC
4840,JJWLVOIRVHMVIS-UHFFFAOYSA-N,propan-2-amine,75-31-0,59.110260009765625,OECD Guideline 404 (Acute Dermal Irritation / Corrosion),rabbit,occlusive,1.0,unchanged (no vehicle),4.0,4.0,1.0,1,"Remove Explicit Hydrogens (ID: RemoveExplicitH)
Clear Stereo (ID: ClearStereo)
Wedge Clean (ID: WedgeClean)
Mesomerize (ID: Mesomerize)
Tautomerize (ID: Tautomerize)
Add Explicit Hydrogens (ID: AddExplicitH)
Neutralize (ID: Neutralize)
Clean 2D (ID: Clean2D)",CC(C)N
2685,JOZKFWLRHCDGJA-UHFFFAOYSA-N,"3,7-dimethyloct-6-en-1-yl acetate",150-84-5,198.3018798828125,OECD Guideline 404 (Acute Dermal Irritation / Corrosion),rabbit,semiocclusive,4.0,unchanged (no vehicle),2.5,4.0,0.0,1,"Remove Explicit Hydrogens (ID: RemoveExplicitH)
Clear Stereo (ID: ClearStereo)
Wedge Clean (ID: WedgeClean)
Mesomerize (ID: Mesomerize)
Tautomerize (ID: Tautomerize)
Add Explicit Hydrogens (ID: AddExplicitH)
Neutralize (ID: Neutralize)
Clean 2D (ID: Clean2D)",CC(=O)OCCC(C)CCC=C(C)C
2921,JRIATCFPZFOVNP-UHFFFAOYSA-N,4-methylene-2-(2-methylprop-1-en-1-yl)tetrahydro-2H-pyran,60857-05-8,152.2334442138672,OECD Guideline 404 (Acute Dermal Irritation / Corrosion),rabbit,semiocclusive,4.0,unchanged (no vehicle),3.0,4.0,1.0,1,"Remove Explicit Hydrogens (ID: RemoveExplicitH)
Clear Stereo (ID: ClearStereo)
Wedge Clean (ID: WedgeClean)
Mesomerize (ID: Mesomerize)
Tautomerize (ID: Tautomerize)
Add Explicit Hydrogens (ID: AddExplicitH)
Neutralize (ID: Neutralize)
Clean 2D (ID: Clean2D)",C=C1CCOC(C=C(C)C)C1
2686,JRTBBCBDKSRRCY-UHFFFAOYSA-N,"3,7-dimethyloct-6-en-3-ol",18479-51-1,156.26519775390625,OECD Guideline 404 (Acute Dermal Irritation / Corrosion),rabbit,semiocclusive,4.0,unchanged (no vehicle),3.2,4.0,0.0,1,"Remove Explicit Hydrogens (ID: RemoveExplicitH)
Clear Stereo (ID: ClearStereo)
Wedge Clean (ID: WedgeClean)
Mesomerize (ID: Mesomerize)
Tautomerize (ID: Tautomerize)
Add Explicit Hydrogens (ID: AddExplicitH)
Neutralize (ID: Neutralize)
Clean 2D (ID: Clean2D)",CCC(C)(O)CCC=C(C)C
134,JSNRRGGBADWTMC-UHFFFAOYSA-N,"(6E)-7,11-dimethyl-3-methylidenedodeca-1,6,10-triene",18794-84-8,204.35105895996094,EPA OPPTS 870.2500 (Acute Dermal Irritation),rabbit,semiocclusive,4.0,unchanged (no vehicle),2.0,2.0,0.0,1,"Remove Explicit Hydrogens (ID: RemoveExplicitH)
Clear Stereo (ID: ClearStereo)
Wedge Clean (ID: WedgeClean)
Mesomerize (ID: Mesomerize)
Tautomerize (ID: Tautomerize)
Add Explicit Hydrogens (ID: AddExplicitH)
Neutralize (ID: Neutralize)
Clean 2D (ID: Clean2D)",C=CC(=C)CCC=C(C)CCC=C(C)C
"2087, 2088",JWUXJYZVKZKLTJ-UHFFFAOYSA-N,"2,2,6,6-tetramethylpiperidin-4-one",826-36-8,155.2373809814453,OECD Guideline 404 (Acute Dermal Irritation / Corrosion),rabbit,occlusive,4.0,other: distilled water,4.0,4.0,0.5,1,"Remove Explicit Hydrogens (ID: RemoveExplicitH)
Clear Stereo (ID: ClearStereo)
Wedge Clean (ID: WedgeClean)
Mesomerize (ID: Mesomerize)
Tautomerize (ID: Tautomerize)
Add Explicit Hydrogens (ID: AddExplicitH)
Neutralize (ID: Neutralize)
Clean 2D (ID: Clean2D)",CC1(C)CC(=O)CC(C)(C)N1
2989,JXJIQCXXJGRKRJ-UHFFFAOYSA-N,"6,10-dimethylundeca-3,5,9-trien-2-one",141-10-6,192.29730224609375,OECD Guideline 404 (Acute Dermal Irritation / Corrosion),rabbit,occlusive,4.0,unchanged (no vehicle),2.9,3.0,1.0,1,"Remove Explicit Hydrogens (ID: RemoveExplicitH)
Clear Stereo (ID: ClearStereo)
Wedge Clean (ID: WedgeClean)
Mesomerize (ID: Mesomerize)
Tautomerize (ID: Tautomerize)
Add Explicit Hydrogens (ID: AddExplicitH)
Neutralize (ID: Neutralize)
Clean 2D (ID: Clean2D)",CC(=O)C=CC=C(C)CCC=C(C)C
2706,KBQVDAIIQCXKPI-UHFFFAOYSA-N,3-(trimethoxysilyl)propyl prop-2-enoate,4369-14-6,234.3217315673828,EPA OTS 798.4470 (Acute Dermal Irritation),rabbit,semiocclusive,4.0,unchanged (no vehicle),3.1,4.0,1.0,1,"Remove Explicit Hydrogens (ID: RemoveExplicitH)
Clear Stereo (ID: ClearStereo)
Wedge Clean (ID: WedgeClean)
Mesomerize (ID: Mesomerize)
Tautomerize (ID: Tautomerize)
Add Explicit Hydrogens (ID: AddExplicitH)
Neutralize (ID: Neutralize)
Clean 2D (ID: Clean2D)",C=CC(=O)OCCC[Si](OC)(OC)OC
114,KEZMLECYELSZDC-UHFFFAOYSA-N,"(4-chloro-1,1-diethoxybutyl)silane",13501-76-3,210.7737579345703,OECD Guideline 404 (Acute Dermal Irritation / Corrosion),rabbit,semiocclusive,4.0,unchanged (no vehicle),3.33333333333333,4.0,0.0,1,"Remove Explicit Hydrogens (ID: RemoveExplicitH)
Clear Stereo (ID: ClearStereo)
Wedge Clean (ID: WedgeClean)
Mesomerize (ID: Mesomerize)
Tautomerize (ID: Tautomerize)
Add Explicit Hydrogens (ID: AddExplicitH)
Neutralize (ID: Neutralize)
Clean 2D (ID: Clean2D)",CCO[Si](C)(CCCCl)OCC
6146,KGYKKBGZPGVFOS-UHFFFAOYSA-N,"zinc O,O,O',O'-tetrakis(1,3-dimethylbutyl) bis(phosphorodithioate)",2215-35-2,297.4374084472656,OECD Guideline 404 (Acute Dermal Irritation / Corrosion),rabbit,semiocclusive,4.0,other: Mineral Oil,2.8,4.0,0.0,1,"Remove Explicit Hydrogens (ID: RemoveExplicitH)
Clear Stereo (ID: ClearStereo)
Wedge Clean (ID: WedgeClean)
Mesomerize (ID: Mesomerize)
Tautomerize (ID: Tautomerize)
Add Explicit Hydrogens (ID: AddExplicitH)
Neutralize (ID: Neutralize)
Clean 2D (ID: Clean2D)",CC(C)CC(C)OP(=S)(S)OC(C)CC(C)C
4544,KICUISADAVMYCJ-UHFFFAOYSA-N,methyl 2-ethylhexanoate,816-19-3,158.23802185058594,EPA OPPTS 870.2500 (Acute Dermal Irritation),rabbit,semiocclusive,4.0,unchanged (no vehicle),2.74285714285714,4.0,1.0,1,"Remove Explicit Hydrogens (ID: RemoveExplicitH)
Clear Stereo (ID: ClearStereo)
Wedge Clean (ID: WedgeClean)
Mesomerize (ID: Mesomerize)
Tautomerize (ID: Tautomerize)
Add Explicit Hydrogens (ID: AddExplicitH)
Neutralize (ID: Neutralize)
Clean 2D (ID: Clean2D)",CCCCC(CC)C(=O)OC
5250,KIXLXDKXQXRUSB-UHFFFAOYSA-N,unnamed [118135-28-7],118135-28-7,246.77352905273438,OECD Guideline 404 (Acute Dermal Irritation / Corrosion),rabbit,semiocclusive,4.0,unchanged (no vehicle),2.9,3.0,1.0,1,"Remove Explicit Hydrogens (ID: RemoveExplicitH)
Clear Stereo (ID: ClearStereo)
Wedge Clean (ID: WedgeClean)
Mesomerize (ID: Mesomerize)
Tautomerize (ID: Tautomerize)
Add Explicit Hydrogens (ID: AddExplicitH)
Neutralize (ID: Neutralize)
Clean 2D (ID: Clean2D)",CC(C)(C)C1CCC2(CC1)OCC(CCl)O2
"513, 588, 4151, 5383",KOFGHHIZTRGVAF-UHFFFAOYSA-N,-,35077-00-0,235.39590454101562,"other: The United Nations Recommendations on the Transport of Dangerous Goods - Model Regulations - Fourteenth Revised Edition (ST/SGAC.10/1/Rev.14). Chapter 2.8 Class 8 - Corrosive Substances: 2.8.2.3, ""Acute dermal corrosion test"".",rabbit,semiocclusive,4.0,unchanged (no vehicle),4.0,4.0,1.0,1,"Remove Explicit Hydrogens (ID: RemoveExplicitH)
Clear Stereo (ID: ClearStereo)
Wedge Clean (ID: WedgeClean)
Mesomerize (ID: Mesomerize)
Tautomerize (ID: Tautomerize)
Add Explicit Hydrogens (ID: AddExplicitH)
Neutralize (ID: Neutralize)
Clean 2D (ID: Clean2D)",CCO[Si](OCC)(OCC)N(CC)CC
4327,KOZCZZVUFDCZGG-UHFFFAOYSA-N,ethenyl benzoate,769-78-8,148.15863037109375,OECD Guideline 404 (Acute Dermal Irritation / Corrosion),rabbit,semiocclusive,4.0,unchanged (no vehicle),2.0,4.0,0.0,1,"Remove Explicit Hydrogens (ID: RemoveExplicitH)
Dearomatize (ID: Dearomatize)
Clear Stereo (ID: ClearStereo)
Wedge Clean (ID: WedgeClean)
Mesomerize (ID: Mesomerize)
Tautomerize (ID: Tautomerize)
Aromatize (ID: Aromatize)
Add Explicit Hydrogens (ID: AddExplicitH)
Neutralize (ID: Neutralize)
Clean 2D (ID: Clean2D)",C=COC(=O)c1ccccc1
2729,KQIGMPWTAHJUMN-UHFFFAOYSA-N,"3-aminopropane-1,2-diol",616-30-8,91.10906219482422,OECD Guideline 404 (Acute Dermal Irritation / Corrosion),rabbit,occlusive,4.0,unchanged (no vehicle),1.915,4.0,0.0,1,"Remove Explicit Hydrogens (ID: RemoveExplicitH)
Clear Stereo (ID: ClearStereo)
Wedge Clean (ID: WedgeClean)
Mesomerize (ID: Mesomerize)
Tautomerize (ID: Tautomerize)
Add Explicit Hydrogens (ID: AddExplicitH)
Neutralize (ID: Neutralize)
Clean 2D (ID: Clean2D)",NCC(O)CO
4082,KSMVZQYAVGTKIV-UHFFFAOYSA-N,decanal,112-31-2,156.26519775390625,EU Method B.4 (Acute Toxicity: Dermal Irritation / Corrosion),rabbit,semiocclusive,4.0,unchanged (no vehicle),2.11,,0.0,1,"Remove Explicit Hydrogens (ID: RemoveExplicitH)
Clear Stereo (ID: ClearStereo)
Wedge Clean (ID: WedgeClean)
Mesomerize (ID: Mesomerize)
Tautomerize (ID: Tautomerize)
Add Explicit Hydrogens (ID: AddExplicitH)
Neutralize (ID: Neutralize)
Clean 2D (ID: Clean2D)",CCCCCCCCCC=O
"1735, 1736",KVNYFPKFSJIPBJ-UHFFFAOYSA-N,"1,2-diethylbenzene",25340-17-4,134.21817016601562,OECD Guideline 404 (Acute Dermal Irritation / Corrosion),rabbit,semiocclusive,4.0,unchanged (no vehicle),2.14285714285714,4.0,0.0,1,"Remove Explicit Hydrogens (ID: RemoveExplicitH)
Dearomatize (ID: Dearomatize)
Clear Stereo (ID: ClearStereo)
Wedge Clean (ID: WedgeClean)
Mesomerize (ID: Mesomerize)
Tautomerize (ID: Tautomerize)
Aromatize (ID: Aromatize)
Add Explicit Hydrogens (ID: AddExplicitH)
Neutralize (ID: Neutralize)
Clean 2D (ID: Clean2D)",CCc1ccccc1CC
5056,KWBZWRZCDGHBIQ-UHFFFAOYSA-N,tetrakis(2-butoxyethyl) silicate,18765-38-3,496.7503967285156,OECD Guideline 404 (Acute Dermal Irritation / Corrosion),rabbit,semiocclusive,4.0,unchanged (no vehicle),2.99666666666666,4.0,0.0,1,"Remove Explicit Hydrogens (ID: RemoveExplicitH)
Clear Stereo (ID: ClearStereo)
Wedge Clean (ID: WedgeClean)
Mesomerize (ID: Mesomerize)
Tautomerize (ID: Tautomerize)
Add Explicit Hydrogens (ID: AddExplicitH)
Neutralize (ID: Neutralize)
Clean 2D (ID: Clean2D)",CCCCOCCO[Si](OCCOCCCC)(OCCOCCCC)OCCOCCCC
5283,KWVKCGGJLLNVSC-UHFFFAOYSA-N,unnamed [125904-11-2],125904-11-2,261.9412536621094,EPA OPP 81-5 (Acute Dermal Irritation),rabbit,semiocclusive,4.0,unchanged (no vehicle),2.5,4.0,0.0,1,"Remove Explicit Hydrogens (ID: RemoveExplicitH)
Dearomatize (ID: Dearomatize)
Clear Stereo (ID: ClearStereo)
Wedge Clean (ID: WedgeClean)
Mesomerize (ID: Mesomerize)
Tautomerize (ID: Tautomerize)
Aromatize (ID: Aromatize)
Add Explicit Hydrogens (ID: AddExplicitH)
Neutralize (ID: Neutralize)
Clean 2D (ID: Clean2D)",C=Cc1cc(Br)ccc1Br
3925,KXJLGCBCRCSXQF-UHFFFAOYSA-N,bis(acetyloxy)(ethyl)silyl acetate,17689-77-9,234.27865600585938,OECD Guideline 404 (Acute Dermal Irritation / Corrosion),rabbit,semiocclusive,4.0,unchanged (no vehicle),4.0,4.0,1.0,1,"Remove Explicit Hydrogens (ID: RemoveExplicitH)
Clear Stereo (ID: ClearStereo)
Wedge Clean (ID: WedgeClean)
Mesomerize (ID: Mesomerize)
Tautomerize (ID: Tautomerize)
Add Explicit Hydrogens (ID: AddExplicitH)
Neutralize (ID: Neutralize)
Clean 2D (ID: Clean2D)",CC[Si](OC(C)=O)(OC(C)=O)OC(C)=O
5214,KYWIYKKSMDLRDC-UHFFFAOYSA-N,undecan-2-one,112-12-9,170.29177856445312,OECD Guideline 404 (Acute Dermal Irritation / Corrosion),rabbit,semiocclusive,4.0,not specified,2.2,,0.0,1,"Remove Explicit Hydrogens (ID: RemoveExplicitH)
Clear Stereo (ID: ClearStereo)
Wedge Clean (ID: WedgeClean)
Mesomerize (ID: Mesomerize)
Tautomerize (ID: Tautomerize)
Add Explicit Hydrogens (ID: AddExplicitH)
Neutralize (ID: Neutralize)
Clean 2D (ID: Clean2D)",CCCCCCCCCC(C)=O
2120,KZSNBJMYJWDVTK-UHFFFAOYSA-N,"2,4-dichloro-1-(trichloromethyl)benzene",13014-18-1,264.36370849609375,OECD Guideline 404 (Acute Dermal Irritation / Corrosion),rabbit,semiocclusive,4.0,other: Polyethylene glycol (PEG) 400,2.33333333333333,4.0,0.0,1,"Remove Explicit Hydrogens (ID: RemoveExplicitH)
Dearomatize (ID: Dearomatize)
Clear Stereo (ID: ClearStereo)
Wedge Clean (ID: WedgeClean)
Mesomerize (ID: Mesomerize)
Tautomerize (ID: Tautomerize)
Aromatize (ID: Aromatize)
Add Explicit Hydrogens (ID: AddExplicitH)
Neutralize (ID: Neutralize)
Clean 2D (ID: Clean2D)",Clc1ccc(C(Cl)(Cl)Cl)c(Cl)c1
2040,LBEMXJWGHIEXRA-UHFFFAOYSA-N,"2,2'-disulfanediyldibenzoic acid",119-80-2,306.3568115234375,OECD Guideline 404 (Acute Dermal Irritation / Corrosion),rabbit,occlusive,4.0,other: corn oil,1.56666666666666,2.0,0.0,1,"Remove Explicit Hydrogens (ID: RemoveExplicitH)
Dearomatize (ID: Dearomatize)
Clear Stereo (ID: ClearStereo)
Wedge Clean (ID: WedgeClean)
Mesomerize (ID: Mesomerize)
Tautomerize (ID: Tautomerize)
Aromatize (ID: Aromatize)
Add Explicit Hydrogens (ID: AddExplicitH)
Neutralize (ID: Neutralize)
Clean 2D (ID: Clean2D)",O=C(O)c1ccccc1SSc1ccccc1C(=O)O
5062,LFQCEHFDDXELDD-UHFFFAOYSA-N,tetramethyl silicate,681-84-5,152.22117614746094,OECD Guideline 404 (Acute Dermal Irritation / Corrosion),rabbit,semiocclusive,4.0,unchanged (no vehicle),4.0,4.0,0.0,1,"Remove Explicit Hydrogens (ID: RemoveExplicitH)
Clear Stereo (ID: ClearStereo)
Wedge Clean (ID: WedgeClean)
Mesomerize (ID: Mesomerize)
Tautomerize (ID: Tautomerize)
Add Explicit Hydrogens (ID: AddExplicitH)
Neutralize (ID: Neutralize)
Clean 2D (ID: Clean2D)",CO[Si](OC)(OC)OC
2241,LHIJANUOQQMGNT-UHFFFAOYSA-N,2-[(2-aminoethyl)amino]ethan-1-ol,111-41-1,104.15087890625,OECD Guideline 404 (Acute Dermal Irritation / Corrosion),rabbit,semiocclusive,4.0,unchanged (no vehicle),1.94625,4.0,0.0,1,"Remove Explicit Hydrogens (ID: RemoveExplicitH)
Clear Stereo (ID: ClearStereo)
Wedge Clean (ID: WedgeClean)
Mesomerize (ID: Mesomerize)
Tautomerize (ID: Tautomerize)
Add Explicit Hydrogens (ID: AddExplicitH)
Neutralize (ID: Neutralize)
Clean 2D (ID: Clean2D)",NCCNCCO
526,LIWYPQFTKLABSJ-UHFFFAOYSA-N,-,292605-05-1,154.24932861328125,OECD Guideline 404 (Acute Dermal Irritation / Corrosion),rabbit,semiocclusive,4.0,unchanged (no vehicle),1.85,4.0,0.0,1,"Remove Explicit Hydrogens (ID: RemoveExplicitH)
Clear Stereo (ID: ClearStereo)
Wedge Clean (ID: WedgeClean)
Mesomerize (ID: Mesomerize)
Tautomerize (ID: Tautomerize)
Add Explicit Hydrogens (ID: AddExplicitH)
Neutralize (ID: Neutralize)
Clean 2D (ID: Clean2D)",C=C(C)COCCC=CCC
2210,LJDSTRZHPWMDPG-UHFFFAOYSA-N,2-(butylamino)ethan-1-ol,111-75-1,117.18939971923828,OECD Guideline 404 (Acute Dermal Irritation / Corrosion),rabbit,semiocclusive,4.0,unchanged (no vehicle),2.33333333333333,4.0,0.0,1,"Remove Explicit Hydrogens (ID: RemoveExplicitH)
Clear Stereo (ID: ClearStereo)
Wedge Clean (ID: WedgeClean)
Mesomerize (ID: Mesomerize)
Tautomerize (ID: Tautomerize)
Add Explicit Hydrogens (ID: AddExplicitH)
Neutralize (ID: Neutralize)
Clean 2D (ID: Clean2D)",CCCCNCCO
155,LJSQFQKUNVCTIA-UHFFFAOYSA-N,(ethylsulfanyl)ethane,352-93-2,90.18720245361328,OECD Guideline 404 (Acute Dermal Irritation / Corrosion),rabbit,semiocclusive,4.0,unchanged (no vehicle),1.85,4.0,0.0,1,"Remove Explicit Hydrogens (ID: RemoveExplicitH)
Clear Stereo (ID: ClearStereo)
Wedge Clean (ID: WedgeClean)
Mesomerize (ID: Mesomerize)
Tautomerize (ID: Tautomerize)
Add Explicit Hydrogens (ID: AddExplicitH)
Neutralize (ID: Neutralize)
Clean 2D (ID: Clean2D)",CCSCC
2600,LLEMOWNGBBNAJR-UHFFFAOYSA-N,2-phenylphenol,90-43-7,170.2071990966797,OECD Guideline 404 (Acute Dermal Irritation / Corrosion),rabbit,occlusive,4.0,water,2.8,4.0,1.0,1,"Remove Explicit Hydrogens (ID: RemoveExplicitH)
Dearomatize (ID: Dearomatize)
Clear Stereo (ID: ClearStereo)
Wedge Clean (ID: WedgeClean)
Mesomerize (ID: Mesomerize)
Tautomerize (ID: Tautomerize)
Aromatize (ID: Aromatize)
Add Explicit Hydrogens (ID: AddExplicitH)
Neutralize (ID: Neutralize)
Clean 2D (ID: Clean2D)",Oc1ccccc1-c1ccccc1
2973,LODLFUCEWWWXPR-UHFFFAOYSA-N,"5-methyl-2-(pentan-2-yl)-5-propyl-1,3-dioxane",80480-24-6,214.34434509277344,OECD Guideline 404 (Acute Dermal Irritation / Corrosion),rabbit,semiocclusive,4.0,unchanged (no vehicle),1.66666666666666,4.0,0.0,1,"Remove Explicit Hydrogens (ID: RemoveExplicitH)
Clear Stereo (ID: ClearStereo)
Wedge Clean (ID: WedgeClean)
Mesomerize (ID: Mesomerize)
Tautomerize (ID: Tautomerize)
Add Explicit Hydrogens (ID: AddExplicitH)
Neutralize (ID: Neutralize)
Clean 2D (ID: Clean2D)",CCCC(C)C1OCC(C)(CCC)CO1
112,LOYDTBZMMPQJNI-UHFFFAOYSA-N,"(3aS,4R,7aR)-4-methyl-1,3,3a,4,7,7a-hexahydro-2-benzofuran-1,3-dione; (3aS,4S,7aR)-4-methyl-1,3,3a,4,7,7a-hexahydro-2-benzofuran-1,3-dione; 5-methyl-1,3,3a,4,7,7a-hexahydro-2-benzofuran-1,3-dione; 6-methyl-1,3,3a,4,5,7a-hexahydro-2-benzofuran-1,3-dione; 7-methyl-1,3,3a,4,5,7a-hexahydro-2-benzofuran-1,3-dione",11070-44-3,166.1739044189453,"other: Code of federal regulations, Title 16, Section 1500.41 (USA)",rabbit,occlusive,24.0,unchanged (no vehicle),1.79,4.0,0.0,1,"Remove Explicit Hydrogens (ID: RemoveExplicitH)
Clear Stereo (ID: ClearStereo)
Wedge Clean (ID: WedgeClean)
Mesomerize (ID: Mesomerize)
Tautomerize (ID: Tautomerize)
Add Explicit Hydrogens (ID: AddExplicitH)
Neutralize (ID: Neutralize)
Clean 2D (ID: Clean2D)",CC12CCCC=C1C(=O)OC2=O
4549,LPEKGGXMPWTOCB-UHFFFAOYSA-N,methyl 2-hydroxypropanoate,17392-83-5,104.10452270507812,OECD Guideline 404 (Acute Dermal Irritation / Corrosion),rabbit,semiocclusive,4.0,unchanged (no vehicle),2.0,2.0,0.0,1,"Remove Explicit Hydrogens (ID: RemoveExplicitH)
Clear Stereo (ID: ClearStereo)
Wedge Clean (ID: WedgeClean)
Mesomerize (ID: Mesomerize)
Tautomerize (ID: Tautomerize)
Add Explicit Hydrogens (ID: AddExplicitH)
Neutralize (ID: Neutralize)
Clean 2D (ID: Clean2D)",COC(=O)C(C)O
"2143, 2144",LPEQNMKNSKSCGZ-UHFFFAOYSA-N,"2,6-bis(butan-2-yloxy)-2,6-bis[(6-methylheptyl)oxy]-1????????-thia-3????????-thia-5????????-thia-7????????-thia-2??????????,6??????????-diphospha-4-zincaspiro[3.3]hepta-2,6-diene-4,4-bis(ylium)-1,5-diide",93819-94-4,297.4374084472656,OECD Guideline 404 (Acute Dermal Irritation / Corrosion),rabbit,semiocclusive,4.0,other: mineral oil,2.323,4.0,1.0,1,"Remove Explicit Hydrogens (ID: RemoveExplicitH)
Clear Stereo (ID: ClearStereo)
Wedge Clean (ID: WedgeClean)
Mesomerize (ID: Mesomerize)
Tautomerize (ID: Tautomerize)
Add Explicit Hydrogens (ID: AddExplicitH)
Neutralize (ID: Neutralize)
Clean 2D (ID: Clean2D)",CCC(C)OP(=S)(S)OCCCCCC(C)C
137,LPMBTLLQQJBUOO-UHFFFAOYSA-N,"(9Z)-N,N-bis(2-hydroxyethyl)octadec-9-enamide",93-83-4,369.58172607421875,"other: Title 21, Code of Federal Regulations, 191.11.",rabbit,semiocclusive,24.0,unchanged (no vehicle),3.0,4.0,1.0,1,"Remove Explicit Hydrogens (ID: RemoveExplicitH)
Clear Stereo (ID: ClearStereo)
Wedge Clean (ID: WedgeClean)
Mesomerize (ID: Mesomerize)
Tautomerize (ID: Tautomerize)
Add Explicit Hydrogens (ID: AddExplicitH)
Neutralize (ID: Neutralize)
Clean 2D (ID: Clean2D)",CCCCCCCCC=CCCCCCCCC(=O)N(CCO)CCO
1139,LRJWYIUXHTVYCT-UHFFFAOYSA-N,-,1416808-92-8,172.60885620117188,OECD Guideline 404 (Acute Dermal Irritation / Corrosion),rabbit,semiocclusive,4.0,"other: moistened with water (Milli-U), immediately before application, to ensure close contact with the animals skin",1.66666666666666,,0.0,1,"Remove Explicit Hydrogens (ID: RemoveExplicitH)
Clear Stereo (ID: ClearStereo)
Wedge Clean (ID: WedgeClean)
Mesomerize (ID: Mesomerize)
Tautomerize (ID: Tautomerize)
Add Explicit Hydrogens (ID: AddExplicitH)
Neutralize (ID: Neutralize)
Clean 2D (ID: Clean2D)",O=CC1=C(Cl)C(C=O)CCC1
2699,LTHNHFOGQMKPOV-UHFFFAOYSA-N,3-(aminomethyl)heptane,104-75-6,129.2431640625,OECD Guideline 404 (Acute Dermal Irritation / Corrosion),rabbit,semiocclusive,0.05,unchanged (no vehicle),4.0,4.0,1.0,1,"Remove Explicit Hydrogens (ID: RemoveExplicitH)
Clear Stereo (ID: ClearStereo)
Wedge Clean (ID: WedgeClean)
Mesomerize (ID: Mesomerize)
Tautomerize (ID: Tautomerize)
Add Explicit Hydrogens (ID: AddExplicitH)
Neutralize (ID: Neutralize)
Clean 2D (ID: Clean2D)",CCCCC(CC)CN
2831,LZAYOZUFUAMFLD-UHFFFAOYSA-N,4-(4-chlorophenyl)piperidin-4-ol,39512-49-7,211.68795776367188,OECD Guideline 404 (Acute Dermal Irritation / Corrosion),rabbit,semiocclusive,4.0,unchanged (no vehicle),2.11333333333333,4.0,0.0,1,"Remove Explicit Hydrogens (ID: RemoveExplicitH)
Dearomatize (ID: Dearomatize)
Clear Stereo (ID: ClearStereo)
Wedge Clean (ID: WedgeClean)
Mesomerize (ID: Mesomerize)
Tautomerize (ID: Tautomerize)
Aromatize (ID: Aromatize)
Add Explicit Hydrogens (ID: AddExplicitH)
Neutralize (ID: Neutralize)
Clean 2D (ID: Clean2D)",OC1(c2ccc(Cl)cc2)CCNCC1
1914,MFHPYLFZSCSNST-UHFFFAOYSA-N,1-chloro-2-(trichloromethyl)benzene,2136-89-2,229.9186553955078,OECD Guideline 404 (Acute Dermal Irritation / Corrosion),rabbit,semiocclusive,4.0,unchanged (no vehicle),2.0,4.0,0.0,1,"Remove Explicit Hydrogens (ID: RemoveExplicitH)
Dearomatize (ID: Dearomatize)
Clear Stereo (ID: ClearStereo)
Wedge Clean (ID: WedgeClean)
Mesomerize (ID: Mesomerize)
Tautomerize (ID: Tautomerize)
Aromatize (ID: Aromatize)
Add Explicit Hydrogens (ID: AddExplicitH)
Neutralize (ID: Neutralize)
Clean 2D (ID: Clean2D)",Clc1ccccc1C(Cl)(Cl)Cl
5281,MGIDEDVBLNEGDG-UHFFFAOYSA-N,unnamed [125768-93-6],125768-93-6,216.31716918945312,OECD Guideline 404 (Acute Dermal Irritation / Corrosion),rabbit,semiocclusive,4.0,unchanged (no vehicle),1.65,4.0,0.0,1,"Remove Explicit Hydrogens (ID: RemoveExplicitH)
Clear Stereo (ID: ClearStereo)
Wedge Clean (ID: WedgeClean)
Mesomerize (ID: Mesomerize)
Tautomerize (ID: Tautomerize)
Add Explicit Hydrogens (ID: AddExplicitH)
Neutralize (ID: Neutralize)
Clean 2D (ID: Clean2D)",CCC(C)(C)OOC1(OC)CCCCC1
5108,MGNCLNQXLYJVJD-UHFFFAOYSA-N,"trichloro-1,3,5-triazine",108-77-0,184.41119384765625,OECD Guideline 404 (Acute Dermal Irritation / Corrosion),rabbit,semiocclusive,4.0,water,2.6,4.0,0.0,1,"Dearomatize (ID: Dearomatize)
Clear Stereo (ID: ClearStereo)
Wedge Clean (ID: WedgeClean)
Mesomerize (ID: Mesomerize)
Tautomerize (ID: Tautomerize)
Aromatize (ID: Aromatize)
Clean 2D (ID: Clean2D)",Clc1nc(Cl)nc(Cl)n1
2439,MPGABYXKKCLIRW-UHFFFAOYSA-N,2-decyloxirane,2855-19-8,184.318359375,OECD Guideline 404 (Acute Dermal Irritation / Corrosion),rabbit,semiocclusive,,unchanged (no vehicle),1.9,2.0,0.0,1,"Remove Explicit Hydrogens (ID: RemoveExplicitH)
Clear Stereo (ID: ClearStereo)
Wedge Clean (ID: WedgeClean)
Mesomerize (ID: Mesomerize)
Tautomerize (ID: Tautomerize)
Add Explicit Hydrogens (ID: AddExplicitH)
Neutralize (ID: Neutralize)
Clean 2D (ID: Clean2D)",CCCCCCCCCCC1CO1
1897,MPPPKRYCTPRNTB-UHFFFAOYSA-N,1-bromobutane,109-65-9,137.0182647705078,OECD Guideline 404 (Acute Dermal Irritation / Corrosion),rabbit,semiocclusive,4.0,unchanged (no vehicle),2.25,4.0,0.0,1,"Remove Explicit Hydrogens (ID: RemoveExplicitH)
Clear Stereo (ID: ClearStereo)
Wedge Clean (ID: WedgeClean)
Mesomerize (ID: Mesomerize)
Tautomerize (ID: Tautomerize)
Add Explicit Hydrogens (ID: AddExplicitH)
Neutralize (ID: Neutralize)
Clean 2D (ID: Clean2D)",CCCCBr
5134,MSRJTTSHWYDFIU-UHFFFAOYSA-N,triethoxy(octyl)silane,2943-75-1,276.4875793457031,other: based on EPA TSCA Health Effects Test Guidelines.,rabbit,occlusive,4.0,unchanged (no vehicle),1.5,4.0,0.0,1,"Remove Explicit Hydrogens (ID: RemoveExplicitH)
Clear Stereo (ID: ClearStereo)
Wedge Clean (ID: WedgeClean)
Mesomerize (ID: Mesomerize)
Tautomerize (ID: Tautomerize)
Add Explicit Hydrogens (ID: AddExplicitH)
Neutralize (ID: Neutralize)
Clean 2D (ID: Clean2D)",CCCCCCCC[Si](OCC)(OCC)OCC
2179,MTEKQDXWVXZMDN-UHFFFAOYSA-N,"2-(2-heptyl-4,5-dihydro-1H-imidazol-1-yl)ethan-1-ol",36060-61-4,212.33175659179688,OECD Guideline 404 (Acute Dermal Irritation / Corrosion),rabbit,occlusive,4.0,unchanged (no vehicle),1.5,,0.0,1,"Remove Explicit Hydrogens (ID: RemoveExplicitH)
Clear Stereo (ID: ClearStereo)
Wedge Clean (ID: WedgeClean)
Mesomerize (ID: Mesomerize)
Tautomerize (ID: Tautomerize)
Add Explicit Hydrogens (ID: AddExplicitH)
Neutralize (ID: Neutralize)
Clean 2D (ID: Clean2D)",CCCCCCCC1=NCCN1CCO
4004,MVPPADPHJFYWMZ-UHFFFAOYSA-N,chlorobenzene,108-90-7,112.55690002441406,OECD Guideline 404 (Acute Dermal Irritation / Corrosion),rabbit,semiocclusive,4.0,unchanged (no vehicle),2.7,4.0,0.0,1,"Remove Explicit Hydrogens (ID: RemoveExplicitH)
Dearomatize (ID: Dearomatize)
Clear Stereo (ID: ClearStereo)
Wedge Clean (ID: WedgeClean)
Mesomerize (ID: Mesomerize)
Tautomerize (ID: Tautomerize)
Aromatize (ID: Aromatize)
Add Explicit Hydrogens (ID: AddExplicitH)
Neutralize (ID: Neutralize)
Clean 2D (ID: Clean2D)",Clc1ccccc1
2150,MXAJYGSMFXDTIF-UHFFFAOYSA-N,"2,6-di-tert-butyl-4-nonylphenol",4306-88-1,349.6531982421875,OECD Guideline 404 (Acute Dermal Irritation / Corrosion),rabbit,semiocclusive,4.0,unchanged (no vehicle),1.8,4.0,0.0,1,"Remove Explicit Hydrogens (ID: RemoveExplicitH)
Dearomatize (ID: Dearomatize)
Clear Stereo (ID: ClearStereo)
Wedge Clean (ID: WedgeClean)
Mesomerize (ID: Mesomerize)
Tautomerize (ID: Tautomerize)
Aromatize (ID: Aromatize)
Add Explicit Hydrogens (ID: AddExplicitH)
Neutralize (ID: Neutralize)
Clean 2D (ID: Clean2D)",O=C(Cn1cnc([N+](=O)[O-])n1)Nc1cc(C(F)(F)F)ccc1Cl
170,NBJZEUQTGLSUOB-UHFFFAOYSA-N,-,327-78-6,221.56373596191406,OECD Guideline 404 (Acute Dermal Irritation / Corrosion),rabbit,semiocclusive,4.0,other: moistened with water,2.0,4.0,0.0,1,"Remove Explicit Hydrogens (ID: RemoveExplicitH)
Dearomatize (ID: Dearomatize)
Clear Stereo (ID: ClearStereo)
Wedge Clean (ID: WedgeClean)
Mesomerize (ID: Mesomerize)
Tautomerize (ID: Tautomerize)
Aromatize (ID: Aromatize)
Add Explicit Hydrogens (ID: AddExplicitH)
Neutralize (ID: Neutralize)
Clean 2D (ID: Clean2D)",O=C=Nc1ccc(Cl)c(C(F)(F)F)c1
2918,NCYQVRNLBAYSLE-UHFFFAOYSA-N,4-methyl-4-phenylpentan-2-ol,2035-93-0,178.27072143554688,OECD Guideline 404 (Acute Dermal Irritation / Corrosion),rabbit,semiocclusive,4.0,unchanged (no vehicle),1.66666666666666,1.0,0.0,1,"Remove Explicit Hydrogens (ID: RemoveExplicitH)
Dearomatize (ID: Dearomatize)
Clear Stereo (ID: ClearStereo)
Wedge Clean (ID: WedgeClean)
Mesomerize (ID: Mesomerize)
Tautomerize (ID: Tautomerize)
Aromatize (ID: Aromatize)
Add Explicit Hydrogens (ID: AddExplicitH)
Neutralize (ID: Neutralize)
Clean 2D (ID: Clean2D)",CC(O)CC(C)(C)c1ccccc1
2642,NDBZVZPOTNLWLU-UHFFFAOYSA-N,"3,3,4,4,5,5,6,6,7,7,8,8,8-tridecafluorooctane-1-sulfonyl chloride",27619-89-2,446.6134033203125,OECD Guideline 404 (Acute Dermal Irritation / Corrosion),rabbit,semiocclusive,4.0,water,2.0,4.0,0.0,1,"Remove Explicit Hydrogens (ID: RemoveExplicitH)
Clear Stereo (ID: ClearStereo)
Wedge Clean (ID: WedgeClean)
Mesomerize (ID: Mesomerize)
Tautomerize (ID: Tautomerize)
Add Explicit Hydrogens (ID: AddExplicitH)
Neutralize (ID: Neutralize)
Clean 2D (ID: Clean2D)",O=S(=O)(Cl)CCC(F)(F)C(F)(F)C(F)(F)C(F)(F)C(F)(F)C(F)(F)F
2968,NIMLQBUJDJZYEJ-UHFFFAOYSA-N,"5-isocyanato-1-(isocyanatomethyl)-1,3,3-trimethylcyclohexane",4098-71-9,222.2835235595703,OECD Guideline 404 (Acute Dermal Irritation / Corrosion),rabbit,semiocclusive,4.0,unchanged (no vehicle),2.7,4.0,1.0,1,"Remove Explicit Hydrogens (ID: RemoveExplicitH)
Clear Stereo (ID: ClearStereo)
Wedge Clean (ID: WedgeClean)
Mesomerize (ID: Mesomerize)
Tautomerize (ID: Tautomerize)
Add Explicit Hydrogens (ID: AddExplicitH)
Neutralize (ID: Neutralize)
Clean 2D (ID: Clean2D)",CC1(C)CC(N=C=O)CC(C)(CN=C=O)C1
4839,NIXOWILDQLNWCW-UHFFFAOYSA-N,prop-2-enoic acid,79-10-7,72.06266021728516,OECD Guideline 404 (Acute Dermal Irritation / Corrosion),rabbit,semiocclusive,0.05,unchanged (no vehicle),2.9,4.0,1.0,1,"Remove Explicit Hydrogens (ID: RemoveExplicitH)
Clear Stereo (ID: ClearStereo)
Wedge Clean (ID: WedgeClean)
Mesomerize (ID: Mesomerize)
Tautomerize (ID: Tautomerize)
Add Explicit Hydrogens (ID: AddExplicitH)
Neutralize (ID: Neutralize)
Clean 2D (ID: Clean2D)",C=CC(=O)O
1932,NJPQAIBZIHNJDO-UHFFFAOYSA-N,1-dodecylpyrrolidin-2-one,2687-96-9,253.42344665527344,"other: Federal Hazardous Substances Act, CFR 16, Section 1500.41",rabbit,occlusive,24.0,unchanged (no vehicle),4.0,4.0,1.0,1,"Remove Explicit Hydrogens (ID: RemoveExplicitH)
Clear Stereo (ID: ClearStereo)
Wedge Clean (ID: WedgeClean)
Mesomerize (ID: Mesomerize)
Tautomerize (ID: Tautomerize)
Add Explicit Hydrogens (ID: AddExplicitH)
Neutralize (ID: Neutralize)
Clean 2D (ID: Clean2D)",CCCCCCCCCCCCN1CCCC1=O
4994,NMOALOSNPWTWRH-UHFFFAOYSA-N,"tert-butyl 2,2,3,5-tetramethylhexaneperoxoate tert-butyl 2,2-diethylhexaneperoxoate tert-butyl 2,2-dimethyloctaneperoxoate tert-butyl 2,4-dimethyl-2-(propan-2-yl)pentaneperoxoate tert-butyl 2-ethyl-2,5-dimethylhexaneperoxoate",26748-41-4,244.37033081054688,EU Method B.4 (Acute Toxicity: Dermal Irritation / Corrosion),rabbit,semiocclusive,4.0,unchanged (no vehicle),2.8,4.0,0.0,1,"Remove Explicit Hydrogens (ID: RemoveExplicitH)
Clear Stereo (ID: ClearStereo)
Wedge Clean (ID: WedgeClean)
Mesomerize (ID: Mesomerize)
Tautomerize (ID: Tautomerize)
Add Explicit Hydrogens (ID: AddExplicitH)
Neutralize (ID: Neutralize)
Clean 2D (ID: Clean2D)",CC(C)(C)CCCCCC(=O)OOC(C)(C)C
"4076, 4077",NNBZCPXTIHJBJL-UHFFFAOYSA-N,decahydronaphthalene,91-17-8,138.2499237060547,OECD Guideline 404 (Acute Dermal Irritation / Corrosion),rabbit,semiocclusive,4.0,unchanged (no vehicle),4.0,4.0,1.0,1,"Remove Explicit Hydrogens (ID: RemoveExplicitH)
Clear Stereo (ID: ClearStereo)
Wedge Clean (ID: WedgeClean)
Mesomerize (ID: Mesomerize)
Tautomerize (ID: Tautomerize)
Add Explicit Hydrogens (ID: AddExplicitH)
Neutralize (ID: Neutralize)
Clean 2D (ID: Clean2D)",C1CCC2CCCCC2C1
1915,NOHQUGRVHSJYMR-UHFFFAOYSA-N,1-chloro-2-isocyanatobenzene,3320-83-0,153.56576538085938,OECD Guideline 404 (Acute Dermal Irritation / Corrosion),rabbit,semiocclusive,4.0,unchanged (no vehicle),2.0,4.0,0.0,1,"Remove Explicit Hydrogens (ID: RemoveExplicitH)
Dearomatize (ID: Dearomatize)
Clear Stereo (ID: ClearStereo)
Wedge Clean (ID: WedgeClean)
Mesomerize (ID: Mesomerize)
Tautomerize (ID: Tautomerize)
Aromatize (ID: Aromatize)
Add Explicit Hydrogens (ID: AddExplicitH)
Neutralize (ID: Neutralize)
Clean 2D (ID: Clean2D)",O=C=Nc1ccccc1Cl
6144,NQPDZGIKBAWPEJ-UHFFFAOYSA-N,valeric acid,109-52-4,102.13169860839844,,rabbit,open,4.0,unchanged (no vehicle),4.0,4.0,1.0,1,"Remove Explicit Hydrogens (ID: RemoveExplicitH)
Clear Stereo (ID: ClearStereo)
Wedge Clean (ID: WedgeClean)
Mesomerize (ID: Mesomerize)
Tautomerize (ID: Tautomerize)
Add Explicit Hydrogens (ID: AddExplicitH)
Neutralize (ID: Neutralize)
Clean 2D (ID: Clean2D)",CCCCC(=O)O
4725,NUJGJRNETVAIRJ-UHFFFAOYSA-N,octanal,124-13-0,128.2120361328125,EU Method B.4 (Acute Toxicity: Dermal Irritation / Corrosion),rabbit,semiocclusive,4.0,unchanged (no vehicle),1.925,2.0,0.0,1,"Remove Explicit Hydrogens (ID: RemoveExplicitH)
Clear Stereo (ID: ClearStereo)
Wedge Clean (ID: WedgeClean)
Mesomerize (ID: Mesomerize)
Tautomerize (ID: Tautomerize)
Add Explicit Hydrogens (ID: AddExplicitH)
Neutralize (ID: Neutralize)
Clean 2D (ID: Clean2D)",CCCCCCCC=O
4563,NUKZAGXMHTUAFE-UHFFFAOYSA-N,methyl hexanoate,106-70-7,130.1848602294922,OECD Guideline 404 (Acute Dermal Irritation / Corrosion),rabbit,semiocclusive,4.0,unchanged (no vehicle),1.7,4.0,0.0,1,"Remove Explicit Hydrogens (ID: RemoveExplicitH)
Clear Stereo (ID: ClearStereo)
Wedge Clean (ID: WedgeClean)
Mesomerize (ID: Mesomerize)
Tautomerize (ID: Tautomerize)
Add Explicit Hydrogens (ID: AddExplicitH)
Neutralize (ID: Neutralize)
Clean 2D (ID: Clean2D)",CCCCCC(=O)OC
2908,NWVVVBRKAWDGAB-UHFFFAOYSA-N,4-methoxyphenol,150-76-5,124.13722229003906,OECD Guideline 404 (Acute Dermal Irritation / Corrosion),rabbit,semiocclusive,4.0,water,1.78,4.0,0.0,1,"Remove Explicit Hydrogens (ID: RemoveExplicitH)
Dearomatize (ID: Dearomatize)
Clear Stereo (ID: ClearStereo)
Wedge Clean (ID: WedgeClean)
Mesomerize (ID: Mesomerize)
Tautomerize (ID: Tautomerize)
Aromatize (ID: Aromatize)
Add Explicit Hydrogens (ID: AddExplicitH)
Neutralize (ID: Neutralize)
Clean 2D (ID: Clean2D)",COc1ccc(O)cc1
5385,NXMXETCTWNXSFG-UHFFFAOYSA-N,unnamed [37143-54-7],37143-54-7,89.13623809814453,OECD Guideline 404 (Acute Dermal Irritation / Corrosion),rabbit,semiocclusive,1.0,unchanged (no vehicle),4.0,4.0,0.0,1,"Remove Explicit Hydrogens (ID: RemoveExplicitH)
Clear Stereo (ID: ClearStereo)
Wedge Clean (ID: WedgeClean)
Mesomerize (ID: Mesomerize)
Tautomerize (ID: Tautomerize)
Add Explicit Hydrogens (ID: AddExplicitH)
Neutralize (ID: Neutralize)
Clean 2D (ID: Clean2D)",COCC(C)N
6170,OBETXYAYXDNJHR-UHFFFAOYSA-N,zinc(2+) ion bis(2-ethylhexanoate),85203-81-2,143.20350646972656,OECD Guideline 404 (Acute Dermal Irritation / Corrosion),rabbit,semiocclusive,4.0,unchanged (no vehicle),2.11,4.0,0.0,1,"Remove Explicit Hydrogens (ID: RemoveExplicitH)
Clear Stereo (ID: ClearStereo)
Wedge Clean (ID: WedgeClean)
Mesomerize (ID: Mesomerize)
Tautomerize (ID: Tautomerize)
Add Explicit Hydrogens (ID: AddExplicitH)
Neutralize (ID: Neutralize)
Clean 2D (ID: Clean2D)",CCCCC(CC)C(=O)O
3358,OFBQJSOFQDEBGM-UHFFFAOYSA-N,"Hydrocarbons, C5-rich",68476-55-1,72.1487808227539,EPA OTS 798.4470 (Acute Dermal Irritation),rabbit,occlusive,4.0,unchanged (no vehicle),3.2,4.0,1.0,1,"Remove Explicit Hydrogens (ID: RemoveExplicitH)
Clear Stereo (ID: ClearStereo)
Wedge Clean (ID: WedgeClean)
Mesomerize (ID: Mesomerize)
Tautomerize (ID: Tautomerize)
Add Explicit Hydrogens (ID: AddExplicitH)
Neutralize (ID: Neutralize)
Clean 2D (ID: Clean2D)",CCCCC
5213,OFHHDSQXFXLTKC-UHFFFAOYSA-N,undec-10-enal,112-45-8,168.27590942382812,OECD Guideline 404 (Acute Dermal Irritation / Corrosion),rabbit,occlusive,4.0,unchanged (no vehicle),1.5,4.0,0.0,1,"Remove Explicit Hydrogens (ID: RemoveExplicitH)
Clear Stereo (ID: ClearStereo)
Wedge Clean (ID: WedgeClean)
Mesomerize (ID: Mesomerize)
Tautomerize (ID: Tautomerize)
Add Explicit Hydrogens (ID: AddExplicitH)
Neutralize (ID: Neutralize)
Clean 2D (ID: Clean2D)",C=CCCCCCCCCC=O
5303,OGSPWJRAVKPPFI-UHFFFAOYSA-N,unnamed [138624-11-0],138624-11-0,249.09603881835938,,rabbit,occlusive,24.0,unchanged (no vehicle),3.0,3.0,1.0,1,"Remove Explicit Hydrogens (ID: RemoveExplicitH)
Clear Stereo (ID: ClearStereo)
Wedge Clean (ID: WedgeClean)
Mesomerize (ID: Mesomerize)
Tautomerize (ID: Tautomerize)
Add Explicit Hydrogens (ID: AddExplicitH)
Neutralize (ID: Neutralize)
Clean 2D (ID: Clean2D)",NCCCC(O)(P(=O)(O)O)P(=O)(O)O
85,OMKZWUPRGQMQJC-UHFFFAOYSA-N,(3-aminopropyl)[3-(dimethylamino)propyl]amine,10563-29-8,159.27244567871094,OECD Guideline 404 (Acute Dermal Irritation / Corrosion),rabbit,semiocclusive,4.0,unchanged (no vehicle),2.66666666666666,4.0,0.0,1,"Remove Explicit Hydrogens (ID: RemoveExplicitH)
Clear Stereo (ID: ClearStereo)
Wedge Clean (ID: WedgeClean)
Mesomerize (ID: Mesomerize)
Tautomerize (ID: Tautomerize)
Add Explicit Hydrogens (ID: AddExplicitH)
Neutralize (ID: Neutralize)
Clean 2D (ID: Clean2D)",CN(C)CCCNCCCN
4995,OPQYOFWUFGEMRZ-UHFFFAOYSA-N,"tert-butyl 2,2-dimethylpropaneperoxoate",927-07-1,174.2374267578125,OECD Guideline 404 (Acute Dermal Irritation / Corrosion),rabbit,semiocclusive,4.0,unchanged (no vehicle),2.675,4.0,0.0,1,"Remove Explicit Hydrogens (ID: RemoveExplicitH)
Clear Stereo (ID: ClearStereo)
Wedge Clean (ID: WedgeClean)
Mesomerize (ID: Mesomerize)
Tautomerize (ID: Tautomerize)
Add Explicit Hydrogens (ID: AddExplicitH)
Neutralize (ID: Neutralize)
Clean 2D (ID: Clean2D)",CC(C)(C)OOC(=O)C(C)(C)C
91,OXYZDRAJMHGSMW-UHFFFAOYSA-N,(3-chloropropyl)trimethoxysilane,2530-87-2,198.72000122070312,OECD Guideline 404 (Acute Dermal Irritation / Corrosion),rabbit,semiocclusive,4.0,unchanged (no vehicle),1.84,2.0,0.0,1,"Remove Explicit Hydrogens (ID: RemoveExplicitH)
Clear Stereo (ID: ClearStereo)
Wedge Clean (ID: WedgeClean)
Mesomerize (ID: Mesomerize)
Tautomerize (ID: Tautomerize)
Add Explicit Hydrogens (ID: AddExplicitH)
Neutralize (ID: Neutralize)
Clean 2D (ID: Clean2D)",CO[Si](CCCCl)(OC)OC
3810,PDSNLYSELAIEBU-UHFFFAOYSA-N,"[1S-(1????,3a????,4????,8a????)]-decahydro-4,8,8-trimethyl-9-methylene-1,4-methanoazulene",475-20-7,204.35105895996094,OECD Guideline 404 (Acute Dermal Irritation / Corrosion),rabbit,semiocclusive,4.0,unchanged (no vehicle),2.11333333333333,4.0,0.0,1,"Remove Explicit Hydrogens (ID: RemoveExplicitH)
Clear Stereo (ID: ClearStereo)
Wedge Clean (ID: WedgeClean)
Mesomerize (ID: Mesomerize)
Tautomerize (ID: Tautomerize)
Add Explicit Hydrogens (ID: AddExplicitH)
Neutralize (ID: Neutralize)
Clean 2D (ID: Clean2D)",C=C1C2CCC3C2C(C)(C)CCCC13C
806,PHNWGDTYCJFUGZ-UHFFFAOYSA-N,-,68307-94-8,182.1546630859375,OECD Guideline 404 (Acute Dermal Irritation / Corrosion),rabbit,semiocclusive,4.0,unchanged (no vehicle),2.67,4.0,0.0,1,"Remove Explicit Hydrogens (ID: RemoveExplicitH)
Clear Stereo (ID: ClearStereo)
Wedge Clean (ID: WedgeClean)
Mesomerize (ID: Mesomerize)
Tautomerize (ID: Tautomerize)
Add Explicit Hydrogens (ID: AddExplicitH)
Neutralize (ID: Neutralize)
Clean 2D (ID: Clean2D)",CCCCCCOP(=O)(O)O
633,PICLBAFTFYTURY-UHFFFAOYSA-N,-,154279-60-4,322.57159423828125,OECD Guideline 404 (Acute Dermal Irritation / Corrosion),rabbit,semiocclusive,4.0,unchanged (no vehicle),2.36666666666666,4.0,1.0,1,"Remove Explicit Hydrogens (ID: RemoveExplicitH)
Clear Stereo (ID: ClearStereo)
Wedge Clean (ID: WedgeClean)
Mesomerize (ID: Mesomerize)
Tautomerize (ID: Tautomerize)
Add Explicit Hydrogens (ID: AddExplicitH)
Neutralize (ID: Neutralize)
Clean 2D (ID: Clean2D)",CCC(C)NC1CCC(CC2CCC(NC(C)CC)CC2)CC1
1760,PJHKBYALYHRYSK-UHFFFAOYSA-N,"1,3-bis(heptanoyloxy)propan-2-yl heptanoate",620-67-7,428.6025695800781,OECD Guideline 404 (Acute Dermal Irritation / Corrosion),rabbit,semiocclusive,4.0,unchanged (no vehicle),2.22,4.0,0.0,1,"Remove Explicit Hydrogens (ID: RemoveExplicitH)
Clear Stereo (ID: ClearStereo)
Wedge Clean (ID: WedgeClean)
Mesomerize (ID: Mesomerize)
Tautomerize (ID: Tautomerize)
Add Explicit Hydrogens (ID: AddExplicitH)
Neutralize (ID: Neutralize)
Clean 2D (ID: Clean2D)",CCCCCCC(=O)OCC(COC(=O)CCCCCC)OC(=O)CCCCCC
5137,PKDCQJMRWCHQOH-UHFFFAOYSA-N,triethoxysilane,998-30-1,163.26699829101562,OECD Guideline 404 (Acute Dermal Irritation / Corrosion),rabbit,semiocclusive,4.0,unchanged (no vehicle),2.44666666666666,4.0,0.0,1,"Remove Explicit Hydrogens (ID: RemoveExplicitH)
Clear Stereo (ID: ClearStereo)
Wedge Clean (ID: WedgeClean)
Mesomerize (ID: Mesomerize)
Tautomerize (ID: Tautomerize)
Add Explicit Hydrogens (ID: AddExplicitH)
Neutralize (ID: Neutralize)
Clean 2D (ID: Clean2D)",CCO[Si](OCC)OCC
232,PQSIXYSSKXAOFE-UHFFFAOYSA-N,-,157859-20-6,228.40325927734375,EU Method B.4 (Acute Toxicity: Dermal Irritation / Corrosion),rabbit,semiocclusive,4.0,unchanged (no vehicle),2.0,4.0,0.0,1,"Remove Explicit Hydrogens (ID: RemoveExplicitH)
Clear Stereo (ID: ClearStereo)
Wedge Clean (ID: WedgeClean)
Mesomerize (ID: Mesomerize)
Tautomerize (ID: Tautomerize)
Add Explicit Hydrogens (ID: AddExplicitH)
Neutralize (ID: Neutralize)
Clean 2D (ID: Clean2D)",C=CC(=O)O[Si](C(C)C)(C(C)C)C(C)C
1436,PQSXNIMHIHYFEE-UHFFFAOYSA-N,-,85-27-8,214.259765625,EU Method B.4 (Acute Toxicity: Dermal Irritation / Corrosion),rabbit,semiocclusive,4.0,unchanged (no vehicle),2.165,4.0,0.0,1,"Remove Explicit Hydrogens (ID: RemoveExplicitH)
Dearomatize (ID: Dearomatize)
Clear Stereo (ID: ClearStereo)
Wedge Clean (ID: WedgeClean)
Mesomerize (ID: Mesomerize)
Tautomerize (ID: Tautomerize)
Aromatize (ID: Aromatize)
Add Explicit Hydrogens (ID: AddExplicitH)
Neutralize (ID: Neutralize)
Clean 2D (ID: Clean2D)",CC(c1ccccc1)c1ccc(O)cc1O
1888,PQTAUFTUHHRKSS-UHFFFAOYSA-N,1-benzyl-2-methylbenzene,27776-01-8,182.26095581054688,OECD Guideline 404 (Acute Dermal Irritation / Corrosion),rabbit,semiocclusive,4.0,unchanged (no vehicle),3.56,4.0,0.0,1,"Remove Explicit Hydrogens (ID: RemoveExplicitH)
Dearomatize (ID: Dearomatize)
Clear Stereo (ID: ClearStereo)
Wedge Clean (ID: WedgeClean)
Mesomerize (ID: Mesomerize)
Tautomerize (ID: Tautomerize)
Aromatize (ID: Aromatize)
Add Explicit Hydrogens (ID: AddExplicitH)
Neutralize (ID: Neutralize)
Clean 2D (ID: Clean2D)",Cc1ccccc1Cc1ccccc1
3918,PXTQQOLKZBLYDY-UHFFFAOYSA-N,bis(2-ethylhexyl) carbonate,14858-73-2,286.4500732421875,OECD Guideline 404 (Acute Dermal Irritation / Corrosion),rabbit,semiocclusive,4.0,unchanged (no vehicle),2.33333333333333,4.0,0.0,1,"Remove Explicit Hydrogens (ID: RemoveExplicitH)
Clear Stereo (ID: ClearStereo)
Wedge Clean (ID: WedgeClean)
Mesomerize (ID: Mesomerize)
Tautomerize (ID: Tautomerize)
Add Explicit Hydrogens (ID: AddExplicitH)
Neutralize (ID: Neutralize)
Clean 2D (ID: Clean2D)",CCCCC(CC)COC(=O)OCC(CC)CCCC
4542,QABLOFMHHSOFRJ-UHFFFAOYSA-N,methyl 2-chloroacetate,96-34-4,108.52359771728516,OECD Guideline 404 (Acute Dermal Irritation / Corrosion),rabbit,semiocclusive,4.0,unchanged (no vehicle),3.33333333333333,4.0,0.0,1,"Remove Explicit Hydrogens (ID: RemoveExplicitH)
Clear Stereo (ID: ClearStereo)
Wedge Clean (ID: WedgeClean)
Mesomerize (ID: Mesomerize)
Tautomerize (ID: Tautomerize)
Add Explicit Hydrogens (ID: AddExplicitH)
Neutralize (ID: Neutralize)
Clean 2D (ID: Clean2D)",COC(=O)CCl
3947,QARVLSVVCXYDNA-UHFFFAOYSA-N,bromobenzene,108-86-1,157.00790405273438,OECD Guideline 404 (Acute Dermal Irritation / Corrosion),rabbit,semiocclusive,4.0,unchanged (no vehicle),2.66666666666666,4.0,0.0,1,"Remove Explicit Hydrogens (ID: RemoveExplicitH)
Dearomatize (ID: Dearomatize)
Clear Stereo (ID: ClearStereo)
Wedge Clean (ID: WedgeClean)
Mesomerize (ID: Mesomerize)
Tautomerize (ID: Tautomerize)
Aromatize (ID: Aromatize)
Add Explicit Hydrogens (ID: AddExplicitH)
Neutralize (ID: Neutralize)
Clean 2D (ID: Clean2D)",Brc1ccccc1
2933,QHPQWRBYOIRBIT-UHFFFAOYSA-N,4-tert-butylphenol,98-54-4,150.21755981445312,OECD Guideline 404 (Acute Dermal Irritation / Corrosion),rabbit,semiocclusive,4.0,other: moistened with distilled water,2.28571428571428,4.0,0.0,1,"Remove Explicit Hydrogens (ID: RemoveExplicitH)
Dearomatize (ID: Dearomatize)
Clear Stereo (ID: ClearStereo)
Wedge Clean (ID: WedgeClean)
Mesomerize (ID: Mesomerize)
Tautomerize (ID: Tautomerize)
Aromatize (ID: Aromatize)
Add Explicit Hydrogens (ID: AddExplicitH)
Neutralize (ID: Neutralize)
Clean 2D (ID: Clean2D)",CC(C)(C)c1ccc(O)cc1
3817,QLBRROYTTDFLDX-UHFFFAOYSA-N,[3-(aminomethyl)cyclohexyl]methanamine,2579-20-6,144.25779724121094,OECD Guideline 404 (Acute Dermal Irritation / Corrosion),rabbit,semiocclusive,0.05,unchanged (no vehicle),4.0,,1.0,1,"Remove Explicit Hydrogens (ID: RemoveExplicitH)
Clear Stereo (ID: ClearStereo)
Wedge Clean (ID: WedgeClean)
Mesomerize (ID: Mesomerize)
Tautomerize (ID: Tautomerize)
Add Explicit Hydrogens (ID: AddExplicitH)
Neutralize (ID: Neutralize)
Clean 2D (ID: Clean2D)",NCC1CCCC(CN)C1
1718,QUKHPBOCBWDYMW-UHFFFAOYSA-N,"1,2-bis(2-methylpropyl) cyclohexane-1,2-dicarboxylate",70969-58-3,284.39111328125,OECD Guideline 404 (Acute Dermal Irritation / Corrosion),rabbit,semiocclusive,4.0,unchanged (no vehicle),2.0,4.0,0.0,1,"Remove Explicit Hydrogens (ID: RemoveExplicitH)
Clear Stereo (ID: ClearStereo)
Wedge Clean (ID: WedgeClean)
Mesomerize (ID: Mesomerize)
Tautomerize (ID: Tautomerize)
Add Explicit Hydrogens (ID: AddExplicitH)
Neutralize (ID: Neutralize)
Clean 2D (ID: Clean2D)",CC(C)COC(=O)C1CCCCC1C(=O)OCC(C)C
4312,QUSNBJAOOMFDIB-UHFFFAOYSA-N,ethanamine,75-04-7,45.08367919921875,other: in accordance with International Maritime Organization (I.M.O.) criteria,rabbit,semiocclusive,0.05,not specified,4.0,4.0,1.0,1,"Remove Explicit Hydrogens (ID: RemoveExplicitH)
Mesomerize (ID: Mesomerize)
Tautomerize (ID: Tautomerize)
Add Explicit Hydrogens (ID: AddExplicitH)
Neutralize (ID: Neutralize)
Clean 2D (ID: Clean2D)",CCN
121,QZFSNJAQFWEXEA-UHFFFAOYSA-N,"(4E)-3,3-dimethyl-5-(2,2,3-trimethylcyclopent-3-en-1-yl)pent-4-en-2-ol",107898-54-4,222.36634826660156,other: Annex V,rabbit,semiocclusive,4.0,"other: None, liquid substance used.",2.75666666666666,,1.0,1,"Remove Explicit Hydrogens (ID: RemoveExplicitH)
Clear Stereo (ID: ClearStereo)
Wedge Clean (ID: WedgeClean)
Mesomerize (ID: Mesomerize)
Tautomerize (ID: Tautomerize)
Add Explicit Hydrogens (ID: AddExplicitH)
Neutralize (ID: Neutralize)
Clean 2D (ID: Clean2D)",CC1=CCC(C=CC(C)(C)C(C)O)C1(C)C
2513,RBQRWNWVPQDTJJ-UHFFFAOYSA-N,2-isocyanatoethyl 2-methylprop-2-enoate,30674-80-7,155.15126037597656,OECD Guideline 404 (Acute Dermal Irritation / Corrosion),rabbit,semiocclusive,4.0,unchanged (no vehicle),2.5,4.0,0.0,1,"Remove Explicit Hydrogens (ID: RemoveExplicitH)
Clear Stereo (ID: ClearStereo)
Wedge Clean (ID: WedgeClean)
Mesomerize (ID: Mesomerize)
Tautomerize (ID: Tautomerize)
Add Explicit Hydrogens (ID: AddExplicitH)
Neutralize (ID: Neutralize)
Clean 2D (ID: Clean2D)",C=C(C)C(=O)OCCN=C=O
2990,RDHNTAXPFZIMDN-UHFFFAOYSA-N,"6,6-dimethoxy-2,5,5-trimethylhex-2-ene",67674-46-8,186.2911834716797,OECD Guideline 404 (Acute Dermal Irritation / Corrosion),rabbit,semiocclusive,4.0,other: ethanol/diethylphthalat 1:1,2.2475,4.0,0.0,1,"Remove Explicit Hydrogens (ID: RemoveExplicitH)
Clear Stereo (ID: ClearStereo)
Wedge Clean (ID: WedgeClean)
Mesomerize (ID: Mesomerize)
Tautomerize (ID: Tautomerize)
Add Explicit Hydrogens (ID: AddExplicitH)
Neutralize (ID: Neutralize)
Clean 2D (ID: Clean2D)",COC(OC)C(C)(C)CC=C(C)C
4728,REEZZSHJLXOIHL-UHFFFAOYSA-N,octanoyl chloride,111-64-8,162.6571044921875,OECD Guideline 404 (Acute Dermal Irritation / Corrosion),rabbit,semiocclusive,4.0,unchanged (no vehicle),3.44666666666666,4.0,1.0,1,"Remove Explicit Hydrogens (ID: RemoveExplicitH)
Clear Stereo (ID: ClearStereo)
Wedge Clean (ID: WedgeClean)
Mesomerize (ID: Mesomerize)
Tautomerize (ID: Tautomerize)
Add Explicit Hydrogens (ID: AddExplicitH)
Neutralize (ID: Neutralize)
Clean 2D (ID: Clean2D)",CCCCCCCC(=O)Cl
4710,REYJJPSVUYRZGE-UHFFFAOYSA-N,octadecan-1-amine,124-30-1,269.50897216796875,OECD Guideline 404 (Acute Dermal Irritation / Corrosion),rabbit,semiocclusive,4.0,other: PEG 400 (Riedel de Haen AG; Ch-B 2322),3.0,3.0,0.0,1,"Remove Explicit Hydrogens (ID: RemoveExplicitH)
Clear Stereo (ID: ClearStereo)
Wedge Clean (ID: WedgeClean)
Mesomerize (ID: Mesomerize)
Tautomerize (ID: Tautomerize)
Add Explicit Hydrogens (ID: AddExplicitH)
Neutralize (ID: Neutralize)
Clean 2D (ID: Clean2D)",CCCCCCCCCCCCCCCCCCN
5542,RFSYHLFFESXTQI-UHFFFAOYSA-N,unnamed [950919-28-5],950919-28-5,206.23776245117188,OECD Guideline 404 (Acute Dermal Irritation / Corrosion),rabbit,semiocclusive,4.0,other: test material was moistened with distilled water,1.66666666666666,4.0,0.0,1,"Remove Explicit Hydrogens (ID: RemoveExplicitH)
Dearomatize (ID: Dearomatize)
Clear Stereo (ID: ClearStereo)
Wedge Clean (ID: WedgeClean)
Mesomerize (ID: Mesomerize)
Tautomerize (ID: Tautomerize)
Aromatize (ID: Aromatize)
Add Explicit Hydrogens (ID: AddExplicitH)
Neutralize (ID: Neutralize)
Clean 2D (ID: Clean2D)",CC(C)c1ccc2c(c1)OCC(=O)CO2
4724,RHLVCLIPMVJYKS-UHFFFAOYSA-N,octan-3-one,106-68-3,128.2120361328125,OECD Guideline 404 (Acute Dermal Irritation / Corrosion),rabbit,semiocclusive,4.0,unchanged (no vehicle),2.0,4.0,0.0,1,"Remove Explicit Hydrogens (ID: RemoveExplicitH)
Clear Stereo (ID: ClearStereo)
Wedge Clean (ID: WedgeClean)
Mesomerize (ID: Mesomerize)
Tautomerize (ID: Tautomerize)
Add Explicit Hydrogens (ID: AddExplicitH)
Neutralize (ID: Neutralize)
Clean 2D (ID: Clean2D)",CCCCCC(=O)CC
"4354, 4355",RIFGWPKJUGCATF-UHFFFAOYSA-N,ethyl chlorocarbonate,541-41-3,108.52359771728516,OECD Guideline 404 (Acute Dermal Irritation / Corrosion),rabbit,occlusive,4.0,unchanged (no vehicle),3.066666666666665,4.0,1.0,1,"Remove Explicit Hydrogens (ID: RemoveExplicitH)
Clear Stereo (ID: ClearStereo)
Wedge Clean (ID: WedgeClean)
Mesomerize (ID: Mesomerize)
Tautomerize (ID: Tautomerize)
Add Explicit Hydrogens (ID: AddExplicitH)
Neutralize (ID: Neutralize)
Clean 2D (ID: Clean2D)",CCOC(=O)Cl
1819,RKDVKSZUMVYZHH-UHFFFAOYSA-N,"1,4-dioxane-2,5-dione",502-97-6,116.07215881347656,OECD Guideline 404 (Acute Dermal Irritation / Corrosion),rabbit,semiocclusive,4.0,water,4.0,4.0,1.0,1,"Remove Explicit Hydrogens (ID: RemoveExplicitH)
Clear Stereo (ID: ClearStereo)
Wedge Clean (ID: WedgeClean)
Mesomerize (ID: Mesomerize)
Tautomerize (ID: Tautomerize)
Add Explicit Hydrogens (ID: AddExplicitH)
Neutralize (ID: Neutralize)
Clean 2D (ID: Clean2D)",O=C1COC(=O)CO1
"2894, 2895",RKIDDEGICSMIJA-UHFFFAOYSA-N,4-chlorobenzoyl chloride,122-01-0,175.01205444335938,OECD Guideline 404 (Acute Dermal Irritation / Corrosion),rabbit,semiocclusive,4.0,unchanged (no vehicle),2.0,4.0,0.0,1,"Remove Explicit Hydrogens (ID: RemoveExplicitH)
Dearomatize (ID: Dearomatize)
Clear Stereo (ID: ClearStereo)
Wedge Clean (ID: WedgeClean)
Mesomerize (ID: Mesomerize)
Tautomerize (ID: Tautomerize)
Aromatize (ID: Aromatize)
Add Explicit Hydrogens (ID: AddExplicitH)
Neutralize (ID: Neutralize)
Clean 2D (ID: Clean2D)",O=C(Cl)c1ccc(Cl)cc1
"4752, 4753, 4754",RNJVAUBBYGWVBF-UHFFFAOYSA-N,"oxydipropane-1,2-diyl bisacrylate",57472-68-1,242.26832580566406,OECD Guideline 404 (Acute Dermal Irritation / Corrosion),rabbit,semiocclusive,4.0,unchanged (no vehicle),2.33,4.0,0.0,1,"Remove Explicit Hydrogens (ID: RemoveExplicitH)
Clear Stereo (ID: ClearStereo)
Wedge Clean (ID: WedgeClean)
Mesomerize (ID: Mesomerize)
Tautomerize (ID: Tautomerize)
Add Explicit Hydrogens (ID: AddExplicitH)
Neutralize (ID: Neutralize)
Clean 2D (ID: Clean2D)",C=CC(=O)OC(C)COCC(C)OC(=O)C=C
3913,RPYFJVIASOJLJS-UHFFFAOYSA-N,bicyclo[2.2.1]heptanebis(methylamine),56602-77-8,154.25262451171875,OECD Guideline 404 (Acute Dermal Irritation / Corrosion),rabbit,semiocclusive,4.0,unchanged (no vehicle),2.66,3.0,1.0,1,"Remove Explicit Hydrogens (ID: RemoveExplicitH)
Clear Stereo (ID: ClearStereo)
Wedge Clean (ID: WedgeClean)
Mesomerize (ID: Mesomerize)
Tautomerize (ID: Tautomerize)
Add Explicit Hydrogens (ID: AddExplicitH)
Neutralize (ID: Neutralize)
Clean 2D (ID: Clean2D)",NCC1C2CCC(C2)C1CN
2732,RQKFYFNZSHWXAW-UHFFFAOYSA-N,3-chloro-4-methylaniline,95-74-9,141.59811401367188,OECD Guideline 404 (Acute Dermal Irritation / Corrosion),rabbit,other: patch 2.5*2.5 cm pulp,4.0,other: polyethylene glycol,2.0,2.0,0.0,1,"Remove Explicit Hydrogens (ID: RemoveExplicitH)
Dearomatize (ID: Dearomatize)
Clear Stereo (ID: ClearStereo)
Wedge Clean (ID: WedgeClean)
Mesomerize (ID: Mesomerize)
Tautomerize (ID: Tautomerize)
Aromatize (ID: Aromatize)
Add Explicit Hydrogens (ID: AddExplicitH)
Neutralize (ID: Neutralize)
Clean 2D (ID: Clean2D)",Cc1ccc(N)cc1Cl
4150,RVDJLKVICMLVJQ-UHFFFAOYSA-N,diethyl phenylphosphonite,1638-86-4,198.19866943359375,OECD Guideline 404 (Acute Dermal Irritation / Corrosion),rabbit,semiocclusive,4.0,unchanged (no vehicle),2.52,4.0,1.0,1,"Remove Explicit Hydrogens (ID: RemoveExplicitH)
Dearomatize (ID: Dearomatize)
Clear Stereo (ID: ClearStereo)
Wedge Clean (ID: WedgeClean)
Mesomerize (ID: Mesomerize)
Tautomerize (ID: Tautomerize)
Aromatize (ID: Aromatize)
Add Explicit Hydrogens (ID: AddExplicitH)
Neutralize (ID: Neutralize)
Clean 2D (ID: Clean2D)",CCOP(OCC)c1ccccc1
1303,RXBOCDZLKBPILN-UHFFFAOYSA-N,-,149021-58-9,212.32846069335938,OECD Guideline 404 (Acute Dermal Irritation / Corrosion),rabbit,semiocclusive,4.0,unchanged (no vehicle),2.875,4.0,1.0,1,"Remove Explicit Hydrogens (ID: RemoveExplicitH)
Clear Stereo (ID: ClearStereo)
Wedge Clean (ID: WedgeClean)
Mesomerize (ID: Mesomerize)
Tautomerize (ID: Tautomerize)
Add Explicit Hydrogens (ID: AddExplicitH)
Neutralize (ID: Neutralize)
Clean 2D (ID: Clean2D)",C=CC(=O)OCC(CCC)CCCCC
2546,RZBBHEJLECUBJT-UHFFFAOYSA-N,2-methylheptyl 2-sulfanylacetate,25103-09-7,204.32960510253906,OECD Guideline 404 (Acute Dermal Irritation / Corrosion),rabbit,semiocclusive,4.0,unchanged (no vehicle),1.46666666666666,4.0,0.0,1,"Remove Explicit Hydrogens (ID: RemoveExplicitH)
Clear Stereo (ID: ClearStereo)
Wedge Clean (ID: WedgeClean)
Mesomerize (ID: Mesomerize)
Tautomerize (ID: Tautomerize)
Add Explicit Hydrogens (ID: AddExplicitH)
Neutralize (ID: Neutralize)
Clean 2D (ID: Clean2D)",CC(C)CCCCCOC(=O)CS
5328,RZHGQUVEZKATLV-UHFFFAOYSA-N,unnamed [1639345-42-8],1639345-42-8,145.25009155273438,OECD Guideline 404 (Acute Dermal Irritation / Corrosion),rabbit,semiocclusive,4.0,unchanged (no vehicle),2.0,4.0,0.0,1,"Remove Explicit Hydrogens (ID: RemoveExplicitH)
Clear Stereo (ID: ClearStereo)
Wedge Clean (ID: WedgeClean)
Mesomerize (ID: Mesomerize)
Tautomerize (ID: Tautomerize)
Add Explicit Hydrogens (ID: AddExplicitH)
Neutralize (ID: Neutralize)
Clean 2D (ID: Clean2D)",C[Si](C)(F)CCCC#N
1825,SBJCUZQNHOLYMD-UHFFFAOYSA-N,"1,5-diisocyanatonaphthalene",3173-72-6,210.18824768066406,OECD Guideline 404 (Acute Dermal Irritation / Corrosion),rabbit,semiocclusive,4.0,other: moistened with corn oil,2.33333333333333,4.0,0.0,1,"Remove Explicit Hydrogens (ID: RemoveExplicitH)
Dearomatize (ID: Dearomatize)
Clear Stereo (ID: ClearStereo)
Wedge Clean (ID: WedgeClean)
Mesomerize (ID: Mesomerize)
Tautomerize (ID: Tautomerize)
Aromatize (ID: Aromatize)
Add Explicit Hydrogens (ID: AddExplicitH)
Neutralize (ID: Neutralize)
Clean 2D (ID: Clean2D)",O=C=Nc1cccc2c(N=C=O)cccc12
1278,SBMJSKYKTAAHAB-UHFFFAOYSA-N,-,40722-73-4,218.01815795898438,OECD Guideline 404 (Acute Dermal Irritation / Corrosion),rabbit,occlusive,4.0,unchanged (no vehicle),2.0,,0.0,1,"Remove Explicit Hydrogens (ID: RemoveExplicitH)
Clear Stereo (ID: ClearStereo)
Wedge Clean (ID: WedgeClean)
Mesomerize (ID: Mesomerize)
Tautomerize (ID: Tautomerize)
Add Explicit Hydrogens (ID: AddExplicitH)
Neutralize (ID: Neutralize)
Clean 2D (ID: Clean2D)",O=P1(Cl)OCCCN1CCCl
"3420, 3421",SFBHPFQSSDCYSL-UHFFFAOYSA-N,"N,N-dimethyltetradecan-1-amine",112-75-4,241.455810546875,OECD Guideline 404 (Acute Dermal Irritation / Corrosion),rabbit,semiocclusive,4.0,unchanged (no vehicle),2.45,4.0,0.0,1,"Remove Explicit Hydrogens (ID: RemoveExplicitH)
Clear Stereo (ID: ClearStereo)
Wedge Clean (ID: WedgeClean)
Mesomerize (ID: Mesomerize)
Tautomerize (ID: Tautomerize)
Add Explicit Hydrogens (ID: AddExplicitH)
Neutralize (ID: Neutralize)
Clean 2D (ID: Clean2D)",CCCCCCCCCCCCCCN(C)C
2444,SFPNZPQIIAJXGL-UHFFFAOYSA-N,2-ethoxyethyl 2-methylprop-2-enoate,2370-63-0,158.19496154785156,OECD Guideline 404 (Acute Dermal Irritation / Corrosion),rabbit,semiocclusive,4.0,unchanged (no vehicle),1.55666666666666,4.0,0.0,1,"Remove Explicit Hydrogens (ID: RemoveExplicitH)
Clear Stereo (ID: ClearStereo)
Wedge Clean (ID: WedgeClean)
Mesomerize (ID: Mesomerize)
Tautomerize (ID: Tautomerize)
Add Explicit Hydrogens (ID: AddExplicitH)
Neutralize (ID: Neutralize)
Clean 2D (ID: Clean2D)",C=C(C)C(=O)OCCOCC
3530,SFRPDSKECHTFQA-UHFFFAOYSA-N,O~15~-propionylretinoic acid,7069-42-3,342.5148620605469,OECD Guideline 404 (Acute Dermal Irritation / Corrosion),rabbit,semiocclusive,4.0,unchanged (no vehicle),2.1,4.0,0.0,1,"Remove Explicit Hydrogens (ID: RemoveExplicitH)
Clear Stereo (ID: ClearStereo)
Wedge Clean (ID: WedgeClean)
Mesomerize (ID: Mesomerize)
Tautomerize (ID: Tautomerize)
Add Explicit Hydrogens (ID: AddExplicitH)
Neutralize (ID: Neutralize)
Clean 2D (ID: Clean2D)",CCC(=O)OCC=C(C)C=CC=C(C)C=CC1=C(C)CCCC1(C)C
963,SHLSJFDJYSSUIP-UHFFFAOYSA-N,-,16510-27-3,162.22825622558594,OECD Guideline 404 (Acute Dermal Irritation / Corrosion),rabbit,semiocclusive,4.0,unchanged (no vehicle),2.0,2.0,0.0,1,"Remove Explicit Hydrogens (ID: RemoveExplicitH)
Dearomatize (ID: Dearomatize)
Clear Stereo (ID: ClearStereo)
Wedge Clean (ID: WedgeClean)
Mesomerize (ID: Mesomerize)
Tautomerize (ID: Tautomerize)
Aromatize (ID: Aromatize)
Add Explicit Hydrogens (ID: AddExplicitH)
Neutralize (ID: Neutralize)
Clean 2D (ID: Clean2D)",COc1ccc(CC2CC2)cc1
88,SJECZPVISLOESU-UHFFFAOYSA-N,(3-aminopropyl)trimethoxysilane,13822-56-5,179.28958129882812,OECD Guideline 404 (Acute Dermal Irritation / Corrosion),rabbit,semiocclusive,4.0,unchanged (no vehicle),2.0,8.0,0.0,1,"Remove Explicit Hydrogens (ID: RemoveExplicitH)
Clear Stereo (ID: ClearStereo)
Wedge Clean (ID: WedgeClean)
Mesomerize (ID: Mesomerize)
Tautomerize (ID: Tautomerize)
Add Explicit Hydrogens (ID: AddExplicitH)
Neutralize (ID: Neutralize)
Clean 2D (ID: Clean2D)",CO[Si](CCCN)(OC)OC
5003,SJMYWORNLPSJQO-UHFFFAOYSA-N,tert-butyl methacrylate,585-07-9,142.195556640625,OECD Guideline 404 (Acute Dermal Irritation / Corrosion),rabbit,semiocclusive,4.0,unchanged (no vehicle),2.685,4.0,0.0,1,"Remove Explicit Hydrogens (ID: RemoveExplicitH)
Clear Stereo (ID: ClearStereo)
Wedge Clean (ID: WedgeClean)
Mesomerize (ID: Mesomerize)
Tautomerize (ID: Tautomerize)
Add Explicit Hydrogens (ID: AddExplicitH)
Neutralize (ID: Neutralize)
Clean 2D (ID: Clean2D)",C=C(C)C(=O)OC(C)(C)C
4531,SKTCDJAMAYNROS-UHFFFAOYSA-N,methoxycyclopentane,5614-37-9,100.15888214111328,EU Method B.4 (Acute Toxicity: Dermal Irritation / Corrosion),rabbit,semiocclusive,4.0,unchanged (no vehicle),2.33333333333333,4.0,0.0,1,"Remove Explicit Hydrogens (ID: RemoveExplicitH)
Clear Stereo (ID: ClearStereo)
Wedge Clean (ID: WedgeClean)
Mesomerize (ID: Mesomerize)
Tautomerize (ID: Tautomerize)
Add Explicit Hydrogens (ID: AddExplicitH)
Neutralize (ID: Neutralize)
Clean 2D (ID: Clean2D)",COC1CCCC1
2099,SNPQRYOQWLOTFA-UHFFFAOYSA-N,"2,2-dimethyl-1,3-thiazolidine",19351-18-9,117.21253967285156,OECD Guideline 404 (Acute Dermal Irritation / Corrosion),rabbit,semiocclusive,4.0,unchanged (no vehicle),4.0,4.0,0.0,1,"Remove Explicit Hydrogens (ID: RemoveExplicitH)
Clear Stereo (ID: ClearStereo)
Wedge Clean (ID: WedgeClean)
Mesomerize (ID: Mesomerize)
Tautomerize (ID: Tautomerize)
Add Explicit Hydrogens (ID: AddExplicitH)
Neutralize (ID: Neutralize)
Clean 2D (ID: Clean2D)",CC1(C)NCCS1
4185,STWIEUCUSOFHEV-UHFFFAOYSA-N,dimethyl(tetradecyl)amine oxide,3332-27-2,257.4552001953125,OECD Guideline 404 (Acute Dermal Irritation / Corrosion),rabbit,semiocclusive,4.0,unchanged (no vehicle),3.0,4.0,0.0,1,"Remove Explicit Hydrogens (ID: RemoveExplicitH)
Clear Stereo (ID: ClearStereo)
Wedge Clean (ID: WedgeClean)
Mesomerize (ID: Mesomerize)
Tautomerize (ID: Tautomerize)
Add Explicit Hydrogens (ID: AddExplicitH)
Clean 2D (ID: Clean2D)",C=[N+](O)CCCCCCCCCCCCCC
"4775, 4776, 4777",SXRSQZLOMIGNAQ-UHFFFAOYSA-N,pentanedial,111-30-8,100.1158218383789,OECD Guideline 404 (Acute Dermal Irritation / Corrosion),rabbit,semiocclusive,2.0,unchanged (no vehicle),2.2622222222222197,3.0,0.0,1,"Remove Explicit Hydrogens (ID: RemoveExplicitH)
Clear Stereo (ID: ClearStereo)
Wedge Clean (ID: WedgeClean)
Mesomerize (ID: Mesomerize)
Tautomerize (ID: Tautomerize)
Add Explicit Hydrogens (ID: AddExplicitH)
Neutralize (ID: Neutralize)
Clean 2D (ID: Clean2D)",O=CCCCC=O
649,SXZIXHOMFPUIRK-UHFFFAOYSA-N,-,1013-88-3,181.23313903808594,OECD Guideline 404 (Acute Dermal Irritation / Corrosion),rabbit,semiocclusive,4.0,unchanged (no vehicle),3.425,4.0,1.0,1,"Remove Explicit Hydrogens (ID: RemoveExplicitH)
Dearomatize (ID: Dearomatize)
Clear Stereo (ID: ClearStereo)
Wedge Clean (ID: WedgeClean)
Mesomerize (ID: Mesomerize)
Tautomerize (ID: Tautomerize)
Aromatize (ID: Aromatize)
Add Explicit Hydrogens (ID: AddExplicitH)
Neutralize (ID: Neutralize)
Clean 2D (ID: Clean2D)",[H]N=C(c1ccccc1)c1ccccc1
"3550, 3549",SYFIMIPHNTZHIN-UHFFFAOYSA-N,"Phosphorodithioic acid, mixed O,O-bis(iso-Bu and pentyl) esters, zinc salts",68457-79-4,241.33108520507812,OECD Guideline 404 (Acute Dermal Irritation / Corrosion),rabbit,semiocclusive,4.0,unchanged (no vehicle),1.475,4.0,0.5,1,"Remove Explicit Hydrogens (ID: RemoveExplicitH)
Clear Stereo (ID: ClearStereo)
Wedge Clean (ID: WedgeClean)
Mesomerize (ID: Mesomerize)
Tautomerize (ID: Tautomerize)
Add Explicit Hydrogens (ID: AddExplicitH)
Neutralize (ID: Neutralize)
Clean 2D (ID: Clean2D)",CC(C)COP(=S)(S)OCC(C)C
2090,TUEUDXZEBRMJEV-UHFFFAOYSA-N,"2,2,6-trimethylcyclohexyl propanoate",22471-55-2,198.3018798828125,OECD Guideline 404 (Acute Dermal Irritation / Corrosion),rabbit,semiocclusive,4.0,unchanged (no vehicle),2.66666666666666,4.0,0.0,1,"Remove Explicit Hydrogens (ID: RemoveExplicitH)
Clear Stereo (ID: ClearStereo)
Wedge Clean (ID: WedgeClean)
Mesomerize (ID: Mesomerize)
Tautomerize (ID: Tautomerize)
Add Explicit Hydrogens (ID: AddExplicitH)
Neutralize (ID: Neutralize)
Clean 2D (ID: Clean2D)",CCOC(=O)C1C(C)CCCC1(C)C
3926,TVJPBVNWVPUZBM-UHFFFAOYSA-N,bis(acetyloxy)(methyl)silyl acetate,4253-34-3,220.25209045410156,OECD Guideline 404 (Acute Dermal Irritation / Corrosion),rabbit,semiocclusive,4.0,unchanged (no vehicle),4.0,4.0,1.0,1,"Remove Explicit Hydrogens (ID: RemoveExplicitH)
Clear Stereo (ID: ClearStereo)
Wedge Clean (ID: WedgeClean)
Mesomerize (ID: Mesomerize)
Tautomerize (ID: Tautomerize)
Add Explicit Hydrogens (ID: AddExplicitH)
Neutralize (ID: Neutralize)
Clean 2D (ID: Clean2D)",CC(=O)O[Si](C)(OC(C)=O)OC(C)=O
4797,TXFOLHZMICYNRM-UHFFFAOYSA-N,phenoxyphosphonoyl dichloride,770-12-7,210.9824676513672,OECD Guideline 404 (Acute Dermal Irritation / Corrosion),rabbit,semiocclusive,1.0,unchanged (no vehicle),4.0,4.0,1.0,1,"Remove Explicit Hydrogens (ID: RemoveExplicitH)
Dearomatize (ID: Dearomatize)
Clear Stereo (ID: ClearStereo)
Wedge Clean (ID: WedgeClean)
Mesomerize (ID: Mesomerize)
Tautomerize (ID: Tautomerize)
Aromatize (ID: Aromatize)
Add Explicit Hydrogens (ID: AddExplicitH)
Neutralize (ID: Neutralize)
Clean 2D (ID: Clean2D)",O=P(Cl)(Cl)Oc1ccccc1
1747,TZFKKLGCVKORLS-UHFFFAOYSA-N,"1,3,5-trimethylbenzene; 1-ethyl-4-methylbenzene; prop-1-en-2-ylbenzene; propan-2-ylbenzene; propylbenzene",64742-95-6,253.4529266357422,other: Directive 67/548/EEC (OECD TG 404),rabbit,semiocclusive,4.0,unchanged (no vehicle),1.9,2.0,0.0,1,"Remove Explicit Hydrogens (ID: RemoveExplicitH)
Dearomatize (ID: Dearomatize)
Clear Stereo (ID: ClearStereo)
Wedge Clean (ID: WedgeClean)
Mesomerize (ID: Mesomerize)
Tautomerize (ID: Tautomerize)
Aromatize (ID: Aromatize)
Add Explicit Hydrogens (ID: AddExplicitH)
Neutralize (ID: Neutralize)
Clean 2D (ID: Clean2D)",O=C(O)c1cc(F)c(Br)cc1Cl
"3542, 3544",UAXMPVJRTGNEPS-UHFFFAOYSA-N,"Phosphorodithioic acid, mixed O,O-bis(1,3-dimethylbutyl and iso-Pr) esters, zinc salts",84605-29-8,255.357666015625,OECD Guideline 404 (Acute Dermal Irritation / Corrosion),guinea pig,semiocclusive,4.0,other: mineral oil,2.323,4.0,1.0,1,"Remove Explicit Hydrogens (ID: RemoveExplicitH)
Clear Stereo (ID: ClearStereo)
Wedge Clean (ID: WedgeClean)
Mesomerize (ID: Mesomerize)
Tautomerize (ID: Tautomerize)
Add Explicit Hydrogens (ID: AddExplicitH)
Neutralize (ID: Neutralize)
Clean 2D (ID: Clean2D)",CC(C)CC(C)OP(=S)(S)OC(C)C
4131,UCJHMXXKIKBHQP-UHFFFAOYSA-N,dichloro(3-chloropropyl)methylsilane,7787-93-1,191.5587615966797,OECD Guideline 404 (Acute Dermal Irritation / Corrosion),rabbit,semiocclusive,0.025,unchanged (no vehicle),4.0,4.0,0.0,1,"Remove Explicit Hydrogens (ID: RemoveExplicitH)
Clear Stereo (ID: ClearStereo)
Wedge Clean (ID: WedgeClean)
Mesomerize (ID: Mesomerize)
Tautomerize (ID: Tautomerize)
Add Explicit Hydrogens (ID: AddExplicitH)
Neutralize (ID: Neutralize)
Clean 2D (ID: Clean2D)",C[Si](Cl)(Cl)CCCCl
4375,UCVODTZQZHMTPN-UHFFFAOYSA-N,heptanoyl chloride,2528-61-2,148.63052368164062,OECD Guideline 404 (Acute Dermal Irritation / Corrosion),rabbit,semiocclusive,1.0,unchanged (no vehicle),2.73333333333333,3.0,1.0,1,"Remove Explicit Hydrogens (ID: RemoveExplicitH)
Clear Stereo (ID: ClearStereo)
Wedge Clean (ID: WedgeClean)
Mesomerize (ID: Mesomerize)
Tautomerize (ID: Tautomerize)
Add Explicit Hydrogens (ID: AddExplicitH)
Neutralize (ID: Neutralize)
Clean 2D (ID: Clean2D)",CCCCCCC(=O)Cl
4154,UENRCAFKOCYSLM-UHFFFAOYSA-N,dihydrogen hexadecyl(2-hydroxyethyl)dimethylazanium phosphate,85563-48-0,314.5694580078125,OECD Guideline 404 (Acute Dermal Irritation / Corrosion),rabbit,semiocclusive,4.0,unchanged (no vehicle),3.3,4.0,1.0,1,"Remove Explicit Hydrogens (ID: RemoveExplicitH)
Clear Stereo (ID: ClearStereo)
Wedge Clean (ID: WedgeClean)
Mesomerize (ID: Mesomerize)
Tautomerize (ID: Tautomerize)
Add Explicit Hydrogens (ID: AddExplicitH)
Clean 2D (ID: Clean2D)",CCCCCCCCCCCCCCCC[N+](C)(C)CCO
279,UNUPWPQAAUTOII-UHFFFAOYSA-N,-,122795-41-9,154.24932861328125,OECD Guideline 404 (Acute Dermal Irritation / Corrosion),rabbit,semiocclusive,4.0,unchanged (no vehicle),1.55333333333333,,0.0,1,"Remove Explicit Hydrogens (ID: RemoveExplicitH)
Clear Stereo (ID: ClearStereo)
Wedge Clean (ID: WedgeClean)
Mesomerize (ID: Mesomerize)
Tautomerize (ID: Tautomerize)
Add Explicit Hydrogens (ID: AddExplicitH)
Neutralize (ID: Neutralize)
Clean 2D (ID: Clean2D)",CCC1CC2CC1CC2OC
1773,UOORRWUZONOOLO-UHFFFAOYSA-N,"1,3-dichloroprop-1-ene",10061-01-5,110.96985626220703,OECD Guideline 404 (Acute Dermal Irritation / Corrosion),rabbit,semiocclusive,4.0,unchanged (no vehicle),1.5,3.0,0.0,1,"Remove Explicit Hydrogens (ID: RemoveExplicitH)
Clear Stereo (ID: ClearStereo)
Wedge Clean (ID: WedgeClean)
Mesomerize (ID: Mesomerize)
Tautomerize (ID: Tautomerize)
Add Explicit Hydrogens (ID: AddExplicitH)
Neutralize (ID: Neutralize)
Clean 2D (ID: Clean2D)",ClC=CCCl
3414,UQKAOOAFEFCDGT-UHFFFAOYSA-N,"N,N-dimethyloctan-1-amine",7378-99-6,157.29632568359375,OECD Guideline 404 (Acute Dermal Irritation / Corrosion),rabbit,semiocclusive,4.0,unchanged (no vehicle),4.0,,1.0,1,"Remove Explicit Hydrogens (ID: RemoveExplicitH)
Clear Stereo (ID: ClearStereo)
Wedge Clean (ID: WedgeClean)
Mesomerize (ID: Mesomerize)
Tautomerize (ID: Tautomerize)
Add Explicit Hydrogens (ID: AddExplicitH)
Neutralize (ID: Neutralize)
Clean 2D (ID: Clean2D)",CCCCCCCCN(C)C
2628,VAYTZRYEBVHVLE-UHFFFAOYSA-N,"2H-1,3-dioxol-2-one",872-36-6,86.04618072509766,OECD Guideline 404 (Acute Dermal Irritation / Corrosion),rabbit,semiocclusive,4.0,unchanged (no vehicle),2.3,3.0,0.0,1,"Remove Explicit Hydrogens (ID: RemoveExplicitH)
Clear Stereo (ID: ClearStereo)
Wedge Clean (ID: WedgeClean)
Mesomerize (ID: Mesomerize)
Tautomerize (ID: Tautomerize)
Add Explicit Hydrogens (ID: AddExplicitH)
Neutralize (ID: Neutralize)
Clean 2D (ID: Clean2D)",O=c1occo1
2227,VBLXCTYLWZJBKA-UHFFFAOYSA-N,2-(trifluoromethyl)aniline,88-17-5,161.12445068359375,OECD Guideline 404 (Acute Dermal Irritation / Corrosion),rabbit,semiocclusive,4.0,,1.8,4.0,0.0,1,"Remove Explicit Hydrogens (ID: RemoveExplicitH)
Dearomatize (ID: Dearomatize)
Clear Stereo (ID: ClearStereo)
Wedge Clean (ID: WedgeClean)
Mesomerize (ID: Mesomerize)
Tautomerize (ID: Tautomerize)
Aromatize (ID: Aromatize)
Add Explicit Hydrogens (ID: AddExplicitH)
Neutralize (ID: Neutralize)
Clean 2D (ID: Clean2D)",Nc1ccccc1C(F)(F)F
"2086, 2085",VDVUCLWJZJHFAV-UHFFFAOYSA-N,"2,2,6,6-tetramethylpiperidin-4-ol",2403-88-5,157.25326538085938,OECD Guideline 404 (Acute Dermal Irritation / Corrosion),rabbit,semiocclusive,74.0,water,2.5175,4.0,0.5,1,"Remove Explicit Hydrogens (ID: RemoveExplicitH)
Clear Stereo (ID: ClearStereo)
Wedge Clean (ID: WedgeClean)
Mesomerize (ID: Mesomerize)
Tautomerize (ID: Tautomerize)
Add Explicit Hydrogens (ID: AddExplicitH)
Neutralize (ID: Neutralize)
Clean 2D (ID: Clean2D)",CC1(C)CC(O)CC(C)(C)N1
4353,VEUUMBGHMNQHGO-UHFFFAOYSA-N,ethyl chloroacetate,105-39-5,122.55017852783203,OECD Guideline 404 (Acute Dermal Irritation / Corrosion),rabbit,semiocclusive,4.0,unchanged (no vehicle),3.33333333333333,4.0,0.0,1,"Remove Explicit Hydrogens (ID: RemoveExplicitH)
Clear Stereo (ID: ClearStereo)
Wedge Clean (ID: WedgeClean)
Mesomerize (ID: Mesomerize)
Tautomerize (ID: Tautomerize)
Add Explicit Hydrogens (ID: AddExplicitH)
Neutralize (ID: Neutralize)
Clean 2D (ID: Clean2D)",CCOC(=O)CCl
2470,VHKGIWUCVBAITR-UHFFFAOYSA-K,2-ethylhexyl 2-{[bis({2-[(2-ethylhexyl)oxy]-2-oxoethyl}sulfanyl)(octyl)stannyl]sulfanyl}acetate,27107-89-7,841.8955688476562,OECD Guideline 404 (Acute Dermal Irritation / Corrosion),rabbit,occlusive,4.0,unchanged (no vehicle),2.0,4.0,0.0,1,"Remove Explicit Hydrogens (ID: RemoveExplicitH)
Clear Stereo (ID: ClearStereo)
Wedge Clean (ID: WedgeClean)
Mesomerize (ID: Mesomerize)
Tautomerize (ID: Tautomerize)
Add Explicit Hydrogens (ID: AddExplicitH)
Neutralize (ID: Neutralize)
Clean 2D (ID: Clean2D)",CCCCCCC[CH2][Sn]([S]CC(=O)OCC(CC)CCCC)([S]CC(=O)OCC(CC)CCCC)[S]CC(=O)OCC(CC)CCCC
2652,VJRVVBJENDJBLJ-UHFFFAOYSA-N,"3,4,5,6,7,8,9,10,11,12,13,14-dodecahydro-2H-cyclododeca[b]pyran",32539-83-6,222.36634826660156,OECD Guideline 404 (Acute Dermal Irritation / Corrosion),rabbit,occlusive,4.0,other: Ethanol/Diethylphthalat: 1:1,2.8,2.8,0.0,1,"Remove Explicit Hydrogens (ID: RemoveExplicitH)
Clear Stereo (ID: ClearStereo)
Wedge Clean (ID: WedgeClean)
Mesomerize (ID: Mesomerize)
Tautomerize (ID: Tautomerize)
Add Explicit Hydrogens (ID: AddExplicitH)
Neutralize (ID: Neutralize)
Clean 2D (ID: Clean2D)",C1CCCCCC2=C(CCCC1)CCCO2
1322,VLGGPCDFFINQCD-UHFFFAOYSA-N,-,1648784-10-4,210.31259155273438,OECD Guideline 404 (Acute Dermal Irritation / Corrosion),rabbit,semiocclusive,4.0,unchanged (no vehicle),2.0,4.0,0.0,1,"Remove Explicit Hydrogens (ID: RemoveExplicitH)
Clear Stereo (ID: ClearStereo)
Wedge Clean (ID: WedgeClean)
Mesomerize (ID: Mesomerize)
Tautomerize (ID: Tautomerize)
Add Explicit Hydrogens (ID: AddExplicitH)
Neutralize (ID: Neutralize)
Clean 2D (ID: Clean2D)",C=CCOC(=O)C1C(C)CCCC1(C)C
154,VQNUNMBDOKEZHS-UHFFFAOYSA-N,(ethoxymethoxy)cyclododecane,58567-11-6,242.3975067138672,OECD Guideline 404 (Acute Dermal Irritation / Corrosion),rabbit,semiocclusive,4.0,unchanged (no vehicle),3.23333333333333,4.0,0.0,1,"Remove Explicit Hydrogens (ID: RemoveExplicitH)
Clear Stereo (ID: ClearStereo)
Wedge Clean (ID: WedgeClean)
Mesomerize (ID: Mesomerize)
Tautomerize (ID: Tautomerize)
Add Explicit Hydrogens (ID: AddExplicitH)
Neutralize (ID: Neutralize)
Clean 2D (ID: Clean2D)",CCOCOC1CCCCCCCCCCC1
1918,VWHNJDGWDOQJRM-UHFFFAOYSA-N,1-chloro-4-(dichloromethyl)benzene,13940-94-8,195.47360229492188,OECD Guideline 404 (Acute Dermal Irritation / Corrosion),rabbit,semiocclusive,4.0,unchanged (no vehicle),2.3,4.0,0.0,1,"Remove Explicit Hydrogens (ID: RemoveExplicitH)
Dearomatize (ID: Dearomatize)
Clear Stereo (ID: ClearStereo)
Wedge Clean (ID: WedgeClean)
Mesomerize (ID: Mesomerize)
Tautomerize (ID: Tautomerize)
Aromatize (ID: Aromatize)
Add Explicit Hydrogens (ID: AddExplicitH)
Neutralize (ID: Neutralize)
Clean 2D (ID: Clean2D)",Clc1ccc(C(Cl)Cl)cc1
2668,VWNMVYACOKCDLR-UHFFFAOYSA-N,"3,5-dichloro-2,4-difluorobenzoyl fluoride",101513-70-6,228.9834442138672,OECD Guideline 404 (Acute Dermal Irritation / Corrosion),rabbit,semiocclusive,,unchanged (no vehicle),4.0,,0.0,1,"Remove Explicit Hydrogens (ID: RemoveExplicitH)
Dearomatize (ID: Dearomatize)
Clear Stereo (ID: ClearStereo)
Wedge Clean (ID: WedgeClean)
Mesomerize (ID: Mesomerize)
Tautomerize (ID: Tautomerize)
Aromatize (ID: Aromatize)
Add Explicit Hydrogens (ID: AddExplicitH)
Neutralize (ID: Neutralize)
Clean 2D (ID: Clean2D)",O=C(F)c1cc(Cl)c(F)c(Cl)c1F
4509,VXCUURYYWGCLIH-UHFFFAOYSA-N,lauronitrile,2437-25-4,181.31771850585938,OECD Guideline 404 (Acute Dermal Irritation / Corrosion),rabbit,semiocclusive,4.0,unchanged (no vehicle),2.89,4.0,0.0,1,"Remove Explicit Hydrogens (ID: RemoveExplicitH)
Clear Stereo (ID: ClearStereo)
Wedge Clean (ID: WedgeClean)
Mesomerize (ID: Mesomerize)
Tautomerize (ID: Tautomerize)
Add Explicit Hydrogens (ID: AddExplicitH)
Neutralize (ID: Neutralize)
Clean 2D (ID: Clean2D)",CCCCCCCCCCCC#N
2467,VXGIVDFKZKMKQO-UHFFFAOYSA-L,2-ethylhexyl 2-{[({2-[(2-ethylhexyl)oxy]-2-oxoethyl}sulfanyl)dioctylstannyl]sulfanyl}acetate,15571-58-1,751.7944946289062,OECD Guideline 404 (Acute Dermal Irritation / Corrosion),rabbit,not specified,4.0,unchanged (no vehicle),1.78,4.0,0.0,1,"Remove Explicit Hydrogens (ID: RemoveExplicitH)
Clear Stereo (ID: ClearStereo)
Wedge Clean (ID: WedgeClean)
Mesomerize (ID: Mesomerize)
Tautomerize (ID: Tautomerize)
Add Explicit Hydrogens (ID: AddExplicitH)
Neutralize (ID: Neutralize)
Clean 2D (ID: Clean2D)",CCCCCCC[CH2][Sn]([CH2]CCCCCCC)([S]CC(=O)OCC(CC)CCCC)[S]CC(=O)OCC(CC)CCCC
2422,VYWPPRLJNVHPEU-UHFFFAOYSA-N,"2-chloro-1-(2,4-dichlorophenyl)ethanone",4252-78-2,223.48370361328125,OECD Guideline 404 (Acute Dermal Irritation / Corrosion),rabbit,occlusive,4.0,other: Polyethylenglycol 400,2.7,4.0,1.0,1,"Remove Explicit Hydrogens (ID: RemoveExplicitH)
Dearomatize (ID: Dearomatize)
Clear Stereo (ID: ClearStereo)
Wedge Clean (ID: WedgeClean)
Mesomerize (ID: Mesomerize)
Tautomerize (ID: Tautomerize)
Aromatize (ID: Aromatize)
Add Explicit Hydrogens (ID: AddExplicitH)
Neutralize (ID: Neutralize)
Clean 2D (ID: Clean2D)",O=C(CCl)c1ccc(Cl)cc1Cl
"3061, 3062",WBCCOWHDSAVXAO-UHFFFAOYSA-N,"Alcohols, C16-18 and C18-unsatd., ethoxylated",68920-66-1,296.531005859375,OECD Guideline 404 (Acute Dermal Irritation / Corrosion),rabbit,semiocclusive,4.0,unchanged (no vehicle),2.3,4.0,0.0,1,"Remove Explicit Hydrogens (ID: RemoveExplicitH)
Clear Stereo (ID: ClearStereo)
Wedge Clean (ID: WedgeClean)
Mesomerize (ID: Mesomerize)
Tautomerize (ID: Tautomerize)
Add Explicit Hydrogens (ID: AddExplicitH)
Neutralize (ID: Neutralize)
Clean 2D (ID: Clean2D)",CCC=CCCCCCCCCCCCCCCOCC
2988,WHWDWIHXSPCOKZ-UHFFFAOYSA-N,"6,10,14-trimethylpentadecan-2-one",502-69-2,268.47784423828125,OECD Guideline 404 (Acute Dermal Irritation / Corrosion),rabbit,semiocclusive,4.0,unchanged (no vehicle),2.0,2.0,0.0,1,"Remove Explicit Hydrogens (ID: RemoveExplicitH)
Clear Stereo (ID: ClearStereo)
Wedge Clean (ID: WedgeClean)
Mesomerize (ID: Mesomerize)
Tautomerize (ID: Tautomerize)
Add Explicit Hydrogens (ID: AddExplicitH)
Neutralize (ID: Neutralize)
Clean 2D (ID: Clean2D)",CC(=O)CCCC(C)CCCC(C)CCCC(C)C
2116,WMVJWKURWRGJCI-UHFFFAOYSA-N,"2,4-bis(2-methylbutan-2-yl)phenol",120-95-6,234.37704467773438,OECD Guideline 404 (Acute Dermal Irritation / Corrosion),rabbit,semiocclusive,1.0,unchanged (no vehicle),3.665,4.0,0.0,1,"Remove Explicit Hydrogens (ID: RemoveExplicitH)
Dearomatize (ID: Dearomatize)
Clear Stereo (ID: ClearStereo)
Wedge Clean (ID: WedgeClean)
Mesomerize (ID: Mesomerize)
Tautomerize (ID: Tautomerize)
Aromatize (ID: Aromatize)
Add Explicit Hydrogens (ID: AddExplicitH)
Neutralize (ID: Neutralize)
Clean 2D (ID: Clean2D)",CCC(C)(C)c1ccc(O)c(C(C)(C)CC)c1
156,WQOXQRCZOLPYPM-UHFFFAOYSA-N,(methyldisulfanyl)methane,624-92-0,94.19903564453125,other: National Standard of the People???s Republic of China Toxicological Test Methods of Pesticides for Registration (GB 15670-1995),rabbit,semiocclusive,4.0,unchanged (no vehicle),1.9975,4.0,0.0,1,"Remove Explicit Hydrogens (ID: RemoveExplicitH)
Clear Stereo (ID: ClearStereo)
Wedge Clean (ID: WedgeClean)
Mesomerize (ID: Mesomerize)
Tautomerize (ID: Tautomerize)
Add Explicit Hydrogens (ID: AddExplicitH)
Neutralize (ID: Neutralize)
Clean 2D (ID: Clean2D)",CSSC
5170,WTLBZVNBAKMVDP-UHFFFAOYSA-N,tris(2-butoxyethyl) phosphate,78-51-3,398.4718322753906,OECD Guideline 404 (Acute Dermal Irritation / Corrosion),rabbit,semiocclusive,4.0,unchanged (no vehicle),1.6625,,0.0,1,"Remove Explicit Hydrogens (ID: RemoveExplicitH)
Clear Stereo (ID: ClearStereo)
Wedge Clean (ID: WedgeClean)
Mesomerize (ID: Mesomerize)
Tautomerize (ID: Tautomerize)
Add Explicit Hydrogens (ID: AddExplicitH)
Neutralize (ID: Neutralize)
Clean 2D (ID: Clean2D)",CCCCOCCOP(=O)(OCCOCCCC)OCCOCCCC
2664,WTPYRCJDOZVZON-UHFFFAOYSA-N,"3,5,5-trimethylhexanal",5435-64-3,142.23861694335938,OECD Guideline 404 (Acute Dermal Irritation / Corrosion),rabbit,semiocclusive,4.0,unchanged (no vehicle),3.78,4.0,0.0,1,"Remove Explicit Hydrogens (ID: RemoveExplicitH)
Clear Stereo (ID: ClearStereo)
Wedge Clean (ID: WedgeClean)
Mesomerize (ID: Mesomerize)
Tautomerize (ID: Tautomerize)
Add Explicit Hydrogens (ID: AddExplicitH)
Neutralize (ID: Neutralize)
Clean 2D (ID: Clean2D)",CC(CC=O)CC(C)(C)C
2923,WVYWICLMDOOCFB-UHFFFAOYSA-N,4-methylpentan-2-ol,108-11-2,102.17475891113281,OECD Guideline 404 (Acute Dermal Irritation / Corrosion),rabbit,semiocclusive,4.0,unchanged (no vehicle),2.0,4.0,0.0,1,"Remove Explicit Hydrogens (ID: RemoveExplicitH)
Clear Stereo (ID: ClearStereo)
Wedge Clean (ID: WedgeClean)
Mesomerize (ID: Mesomerize)
Tautomerize (ID: Tautomerize)
Add Explicit Hydrogens (ID: AddExplicitH)
Neutralize (ID: Neutralize)
Clean 2D (ID: Clean2D)",CC(C)CC(C)O
4727,WWZKQHOCKIZLMA-UHFFFAOYSA-N,octanoic acid,124-07-2,144.21144104003906,OECD Guideline 404 (Acute Dermal Irritation / Corrosion),rabbit,semiocclusive,4.0,unchanged (no vehicle),3.0,4.0,1.0,1,"Remove Explicit Hydrogens (ID: RemoveExplicitH)
Clear Stereo (ID: ClearStereo)
Wedge Clean (ID: WedgeClean)
Mesomerize (ID: Mesomerize)
Tautomerize (ID: Tautomerize)
Add Explicit Hydrogens (ID: AddExplicitH)
Neutralize (ID: Neutralize)
Clean 2D (ID: Clean2D)",CCCCCCCC(=O)O
158,WXEHBUMAEPOYKP-UHFFFAOYSA-N,(methylsulfanyl)ethane,624-89-5,76.1606216430664,OECD Guideline 404 (Acute Dermal Irritation / Corrosion),rabbit,semiocclusive,4.0,unchanged (no vehicle),1.85,4.0,0.0,1,"Remove Explicit Hydrogens (ID: RemoveExplicitH)
Clear Stereo (ID: ClearStereo)
Wedge Clean (ID: WedgeClean)
Mesomerize (ID: Mesomerize)
Tautomerize (ID: Tautomerize)
Add Explicit Hydrogens (ID: AddExplicitH)
Neutralize (ID: Neutralize)
Clean 2D (ID: Clean2D)",CCSC
5107,XEPLIPFTDXHUHB-UHFFFAOYSA-N,"trichloro(2,4,4-trimethylpentyl)silane",18379-25-4,247.6650848388672,OECD Guideline 404 (Acute Dermal Irritation / Corrosion),rabbit,semiocclusive,24.0,unchanged (no vehicle),4.0,4.0,0.0,1,"Remove Explicit Hydrogens (ID: RemoveExplicitH)
Clear Stereo (ID: ClearStereo)
Wedge Clean (ID: WedgeClean)
Mesomerize (ID: Mesomerize)
Tautomerize (ID: Tautomerize)
Add Explicit Hydrogens (ID: AddExplicitH)
Neutralize (ID: Neutralize)
Clean 2D (ID: Clean2D)",CC(CC(C)(C)C)C[Si](Cl)(Cl)Cl
4171,XFAOZKNGVLIXLC-UHFFFAOYSA-N,dimethoxy(2-methylpropyl)propan-2-ylsilane,111439-76-0,190.35528564453125,OECD Guideline 404 (Acute Dermal Irritation / Corrosion),rabbit,not specified,4.0,not specified,2.0,2.0,0.0,1,"Remove Explicit Hydrogens (ID: RemoveExplicitH)
Clear Stereo (ID: ClearStereo)
Wedge Clean (ID: WedgeClean)
Mesomerize (ID: Mesomerize)
Tautomerize (ID: Tautomerize)
Add Explicit Hydrogens (ID: AddExplicitH)
Neutralize (ID: Neutralize)
Clean 2D (ID: Clean2D)",CO[Si](CC(C)C)(OC)C(C)C
3519,XFBJRFNXPUCPKU-UHFFFAOYSA-N,"O,O-dimethyl chlorothiophosphate",2524-03-0,160.55960083007812,OECD Guideline 404 (Acute Dermal Irritation / Corrosion),rabbit,occlusive,4.0,unchanged (no vehicle),3.37666666666666,3.0,0.0,1,"Remove Explicit Hydrogens (ID: RemoveExplicitH)
Clear Stereo (ID: ClearStereo)
Wedge Clean (ID: WedgeClean)
Mesomerize (ID: Mesomerize)
Tautomerize (ID: Tautomerize)
Add Explicit Hydrogens (ID: AddExplicitH)
Neutralize (ID: Neutralize)
Clean 2D (ID: Clean2D)",COP(=S)(Cl)OC
4458,XJNUECKWDBNFJV-UHFFFAOYSA-N,hexadecyl 2-ethylhexanoate,59130-69-7,368.63671875,OECD Guideline 404 (Acute Dermal Irritation / Corrosion),rabbit,semiocclusive,4.0,unchanged (no vehicle),1.66666666666666,4.0,0.0,1,"Remove Explicit Hydrogens (ID: RemoveExplicitH)
Clear Stereo (ID: ClearStereo)
Wedge Clean (ID: WedgeClean)
Mesomerize (ID: Mesomerize)
Tautomerize (ID: Tautomerize)
Add Explicit Hydrogens (ID: AddExplicitH)
Neutralize (ID: Neutralize)
Clean 2D (ID: Clean2D)",CCCCCCCCCCCCCCCCOC(=O)C(CC)CCCC
4534,XKGDWZQXVZSXAO-UHFFFAOYSA-N,methyl 12-hydroxyoctadec-9-enoate,141-24-2,312.4873352050781,OECD Guideline 404 (Acute Dermal Irritation / Corrosion),rabbit,semiocclusive,4.0,unchanged (no vehicle),2.0,4.0,0.0,1,"Remove Explicit Hydrogens (ID: RemoveExplicitH)
Clear Stereo (ID: ClearStereo)
Wedge Clean (ID: WedgeClean)
Mesomerize (ID: Mesomerize)
Tautomerize (ID: Tautomerize)
Add Explicit Hydrogens (ID: AddExplicitH)
Neutralize (ID: Neutralize)
Clean 2D (ID: Clean2D)",CCCCCCC(O)CC=CCCCCCCCC(=O)OC
"349, 698, 1249",XRLIOAUFFCHSIC-UHFFFAOYSA-N,-,17865-32-6,188.3394012451172,OECD Guideline 404 (Acute Dermal Irritation / Corrosion),rabbit,semiocclusive,4.0,unchanged (no vehicle),2.3333333333333295,4.0,0.0,1,"Remove Explicit Hydrogens (ID: RemoveExplicitH)
Clear Stereo (ID: ClearStereo)
Wedge Clean (ID: WedgeClean)
Mesomerize (ID: Mesomerize)
Tautomerize (ID: Tautomerize)
Add Explicit Hydrogens (ID: AddExplicitH)
Neutralize (ID: Neutralize)
Clean 2D (ID: Clean2D)",CO[SiH](CC1CCCCC1)OC
1690,XSTXAVWGXDQKEL-UHFFFAOYSA-N,"1,1,2-trichloroethene",79-01-6,131.38833618164062,OECD Guideline 404 (Acute Dermal Irritation / Corrosion),rabbit,occlusive,4.0,other: stabilized with thymol,3.9,4.0,0.0,1,"Remove Explicit Hydrogens (ID: RemoveExplicitH)
Clear Stereo (ID: ClearStereo)
Wedge Clean (ID: WedgeClean)
Mesomerize (ID: Mesomerize)
Tautomerize (ID: Tautomerize)
Add Explicit Hydrogens (ID: AddExplicitH)
Neutralize (ID: Neutralize)
Clean 2D (ID: Clean2D)",ClC=C(Cl)Cl
1830,XTJFFFGAUHQWII-UHFFFAOYSA-N,"1,6-dibutyl hexanedioate",105-99-7,258.3538513183594,OECD Guideline 404 (Acute Dermal Irritation / Corrosion),rabbit,semiocclusive,4.0,unchanged (no vehicle),1.77666666666666,4.0,0.0,1,"Remove Explicit Hydrogens (ID: RemoveExplicitH)
Clear Stereo (ID: ClearStereo)
Wedge Clean (ID: WedgeClean)
Mesomerize (ID: Mesomerize)
Tautomerize (ID: Tautomerize)
Add Explicit Hydrogens (ID: AddExplicitH)
Neutralize (ID: Neutralize)
Clean 2D (ID: Clean2D)",CCCCOC(=O)CCCCC(=O)OCCCC
3905,XXBDWLFCJWSEKW-UHFFFAOYSA-N,benzyldimethylamine,103-83-3,135.2062225341797,OECD Guideline 404 (Acute Dermal Irritation / Corrosion),rabbit,semiocclusive,4.0,unchanged (no vehicle),4.0,4.0,1.0,1,"Remove Explicit Hydrogens (ID: RemoveExplicitH)
Dearomatize (ID: Dearomatize)
Clear Stereo (ID: ClearStereo)
Wedge Clean (ID: WedgeClean)
Mesomerize (ID: Mesomerize)
Tautomerize (ID: Tautomerize)
Aromatize (ID: Aromatize)
Add Explicit Hydrogens (ID: AddExplicitH)
Neutralize (ID: Neutralize)
Clean 2D (ID: Clean2D)",CN(C)Cc1ccccc1
5150,XYJRNCYWTVGEEG-UHFFFAOYSA-N,trimethoxy(2-methylpropyl)silane,18395-30-7,178.30152893066406,OECD Guideline 404 (Acute Dermal Irritation / Corrosion),rabbit,semiocclusive,4.0,unchanged (no vehicle),2.6675,3.0,0.0,1,"Remove Explicit Hydrogens (ID: RemoveExplicitH)
Clear Stereo (ID: ClearStereo)
Wedge Clean (ID: WedgeClean)
Mesomerize (ID: Mesomerize)
Tautomerize (ID: Tautomerize)
Add Explicit Hydrogens (ID: AddExplicitH)
Neutralize (ID: Neutralize)
Clean 2D (ID: Clean2D)",CO[Si](CC(C)C)(OC)OC
2574,YAJYJWXEWKRTPO-UHFFFAOYSA-N,2-methylundecane-2-thiol,25103-58-6,202.39984130859375,OECD Guideline 404 (Acute Dermal Irritation / Corrosion),rabbit,semiocclusive,4.0,unchanged (no vehicle),3.0,3.0,1.0,1,"Remove Explicit Hydrogens (ID: RemoveExplicitH)
Clear Stereo (ID: ClearStereo)
Wedge Clean (ID: WedgeClean)
Mesomerize (ID: Mesomerize)
Tautomerize (ID: Tautomerize)
Add Explicit Hydrogens (ID: AddExplicitH)
Neutralize (ID: Neutralize)
Clean 2D (ID: Clean2D)",CC(C)C(C)(C)C(C)(C)C(C)(C)S
2566,YBRBMKDOPFTVDT-UHFFFAOYSA-N,2-methylpropan-2-amine,75-64-9,73.1368408203125,OECD Guideline 404 (Acute Dermal Irritation / Corrosion),rabbit,semiocclusive,0.05,unchanged (no vehicle),4.0,4.0,1.0,1,"Remove Explicit Hydrogens (ID: RemoveExplicitH)
Clear Stereo (ID: ClearStereo)
Wedge Clean (ID: WedgeClean)
Mesomerize (ID: Mesomerize)
Tautomerize (ID: Tautomerize)
Add Explicit Hydrogens (ID: AddExplicitH)
Neutralize (ID: Neutralize)
Clean 2D (ID: Clean2D)",CC(C)(C)N
747,YCAQBCPDPOPUMU-UHFFFAOYSA-N,-,39066-18-7,205.0380401611328,OECD Guideline 404 (Acute Dermal Irritation / Corrosion),rabbit,semiocclusive,4.0,physiological saline,1.55666666666666,4.0,0.0,1,"Remove Explicit Hydrogens (ID: RemoveExplicitH)
Dearomatize (ID: Dearomatize)
Clear Stereo (ID: ClearStereo)
Wedge Clean (ID: WedgeClean)
Mesomerize (ID: Mesomerize)
Tautomerize (ID: Tautomerize)
Aromatize (ID: Aromatize)
Add Explicit Hydrogens (ID: AddExplicitH)
Neutralize (ID: Neutralize)
Clean 2D (ID: Clean2D)",O=C(CCl)c1ccc(O)c(Cl)c1
5289,YCOHHRPARVZBHK-UHFFFAOYSA-N,unnamed [128119-70-0],128119-70-0,226.35504150390625,EU Method B.4 (Acute Toxicity: Dermal Irritation / Corrosion),rabbit,semiocclusive,4.0,unchanged (no vehicle),1.77799999999999,,0.0,1,"Remove Explicit Hydrogens (ID: RemoveExplicitH)
Clear Stereo (ID: ClearStereo)
Wedge Clean (ID: WedgeClean)
Mesomerize (ID: Mesomerize)
Tautomerize (ID: Tautomerize)
Add Explicit Hydrogens (ID: AddExplicitH)
Neutralize (ID: Neutralize)
Clean 2D (ID: Clean2D)",CC(CO)COC1CC2CCC1(C)C2(C)C
5177,YKGBNAGNNUEZQC-UHFFFAOYSA-N,tris(6-methylheptyl)amine,25549-16-0,353.66845703125,OECD Guideline 404 (Acute Dermal Irritation / Corrosion),rabbit,semiocclusive,4.0,unchanged (no vehicle),3.5,,1.0,1,"Remove Explicit Hydrogens (ID: RemoveExplicitH)
Clear Stereo (ID: ClearStereo)
Wedge Clean (ID: WedgeClean)
Mesomerize (ID: Mesomerize)
Tautomerize (ID: Tautomerize)
Add Explicit Hydrogens (ID: AddExplicitH)
Neutralize (ID: Neutralize)
Clean 2D (ID: Clean2D)",CC(C)CCCCCN(CCCCCC(C)C)CCCCCC(C)C
3404,YMGHPIVBMBXPCR-UHFFFAOYSA-N,"N,N-dibutyloctadec-9-enamide",5831-80-1,393.6892395019531,OECD Guideline 404 (Acute Dermal Irritation / Corrosion),rabbit,semiocclusive,4.0,unchanged (no vehicle),2.0,3.0,0.0,1,"Remove Explicit Hydrogens (ID: RemoveExplicitH)
Clear Stereo (ID: ClearStereo)
Wedge Clean (ID: WedgeClean)
Mesomerize (ID: Mesomerize)
Tautomerize (ID: Tautomerize)
Add Explicit Hydrogens (ID: AddExplicitH)
Neutralize (ID: Neutralize)
Clean 2D (ID: Clean2D)",CCCCCCCCC=CCCCCCCCC(=O)N(CCCC)CCCC
"4095, 4096, 4097",YSRSBDQINUMTIF-UHFFFAOYSA-N,"decane-1,2-diol",1119-86-4,174.28048706054688,OECD Guideline 404 (Acute Dermal Irritation / Corrosion),rabbit,occlusive,4.0,water,1.5533333333333297,2.0,0.0,1,"Remove Explicit Hydrogens (ID: RemoveExplicitH)
Clear Stereo (ID: ClearStereo)
Wedge Clean (ID: WedgeClean)
Mesomerize (ID: Mesomerize)
Tautomerize (ID: Tautomerize)
Add Explicit Hydrogens (ID: AddExplicitH)
Neutralize (ID: Neutralize)
Clean 2D (ID: Clean2D)",CCCCCCCCC(O)CO
1917,YTCGOUNVIAWCMG-UHFFFAOYSA-N,1-chloro-3-(trifluoromethyl)benzene,98-15-7,180.55487060546875,OECD Guideline 404 (Acute Dermal Irritation / Corrosion),rabbit,semiocclusive,4.0,unchanged (no vehicle),1.7,4.0,0.0,1,"Remove Explicit Hydrogens (ID: RemoveExplicitH)
Dearomatize (ID: Dearomatize)
Clear Stereo (ID: ClearStereo)
Wedge Clean (ID: WedgeClean)
Mesomerize (ID: Mesomerize)
Tautomerize (ID: Tautomerize)
Aromatize (ID: Aromatize)
Add Explicit Hydrogens (ID: AddExplicitH)
Neutralize (ID: Neutralize)
Clean 2D (ID: Clean2D)",FC(F)(F)c1cccc(Cl)c1
"29, 30",YXGUBJPWGFKWQA-UHFFFAOYSA-N,"(2,2,3-trimethylcyclopent-3-en-1-yl)acetaldehyde",4501-58-0,152.2334442138672,OECD Guideline 404 (Acute Dermal Irritation / Corrosion),rabbit,semiocclusive,4.0,not specified,2.43333333333333,4.0,0.0,1,"Remove Explicit Hydrogens (ID: RemoveExplicitH)
Clear Stereo (ID: ClearStereo)
Wedge Clean (ID: WedgeClean)
Mesomerize (ID: Mesomerize)
Tautomerize (ID: Tautomerize)
Add Explicit Hydrogens (ID: AddExplicitH)
Neutralize (ID: Neutralize)
Clean 2D (ID: Clean2D)",CC(=O)C1CC=C(C)C1(C)C
2708,ZACVGCNKGYYQHA-UHFFFAOYSA-N,3-({[({[(2-ethylhexyl)oxy]carbonyl}peroxy)carbonyl]oxy}methyl)heptane,16111-62-9,346.4589538574219,OECD Guideline 404 (Acute Dermal Irritation / Corrosion),rabbit,semiocclusive,4.0,unchanged (no vehicle),2.66666666666666,2.0,0.0,1,"Remove Explicit Hydrogens (ID: RemoveExplicitH)
Clear Stereo (ID: ClearStereo)
Wedge Clean (ID: WedgeClean)
Mesomerize (ID: Mesomerize)
Tautomerize (ID: Tautomerize)
Add Explicit Hydrogens (ID: AddExplicitH)
Neutralize (ID: Neutralize)
Clean 2D (ID: Clean2D)",CCCCC(CC)COC(=O)OOC(=O)OCC(CC)CCCC
2224,ZAFNJMIOTHYJRJ-UHFFFAOYSA-N,2-(propan-2-yloxy)propane,108-20-3,102.17475891113281,OECD Guideline 404 (Acute Dermal Irritation / Corrosion),rabbit,semiocclusive,4.0,unchanged (no vehicle),1.76666666666666,4.0,0.0,1,"Remove Explicit Hydrogens (ID: RemoveExplicitH)
Clear Stereo (ID: ClearStereo)
Wedge Clean (ID: WedgeClean)
Mesomerize (ID: Mesomerize)
Tautomerize (ID: Tautomerize)
Add Explicit Hydrogens (ID: AddExplicitH)
Neutralize (ID: Neutralize)
Clean 2D (ID: Clean2D)",CC(C)OC(C)C
2896,ZBLQQRZVKHLRBF-UHFFFAOYSA-N,4-cyclohexylbutan-2-ol,10528-67-3,156.26519775390625,OECD Guideline 404 (Acute Dermal Irritation / Corrosion),rabbit,semiocclusive,4.0,unchanged (no vehicle),2.8925,4.0,0.0,1,"Remove Explicit Hydrogens (ID: RemoveExplicitH)
Clear Stereo (ID: ClearStereo)
Wedge Clean (ID: WedgeClean)
Mesomerize (ID: Mesomerize)
Tautomerize (ID: Tautomerize)
Add Explicit Hydrogens (ID: AddExplicitH)
Neutralize (ID: Neutralize)
Clean 2D (ID: Clean2D)",CC(O)CCC1CCCCC1
5154,ZFMOJHVRFMOIGF-UHFFFAOYSA-N,"trimethoxy-1,3,5,2,4,6-trioxatriborinane",102-24-9,173.532958984375,OECD Guideline 404 (Acute Dermal Irritation / Corrosion),rabbit,semiocclusive,4.0,unchanged (no vehicle),1.7,4.0,0.0,1,"Remove Explicit Hydrogens (ID: RemoveExplicitH)
Clear Stereo (ID: ClearStereo)
Wedge Clean (ID: WedgeClean)
Mesomerize (ID: Mesomerize)
Tautomerize (ID: Tautomerize)
Add Explicit Hydrogens (ID: AddExplicitH)
Neutralize (ID: Neutralize)
Clean 2D (ID: Clean2D)",COB1OB(OC)OB(OC)O1
5165,ZMBHCYHQLYEYDV-UHFFFAOYSA-N,trioctylphosphine oxide,78-50-2,386.6349182128906,OECD Guideline 404 (Acute Dermal Irritation / Corrosion),rabbit,semiocclusive,4.0,other: Distilled water,2.0,4.0,0.0,1,"Remove Explicit Hydrogens (ID: RemoveExplicitH)
Clear Stereo (ID: ClearStereo)
Wedge Clean (ID: WedgeClean)
Mesomerize (ID: Mesomerize)
Tautomerize (ID: Tautomerize)
Add Explicit Hydrogens (ID: AddExplicitH)
Neutralize (ID: Neutralize)
Clean 2D (ID: Clean2D)",CCCCCCCCP(=O)(CCCCCCCC)CCCCCCCC
2937,ZMSQJSMSLXVTKN-UHFFFAOYSA-N,4-{2-[2-(morpholin-4-yl)ethoxy]ethyl}morpholine,6425-39-4,244.33056640625,OECD Guideline 404 (Acute Dermal Irritation / Corrosion),rabbit,semiocclusive,4.0,unchanged (no vehicle),1.9,4.0,0.0,1,"Remove Explicit Hydrogens (ID: RemoveExplicitH)
Clear Stereo (ID: ClearStereo)
Wedge Clean (ID: WedgeClean)
Mesomerize (ID: Mesomerize)
Tautomerize (ID: Tautomerize)
Add Explicit Hydrogens (ID: AddExplicitH)
Neutralize (ID: Neutralize)
Clean 2D (ID: Clean2D)",C1CN(CCOCCN2CCOCC2)CCO1
118,ZOKCNEIWFQCSCM-UHFFFAOYSA-N,(4-methyl-4-phenylpent-1-en-2-yl)benzene,6362-80-7,236.35140991210938,EU Method B.4 (Acute Toxicity: Dermal Irritation / Corrosion),rabbit,semiocclusive,4.0,unchanged (no vehicle),2.0,4.0,0.0,1,"Remove Explicit Hydrogens (ID: RemoveExplicitH)
Dearomatize (ID: Dearomatize)
Clear Stereo (ID: ClearStereo)
Wedge Clean (ID: WedgeClean)
Mesomerize (ID: Mesomerize)
Tautomerize (ID: Tautomerize)
Aromatize (ID: Aromatize)
Add Explicit Hydrogens (ID: AddExplicitH)
Neutralize (ID: Neutralize)
Clean 2D (ID: Clean2D)",C=C(CC(C)(C)c1ccccc1)c1ccccc1
1444,ZUBMZHJPTYYMRG-SNAWJCMRSA-N,-,38109-77-2,129.15704345703125,OECD Guideline 404 (Acute Dermal Irritation / Corrosion),rabbit,semiocclusive,4.0,unchanged (no vehicle),2.33333333333333,1.0,0.0,1,"Remove Explicit Hydrogens (ID: RemoveExplicitH)
Clear Stereo (ID: ClearStereo)
Wedge Clean (ID: WedgeClean)
Mesomerize (ID: Mesomerize)
Tautomerize (ID: Tautomerize)
Add Explicit Hydrogens (ID: AddExplicitH)
Neutralize (ID: Neutralize)
Clean 2D (ID: Clean2D)",CCOC(=O)/C(C)=C/N
4184,ZUHZZVMEUAUWHY-UHFFFAOYSA-N,dimethyl(propyl)amine,926-63-6,87.16342163085938,OECD Guideline 404 (Acute Dermal Irritation / Corrosion),rabbit,semiocclusive,4.0,unchanged (no vehicle),2.225,4.0,0.0,1,"Remove Explicit Hydrogens (ID: RemoveExplicitH)
Clear Stereo (ID: ClearStereo)
Wedge Clean (ID: WedgeClean)
Mesomerize (ID: Mesomerize)
Tautomerize (ID: Tautomerize)
Add Explicit Hydrogens (ID: AddExplicitH)
Neutralize (ID: Neutralize)
Clean 2D (ID: Clean2D)",CCCN(C)C
2731,ZUVPLKVDZNDZCM-UHFFFAOYSA-N,3-chloro-2-methylaniline,87-60-5,141.59811401367188,OECD Guideline 404 (Acute Dermal Irritation / Corrosion),rabbit,occlusive,4.0,unchanged (no vehicle),1.7,4.0,0.0,1,"Remove Explicit Hydrogens (ID: RemoveExplicitH)
Dearomatize (ID: Dearomatize)
Clear Stereo (ID: ClearStereo)
Wedge Clean (ID: WedgeClean)
Mesomerize (ID: Mesomerize)
Tautomerize (ID: Tautomerize)
Aromatize (ID: Aromatize)
Add Explicit Hydrogens (ID: AddExplicitH)
Neutralize (ID: Neutralize)
Clean 2D (ID: Clean2D)",Cc1c(N)cccc1Cl
3489,ZVXNYZWXUADSRV-UHFFFAOYSA-N,"N-octyl-1-{10-[4-(octylimino)-1,4-dihydropyridin-1-yl]decyl}-1,4-dihydropyridin-4-imine dihydrochloride",70775-75-6,550.904296875,OECD Guideline 404 (Acute Dermal Irritation / Corrosion),rabbit,semiocclusive,4.0,water,2.6,3.0,1.0,1,"Remove Explicit Hydrogens (ID: RemoveExplicitH)
Clear Stereo (ID: ClearStereo)
Wedge Clean (ID: WedgeClean)
Mesomerize (ID: Mesomerize)
Tautomerize (ID: Tautomerize)
Add Explicit Hydrogens (ID: AddExplicitH)
Neutralize (ID: Neutralize)
Clean 2D (ID: Clean2D)",CCCCCCCCN=c1ccn(CCCCCCCCCCn2ccc(=NCCCCCCCC)cc2)cc1
2202,ZYHMJXZULPZUED-UHFFFAOYSA-N,2-(4-tert-butylphenoxy)cyclohexyl prop-2-yn-1-yl sulfite,2312-35-8,350.47235107421875,EPA OPP 81-5 (Acute Dermal Irritation),rabbit,semiocclusive,4.0,unchanged (no vehicle),3.0,4.0,1.0,1,"Remove Explicit Hydrogens (ID: RemoveExplicitH)
Dearomatize (ID: Dearomatize)
Clear Stereo (ID: ClearStereo)
Wedge Clean (ID: WedgeClean)
Mesomerize (ID: Mesomerize)
Tautomerize (ID: Tautomerize)
Aromatize (ID: Aromatize)
Add Explicit Hydrogens (ID: AddExplicitH)
Neutralize (ID: Neutralize)
Clean 2D (ID: Clean2D)",C#CCOS(=O)OC1CCCCC1Oc1ccc(C(C)(C)C)cc1
"5040, 5042, 5043, 5046, 5047",BGHCVCJVXZWKCC-UHFFFAOYSA-N,tetradecane,629-59-4,198.38800048828125,OECD Guideline 404 (Acute Dermal Irritation / Corrosion),rabbit,semiocclusive,4.0,unchanged (no vehicle),1.495,2.0,0.0,1,"Remove Explicit Hydrogens (ID: RemoveExplicitH)
Clear Stereo (ID: ClearStereo)
Wedge Clean (ID: WedgeClean)
Mesomerize (ID: Mesomerize)
Tautomerize (ID: Tautomerize)
Add Explicit Hydrogens (ID: AddExplicitH)
Neutralize (ID: Neutralize)
Clean 2D (ID: Clean2D)",CCCCCCCCCCCCCC
"4085, 4087, 4089, 4093, 4091",DIOQZVSQGTUSAI-UHFFFAOYSA-N,decane,124-18-5,142.28167724609375,OECD Guideline 404 (Acute Dermal Irritation / Corrosion),rabbit,semiocclusive,4.0,unchanged (no vehicle),1.495,2.0,0.0,1,"Remove Explicit Hydrogens (ID: RemoveExplicitH)
Clear Stereo (ID: ClearStereo)
Wedge Clean (ID: WedgeClean)
Mesomerize (ID: Mesomerize)
Tautomerize (ID: Tautomerize)
Add Explicit Hydrogens (ID: AddExplicitH)
Neutralize (ID: Neutralize)
Clean 2D (ID: Clean2D)",CCCCCCCCCC
"5114, 5117, 5118, 5119, 5123",IIYFAKIEWZDVMP-UHFFFAOYSA-N,tridecane,629-50-5,184.36141967773438,OECD Guideline 404 (Acute Dermal Irritation / Corrosion),rabbit,semiocclusive,4.0,unchanged (no vehicle),1.495,2.0,0.0,1,"Remove Explicit Hydrogens (ID: RemoveExplicitH)
Clear Stereo (ID: ClearStereo)
Wedge Clean (ID: WedgeClean)
Mesomerize (ID: Mesomerize)
Tautomerize (ID: Tautomerize)
Add Explicit Hydrogens (ID: AddExplicitH)
Neutralize (ID: Neutralize)
Clean 2D (ID: Clean2D)",CCCCCCCCCCCCC
"3819, 3820, 3818",ISKQADXMHQSTHK-UHFFFAOYSA-N,[4-(aminomethyl)phenyl]methanamine,539-48-0,136.19427490234375,,rabbit,occlusive,2.0,water,2.1666666666666665,3.0,0.6666666666666666,1,"Remove Explicit Hydrogens (ID: RemoveExplicitH)
Dearomatize (ID: Dearomatize)
Clear Stereo (ID: ClearStereo)
Wedge Clean (ID: WedgeClean)
Mesomerize (ID: Mesomerize)
Tautomerize (ID: Tautomerize)
Aromatize (ID: Aromatize)
Add Explicit Hydrogens (ID: AddExplicitH)
Neutralize (ID: Neutralize)
Clean 2D (ID: Clean2D)",NCc1ccc(CN)cc1
"4142, 4143, 4144",JWCYDYZLEAQGJJ-UHFFFAOYSA-N,dicyclopentyldimethoxysilane,126990-35-0,228.40325927734375,OECD Guideline 404 (Acute Dermal Irritation / Corrosion),rabbit,semiocclusive,4.0,unchanged (no vehicle),1.81111111111111,4.0,0.0,1,"Remove Explicit Hydrogens (ID: RemoveExplicitH)
Clear Stereo (ID: ClearStereo)
Wedge Clean (ID: WedgeClean)
Mesomerize (ID: Mesomerize)
Tautomerize (ID: Tautomerize)
Add Explicit Hydrogens (ID: AddExplicitH)
Neutralize (ID: Neutralize)
Clean 2D (ID: Clean2D)",CO[Si](OC)(C1CCCC1)C1CCCC1
"5216, 5219, 5220, 5222, 5221",RSJKGSCJYJTIGS-UHFFFAOYSA-N,undecane,1120-21-4,156.30825805664062,OECD Guideline 404 (Acute Dermal Irritation / Corrosion),rabbit,semiocclusive,4.0,unchanged (no vehicle),1.495,2.0,0.0,1,"Remove Explicit Hydrogens (ID: RemoveExplicitH)
Clear Stereo (ID: ClearStereo)
Wedge Clean (ID: WedgeClean)
Mesomerize (ID: Mesomerize)
Tautomerize (ID: Tautomerize)
Add Explicit Hydrogens (ID: AddExplicitH)
Neutralize (ID: Neutralize)
Clean 2D (ID: Clean2D)",CCCCCCCCCCC
"1903, 1904, 1907",RWNUSVWFHDHRCJ-UHFFFAOYSA-N,1-butoxypropan-2-ol,5131-66-8,132.20074462890625,OECD Guideline 404 (Acute Dermal Irritation / Corrosion),rabbit,semiocclusive,4.0,water,1.7666666666666666,3.333333333333333,0.0,1,"Remove Explicit Hydrogens (ID: RemoveExplicitH)
Clear Stereo (ID: ClearStereo)
Wedge Clean (ID: WedgeClean)
Mesomerize (ID: Mesomerize)
Tautomerize (ID: Tautomerize)
Add Explicit Hydrogens (ID: AddExplicitH)
Neutralize (ID: Neutralize)
Clean 2D (ID: Clean2D)",CCCCOCC(C)O
"4291, 4294, 4295, 4296, 4297",SNRUBQQJIBEYMU-UHFFFAOYSA-N,dodecane,112-40-3,170.33483886718753,OECD Guideline 404 (Acute Dermal Irritation / Corrosion),rabbit,semiocclusive,4.0,unchanged (no vehicle),1.4949999999999999,2.0,0.0,1,"Remove Explicit Hydrogens (ID: RemoveExplicitH)
Clear Stereo (ID: ClearStereo)
Wedge Clean (ID: WedgeClean)
Mesomerize (ID: Mesomerize)
Tautomerize (ID: Tautomerize)
Add Explicit Hydrogens (ID: AddExplicitH)
Neutralize (ID: Neutralize)
Clean 2D (ID: Clean2D)",CCCCCCCCCCCC
"55, 56, 57",VYGQUTWHTHXGQB-UHFFFAOYSA-N,"(2E,4E,6E,8E)-3,7-dimethyl-9-(2,6,6-trimethylcyclohex-1-en-1-yl)nona-2,4,6,8-tetraen-1-yl hexadecanoate",79-81-2,524.8604125976562,OECD Guideline 404 (Acute Dermal Irritation / Corrosion),rabbit,semiocclusive,4.0,unchanged (no vehicle),1.7333333333333332,4.0,0.0,1,"Remove Explicit Hydrogens (ID: RemoveExplicitH)
Clear Stereo (ID: ClearStereo)
Wedge Clean (ID: WedgeClean)
Mesomerize (ID: Mesomerize)
Tautomerize (ID: Tautomerize)
Add Explicit Hydrogens (ID: AddExplicitH)
Neutralize (ID: Neutralize)
Clean 2D (ID: Clean2D)",CCCCCCCCCCCCCCCC(=O)OCC=C(C)C=CC=C(C)C=CC1=C(C)CCCC1(C)C
"1954, 1956, 1955, 1957, 1958",WPPOGHDFAVQKLN-UHFFFAOYSA-N,1-octylpyrrolidin-2-one,2687-94-7,197.31712341308594,other: modification of that described by J.H. Draize,rabbit,occlusive,11.400000000000002,water,2.848,3.4000000000000004,0.6000000000000001,1,"Remove Explicit Hydrogens (ID: RemoveExplicitH)
Clear Stereo (ID: ClearStereo)
Wedge Clean (ID: WedgeClean)
Mesomerize (ID: Mesomerize)
Tautomerize (ID: Tautomerize)
Add Explicit Hydrogens (ID: AddExplicitH)
Neutralize (ID: Neutralize)
Clean 2D (ID: Clean2D)",CCCCCCCCN1CCCC1=O
"3055, 3056, 2544",XUJLWPFSUCHPQL-UHFFFAOYSA-N,"Alcohols, C11-14-iso-, C13-rich",68526-86-3,200.36082458496094,OECD Guideline 404 (Acute Dermal Irritation / Corrosion),rabbit,semiocclusive,4.0,unchanged (no vehicle),2.033333333333333,4.0,0.3333333333333333,1,"Remove Explicit Hydrogens (ID: RemoveExplicitH)
Clear Stereo (ID: ClearStereo)
Wedge Clean (ID: WedgeClean)
Mesomerize (ID: Mesomerize)
Tautomerize (ID: Tautomerize)
Add Explicit Hydrogens (ID: AddExplicitH)
Neutralize (ID: Neutralize)
Clean 2D (ID: Clean2D)",CC(C)CCCCCCCCCCO
"2066, 2068, 2069, 2071, 2076",VKPSKYDESGTTFR-UHFFFAOYSA-N,"2,2,4,6,6-pentamethylheptane",13475-82-6,170.33483886718753,OECD Guideline 404 (Acute Dermal Irritation / Corrosion),rabbit,semiocclusive,4.0,unchanged (no vehicle),1.495,2.0,0.0,1,"Remove Explicit Hydrogens (ID: RemoveExplicitH)
Clear Stereo (ID: ClearStereo)
Wedge Clean (ID: WedgeClean)
Mesomerize (ID: Mesomerize)
Tautomerize (ID: Tautomerize)
Add Explicit Hydrogens (ID: AddExplicitH)
Neutralize (ID: Neutralize)
Clean 2D (ID: Clean2D)",CC(CC(C)(C)C)CC(C)(C)C
763,QLFZZSKTJWDQOS-LHBWCTOLSA-N,-,117704-25-3,899.1141967773438,OECD Guideline 404 (Acute Dermal Irritation / Corrosion),rabbit,occlusive,24.0,unchanged (no vehicle),0.33,1.0,0.0,0,"Remove Explicit Hydrogens (ID: RemoveExplicitH)
Clear Stereo (ID: ClearStereo)
Wedge Clean (ID: WedgeClean)
Mesomerize (ID: Mesomerize)
Tautomerize (ID: Tautomerize)
Add Explicit Hydrogens (ID: AddExplicitH)
Neutralize (ID: Neutralize)
Clean 2D (ID: Clean2D)",COC1CC(OC2C(C)OC(OC3C(C)=CCC4CC(CC5(C=CC(C)C(C6CCCCC6)O5)O4)OC(=O)C4C=C(C)C(O)C5OCC(=CC=CC3C)C45O)CC2OC)OC(C)C1O
"2745, 2746",YKGGTUUWVUHZIL-UHFFFAOYSA-N,"3-hydroxy-4-[(E)-2-[2-methoxy-5-methyl-4-(methylsulfamoyl)phenyl]diazen-1-yl]-N-(2-oxo-2,3-dihydro-1H-1,3-benzodiazol-5-yl)naphthalene-2-carboxamide",51920-12-8,560.5810546875,OECD Guideline 404 (Acute Dermal Irritation / Corrosion),rabbit,semiocclusive,4.0,water,0.0,4.0,0.0,0,"Remove Explicit Hydrogens (ID: RemoveExplicitH)
Dearomatize (ID: Dearomatize)
Clear Stereo (ID: ClearStereo)
Wedge Clean (ID: WedgeClean)
Mesomerize (ID: Mesomerize)
Tautomerize (ID: Tautomerize)
Aromatize (ID: Aromatize)
Add Explicit Hydrogens (ID: AddExplicitH)
Neutralize (ID: Neutralize)
Clean 2D (ID: Clean2D)",CNS(=O)(=O)c1cc(OC)c(N=Nc2c(O)c(C(=O)Nc3ccc4[nH]c(=O)[nH]c4c3)cc3ccccc23)cc1C
2981,JHDBOXMMELKDCY-FMQUCBEESA-N,"5-oxo-4-[(E)-2-{4-[2-(sulfooxy)ethanesulfonyl]phenyl}diazen-1-yl]-1-(4-sulfophenyl)-4,5-dihydro-1H-pyrazole-3-carboxylic acid",10149-98-1,576.5342407226562,other: OECD Guideline 402 (Acute Dermal Toxicity),rat,semiocclusive,24.0,unchanged (no vehicle),0.0,4.0,0.0,0,"Remove Explicit Hydrogens (ID: RemoveExplicitH)
Dearomatize (ID: Dearomatize)
Clear Stereo (ID: ClearStereo)
Wedge Clean (ID: WedgeClean)
Mesomerize (ID: Mesomerize)
Tautomerize (ID: Tautomerize)
Aromatize (ID: Aromatize)
Add Explicit Hydrogens (ID: AddExplicitH)
Neutralize (ID: Neutralize)
Clean 2D (ID: Clean2D)",O=C(O)c1[nH]n(-c2ccc(S(=O)(=O)O)cc2)c(=O)c1/N=N/c1ccc(S(=O)(=O)CCOS(=O)(=O)O)cc1
3453,BIJVAEAOBFTYKO-UHFFFAOYSA-N,"N-(4-chloro-2,5-dimethoxyphenyl)-2-[(E)-2-[2,5-dimethoxy-4-(phenylsulfamoyl)phenyl]diazen-1-yl]-3-oxobutanamide",12225-18-2,591.0325927734375,OECD Guideline 404 (Acute Dermal Irritation / Corrosion),rabbit,semiocclusive,4.0,water,0.0,4.0,0.0,0,"Remove Explicit Hydrogens (ID: RemoveExplicitH)
Dearomatize (ID: Dearomatize)
Clear Stereo (ID: ClearStereo)
Wedge Clean (ID: WedgeClean)
Mesomerize (ID: Mesomerize)
Tautomerize (ID: Tautomerize)
Aromatize (ID: Aromatize)
Add Explicit Hydrogens (ID: AddExplicitH)
Neutralize (ID: Neutralize)
Clean 2D (ID: Clean2D)",COc1cc(NC(=O)/C(=N\Nc2cc(OC)c(S(=O)(=O)Nc3ccccc3)cc2OC)C(C)=O)c(OC)cc1Cl
2041,CNGYZEMWVAWWOB-UHFFFAOYSA-N,"2,2'-ethene-1,2-diylbis[5-({4-anilino-6-[bis(2-hydroxyethyl)amino]-1,3,5-triazin-2-yl}amino)benzenesulfonic acid]",4404-43-7,916.9817504882812,OECD Guideline 404 (Acute Dermal Irritation / Corrosion),rabbit,occlusive,4.0,water,0.0,4.0,0.0,0,"Remove Explicit Hydrogens (ID: RemoveExplicitH)
Dearomatize (ID: Dearomatize)
Clear Stereo (ID: ClearStereo)
Wedge Clean (ID: WedgeClean)
Mesomerize (ID: Mesomerize)
Tautomerize (ID: Tautomerize)
Aromatize (ID: Aromatize)
Add Explicit Hydrogens (ID: AddExplicitH)
Neutralize (ID: Neutralize)
Clean 2D (ID: Clean2D)",O=S(=O)(O)c1cc(Nc2nc(Nc3ccccc3)nc(N(CCO)CCO)n2)ccc1C=Cc1ccc(Nc2nc(Nc3ccccc3)nc(N(CCO)CCO)n2)cc1S(=O)(=O)O
1633,XYBGJUIUCFENGS-UHFFFAOYSA-N,-,866607-35-4,612.6624145507812,OECD Guideline 404 (Acute Dermal Irritation / Corrosion),rabbit,semiocclusive,4.0,water,0.0,4.0,0.0,0,"Remove Explicit Hydrogens (ID: RemoveExplicitH)
Dearomatize (ID: Dearomatize)
Clear Stereo (ID: ClearStereo)
Wedge Clean (ID: WedgeClean)
Mesomerize (ID: Mesomerize)
Tautomerize (ID: Tautomerize)
Aromatize (ID: Aromatize)
Add Explicit Hydrogens (ID: AddExplicitH)
Neutralize (ID: Neutralize)
Clean 2D (ID: Clean2D)",CC(=O)OCC1OC(c2ccc(C)c(Cc3ccc(-c4ccc(F)cc4)s3)c2)C(OC(C)=O)C(OC(C)=O)C1OC(C)=O
3436,UHZVOVCIPHZPEI-UHFFFAOYSA-N,N-(4-acetamidophenyl)-4-[(5-carbamoyl-2-chlorophenyl)diazenyl]-3-hydroxy-2-naphthamide,12236-64-5,501.9211120605469,OECD Guideline 404 (Acute Dermal Irritation / Corrosion),rabbit,semiocclusive,4.0,water,0.0,4.0,0.0,0,"Remove Explicit Hydrogens (ID: RemoveExplicitH)
Dearomatize (ID: Dearomatize)
Clear Stereo (ID: ClearStereo)
Wedge Clean (ID: WedgeClean)
Mesomerize (ID: Mesomerize)
Tautomerize (ID: Tautomerize)
Aromatize (ID: Aromatize)
Add Explicit Hydrogens (ID: AddExplicitH)
Neutralize (ID: Neutralize)
Clean 2D (ID: Clean2D)",CC(=O)Nc1ccc(NC(=O)c2cc3ccccc3c(N=Nc3cc(C(N)=O)ccc3Cl)c2O)cc1
2038,IONCLTBAJROELI-UHFFFAOYSA-N,"2,2'-[ethylenebis(oxyphenyl-2,1-eneazo)]bis[N-(2,3-dihydro-2-oxo-1H-benzimidazol-5-yl)-3-oxobutyramide",77804-81-0,732.7014770507812,OECD Guideline 404 (Acute Dermal Irritation / Corrosion),rabbit,semiocclusive,4.0,water,0.33,4.0,0.0,0,"Remove Explicit Hydrogens (ID: RemoveExplicitH)
Dearomatize (ID: Dearomatize)
Clear Stereo (ID: ClearStereo)
Wedge Clean (ID: WedgeClean)
Mesomerize (ID: Mesomerize)
Tautomerize (ID: Tautomerize)
Aromatize (ID: Aromatize)
Add Explicit Hydrogens (ID: AddExplicitH)
Neutralize (ID: Neutralize)
Clean 2D (ID: Clean2D)",CC(=O)/C(=N\Nc1ccccc1OCCOc1ccccc1N/N=C(\C(C)=O)C(=O)Nc1ccc2[nH]c(=O)[nH]c2c1)C(=O)Nc1ccc2[nH]c(=O)[nH]c2c1
837,YRRWQMBIMZMVDB-UHFFFAOYSA-N,-,224789-21-3,312.3663024902344,OECD Guideline 404 (Acute Dermal Irritation / Corrosion),rabbit,semiocclusive,4.0,other: aqua ad iniectabilia,0.0,4.0,0.0,0,"Remove Explicit Hydrogens (ID: RemoveExplicitH)
Dearomatize (ID: Dearomatize)
Clear Stereo (ID: ClearStereo)
Wedge Clean (ID: WedgeClean)
Mesomerize (ID: Mesomerize)
Tautomerize (ID: Tautomerize)
Aromatize (ID: Aromatize)
Add Explicit Hydrogens (ID: AddExplicitH)
Neutralize (ID: Neutralize)
Clean 2D (ID: Clean2D)",CCCc1nc(C)c2c(=O)nc(-c3ccccc3OCC)[nH]n12
3956,OFVRAFISISJRPV-UHFFFAOYSA-N,"butyl 2-[(E)-2-{2-hydroxy-3-[(2-oxo-2,3-dihydro-1H-1,3-benzodiazol-5-yl)carbamoyl]naphthalen-1-yl}diazen-1-yl]benzoate",31778-10-6,523.539306640625,OECD Guideline 404 (Acute Dermal Irritation / Corrosion),rabbit,semiocclusive,4.0,water,0.0,4.0,0.0,0,"Remove Explicit Hydrogens (ID: RemoveExplicitH)
Dearomatize (ID: Dearomatize)
Clear Stereo (ID: ClearStereo)
Wedge Clean (ID: WedgeClean)
Mesomerize (ID: Mesomerize)
Tautomerize (ID: Tautomerize)
Aromatize (ID: Aromatize)
Add Explicit Hydrogens (ID: AddExplicitH)
Neutralize (ID: Neutralize)
Clean 2D (ID: Clean2D)",CCCCOC(=O)c1ccccc1N=Nc1c(O)c(C(=O)Nc2ccc3[nH]c(=O)[nH]c3c2)cc2ccccc12
2340,VDAMTILBOXFFHU-UHFFFAOYSA-N,2-[(E)-2-(4-chloro-2-nitrophenyl)diazen-1-yl]-N-(2-methoxyphenyl)-3-oxobutanamide,13515-40-7,390.7778015136719,OECD Guideline 404 (Acute Dermal Irritation / Corrosion),rabbit,semiocclusive,4.0,other: polyethylene glycol 400,0.0,4.0,0.0,0,"Remove Explicit Hydrogens (ID: RemoveExplicitH)
Dearomatize (ID: Dearomatize)
Clear Stereo (ID: ClearStereo)
Wedge Clean (ID: WedgeClean)
Mesomerize (ID: Mesomerize)
Tautomerize (ID: Tautomerize)
Aromatize (ID: Aromatize)
Add Explicit Hydrogens (ID: AddExplicitH)
Neutralize (ID: Neutralize)
Clean 2D (ID: Clean2D)",COc1ccccc1NC(=O)/C(=N\Nc1ccc(Cl)cc1[N+](=O)[O-])C(C)=O
5338,LHTYAAGKZQWJSU-UHFFFAOYSA-N,unnamed [179108-06-6],179108-06-6,350.2071533203125,OECD Guideline 404 (Acute Dermal Irritation / Corrosion),rabbit,semiocclusive,4.0,unchanged (no vehicle),0.11,4.0,0.0,0,"Remove Explicit Hydrogens (ID: RemoveExplicitH)
Dearomatize (ID: Dearomatize)
Clear Stereo (ID: ClearStereo)
Wedge Clean (ID: WedgeClean)
Mesomerize (ID: Mesomerize)
Tautomerize (ID: Tautomerize)
Aromatize (ID: Aromatize)
Add Explicit Hydrogens (ID: AddExplicitH)
Neutralize (ID: Neutralize)
Clean 2D (ID: Clean2D)",COc1cc(Br)c2c3c1OC1CC(=O)C=CC31CCNC2
5421,RCJAQWCCDVQYMR-UHFFFAOYSA-N,unnamed [60728-43-0],60728-43-0,689.8873291015625,OECD Guideline 404 (Acute Dermal Irritation / Corrosion),rabbit,semiocclusive,4.0,unchanged (no vehicle),0.333333333333333,4.0,0.0,0,"Remove Explicit Hydrogens (ID: RemoveExplicitH)
Dearomatize (ID: Dearomatize)
Clear Stereo (ID: ClearStereo)
Wedge Clean (ID: WedgeClean)
Mesomerize (ID: Mesomerize)
Tautomerize (ID: Tautomerize)
Aromatize (ID: Aromatize)
Add Explicit Hydrogens (ID: AddExplicitH)
Neutralize (ID: Neutralize)
Clean 2D (ID: Clean2D)",CC(=O)/C(=N\Nc1cc(C(=O)O)ccc1Cl)C(=O)Nc1cc(Cl)c(NC(=O)/C(=N/Nc2cc(C(=O)O)ccc2Cl)C(C)=O)cc1C
2341,HNGMNLLISLJGIA-UHFFFAOYSA-N,2-[(E)-2-(4-methyl-2-nitrophenyl)diazen-1-yl]-3-oxo-N-phenylbutanamide,2512-29-0,340.3333435058594,OECD Guideline 404 (Acute Dermal Irritation / Corrosion),rabbit,semiocclusive,4.0,other: polyethylenglycol 400,0.0,4.0,0.0,0,"Remove Explicit Hydrogens (ID: RemoveExplicitH)
Dearomatize (ID: Dearomatize)
Clear Stereo (ID: ClearStereo)
Wedge Clean (ID: WedgeClean)
Mesomerize (ID: Mesomerize)
Tautomerize (ID: Tautomerize)
Aromatize (ID: Aromatize)
Add Explicit Hydrogens (ID: AddExplicitH)
Neutralize (ID: Neutralize)
Clean 2D (ID: Clean2D)",CC(=O)/C(=N\Nc1ccc(C)cc1[N+](=O)[O-])C(=O)Nc1ccccc1
2750,YZJSKRBKHCLMQC-UHFFFAOYSA-N,3-hydroxy-N-(3-nitrophenyl)-2-naphthamide,135-65-9,308.2881774902344,OECD Guideline 404 (Acute Dermal Irritation / Corrosion),rabbit,semiocclusive,4.0,physiological saline,0.0,4.0,0.0,0,"Remove Explicit Hydrogens (ID: RemoveExplicitH)
Dearomatize (ID: Dearomatize)
Clear Stereo (ID: ClearStereo)
Wedge Clean (ID: WedgeClean)
Mesomerize (ID: Mesomerize)
Tautomerize (ID: Tautomerize)
Aromatize (ID: Aromatize)
Add Explicit Hydrogens (ID: AddExplicitH)
Neutralize (ID: Neutralize)
Clean 2D (ID: Clean2D)",O=C(Nc1cccc([N+](=O)[O-])c1)c1cc2ccccc2cc1O
124,HPNSFSBZBAHARI-UHFFFAOYSA-N,"(4E)-6-(4-hydroxy-6-methoxy-7-methyl-3-oxo-1,3-dihydro-2-benzofuran-5-yl)-4-methylhex-4-enoic acid",24280-93-1,320.33709716796875,EU Method B.4 (Acute Toxicity: Dermal Irritation / Corrosion),rabbit,semiocclusive,4.0,water,0.0,4.0,0.0,0,"Remove Explicit Hydrogens (ID: RemoveExplicitH)
Dearomatize (ID: Dearomatize)
Clear Stereo (ID: ClearStereo)
Wedge Clean (ID: WedgeClean)
Mesomerize (ID: Mesomerize)
Tautomerize (ID: Tautomerize)
Aromatize (ID: Aromatize)
Add Explicit Hydrogens (ID: AddExplicitH)
Neutralize (ID: Neutralize)
Clean 2D (ID: Clean2D)",COc1c(C)c2c(c(O)c1CC=C(C)CCC(=O)O)C(=O)OC2
841,RUASBGDJNNJFOJ-UHFFFAOYSA-N,-,79665-24-0,781.6845703125,OECD Guideline 404 (Acute Dermal Irritation / Corrosion),rabbit,occlusive,24.0,other: 50% aqueous solution of polyethylene glycol,0.5,4.0,0.0,0,"Remove Explicit Hydrogens (ID: RemoveExplicitH)
Dearomatize (ID: Dearomatize)
Clear Stereo (ID: ClearStereo)
Wedge Clean (ID: WedgeClean)
Mesomerize (ID: Mesomerize)
Tautomerize (ID: Tautomerize)
Aromatize (ID: Aromatize)
Add Explicit Hydrogens (ID: AddExplicitH)
Neutralize (ID: Neutralize)
Clean 2D (ID: Clean2D)",Cc1ccc(Cl)cc1N=Nc1c(O)c(C(=O)Nc2cc(C)c(NC(=O)c3cc4ccccc4c(N=Nc4cc(Cl)ccc4C)c3O)cc2C)cc2ccccc12
"2033, 2037",KTEBZTBDPMBYMR-UHFFFAOYSA-N,"2,2'-[(3,3'-dichlorobiphenyl-4,4'-diyl)didiazene-2,1-diyl]bis[N-(4-methylphenyl)-3-oxobutanamide]",6358-37-8,657.5457763671875,OECD Guideline 404 (Acute Dermal Irritation / Corrosion),rabbit,semiocclusive,4.0,other: polyethylene glycol 400,0.3316666666666665,4.0,0.0,0,"Remove Explicit Hydrogens (ID: RemoveExplicitH)
Dearomatize (ID: Dearomatize)
Clear Stereo (ID: ClearStereo)
Wedge Clean (ID: WedgeClean)
Mesomerize (ID: Mesomerize)
Tautomerize (ID: Tautomerize)
Aromatize (ID: Aromatize)
Add Explicit Hydrogens (ID: AddExplicitH)
Neutralize (ID: Neutralize)
Clean 2D (ID: Clean2D)",CC(=O)/C(=N\Nc1ccc(-c2ccc(N/N=C(\C(C)=O)C(=O)Nc3ccc(C)cc3)c(Cl)c2)cc1Cl)C(=O)Nc1ccc(C)cc1
"2854, 2855",RFIPNWKPHISYFV-HVMBLDELSA-N,"4-[(E)-2-(2-chloro-4-{3-chloro-4-[(E)-2-[3-methyl-1-(4-methylphenyl)-5-oxo-4,5-dihydro-1H-pyrazol-4-yl]diazen-1-yl]phenyl}phenyl)diazen-1-yl]-3-methyl-1-(4-methylphenyl)-4,5-dihydro-1H-pyrazol-5-one",15793-73-4,651.5444946289062,OECD Guideline 404 (Acute Dermal Irritation / Corrosion),rabbit,semiocclusive,4.0,other: purified water,0.0,4.0,0.0,0,"Remove Explicit Hydrogens (ID: RemoveExplicitH)
Dearomatize (ID: Dearomatize)
Clear Stereo (ID: ClearStereo)
Wedge Clean (ID: WedgeClean)
Mesomerize (ID: Mesomerize)
Tautomerize (ID: Tautomerize)
Aromatize (ID: Aromatize)
Add Explicit Hydrogens (ID: AddExplicitH)
Neutralize (ID: Neutralize)
Clean 2D (ID: Clean2D)",Cc1ccc(-n2[nH]c(C)c(N=Nc3ccc(-c4ccc(/N=N/c5c(C)[nH]n(-c6ccc(C)cc6)c5=O)c(Cl)c4)cc3Cl)c2=O)cc1
"3442, 3443, 3444, 3445, 3448, 3452",YNMIXGFEAKDKFG-UHFFFAOYSA-N,"N-(4-chloro-2,5-dimethoxyphenyl)-2-[(E)-2-(2-chloro-4-{3-chloro-4-[(E)-2-{1-[(4-chloro-2,5-dimethoxyphenyl)carbamoyl]-2-oxopropyl}diazen-1-yl]phenyl}phenyl)diazen-1-yl]-3-oxobutanamide",5567-15-7,818.4866943359375,OECD Guideline 404 (Acute Dermal Irritation / Corrosion),rabbit,semiocclusive,4.0,other: polyethylene glycol 400,0.9813888888888872,4.0,0.0,0,"Remove Explicit Hydrogens (ID: RemoveExplicitH)
Dearomatize (ID: Dearomatize)
Clear Stereo (ID: ClearStereo)
Wedge Clean (ID: WedgeClean)
Mesomerize (ID: Mesomerize)
Tautomerize (ID: Tautomerize)
Aromatize (ID: Aromatize)
Add Explicit Hydrogens (ID: AddExplicitH)
Neutralize (ID: Neutralize)
Clean 2D (ID: Clean2D)",COc1cc(NC(=O)/C(=N/Nc2ccc(-c3ccc(N/N=C(\C(C)=O)C(=O)Nc4cc(OC)c(Cl)cc4OC)c(Cl)c3)cc2Cl)C(C)=O)c(OC)cc1Cl
5094,IQFYYKKMVGJFEH-UHFFFAOYSA-N,thymidine,50-89-5,242.2285614013672,EU Method B.4 (Acute Toxicity: Dermal Irritation / Corrosion),rabbit,semiocclusive,4.0,unchanged (no vehicle),0.553333333333333,4.0,0.0,0,"Remove Explicit Hydrogens (ID: RemoveExplicitH)
Clear Stereo (ID: ClearStereo)
Wedge Clean (ID: WedgeClean)
Mesomerize (ID: Mesomerize)
Tautomerize (ID: Tautomerize)
Add Explicit Hydrogens (ID: AddExplicitH)
Neutralize (ID: Neutralize)
Clean 2D (ID: Clean2D)",Cc1cn(C2CC(O)C(CO)O2)c(=O)[nH]c1=O
3426,BNOJIFCMRRONPS-UHFFFAOYSA-N,"N-(2,5-dichloro-4-{4-[(E)-2-(2,5-dichlorophenyl)diazen-1-yl]-3-hydroxynaphthalene-2-amido}phenyl)-4-[(E)-2-(2,5-dichlorophenyl)diazen-1-yl]-3-hydroxynaphthalene-2-carboxamide",40618-31-3,863.3584594726562,OECD Guideline 404 (Acute Dermal Irritation / Corrosion),rabbit,semiocclusive,4.0,other: petrolatum oil (for moistening),0.0,4.0,0.0,0,"Remove Explicit Hydrogens (ID: RemoveExplicitH)
Dearomatize (ID: Dearomatize)
Clear Stereo (ID: ClearStereo)
Wedge Clean (ID: WedgeClean)
Mesomerize (ID: Mesomerize)
Tautomerize (ID: Tautomerize)
Aromatize (ID: Aromatize)
Add Explicit Hydrogens (ID: AddExplicitH)
Neutralize (ID: Neutralize)
Clean 2D (ID: Clean2D)",O=C(Nc1cc(Cl)c(NC(=O)c2cc3ccccc3c(N=Nc3cc(Cl)ccc3Cl)c2O)cc1Cl)c1cc2ccccc2c(N=Nc2cc(Cl)ccc2Cl)c1O
5401,OMQDSOISVUBCFO-UHFFFAOYSA-N,unnamed [473278-76-1],473278-76-1,442.9104309082031,OECD Guideline 404 (Acute Dermal Irritation / Corrosion),rabbit,semiocclusive,4.0,other: substance was moistened with sterile water,0.0,4.0,0.0,0,"Remove Explicit Hydrogens (ID: RemoveExplicitH)
Dearomatize (ID: Dearomatize)
Clear Stereo (ID: ClearStereo)
Wedge Clean (ID: WedgeClean)
Mesomerize (ID: Mesomerize)
Tautomerize (ID: Tautomerize)
Aromatize (ID: Aromatize)
Add Explicit Hydrogens (ID: AddExplicitH)
Neutralize (ID: Neutralize)
Clean 2D (ID: Clean2D)",CS(=O)(=O)c1ccc(C(O)=C2C(=O)CCCC2=O)c(Cl)c1COCC1CCCO1
"65, 5552",COYBRKAVBMYYSF-UHFFFAOYSA-N,(2R)-heptan-2-yl 2-[(5-chloroquinolin-8-yl)oxy]acetate (2S)-heptan-2-yl 2-[(5-chloroquinolin-8-yl)oxy]acetate,99607-70-2,335.8251953125,OECD Guideline 404 (Acute Dermal Irritation / Corrosion),rabbit,occlusive,4.0,other: site moistened with distilled water containing 0.5% CMC and 0.1% polysorbate 80,0.22,4.0,0.0,0,"Remove Explicit Hydrogens (ID: RemoveExplicitH)
Dearomatize (ID: Dearomatize)
Clear Stereo (ID: ClearStereo)
Wedge Clean (ID: WedgeClean)
Mesomerize (ID: Mesomerize)
Tautomerize (ID: Tautomerize)
Aromatize (ID: Aromatize)
Add Explicit Hydrogens (ID: AddExplicitH)
Neutralize (ID: Neutralize)
Clean 2D (ID: Clean2D)",CCCCCC(C)OC(=O)COc1ccc(Cl)c2cccnc12
2787,BBFRYSKTTHYWQZ-UHFFFAOYSA-N,3-nitro-N-phenyl-4-(phenylamino)benzene-1-sulfonamide,5124-25-4,369.3944091796875,OECD Guideline 404 (Acute Dermal Irritation / Corrosion),rabbit,semiocclusive,4.0,unchanged (no vehicle),0.89,4.0,0.0,0,"Remove Explicit Hydrogens (ID: RemoveExplicitH)
Dearomatize (ID: Dearomatize)
Clear Stereo (ID: ClearStereo)
Wedge Clean (ID: WedgeClean)
Mesomerize (ID: Mesomerize)
Tautomerize (ID: Tautomerize)
Aromatize (ID: Aromatize)
Add Explicit Hydrogens (ID: AddExplicitH)
Neutralize (ID: Neutralize)
Clean 2D (ID: Clean2D)",O=[N+]([O-])c1cc(S(=O)(=O)Nc2ccccc2)ccc1Nc1ccccc1
5247,IBSNKSODLGJUMQ-UHFFFAOYSA-N,unnamed [117428-22-5],117428-22-5,367.31915283203125,OECD Guideline 404 (Acute Dermal Irritation / Corrosion),rabbit,occlusive,4.0,other: Deionised water,0.2,4.0,0.0,0,"Remove Explicit Hydrogens (ID: RemoveExplicitH)
Dearomatize (ID: Dearomatize)
Clear Stereo (ID: ClearStereo)
Wedge Clean (ID: WedgeClean)
Mesomerize (ID: Mesomerize)
Tautomerize (ID: Tautomerize)
Aromatize (ID: Aromatize)
Add Explicit Hydrogens (ID: AddExplicitH)
Neutralize (ID: Neutralize)
Clean 2D (ID: Clean2D)",COC=C(C(=O)OC)c1ccccc1COc1cccc(C(F)(F)F)n1
439,RZEIWRMMULENKX-UHFFFAOYSA-N,-,162691-59-0,364.4757995605469,OECD Guideline 404 (Acute Dermal Irritation / Corrosion),rabbit,semiocclusive,4.0,unchanged (no vehicle),0.666666666666666,4.0,0.0,0,"Remove Explicit Hydrogens (ID: RemoveExplicitH)
Clear Stereo (ID: ClearStereo)
Wedge Clean (ID: WedgeClean)
Mesomerize (ID: Mesomerize)
Tautomerize (ID: Tautomerize)
Add Explicit Hydrogens (ID: AddExplicitH)
Neutralize (ID: Neutralize)
Clean 2D (ID: Clean2D)",C=CC(C)(C#CC1(O)C(C)=C2OC(C)OC2CC1(C)C)OC(C)OCC
3860,YTSYXEDYBAQECZ-UHFFFAOYSA-N,ammonium 4-(acetoacetylamino)-5-methoxy-2-methylbenzenesulfonate,72705-22-7,300.3076477050781,OECD Guideline 404 (Acute Dermal Irritation / Corrosion),rabbit,semiocclusive,4.0,physiological saline,0.33,4.0,0.0,0,"Remove Explicit Hydrogens (ID: RemoveExplicitH)
Dearomatize (ID: Dearomatize)
Clear Stereo (ID: ClearStereo)
Wedge Clean (ID: WedgeClean)
Mesomerize (ID: Mesomerize)
Tautomerize (ID: Tautomerize)
Aromatize (ID: Aromatize)
Add Explicit Hydrogens (ID: AddExplicitH)
Neutralize (ID: Neutralize)
Clean 2D (ID: Clean2D)",COc1cc(S(=O)(=O)O)c(C)cc1NC(=O)CC(C)=O
400,PCARSQBZDYOIPU-UHFFFAOYSA-N,-,222408-90-4,346.2752685546875,EU Method B.4 (Acute Toxicity: Dermal Irritation / Corrosion),rabbit,semiocclusive,4.0,water,0.0,0.0,0.0,0,"Remove Explicit Hydrogens (ID: RemoveExplicitH)
Dearomatize (ID: Dearomatize)
Clear Stereo (ID: ClearStereo)
Wedge Clean (ID: WedgeClean)
Mesomerize (ID: Mesomerize)
Tautomerize (ID: Tautomerize)
Aromatize (ID: Aromatize)
Add Explicit Hydrogens (ID: AddExplicitH)
Neutralize (ID: Neutralize)
Clean 2D (ID: Clean2D)",OC(Cc1ccccc1Cl)(CN1NCNC1=S)C1(Cl)CC1
"2852, 2853",YFIMMXDLMXFWGF-UDEUAJILSA-N,"4-[(E)-2-(2-chloro-4-{3-chloro-4-[(E)-2-(3-methyl-5-oxo-1-phenyl-4,5-dihydro-1H-pyrazol-4-yl)diazen-1-yl]phenyl}phenyl)diazen-1-yl]-3-methyl-1-phenyl-4,5-dihydro-1H-pyrazol-5-one",3520-72-7,623.4913330078125,OECD Guideline 404 (Acute Dermal Irritation / Corrosion),rabbit,semiocclusive,4.0,other: purified water,0.0,4.0,0.0,0,"Remove Explicit Hydrogens (ID: RemoveExplicitH)
Dearomatize (ID: Dearomatize)
Clear Stereo (ID: ClearStereo)
Wedge Clean (ID: WedgeClean)
Mesomerize (ID: Mesomerize)
Tautomerize (ID: Tautomerize)
Aromatize (ID: Aromatize)
Add Explicit Hydrogens (ID: AddExplicitH)
Neutralize (ID: Neutralize)
Clean 2D (ID: Clean2D)",CC1=NN(c2ccccc2)C(=O)/C1=N/Nc1ccc(-c2ccc(N/N=C3/C(=O)N(c4ccccc4)N=C3C)c(Cl)c2)cc1Cl
"2610, 2612, 2615, 2616, 2619, 2620",WZHUJOMADVNYDA-UHFFFAOYSA-N,2-{2-[2-chloro-4-(3-chloro-4-{2-[2-oxo-1-(phenylcarbamoyl)propyl]diazen-1-yl}phenyl)phenyl]diazen-1-yl}-3-oxo-N-phenylbutanamide,6358-85-6,629.49267578125,OECD Guideline 404 (Acute Dermal Irritation / Corrosion),rabbit,semiocclusive,4.0,other: polyethylene glycol 400,0.9813888888888872,4.0,0.0,0,"Remove Explicit Hydrogens (ID: RemoveExplicitH)
Dearomatize (ID: Dearomatize)
Clear Stereo (ID: ClearStereo)
Wedge Clean (ID: WedgeClean)
Mesomerize (ID: Mesomerize)
Tautomerize (ID: Tautomerize)
Aromatize (ID: Aromatize)
Add Explicit Hydrogens (ID: AddExplicitH)
Neutralize (ID: Neutralize)
Clean 2D (ID: Clean2D)",CC(=O)/C(=N\Nc1ccc(-c2ccc(N/N=C(\C(C)=O)C(=O)Nc3ccccc3)c(Cl)c2)cc1Cl)C(=O)Nc1ccccc1
145,QIHKTBRNOLQDGQ-UHFFFAOYSA-N,"(Z)-N-(4-chloro-2,5-dimethoxyphenyl)-3-hydroxynaphthalene-2-carboximidic acid",4273-92-1,357.78765869140625,OECD Guideline 404 (Acute Dermal Irritation / Corrosion),rabbit,semiocclusive,4.0,other: polyethyleneglycol 400,0.4,4.0,0.0,0,"Remove Explicit Hydrogens (ID: RemoveExplicitH)
Dearomatize (ID: Dearomatize)
Clear Stereo (ID: ClearStereo)
Wedge Clean (ID: WedgeClean)
Mesomerize (ID: Mesomerize)
Tautomerize (ID: Tautomerize)
Aromatize (ID: Aromatize)
Add Explicit Hydrogens (ID: AddExplicitH)
Neutralize (ID: Neutralize)
Clean 2D (ID: Clean2D)",COc1cc(NC(=O)c2cc3ccccc3cc2O)c(OC)cc1Cl
547,WDTRKHSHZIJORU-UHFFFAOYSA-N,-,130841-23-5,358.0214538574219,OECD Guideline 404 (Acute Dermal Irritation / Corrosion),rabbit,occlusive,4.0,unchanged (no vehicle),0.33,2.0,0.0,0,"Remove Explicit Hydrogens (ID: RemoveExplicitH)
Dearomatize (ID: Dearomatize)
Clear Stereo (ID: ClearStereo)
Wedge Clean (ID: WedgeClean)
Mesomerize (ID: Mesomerize)
Tautomerize (ID: Tautomerize)
Aromatize (ID: Aromatize)
Add Explicit Hydrogens (ID: AddExplicitH)
Neutralize (ID: Neutralize)
Clean 2D (ID: Clean2D)",O=[N+]([O-])c1cc(Cl)c(OC(F)(F)C(F)C(F)(F)F)cc1Cl
"2321, 2323",KVJVAWHTZWFOPK-UHFFFAOYSA-N,2-[(E)-2-(2-chloro-4-{3-chloro-4-[(E)-2-{1-[(4-methoxyphenyl)carbamoyl]-2-oxopropyl}diazen-1-yl]phenyl}phenyl)diazen-1-yl]-N-(4-methoxyphenyl)-3-oxobutanamide,31775-16-3,689.5446166992188,OECD Guideline 404 (Acute Dermal Irritation / Corrosion),rabbit,semiocclusive,4.0,other: polyethylene glycol 400,1.1125,4.0,0.0,0,"Remove Explicit Hydrogens (ID: RemoveExplicitH)
Dearomatize (ID: Dearomatize)
Clear Stereo (ID: ClearStereo)
Wedge Clean (ID: WedgeClean)
Mesomerize (ID: Mesomerize)
Tautomerize (ID: Tautomerize)
Aromatize (ID: Aromatize)
Add Explicit Hydrogens (ID: AddExplicitH)
Neutralize (ID: Neutralize)
Clean 2D (ID: Clean2D)",COc1ccc(NC(=O)/C(=N/Nc2ccc(-c3ccc(N/N=C(\C(C)=O)C(=O)Nc4ccc(OC)cc4)c(Cl)c3)cc2Cl)C(C)=O)cc1
74,CUSYTUPJAYLNFQ-UHFFFAOYSA-N,(2S)-2-{[(benzyloxy)carbonyl]amino}-2-cyclohexylacetic acid,69901-75-3,291.3422546386719,OECD Guideline 404 (Acute Dermal Irritation / Corrosion),rabbit,semiocclusive,4.0,water,0.1,4.0,0.0,0,"Remove Explicit Hydrogens (ID: RemoveExplicitH)
Dearomatize (ID: Dearomatize)
Clear Stereo (ID: ClearStereo)
Wedge Clean (ID: WedgeClean)
Mesomerize (ID: Mesomerize)
Tautomerize (ID: Tautomerize)
Aromatize (ID: Aromatize)
Add Explicit Hydrogens (ID: AddExplicitH)
Neutralize (ID: Neutralize)
Clean 2D (ID: Clean2D)",O=C(NC(C(=O)O)C1CCCCC1)OCc1ccccc1
2638,ZXXVVTBKBDDTSE-UHFFFAOYSA-N,"3,3'-[[4-[(2-chloro-4-nitrophenyl)azo]phenyl]imino]bis[propiononitrile]",4058-30-4,382.8037109375,OECD Guideline 404 (Acute Dermal Irritation / Corrosion),rabbit,semiocclusive,4.0,not specified,0.0,0.0,0.0,0,"Remove Explicit Hydrogens (ID: RemoveExplicitH)
Dearomatize (ID: Dearomatize)
Clear Stereo (ID: ClearStereo)
Wedge Clean (ID: WedgeClean)
Mesomerize (ID: Mesomerize)
Tautomerize (ID: Tautomerize)
Aromatize (ID: Aromatize)
Add Explicit Hydrogens (ID: AddExplicitH)
Neutralize (ID: Neutralize)
Clean 2D (ID: Clean2D)",N#CCCN(CCC#N)c1ccc(N=Nc2ccc([N+](=O)[O-])cc2Cl)cc1
1596,CSKIJJZFXAACON-UHFFFAOYSA-N,-,350601-49-9,263.0774230957031,OECD Guideline 404 (Acute Dermal Irritation / Corrosion),rabbit,semiocclusive,4.0,unchanged (no vehicle),0.0,4.0,0.0,0,"Remove Explicit Hydrogens (ID: RemoveExplicitH)
Dearomatize (ID: Dearomatize)
Clear Stereo (ID: ClearStereo)
Wedge Clean (ID: WedgeClean)
Mesomerize (ID: Mesomerize)
Tautomerize (ID: Tautomerize)
Aromatize (ID: Aromatize)
Add Explicit Hydrogens (ID: AddExplicitH)
Neutralize (ID: Neutralize)
Clean 2D (ID: Clean2D)",COC(=O)c1nc(Cl)cc(NC(C)=O)c1Cl
2248,NQAJBKZEQYYFGK-UHFFFAOYSA-N,2-[(4-{[2-(4-cyclohexylphenoxy)ethyl](ethyl)amino}-2-methylphenyl)methylidene]propanedinitrile,54079-53-7,413.5545349121094,other: as mentioned below,rabbit,occlusive,24.0,not specified,0.0,,0.0,0,"Remove Explicit Hydrogens (ID: RemoveExplicitH)
Dearomatize (ID: Dearomatize)
Clear Stereo (ID: ClearStereo)
Wedge Clean (ID: WedgeClean)
Mesomerize (ID: Mesomerize)
Tautomerize (ID: Tautomerize)
Aromatize (ID: Aromatize)
Add Explicit Hydrogens (ID: AddExplicitH)
Neutralize (ID: Neutralize)
Clean 2D (ID: Clean2D)",CCN(CCOc1ccc(C2CCCCC2)cc1)c1ccc(C=C(C#N)C#N)c(C)c1
113,WNDULEJVCPEASN-UHFFFAOYSA-N,(4-anilino-1-naphthyl){bis[4-(dimethylamino)phenyl]}methanol,6786-83-0,487.6346130371094,OECD Guideline 404 (Acute Dermal Irritation / Corrosion),rabbit,other: porous gauze dressing and non-irritating tape,4.0,other: distilled water,0.556666666666666,3.0,0.0,0,"Remove Explicit Hydrogens (ID: RemoveExplicitH)
Dearomatize (ID: Dearomatize)
Clear Stereo (ID: ClearStereo)
Wedge Clean (ID: WedgeClean)
Mesomerize (ID: Mesomerize)
Tautomerize (ID: Tautomerize)
Aromatize (ID: Aromatize)
Add Explicit Hydrogens (ID: AddExplicitH)
Neutralize (ID: Neutralize)
Clean 2D (ID: Clean2D)",CN(C)c1ccc(C(O)(c2ccc(N(C)C)cc2)c2ccc(Nc3ccccc3)c3ccccc23)cc1
2916,DRPPFIRCBMBJCM-UHFFFAOYSA-N,4-methyl-2-[(2-nitrophenyl)diazenyl]phenol,1435-71-8,257.2447509765625,OECD Guideline 404 (Acute Dermal Irritation / Corrosion),rabbit,semiocclusive,4.0,"other: A pre-test revealed that the test substance was hydrophobic. Therefore the skin of the animals was moistened with distilled water, to ensure close contact of the test substance to the skin.",0.3,4.0,0.0,0,"Remove Explicit Hydrogens (ID: RemoveExplicitH)
Dearomatize (ID: Dearomatize)
Clear Stereo (ID: ClearStereo)
Wedge Clean (ID: WedgeClean)
Mesomerize (ID: Mesomerize)
Tautomerize (ID: Tautomerize)
Aromatize (ID: Aromatize)
Add Explicit Hydrogens (ID: AddExplicitH)
Neutralize (ID: Neutralize)
Clean 2D (ID: Clean2D)",Cc1ccc(O)c(N=Nc2ccccc2[N+](=O)[O-])c1
3387,GHXZTYHSJHQHIJ-UHFFFAOYSA-N,"N',N'''-hexane-1,6-diylbis[N-(4-chlorophenyl)(imidodicarbonimidic diamide)]",55-56-1,505.44659423828125,OECD Guideline 404 (Acute Dermal Irritation / Corrosion),rabbit,semiocclusive,4.0,water,1.0,,0.0,0,"Remove Explicit Hydrogens (ID: RemoveExplicitH)
Dearomatize (ID: Dearomatize)
Clear Stereo (ID: ClearStereo)
Wedge Clean (ID: WedgeClean)
Mesomerize (ID: Mesomerize)
Tautomerize (ID: Tautomerize)
Aromatize (ID: Aromatize)
Add Explicit Hydrogens (ID: AddExplicitH)
Neutralize (ID: Neutralize)
Clean 2D (ID: Clean2D)",N=C(N=C(N)Nc1ccc(Cl)cc1)NCCCCCCNC(=N)N=C(N)Nc1ccc(Cl)cc1
2724,LHMQDVIHBXWNII-UHFFFAOYSA-N,3-amino-4-methoxy-N-phenylbenzamide,120-35-4,242.27316284179688,OECD Guideline 404 (Acute Dermal Irritation / Corrosion),rabbit,semiocclusive,4.0,other: Polyethyleneglycol 400,0.1,4.0,0.0,0,"Remove Explicit Hydrogens (ID: RemoveExplicitH)
Dearomatize (ID: Dearomatize)
Clear Stereo (ID: ClearStereo)
Wedge Clean (ID: WedgeClean)
Mesomerize (ID: Mesomerize)
Tautomerize (ID: Tautomerize)
Aromatize (ID: Aromatize)
Add Explicit Hydrogens (ID: AddExplicitH)
Neutralize (ID: Neutralize)
Clean 2D (ID: Clean2D)",COc1ccc(C(=O)Nc2ccccc2)cc1N
3454,MOUVJGIRLPZEES-UHFFFAOYSA-N,"N-(4-chloro-2,5-dimethoxyphenyl)-3-oxobutanamide",4433-79-8,271.6968688964844,OECD Guideline 404 (Acute Dermal Irritation / Corrosion),rabbit,semiocclusive,4.0,other: polyethylene glycol 400,0.0,,0.0,0,"Remove Explicit Hydrogens (ID: RemoveExplicitH)
Dearomatize (ID: Dearomatize)
Clear Stereo (ID: ClearStereo)
Wedge Clean (ID: WedgeClean)
Mesomerize (ID: Mesomerize)
Tautomerize (ID: Tautomerize)
Aromatize (ID: Aromatize)
Add Explicit Hydrogens (ID: AddExplicitH)
Neutralize (ID: Neutralize)
Clean 2D (ID: Clean2D)",COc1cc(NC(=O)CC(C)=O)c(OC)cc1Cl
814,RGPKEFLHWNRAPS-UHFFFAOYSA-N,-,174489-43-1,297.734130859375,OECD Guideline 404 (Acute Dermal Irritation / Corrosion),rabbit,occlusive,4.0,unchanged (no vehicle),0.0,0.0,0.0,0,"Remove Explicit Hydrogens (ID: RemoveExplicitH)
Dearomatize (ID: Dearomatize)
Clear Stereo (ID: ClearStereo)
Wedge Clean (ID: WedgeClean)
Mesomerize (ID: Mesomerize)
Tautomerize (ID: Tautomerize)
Aromatize (ID: Aromatize)
Add Explicit Hydrogens (ID: AddExplicitH)
Neutralize (ID: Neutralize)
Clean 2D (ID: Clean2D)",C=CCOC(=O)C(C)(C)OC(=O)c1cc(N)ccc1Cl
2632,DGBWPZSGHAXYGK-UHFFFAOYSA-N,"3,10,17,24-tetraazaoctacyclo[13.13.2.0????,??????????.0??????,??????.0????????,??????????.0??????????,??????????.0??????????,????????.0??????????,??????????]triaconta-1(28),2,4(9),5,7,12,14,16,18(23),19,21,26,29-tridecaene-11,25-dione",4424-06-0,412.3990783691406,OECD Guideline 404 (Acute Dermal Irritation / Corrosion),rabbit,semiocclusive,4.0,water,0.0,4.0,0.0,0,"Remove Explicit Hydrogens (ID: RemoveExplicitH)
Dearomatize (ID: Dearomatize)
Clear Stereo (ID: ClearStereo)
Wedge Clean (ID: WedgeClean)
Mesomerize (ID: Mesomerize)
Tautomerize (ID: Tautomerize)
Aromatize (ID: Aromatize)
Add Explicit Hydrogens (ID: AddExplicitH)
Neutralize (ID: Neutralize)
Clean 2D (ID: Clean2D)",O=c1c2ccc3c4c(ccc(c24)c2nc4ccccc4n12)c(=O)n1c2ccccc2nc31
2877,GWSQAGVGSHXRJK-UHFFFAOYSA-N,"4-amino-5-methoxy-N,2-dimethylbenzenesulfonamide",49564-57-0,230.2840576171875,OECD Guideline 404 (Acute Dermal Irritation / Corrosion),rabbit,semiocclusive,4.0,physiological saline,0.15,4.0,0.0,0,"Remove Explicit Hydrogens (ID: RemoveExplicitH)
Dearomatize (ID: Dearomatize)
Clear Stereo (ID: ClearStereo)
Wedge Clean (ID: WedgeClean)
Mesomerize (ID: Mesomerize)
Tautomerize (ID: Tautomerize)
Aromatize (ID: Aromatize)
Add Explicit Hydrogens (ID: AddExplicitH)
Neutralize (ID: Neutralize)
Clean 2D (ID: Clean2D)",CNS(=O)(=O)c1cc(OC)c(N)cc1C
5292,KYWRZLCFDFEWBI-UHFFFAOYSA-N,unnamed [130755-46-3],130755-46-3,704.284912109375,OECD Guideline 404 (Acute Dermal Irritation / Corrosion),rabbit,semiocclusive,4.0,unchanged (no vehicle),0.0,4.0,0.0,0,"Remove Explicit Hydrogens (ID: RemoveExplicitH)
Dearomatize (ID: Dearomatize)
Clear Stereo (ID: ClearStereo)
Wedge Clean (ID: WedgeClean)
Mesomerize (ID: Mesomerize)
Tautomerize (ID: Tautomerize)
Aromatize (ID: Aromatize)
Add Explicit Hydrogens (ID: AddExplicitH)
Neutralize (ID: Neutralize)
Clean 2D (ID: Clean2D)",N#Cc1nn(-c2c(Cl)cc(C(F)(F)F)cc2Cl)c(N)c1SSc1c(C#N)nn(-c2c(Cl)cc(C(F)(F)F)cc2Cl)c1N
2460,NWTKQOOQEPXMMW-UHFFFAOYSA-N,2-ethylhexyl 2-(4-chloro-2-methylphenoxy)propanoate,861229-15-4,326.8581848144531,EPA OPP 81-5 (Acute Dermal Irritation),rabbit,semiocclusive,,unchanged (no vehicle),0.916666666666666,4.0,0.0,0,"Remove Explicit Hydrogens (ID: RemoveExplicitH)
Dearomatize (ID: Dearomatize)
Clear Stereo (ID: ClearStereo)
Wedge Clean (ID: WedgeClean)
Mesomerize (ID: Mesomerize)
Tautomerize (ID: Tautomerize)
Aromatize (ID: Aromatize)
Add Explicit Hydrogens (ID: AddExplicitH)
Neutralize (ID: Neutralize)
Clean 2D (ID: Clean2D)",CCCCC(CC)COC(=O)C(C)Oc1ccc(Cl)cc1C
2994,USFSONWQSVCJBO-UHFFFAOYSA-N,"6,8-bis(phenylamino)naphthalene-1-sulfonic acid",129-93-1,390.4549255371094,OECD Guideline 404 (Acute Dermal Irritation / Corrosion),rabbit,not specified,4.0,water,0.766666666666666,4.0,0.0,0,"Remove Explicit Hydrogens (ID: RemoveExplicitH)
Dearomatize (ID: Dearomatize)
Clear Stereo (ID: ClearStereo)
Wedge Clean (ID: WedgeClean)
Mesomerize (ID: Mesomerize)
Tautomerize (ID: Tautomerize)
Aromatize (ID: Aromatize)
Add Explicit Hydrogens (ID: AddExplicitH)
Neutralize (ID: Neutralize)
Clean 2D (ID: Clean2D)",O=S(=O)(O)c1cccc2cc(Nc3ccccc3)cc(Nc3ccccc3)c12
2633,YMEPVPIIHONYLV-UHFFFAOYSA-N,"3,10,17,24-tetraazaoctacyclo[13.13.2.0????,??????????.0??????,??????.0????????,??????????.0??????????,??????????.0??????????,????????.0??????????,??????????]triaconta-1(28),2,4(9),5,7,12,14,18(23),19,21,24,26,29-tridecaene-11,16-dione",8005-56-9,412.3990783691406,OECD Guideline 404 (Acute Dermal Irritation / Corrosion),rabbit,semiocclusive,4.0,other: Polyethyleneglycol 400,0.0,4.0,0.0,0,"Remove Explicit Hydrogens (ID: RemoveExplicitH)
Dearomatize (ID: Dearomatize)
Clear Stereo (ID: ClearStereo)
Wedge Clean (ID: WedgeClean)
Mesomerize (ID: Mesomerize)
Tautomerize (ID: Tautomerize)
Aromatize (ID: Aromatize)
Add Explicit Hydrogens (ID: AddExplicitH)
Neutralize (ID: Neutralize)
Clean 2D (ID: Clean2D)",O=c1c2ccc3c(=O)n4c5ccccc5nc4c4ccc(c2c34)c2nc3ccccc3n12
4345,DFMGMJBWBQNZNK-UHFFFAOYSA-N,"ethyl 3,5-dichloro-4-{[(hexadecyloxy)carbonyl]oxy}benzoate",115895-09-5,503.4988098144531,EU Method B.4 (Acute Toxicity: Dermal Irritation / Corrosion),rabbit,occlusive,4.0,water,0.0,4.0,0.0,0,"Remove Explicit Hydrogens (ID: RemoveExplicitH)
Dearomatize (ID: Dearomatize)
Clear Stereo (ID: ClearStereo)
Wedge Clean (ID: WedgeClean)
Mesomerize (ID: Mesomerize)
Tautomerize (ID: Tautomerize)
Aromatize (ID: Aromatize)
Add Explicit Hydrogens (ID: AddExplicitH)
Neutralize (ID: Neutralize)
Clean 2D (ID: Clean2D)",CCCCCCCCCCCCCCCCOC(=O)Oc1c(Cl)cc(C(=O)OCC)cc1Cl
2020,ORACIQIJMCYPHQ-UHFFFAOYSA-N,"2,2'-(vinylenedi-p-phenylene)bisbenzoxazole",1533-45-5,414.4547119140625,other: OECD Guideline 402 (Acute Dermal Toxicity),rat,semiocclusive,24.0,water,0.0,4.0,0.0,0,"Remove Explicit Hydrogens (ID: RemoveExplicitH)
Dearomatize (ID: Dearomatize)
Clear Stereo (ID: ClearStereo)
Wedge Clean (ID: WedgeClean)
Mesomerize (ID: Mesomerize)
Tautomerize (ID: Tautomerize)
Aromatize (ID: Aromatize)
Add Explicit Hydrogens (ID: AddExplicitH)
Neutralize (ID: Neutralize)
Clean 2D (ID: Clean2D)",C(=Cc1ccc(-c2nc3ccccc3o2)cc1)c1ccc(-c2nc3ccccc3o2)cc1
3005,SEMRCUIXRUXGJX-UHFFFAOYSA-N,6-aminonaphthalene-2-sulfonic acid,93-00-5,223.2483673095703,other: OECD Guideline 402 (Acute Dermal Toxicity),rat,semiocclusive,24.0,water,0.0,4.0,0.0,0,"Remove Explicit Hydrogens (ID: RemoveExplicitH)
Dearomatize (ID: Dearomatize)
Clear Stereo (ID: ClearStereo)
Wedge Clean (ID: WedgeClean)
Mesomerize (ID: Mesomerize)
Tautomerize (ID: Tautomerize)
Aromatize (ID: Aromatize)
Add Explicit Hydrogens (ID: AddExplicitH)
Neutralize (ID: Neutralize)
Clean 2D (ID: Clean2D)",Nc1ccc2cc(S(=O)(=O)O)ccc2c1
"1973, 1974",PJNPZIYGODMAQE-UHFFFAOYSA-N,"10,11-dioctylicosanedioic acid; 8-[2-(7-carboxyheptyl)-5,6-dipentyl-decahydronaphthalen-1-yl]octanoic acid; 9-[6-(8-carboxyoctyl)-2-heptyl-3-pentylcyclohexyl]nonanoic acid",68783-41-5,187.5804443359375,EU Method B.4 (Acute Toxicity: Dermal Irritation / Corrosion),rabbit,semiocclusive,4.0,unchanged (no vehicle),1.05,4.0,0.0,0,"Remove Explicit Hydrogens (ID: RemoveExplicitH)
Dearomatize (ID: Dearomatize)
Clear Stereo (ID: ClearStereo)
Wedge Clean (ID: WedgeClean)
Mesomerize (ID: Mesomerize)
Tautomerize (ID: Tautomerize)
Aromatize (ID: Aromatize)
Add Explicit Hydrogens (ID: AddExplicitH)
Neutralize (ID: Neutralize)
Clean 2D (ID: Clean2D)",O=[N+]([O-])c1ccc(O)c(CCl)c1
428,NIXXQNOQHKNPEJ-UHFFFAOYSA-N,-,150114-71-9,207.01416015625,OECD Guideline 404 (Acute Dermal Irritation / Corrosion),rabbit,semiocclusive,4.0,unchanged (no vehicle),0.0,4.0,0.0,0,"Remove Explicit Hydrogens (ID: RemoveExplicitH)
Dearomatize (ID: Dearomatize)
Clear Stereo (ID: ClearStereo)
Wedge Clean (ID: WedgeClean)
Mesomerize (ID: Mesomerize)
Tautomerize (ID: Tautomerize)
Aromatize (ID: Aromatize)
Add Explicit Hydrogens (ID: AddExplicitH)
Neutralize (ID: Neutralize)
Clean 2D (ID: Clean2D)",Nc1cc(Cl)nc(C(=O)O)c1Cl
818,RDKYUGAYISTHTP-UHFFFAOYSA-N,-,361366-16-7,359.2442932128906,EU Method B.4 (Acute Toxicity: Dermal Irritation / Corrosion),rabbit,semiocclusive,4.0,unchanged (no vehicle),0.11,1.0,0.0,0,"Remove Explicit Hydrogens (ID: RemoveExplicitH)
Dearomatize (ID: Dearomatize)
Clear Stereo (ID: ClearStereo)
Wedge Clean (ID: WedgeClean)
Mesomerize (ID: Mesomerize)
Tautomerize (ID: Tautomerize)
Aromatize (ID: Aromatize)
Add Explicit Hydrogens (ID: AddExplicitH)
Neutralize (ID: Neutralize)
Clean 2D (ID: Clean2D)",CCOC(=O)C1(OC(=O)Cc2ccc(Cl)cc2Cl)CCCCC1
2043,VKRZNAWSCAUDRQ-UHFFFAOYSA-N,"2,2'-vinylenebis[5-methylbenzoxazole]",1041-00-5,290.31597900390625,OECD Guideline 404 (Acute Dermal Irritation / Corrosion),rabbit,occlusive,24.0,unchanged (no vehicle),0.575,,0.0,0,"Remove Explicit Hydrogens (ID: RemoveExplicitH)
Dearomatize (ID: Dearomatize)
Clear Stereo (ID: ClearStereo)
Wedge Clean (ID: WedgeClean)
Mesomerize (ID: Mesomerize)
Tautomerize (ID: Tautomerize)
Aromatize (ID: Aromatize)
Add Explicit Hydrogens (ID: AddExplicitH)
Neutralize (ID: Neutralize)
Clean 2D (ID: Clean2D)",Cc1ccc2oc(C=Cc3nc4cc(C)ccc4o3)nc2c1
2689,AIBRSVLEQRWAEG-UHFFFAOYSA-N,"3,9-bis(2,4-di-tert-butylphenoxy)-2,4,8,10-tetraoxa-3,9-diphosphaspiro[5.5]undecane",26741-53-7,604.6940307617188,OECD Guideline 404 (Acute Dermal Irritation / Corrosion),rabbit,occlusive,4.0,unchanged (no vehicle),0.0,4.0,0.0,0,"Remove Explicit Hydrogens (ID: RemoveExplicitH)
Dearomatize (ID: Dearomatize)
Clear Stereo (ID: ClearStereo)
Wedge Clean (ID: WedgeClean)
Mesomerize (ID: Mesomerize)
Tautomerize (ID: Tautomerize)
Aromatize (ID: Aromatize)
Add Explicit Hydrogens (ID: AddExplicitH)
Neutralize (ID: Neutralize)
Clean 2D (ID: Clean2D)",CC(C)(C)c1ccc(OP2OCC3(CO2)COP(Oc2ccc(C(C)(C)C)cc2C(C)(C)C)OC3)c(C(C)(C)C)c1
1803,DMDRBXCDTZRMHZ-UHFFFAOYSA-N,"1,4-bis[(2,4,6-trimethylphenyl)amino]-9,10-dihydroanthracene-9,10-dione",116-75-6,474.5928039550781,OECD Guideline 404 (Acute Dermal Irritation / Corrosion),rabbit,semiocclusive,4.0,water,0.33,4.0,0.0,0,"Remove Explicit Hydrogens (ID: RemoveExplicitH)
Dearomatize (ID: Dearomatize)
Clear Stereo (ID: ClearStereo)
Wedge Clean (ID: WedgeClean)
Mesomerize (ID: Mesomerize)
Tautomerize (ID: Tautomerize)
Aromatize (ID: Aromatize)
Add Explicit Hydrogens (ID: AddExplicitH)
Neutralize (ID: Neutralize)
Clean 2D (ID: Clean2D)",Cc1cc(C)c(Nc2ccc(Nc3c(C)cc(C)cc3C)c3c2C(=O)c2ccccc2C3=O)c(C)c1
2879,FSPYMSUDIVFOHY-UHFFFAOYSA-N,4-amino-N-(4-carbamoylphenyl)benzamide,74441-06-8,255.2719268798828,OECD Guideline 404 (Acute Dermal Irritation / Corrosion),rabbit,semiocclusive,4.0,water,0.0,4.0,0.0,0,"Remove Explicit Hydrogens (ID: RemoveExplicitH)
Dearomatize (ID: Dearomatize)
Clear Stereo (ID: ClearStereo)
Wedge Clean (ID: WedgeClean)
Mesomerize (ID: Mesomerize)
Tautomerize (ID: Tautomerize)
Aromatize (ID: Aromatize)
Add Explicit Hydrogens (ID: AddExplicitH)
Neutralize (ID: Neutralize)
Clean 2D (ID: Clean2D)",NC(=O)c1ccc(NC(=O)c2ccc(N)cc2)cc1
2954,JSBMGPVJAADXIZ-UHFFFAOYSA-N,"5-[3-(2,4,6-trioxo-1,3-diazinan-5-ylidene)-2,3-dihydro-1H-isoindol-1-ylidene]-1,3-diazinane-2,4,6-trione",36888-99-0,367.2725524902344,OECD Guideline 404 (Acute Dermal Irritation / Corrosion),rabbit,semiocclusive,4.0,water,0.0,0.0,0.0,0,"Remove Explicit Hydrogens (ID: RemoveExplicitH)
Dearomatize (ID: Dearomatize)
Clear Stereo (ID: ClearStereo)
Wedge Clean (ID: WedgeClean)
Mesomerize (ID: Mesomerize)
Tautomerize (ID: Tautomerize)
Aromatize (ID: Aromatize)
Add Explicit Hydrogens (ID: AddExplicitH)
Neutralize (ID: Neutralize)
Clean 2D (ID: Clean2D)",O=C1NC(=O)C(=c2[nH]c(=C3C(=O)NC(=O)NC3=O)c3ccccc23)C(=O)N1
319,MHCRLDZZHOVFEE-UHFFFAOYSA-N,-,438056-69-0,192.2144775390625,OECD Guideline 404 (Acute Dermal Irritation / Corrosion),rabbit,semiocclusive,4.0,water,0.1,1.0,0.0,0,"Remove Explicit Hydrogens (ID: RemoveExplicitH)
Dearomatize (ID: Dearomatize)
Clear Stereo (ID: ClearStereo)
Wedge Clean (ID: WedgeClean)
Mesomerize (ID: Mesomerize)
Tautomerize (ID: Tautomerize)
Aromatize (ID: Aromatize)
Add Explicit Hydrogens (ID: AddExplicitH)
Neutralize (ID: Neutralize)
Clean 2D (ID: Clean2D)",Nc1ccc(N2CCOCC2=O)cc1
1339,RHMXJSWKQJYEOA-UHFFFAOYSA-N,-,19257-34-2,318.4504089355469,OECD Guideline 404 (Acute Dermal Irritation / Corrosion),rabbit,semiocclusive,4.0,physiological saline,0.0,,0.0,0,"Remove Explicit Hydrogens (ID: RemoveExplicitH)
Clear Stereo (ID: ClearStereo)
Wedge Clean (ID: WedgeClean)
Mesomerize (ID: Mesomerize)
Tautomerize (ID: Tautomerize)
Add Explicit Hydrogens (ID: AddExplicitH)
Neutralize (ID: Neutralize)
Clean 2D (ID: Clean2D)",COC1(OC)CCC2=C(CCC3C2CCC2(C)C(=O)CCC32)C1
"2168, 2169, 2170, 2171",TXWSZJSDZKWQAU-UHFFFAOYSA-N,"2,9-dimethyl-5,7,12,14-tetrahydro-5,12-diazapentacene-7,14-dione",980-26-7,340.3746337890625,OECD Guideline 404 (Acute Dermal Irritation / Corrosion),rabbit,semiocclusive,4.0,water,0.0275,4.0,0.0,0,"Remove Explicit Hydrogens (ID: RemoveExplicitH)
Dearomatize (ID: Dearomatize)
Clear Stereo (ID: ClearStereo)
Wedge Clean (ID: WedgeClean)
Mesomerize (ID: Mesomerize)
Tautomerize (ID: Tautomerize)
Aromatize (ID: Aromatize)
Add Explicit Hydrogens (ID: AddExplicitH)
Neutralize (ID: Neutralize)
Clean 2D (ID: Clean2D)",Cc1ccc2[nH]c3cc4c(=O)c5cc(C)ccc5[nH]c4cc3c(=O)c2c1
885,AXJVTIXMCNXNFH-UHFFFAOYSA-N,-,877179-03-8,298.13970947265625,EU Method B.4 (Acute Toxicity: Dermal Irritation / Corrosion),rabbit,semiocclusive,4.0,unchanged (no vehicle),0.0,0.0,0.0,0,"Remove Explicit Hydrogens (ID: RemoveExplicitH)
Dearomatize (ID: Dearomatize)
Clear Stereo (ID: ClearStereo)
Wedge Clean (ID: WedgeClean)
Mesomerize (ID: Mesomerize)
Tautomerize (ID: Tautomerize)
Aromatize (ID: Aromatize)
Add Explicit Hydrogens (ID: AddExplicitH)
Neutralize (ID: Neutralize)
Clean 2D (ID: Clean2D)",CC(=O)Nc1ccc(F)cc1-c1ccc(Cl)c(Cl)c1
2482,GJKGAPPUXSSCFI-UHFFFAOYSA-N,2-hydroxy-1-[4-(2-hydroxyethoxy)phenyl]-2-methylpropan-1-one,106797-53-9,224.2530517578125,OECD Guideline 404 (Acute Dermal Irritation / Corrosion),rabbit,semiocclusive,4.0,other: Moistened with aqua pro injectione,0.466666666666666,,0.0,0,"Remove Explicit Hydrogens (ID: RemoveExplicitH)
Dearomatize (ID: Dearomatize)
Clear Stereo (ID: ClearStereo)
Wedge Clean (ID: WedgeClean)
Mesomerize (ID: Mesomerize)
Tautomerize (ID: Tautomerize)
Aromatize (ID: Aromatize)
Add Explicit Hydrogens (ID: AddExplicitH)
Neutralize (ID: Neutralize)
Clean 2D (ID: Clean2D)",CC(C)(O)C(=O)c1ccc(OCCO)cc1
4350,MWKVXOJATACCCH-UHFFFAOYSA-N,"ethyl 5,5-diphenyl-4,5-dihydro-1,2-oxazole-3-carboxylate",163520-33-0,295.3324890136719,OECD Guideline 404 (Acute Dermal Irritation / Corrosion),rabbit,semiocclusive,4.0,other: polyethylene glycol 400,0.0,4.0,0.0,0,"Remove Explicit Hydrogens (ID: RemoveExplicitH)
Dearomatize (ID: Dearomatize)
Clear Stereo (ID: ClearStereo)
Wedge Clean (ID: WedgeClean)
Mesomerize (ID: Mesomerize)
Tautomerize (ID: Tautomerize)
Aromatize (ID: Aromatize)
Add Explicit Hydrogens (ID: AddExplicitH)
Neutralize (ID: Neutralize)
Clean 2D (ID: Clean2D)",CCOC(=O)C1=NOC(c2ccccc2)(c2ccccc2)C1
3483,RQVYBGPQFYCBGX-UHFFFAOYSA-N,"N-ethyl-N'-isopropyl-6-(methylsulfanyl)-1,3,5-triazine-2,4-diamine",834-12-8,227.32977294921875,OECD Guideline 404 (Acute Dermal Irritation / Corrosion),rabbit,semiocclusive,4.0,water,0.5,4.0,0.0,0,"Remove Explicit Hydrogens (ID: RemoveExplicitH)
Dearomatize (ID: Dearomatize)
Clear Stereo (ID: ClearStereo)
Wedge Clean (ID: WedgeClean)
Mesomerize (ID: Mesomerize)
Tautomerize (ID: Tautomerize)
Aromatize (ID: Aromatize)
Add Explicit Hydrogens (ID: AddExplicitH)
Neutralize (ID: Neutralize)
Clean 2D (ID: Clean2D)",CCNc1nc(NC(C)C)nc(SC)n1
5364,VCHJCKGXKVNISR-UHFFFAOYSA-N,unnamed [224586-49-6],224586-49-6,238.27963256835938,OECD Guideline 404 (Acute Dermal Irritation / Corrosion),rabbit,semiocclusive,4.0,unchanged (no vehicle),0.44,2.0,0.0,0,"Remove Explicit Hydrogens (ID: RemoveExplicitH)
Dearomatize (ID: Dearomatize)
Clear Stereo (ID: ClearStereo)
Wedge Clean (ID: WedgeClean)
Mesomerize (ID: Mesomerize)
Tautomerize (ID: Tautomerize)
Aromatize (ID: Aromatize)
Add Explicit Hydrogens (ID: AddExplicitH)
Neutralize (ID: Neutralize)
Clean 2D (ID: Clean2D)",CCC(C)Oc1c(OC)cc(C=O)cc1OC
5526,ZOGRANBHYCXFRO-UHFFFAOYSA-N,unnamed [879-57-2],879-57-2,180.2037811279297,OECD Guideline 404 (Acute Dermal Irritation / Corrosion),rabbit,semiocclusive,4.0,other: test item moistened with water,0.0,4.0,0.0,0,"Remove Explicit Hydrogens (ID: RemoveExplicitH)
Dearomatize (ID: Dearomatize)
Clear Stereo (ID: ClearStereo)
Wedge Clean (ID: WedgeClean)
Mesomerize (ID: Mesomerize)
Tautomerize (ID: Tautomerize)
Aromatize (ID: Aromatize)
Add Explicit Hydrogens (ID: AddExplicitH)
Neutralize (ID: Neutralize)
Clean 2D (ID: Clean2D)",[H]/N=C(\NO)c1ccccc1OCC
"49, 50",UXAIJXIHZDZMSK-UHFFFAOYSA-N,"(2E)-3,7-dimethylocta-2,6-dien-1-yl 2-phenylacetate",102-22-7,272.3819580078125,OECD Guideline 404 (Acute Dermal Irritation / Corrosion),rabbit,occlusive,4.0,unchanged (no vehicle),0.25,3.5,0.0,0,"Remove Explicit Hydrogens (ID: RemoveExplicitH)
Dearomatize (ID: Dearomatize)
Clear Stereo (ID: ClearStereo)
Wedge Clean (ID: WedgeClean)
Mesomerize (ID: Mesomerize)
Tautomerize (ID: Tautomerize)
Aromatize (ID: Aromatize)
Add Explicit Hydrogens (ID: AddExplicitH)
Neutralize (ID: Neutralize)
Clean 2D (ID: Clean2D)",CC(C)=CCCC(C)=CCOC(=O)Cc1ccccc1
2525,LWRBVKNFOYUCNP-UHFFFAOYSA-N,2-methyl-1-[4-(methylsulfanyl)phenyl]-2-(morpholin-4-yl)propan-1-one,71868-10-5,279.3977355957031,OECD Guideline 404 (Acute Dermal Irritation / Corrosion),rabbit,semiocclusive,4.0,other: The substance was water moistened before application.,0.0,4.0,0.0,0,"Remove Explicit Hydrogens (ID: RemoveExplicitH)
Dearomatize (ID: Dearomatize)
Clear Stereo (ID: ClearStereo)
Wedge Clean (ID: WedgeClean)
Mesomerize (ID: Mesomerize)
Tautomerize (ID: Tautomerize)
Aromatize (ID: Aromatize)
Add Explicit Hydrogens (ID: AddExplicitH)
Neutralize (ID: Neutralize)
Clean 2D (ID: Clean2D)",CSc1ccc(C(=O)C(C)(C)N2CCOCC2)cc1
4537,NEOYGRJJOGVQPO-UHFFFAOYSA-N,"methyl 2-[(2,6-dimethylphenyl)amino]propanoate",52888-49-0,207.26889038085938,other: OECD Guideline 402 (Acute Dermal Toxicity),rat,semiocclusive,24.0,unchanged (no vehicle),0.0,4.0,0.0,0,"Remove Explicit Hydrogens (ID: RemoveExplicitH)
Dearomatize (ID: Dearomatize)
Clear Stereo (ID: ClearStereo)
Wedge Clean (ID: WedgeClean)
Mesomerize (ID: Mesomerize)
Tautomerize (ID: Tautomerize)
Aromatize (ID: Aromatize)
Add Explicit Hydrogens (ID: AddExplicitH)
Neutralize (ID: Neutralize)
Clean 2D (ID: Clean2D)",COC(=O)C(C)Nc1c(C)cccc1C
1859,OYNOCRWQLLIRON-UHFFFAOYSA-N,"1-N,3-N-bis(2,2,6,6-tetramethylpiperidin-4-yl)benzene-1,3-dicarboxamide",42774-15-2,442.6372985839844,OECD Guideline 404 (Acute Dermal Irritation / Corrosion),rabbit,semiocclusive,4.0,water,0.1075,4.0,0.0,0,"Remove Explicit Hydrogens (ID: RemoveExplicitH)
Dearomatize (ID: Dearomatize)
Clear Stereo (ID: ClearStereo)
Wedge Clean (ID: WedgeClean)
Mesomerize (ID: Mesomerize)
Tautomerize (ID: Tautomerize)
Aromatize (ID: Aromatize)
Add Explicit Hydrogens (ID: AddExplicitH)
Neutralize (ID: Neutralize)
Clean 2D (ID: Clean2D)",CC1(C)CC(NC(=O)c2cccc(C(=O)NC3CC(C)(C)NC(C)(C)C3)c2)CC(C)(C)N1
372,PFJJMJDEVDLPNE-UHFFFAOYSA-N,-,98730-04-2,260.1165466308594,OECD Guideline 404 (Acute Dermal Irritation / Corrosion),rabbit,occlusive,4.0,water,0.0,4.0,0.0,0,"Remove Explicit Hydrogens (ID: RemoveExplicitH)
Dearomatize (ID: Dearomatize)
Clear Stereo (ID: ClearStereo)
Wedge Clean (ID: WedgeClean)
Mesomerize (ID: Mesomerize)
Tautomerize (ID: Tautomerize)
Aromatize (ID: Aromatize)
Add Explicit Hydrogens (ID: AddExplicitH)
Neutralize (ID: Neutralize)
Clean 2D (ID: Clean2D)",CC1COc2ccccc2N1C(=O)C(Cl)Cl
2173,RBJIGQRZLITQJG-UHFFFAOYSA-N,"2-(2,3-dichlorophenoxy)acetic acid",2976-74-1,221.03744506835938,OECD Guideline 404 (Acute Dermal Irritation / Corrosion),rabbit,occlusive,4.0,unchanged (no vehicle),0.33,0.33,0.0,0,"Remove Explicit Hydrogens (ID: RemoveExplicitH)
Dearomatize (ID: Dearomatize)
Clear Stereo (ID: ClearStereo)
Wedge Clean (ID: WedgeClean)
Mesomerize (ID: Mesomerize)
Tautomerize (ID: Tautomerize)
Aromatize (ID: Aromatize)
Add Explicit Hydrogens (ID: AddExplicitH)
Neutralize (ID: Neutralize)
Clean 2D (ID: Clean2D)",O=C(O)COc1cccc(Cl)c1Cl
3457,SWAJJKROCOJICG-UHFFFAOYSA-N,N-(4-methoxyphenyl)-3-oxobutanamide,5437-98-9,207.225830078125,OECD Guideline 404 (Acute Dermal Irritation / Corrosion),rabbit,semiocclusive,4.0,not specified,0.0,4.0,0.0,0,"Remove Explicit Hydrogens (ID: RemoveExplicitH)
Dearomatize (ID: Dearomatize)
Clear Stereo (ID: ClearStereo)
Wedge Clean (ID: WedgeClean)
Mesomerize (ID: Mesomerize)
Tautomerize (ID: Tautomerize)
Aromatize (ID: Aromatize)
Add Explicit Hydrogens (ID: AddExplicitH)
Neutralize (ID: Neutralize)
Clean 2D (ID: Clean2D)",COc1ccc(NC(=O)CC(C)=O)cc1
399,YQXRNSHBINARCY-UHFFFAOYSA-N,-,52671-72-4,286.1932373046875,OECD Guideline 404 (Acute Dermal Irritation / Corrosion),rabbit,semiocclusive,4.0,physiological saline,0.0,4.0,0.0,0,"Remove Explicit Hydrogens (ID: RemoveExplicitH)
Dearomatize (ID: Dearomatize)
Clear Stereo (ID: ClearStereo)
Wedge Clean (ID: WedgeClean)
Mesomerize (ID: Mesomerize)
Tautomerize (ID: Tautomerize)
Aromatize (ID: Aromatize)
Add Explicit Hydrogens (ID: AddExplicitH)
Neutralize (ID: Neutralize)
Clean 2D (ID: Clean2D)",O=C(O)c1ccc2c3c(ccc(C(=O)O)c13)C(=O)OC2=O
2751,ALKYHXVLJMQRLQ-UHFFFAOYSA-N,3-hydroxynaphthalene-2-carboxylic acid,92-70-6,188.17942810058594,OECD Guideline 404 (Acute Dermal Irritation / Corrosion),rabbit,semiocclusive,4.0,other: polyethylene glycol 400,0.3,4.0,0.0,0,"Remove Explicit Hydrogens (ID: RemoveExplicitH)
Dearomatize (ID: Dearomatize)
Clear Stereo (ID: ClearStereo)
Wedge Clean (ID: WedgeClean)
Mesomerize (ID: Mesomerize)
Tautomerize (ID: Tautomerize)
Aromatize (ID: Aromatize)
Add Explicit Hydrogens (ID: AddExplicitH)
Neutralize (ID: Neutralize)
Clean 2D (ID: Clean2D)",O=C(O)c1cc2ccccc2cc1O
2349,LDVVMCZRFWMZSG-UHFFFAOYSA-N,"2-[(trichloromethyl)sulfanyl]-2,3,3a,4,7,7a-hexahydro-1H-isoindole-1,3-dione",133-06-2,300.5893249511719,OECD Guideline 404 (Acute Dermal Irritation / Corrosion),rabbit,semiocclusive,72.0,water,0.589230769230769,0.66,0.0,0,"Remove Explicit Hydrogens (ID: RemoveExplicitH)
Clear Stereo (ID: ClearStereo)
Wedge Clean (ID: WedgeClean)
Mesomerize (ID: Mesomerize)
Tautomerize (ID: Tautomerize)
Add Explicit Hydrogens (ID: AddExplicitH)
Neutralize (ID: Neutralize)
Clean 2D (ID: Clean2D)",O=C1C2CC=CCC2C(=O)N1SC(Cl)(Cl)Cl
1319,NJMWOUFKYKNWDW-UHFFFAOYSA-N,-,65039-09-0,111.1649398803711,OECD Guideline 404 (Acute Dermal Irritation / Corrosion),rabbit,semiocclusive,4.0,unchanged (no vehicle),0.6,2.0,0.0,0,"Remove Explicit Hydrogens (ID: RemoveExplicitH)
Dearomatize (ID: Dearomatize)
Clear Stereo (ID: ClearStereo)
Wedge Clean (ID: WedgeClean)
Mesomerize (ID: Mesomerize)
Tautomerize (ID: Tautomerize)
Aromatize (ID: Aromatize)
Add Explicit Hydrogens (ID: AddExplicitH)
Clean 2D (ID: Clean2D)",CC[n+]1ccn(C)c1
2836,QTMHHQFADWIZCP-UHFFFAOYSA-N,4-(decanoyloxy)benzoic acid,86960-46-5,292.37005615234375,OECD Guideline 404 (Acute Dermal Irritation / Corrosion),rabbit,semiocclusive,4.0,water,0.0,4.0,0.0,0,"Remove Explicit Hydrogens (ID: RemoveExplicitH)
Dearomatize (ID: Dearomatize)
Clear Stereo (ID: ClearStereo)
Wedge Clean (ID: WedgeClean)
Mesomerize (ID: Mesomerize)
Tautomerize (ID: Tautomerize)
Aromatize (ID: Aromatize)
Add Explicit Hydrogens (ID: AddExplicitH)
Neutralize (ID: Neutralize)
Clean 2D (ID: Clean2D)",CCCCCCCCCC(=O)Oc1ccc(C(=O)O)cc1
2240,RURPJGZXBHYNEM-UHFFFAOYSA-N,2-[(1Z)-({2-[(E)-[(2-hydroxyphenyl)methylidene]amino]propyl}imino)methyl]phenol,94-91-7,282.3370361328125,OECD Guideline 404 (Acute Dermal Irritation / Corrosion),rabbit,semiocclusive,4.0,unchanged (no vehicle),0.53,4.0,0.0,0,"Remove Explicit Hydrogens (ID: RemoveExplicitH)
Dearomatize (ID: Dearomatize)
Clear Stereo (ID: ClearStereo)
Wedge Clean (ID: WedgeClean)
Mesomerize (ID: Mesomerize)
Tautomerize (ID: Tautomerize)
Aromatize (ID: Aromatize)
Add Explicit Hydrogens (ID: AddExplicitH)
Neutralize (ID: Neutralize)
Clean 2D (ID: Clean2D)",CC(CN=Cc1ccccc1O)N=Cc1ccccc1O
1070,VUDOFEJVAFMLEC-UHFFFAOYSA-N,-,6156-18-9,325.3816833496094,OECD Guideline 404 (Acute Dermal Irritation / Corrosion),rabbit,semiocclusive,4.0,unchanged (no vehicle),1.43333333333333,4.0,0.0,0,"Remove Explicit Hydrogens (ID: RemoveExplicitH)
Dearomatize (ID: Dearomatize)
Clear Stereo (ID: ClearStereo)
Wedge Clean (ID: WedgeClean)
Mesomerize (ID: Mesomerize)
Tautomerize (ID: Tautomerize)
Aromatize (ID: Aromatize)
Add Explicit Hydrogens (ID: AddExplicitH)
Neutralize (ID: Neutralize)
Clean 2D (ID: Clean2D)",NS(=O)(=O)c1ccc(NC(=S)Nc2ccc(F)cc2)cc1
908,XEHIIYMZJQMMCF-UHFFFAOYSA-N,-,36635-56-0,213.2535400390625,OECD Guideline 404 (Acute Dermal Irritation / Corrosion),rabbit,occlusive,72.0,water,0.0,0.0,0.0,0,"Remove Explicit Hydrogens (ID: RemoveExplicitH)
Dearomatize (ID: Dearomatize)
Clear Stereo (ID: ClearStereo)
Wedge Clean (ID: WedgeClean)
Mesomerize (ID: Mesomerize)
Tautomerize (ID: Tautomerize)
Aromatize (ID: Aromatize)
Add Explicit Hydrogens (ID: AddExplicitH)
Neutralize (ID: Neutralize)
Clean 2D (ID: Clean2D)",Cc1ccc(S(=O)(=O)CNC=O)cc1
"767, 1024",RPMMDFYGVMKCJU-UHFFFAOYSA-N,-,79072-96-1,414.49139404296875,OECD Guideline 404 (Acute Dermal Irritation / Corrosion),rabbit,semiocclusive,4.0,other: moistened with water,0.0,4.0,0.0,0,"Remove Explicit Hydrogens (ID: RemoveExplicitH)
Dearomatize (ID: Dearomatize)
Clear Stereo (ID: ClearStereo)
Wedge Clean (ID: WedgeClean)
Mesomerize (ID: Mesomerize)
Tautomerize (ID: Tautomerize)
Aromatize (ID: Aromatize)
Add Explicit Hydrogens (ID: AddExplicitH)
Neutralize (ID: Neutralize)
Clean 2D (ID: Clean2D)",CCc1ccc(C2OC3COC(c4ccc(CC)cc4)OC3C(C(O)CO)O2)cc1
2737,CBOQJANXLMLOSS-UHFFFAOYSA-N,3-ethoxy-4-hydroxybenzaldehyde,121-32-4,166.1739044189453,OECD Guideline 404 (Acute Dermal Irritation / Corrosion),rabbit,semiocclusive,4.0,unchanged (no vehicle),0.333333333333333,4.0,0.0,0,"Remove Explicit Hydrogens (ID: RemoveExplicitH)
Dearomatize (ID: Dearomatize)
Clear Stereo (ID: ClearStereo)
Wedge Clean (ID: WedgeClean)
Mesomerize (ID: Mesomerize)
Tautomerize (ID: Tautomerize)
Aromatize (ID: Aromatize)
Add Explicit Hydrogens (ID: AddExplicitH)
Neutralize (ID: Neutralize)
Clean 2D (ID: Clean2D)",CCOc1cc(C=O)ccc1O
5375,FLYJSXDJKBHQAU-UHFFFAOYSA-N,unnamed [260781-16-6],260781-16-6,258.3538513183594,OECD Guideline 404 (Acute Dermal Irritation / Corrosion),rabbit,semiocclusive,4.0,unchanged (no vehicle),0.5,4.0,0.0,0,"Remove Explicit Hydrogens (ID: RemoveExplicitH)
Clear Stereo (ID: ClearStereo)
Wedge Clean (ID: WedgeClean)
Mesomerize (ID: Mesomerize)
Tautomerize (ID: Tautomerize)
Add Explicit Hydrogens (ID: AddExplicitH)
Neutralize (ID: Neutralize)
Clean 2D (ID: Clean2D)",CC(O)COC(=O)OC1CC(C)CCC1C(C)C
5356,IDYDEKRGDSORFT-UHFFFAOYSA-N,unnamed [2003244-43-5],2003244-43-5,203.3232421875,OECD Guideline 404 (Acute Dermal Irritation / Corrosion),rabbit,not specified,4.0,unchanged (no vehicle),0.0,0.0,0.0,0,"Remove Explicit Hydrogens (ID: RemoveExplicitH)
Clear Stereo (ID: ClearStereo)
Wedge Clean (ID: WedgeClean)
Mesomerize (ID: Mesomerize)
Tautomerize (ID: Tautomerize)
Add Explicit Hydrogens (ID: AddExplicitH)
Neutralize (ID: Neutralize)
Clean 2D (ID: Clean2D)",CC(C)(C#N)CC1=CCC2CC1C2(C)C
5337,NBJSNAGTUCWQRO-UHFFFAOYSA-N,unnamed [17852-52-7],17852-52-7,187.2195587158203,OECD Guideline 404 (Acute Dermal Irritation / Corrosion),rabbit,semiocclusive,4.0,unchanged (no vehicle),0.3325,1.0,0.0,0,"Remove Explicit Hydrogens (ID: RemoveExplicitH)
Dearomatize (ID: Dearomatize)
Clear Stereo (ID: ClearStereo)
Wedge Clean (ID: WedgeClean)
Mesomerize (ID: Mesomerize)
Tautomerize (ID: Tautomerize)
Aromatize (ID: Aromatize)
Add Explicit Hydrogens (ID: AddExplicitH)
Neutralize (ID: Neutralize)
Clean 2D (ID: Clean2D)",NNc1ccc(S(N)(=O)=O)cc1
2928,OTLNPYWUJOZPPA-UHFFFAOYSA-N,4-nitrobenzoic acid,62-23-7,167.118896484375,OECD Guideline 404 (Acute Dermal Irritation / Corrosion),rabbit,semiocclusive,4.0,other: Polyethyleneglycol 400,0.0,4.0,0.0,0,"Remove Explicit Hydrogens (ID: RemoveExplicitH)
Dearomatize (ID: Dearomatize)
Clear Stereo (ID: ClearStereo)
Wedge Clean (ID: WedgeClean)
Mesomerize (ID: Mesomerize)
Tautomerize (ID: Tautomerize)
Aromatize (ID: Aromatize)
Add Explicit Hydrogens (ID: AddExplicitH)
Neutralize (ID: Neutralize)
Clean 2D (ID: Clean2D)",O=C(O)c1ccc([N+](=O)[O-])cc1
2871,RVDTXDMZBHZDCD-UHFFFAOYSA-N,"4-amino-2,5-dichloro-N,N-dimethylbenzenesulfonamide",26175-68-8,269.148193359375,OECD Guideline 404 (Acute Dermal Irritation / Corrosion),rabbit,occlusive,4.0,other: Polyethyleneglycol / Saline = 7 / 3,0.0,4.0,0.0,0,"Remove Explicit Hydrogens (ID: RemoveExplicitH)
Dearomatize (ID: Dearomatize)
Clear Stereo (ID: ClearStereo)
Wedge Clean (ID: WedgeClean)
Mesomerize (ID: Mesomerize)
Tautomerize (ID: Tautomerize)
Aromatize (ID: Aromatize)
Add Explicit Hydrogens (ID: AddExplicitH)
Neutralize (ID: Neutralize)
Clean 2D (ID: Clean2D)",CN(C)S(=O)(=O)c1cc(Cl)c(N)cc1Cl
2725,VYBKAZXQKUFAHG-UHFFFAOYSA-N,3-amino-4-methylbenzamide,19406-86-1,150.17779541015625,OECD Guideline 404 (Acute Dermal Irritation / Corrosion),rabbit,semiocclusive,4.0,water,0.11,4.0,0.0,0,"Remove Explicit Hydrogens (ID: RemoveExplicitH)
Dearomatize (ID: Dearomatize)
Clear Stereo (ID: ClearStereo)
Wedge Clean (ID: WedgeClean)
Mesomerize (ID: Mesomerize)
Tautomerize (ID: Tautomerize)
Aromatize (ID: Aromatize)
Add Explicit Hydrogens (ID: AddExplicitH)
Neutralize (ID: Neutralize)
Clean 2D (ID: Clean2D)",Cc1ccc(C(N)=O)cc1N
2135,ZJQZWNLKRBUEKX-UHFFFAOYSA-N,"2,5-dianilinoterephthalic acid",10109-95-2,348.35205078125,OECD Guideline 404 (Acute Dermal Irritation / Corrosion),rabbit,semiocclusive,4.0,other: Polyethyleneglycol 400,0.0,4.0,0.0,0,"Remove Explicit Hydrogens (ID: RemoveExplicitH)
Dearomatize (ID: Dearomatize)
Clear Stereo (ID: ClearStereo)
Wedge Clean (ID: WedgeClean)
Mesomerize (ID: Mesomerize)
Tautomerize (ID: Tautomerize)
Aromatize (ID: Aromatize)
Add Explicit Hydrogens (ID: AddExplicitH)
Neutralize (ID: Neutralize)
Clean 2D (ID: Clean2D)",O=C(O)c1cc(Nc2ccccc2)c(C(=O)O)cc1Nc1ccccc1
"1788, 1789",SRPWOOOHEPICQU-UHFFFAOYSA-N,"1,3-dioxo-1,3-dihydro-2-benzofuran-5-carboxylic acid",552-30-7,192.12506103515625,OECD Guideline 404 (Acute Dermal Irritation / Corrosion),rabbit,semiocclusive,4.0,unchanged (no vehicle),1.0,,0.0,0,"Remove Explicit Hydrogens (ID: RemoveExplicitH)
Dearomatize (ID: Dearomatize)
Clear Stereo (ID: ClearStereo)
Wedge Clean (ID: WedgeClean)
Mesomerize (ID: Mesomerize)
Tautomerize (ID: Tautomerize)
Aromatize (ID: Aromatize)
Add Explicit Hydrogens (ID: AddExplicitH)
Neutralize (ID: Neutralize)
Clean 2D (ID: Clean2D)",O=C(O)c1ccc2c(c1)C(=O)OC2=O
2701,DDGPBVIAYDDWDH-UHFFFAOYSA-O,3-(dodecyldimethylazaniumyl)-2-hydroxypropane-1-sulfonate,13197-76-7,351.54498291015625,OECD Guideline 404 (Acute Dermal Irritation / Corrosion),rabbit,semiocclusive,4.0,unchanged (no vehicle),0.78,4.0,0.0,0,"Remove Explicit Hydrogens (ID: RemoveExplicitH)
Clear Stereo (ID: ClearStereo)
Wedge Clean (ID: WedgeClean)
Mesomerize (ID: Mesomerize)
Tautomerize (ID: Tautomerize)
Add Explicit Hydrogens (ID: AddExplicitH)
Clean 2D (ID: Clean2D)",CCCCCCCCCCCC[N+](C)(C)CC(O)CS(=O)(=O)O
4851,DFPAKSUCGFBDDF-UHFFFAOYSA-N,pyridine-3-carboxamide,98-92-0,122.12464141845703,EU Method B.4 (Acute Toxicity: Dermal Irritation / Corrosion),rabbit,semiocclusive,4.0,water,0.0,0.0,0.0,0,"Remove Explicit Hydrogens (ID: RemoveExplicitH)
Dearomatize (ID: Dearomatize)
Clear Stereo (ID: ClearStereo)
Wedge Clean (ID: WedgeClean)
Mesomerize (ID: Mesomerize)
Tautomerize (ID: Tautomerize)
Aromatize (ID: Aromatize)
Add Explicit Hydrogens (ID: AddExplicitH)
Neutralize (ID: Neutralize)
Clean 2D (ID: Clean2D)",NC(=O)c1cccnc1
1871,GQBVHGLNSHPKPG-UHFFFAOYSA-N,1-[(2-tert-butylcyclohexyl)oxy]butan-2-ol,139504-68-0,228.3709259033203,OECD Guideline 404 (Acute Dermal Irritation / Corrosion),rabbit,semiocclusive,4.0,unchanged (no vehicle),1.0,4.0,0.0,0,"Remove Explicit Hydrogens (ID: RemoveExplicitH)
Clear Stereo (ID: ClearStereo)
Wedge Clean (ID: WedgeClean)
Mesomerize (ID: Mesomerize)
Tautomerize (ID: Tautomerize)
Add Explicit Hydrogens (ID: AddExplicitH)
Neutralize (ID: Neutralize)
Clean 2D (ID: Clean2D)",CCC(O)COC1CCCCC1C(C)(C)C
2961,KBZFDRWPMZESDI-UHFFFAOYSA-N,"5-aminobenzene-1,3-dicarboxylic acid",99-31-0,181.14547729492188,EU Method B.4 (Acute Toxicity: Dermal Irritation / Corrosion),rabbit,semiocclusive,4.0,unchanged (no vehicle),0.0,0.0,0.0,0,"Remove Explicit Hydrogens (ID: RemoveExplicitH)
Dearomatize (ID: Dearomatize)
Clear Stereo (ID: ClearStereo)
Wedge Clean (ID: WedgeClean)
Mesomerize (ID: Mesomerize)
Tautomerize (ID: Tautomerize)
Aromatize (ID: Aromatize)
Add Explicit Hydrogens (ID: AddExplicitH)
Neutralize (ID: Neutralize)
Clean 2D (ID: Clean2D)",Nc1cc(C(=O)O)cc(C(=O)O)c1
1167,NPRQLWMILWHEDI-UHFFFAOYSA-N,-,268567-32-4,328.4282531738281,OECD Guideline 404 (Acute Dermal Irritation / Corrosion),rabbit,semiocclusive,4.0,unchanged (no vehicle),0.0,4.0,0.0,0,"Remove Explicit Hydrogens (ID: RemoveExplicitH)
Clear Stereo (ID: ClearStereo)
Wedge Clean (ID: WedgeClean)
Mesomerize (ID: Mesomerize)
Tautomerize (ID: Tautomerize)
Add Explicit Hydrogens (ID: AddExplicitH)
Neutralize (ID: Neutralize)
Clean 2D (ID: Clean2D)",CC(C)COP(=S)(OCC(C)C)SCC(C)C(=O)O
1964,OSSNTDFYBPYIEC-UHFFFAOYSA-N,1-vinyl-1H-imidazole,1072-63-5,94.11454010009766,OECD Guideline 404 (Acute Dermal Irritation / Corrosion),rabbit,semiocclusive,4.0,unchanged (no vehicle),0.9,4.0,0.0,0,"Remove Explicit Hydrogens (ID: RemoveExplicitH)
Dearomatize (ID: Dearomatize)
Clear Stereo (ID: ClearStereo)
Wedge Clean (ID: WedgeClean)
Mesomerize (ID: Mesomerize)
Tautomerize (ID: Tautomerize)
Aromatize (ID: Aromatize)
Add Explicit Hydrogens (ID: AddExplicitH)
Neutralize (ID: Neutralize)
Clean 2D (ID: Clean2D)",C=Cn1ccnc1
992,QQYWUZHDPAYMOO-UHFFFAOYSA-N,-,85813-73-6,251.18246459960938,OECD Guideline 404 (Acute Dermal Irritation / Corrosion),rabbit,semiocclusive,4.0,water,0.1,0.3,0.0,0,"Remove Explicit Hydrogens (ID: RemoveExplicitH)
Dearomatize (ID: Dearomatize)
Clear Stereo (ID: ClearStereo)
Wedge Clean (ID: WedgeClean)
Mesomerize (ID: Mesomerize)
Tautomerize (ID: Tautomerize)
Aromatize (ID: Aromatize)
Add Explicit Hydrogens (ID: AddExplicitH)
Neutralize (ID: Neutralize)
Clean 2D (ID: Clean2D)",O=C=NS(=O)(=O)c1ccccc1C(F)(F)F
2963,SOOLDKUMSVNBIW-UHFFFAOYSA-N,"5-chloro-2-(2,4-dichlorophenoxy)aniline",56966-52-0,288.5570068359375,OECD Guideline 404 (Acute Dermal Irritation / Corrosion),rabbit,semiocclusive,4.0,unchanged (no vehicle),1.43333333333333,4.0,0.0,0,"Remove Explicit Hydrogens (ID: RemoveExplicitH)
Dearomatize (ID: Dearomatize)
Clear Stereo (ID: ClearStereo)
Wedge Clean (ID: WedgeClean)
Mesomerize (ID: Mesomerize)
Tautomerize (ID: Tautomerize)
Aromatize (ID: Aromatize)
Add Explicit Hydrogens (ID: AddExplicitH)
Neutralize (ID: Neutralize)
Clean 2D (ID: Clean2D)",Nc1cc(Cl)ccc1Oc1ccc(Cl)cc1Cl
2127,UIAFKZKHHVMJGS-UHFFFAOYSA-N,"2,4-dihydroxybenzoic acid",89-86-1,154.12014770507812,OECD Guideline 404 (Acute Dermal Irritation / Corrosion),rabbit,semiocclusive,4.0,physiological saline,0.0,4.0,0.0,0,"Remove Explicit Hydrogens (ID: RemoveExplicitH)
Dearomatize (ID: Dearomatize)
Clear Stereo (ID: ClearStereo)
Wedge Clean (ID: WedgeClean)
Mesomerize (ID: Mesomerize)
Tautomerize (ID: Tautomerize)
Aromatize (ID: Aromatize)
Add Explicit Hydrogens (ID: AddExplicitH)
Neutralize (ID: Neutralize)
Clean 2D (ID: Clean2D)",O=C(O)c1ccc(O)cc1O
3455,XIXHUNCZQIRQOG-UHFFFAOYSA-N,N-(4-chlorobenzyl)cyclopentanamine,66063-15-8,209.71514892578125,EU Method B.4 (Acute Toxicity: Dermal Irritation / Corrosion),rabbit,semiocclusive,4.0,unchanged (no vehicle),1.0,1.0,0.0,0,"Remove Explicit Hydrogens (ID: RemoveExplicitH)
Dearomatize (ID: Dearomatize)
Clear Stereo (ID: ClearStereo)
Wedge Clean (ID: WedgeClean)
Mesomerize (ID: Mesomerize)
Tautomerize (ID: Tautomerize)
Aromatize (ID: Aromatize)
Add Explicit Hydrogens (ID: AddExplicitH)
Neutralize (ID: Neutralize)
Clean 2D (ID: Clean2D)",Clc1ccc(CNC2CCCC2)cc1
2911,ZZEYCGJAYIHIAZ-UHFFFAOYSA-N,4-methyl-1-phenylpyrazolidin-3-one,2654-57-1,176.215087890625,OECD Guideline 404 (Acute Dermal Irritation / Corrosion),rabbit,semiocclusive,4.0,unchanged (no vehicle),0.0,0.0,0.0,0,"Remove Explicit Hydrogens (ID: RemoveExplicitH)
Dearomatize (ID: Dearomatize)
Clear Stereo (ID: ClearStereo)
Wedge Clean (ID: WedgeClean)
Mesomerize (ID: Mesomerize)
Tautomerize (ID: Tautomerize)
Aromatize (ID: Aromatize)
Add Explicit Hydrogens (ID: AddExplicitH)
Neutralize (ID: Neutralize)
Clean 2D (ID: Clean2D)",CC1CN(c2ccccc2)NC1=O
"6156, 6157, 6158",KIHVMOUITFPOEI-UHFFFAOYSA-N,zinc bis[bis(dodecylphenyl)] bis(dithiophosphate),54261-67-5,617.9483032226562,OECD Guideline 404 (Acute Dermal Irritation / Corrosion),rabbit,semiocclusive,4.0,unchanged (no vehicle),0.6611111111111111,4.0,0.0,0,"Remove Explicit Hydrogens (ID: RemoveExplicitH)
Dearomatize (ID: Dearomatize)
Clear Stereo (ID: ClearStereo)
Wedge Clean (ID: WedgeClean)
Mesomerize (ID: Mesomerize)
Tautomerize (ID: Tautomerize)
Aromatize (ID: Aromatize)
Add Explicit Hydrogens (ID: AddExplicitH)
Neutralize (ID: Neutralize)
Clean 2D (ID: Clean2D)",CCCCCCCCCCCCc1ccc(OP(=S)(S)Oc2ccc(CCCCCCCCCCCC)cc2)cc1
5322,ALSCPZRLSDLPES-UHFFFAOYSA-N,unnamed [157248-25-4],157248-25-4,336.4176025390625,OECD Guideline 404 (Acute Dermal Irritation / Corrosion),rabbit,semiocclusive,4.0,water,0.0,,0.0,0,"Remove Explicit Hydrogens (ID: RemoveExplicitH)
Dearomatize (ID: Dearomatize)
Clear Stereo (ID: ClearStereo)
Wedge Clean (ID: WedgeClean)
Mesomerize (ID: Mesomerize)
Tautomerize (ID: Tautomerize)
Aromatize (ID: Aromatize)
Add Explicit Hydrogens (ID: AddExplicitH)
Neutralize (ID: Neutralize)
Clean 2D (ID: Clean2D)",CCCc1ccc(-c2ccc(-c3ccc(CC)cc3)c(F)c2F)cc1
962,BZLYOWSSNHNYKW-UHFFFAOYSA-N,-,477218-42-1,296.44488525390625,OECD Guideline 404 (Acute Dermal Irritation / Corrosion),rabbit,semiocclusive,4.0,unchanged (no vehicle),1.0,1.0,0.0,0,"Remove Explicit Hydrogens (ID: RemoveExplicitH)
Clear Stereo (ID: ClearStereo)
Wedge Clean (ID: WedgeClean)
Mesomerize (ID: Mesomerize)
Tautomerize (ID: Tautomerize)
Add Explicit Hydrogens (ID: AddExplicitH)
Neutralize (ID: Neutralize)
Clean 2D (ID: Clean2D)",CC(OC(C)(C)COC(=O)C1CC1)C1CCCC(C)(C)C1
863,KODLDJGSBFMSDG-UHFFFAOYSA-N,-,1917-44-8,249.26734924316406,OECD Guideline 404 (Acute Dermal Irritation / Corrosion),rabbit,occlusive,4.0,other: 0.5% (w/v) carboxymethylcellulose in 0.1% (w/v) aqueous polysorbate 80,0.0,4.0,0.0,0,"Remove Explicit Hydrogens (ID: RemoveExplicitH)
Dearomatize (ID: Dearomatize)
Clear Stereo (ID: ClearStereo)
Wedge Clean (ID: WedgeClean)
Mesomerize (ID: Mesomerize)
Tautomerize (ID: Tautomerize)
Aromatize (ID: Aromatize)
Add Explicit Hydrogens (ID: AddExplicitH)
Neutralize (ID: Neutralize)
Clean 2D (ID: Clean2D)",O=c1nc(-c2ccccc2)[nH]c(-c2ccccc2)n1
1401,NIBFJPXGNVPNHK-UHFFFAOYSA-N,-,119895-68-0,186.11236572265625,OECD Guideline 404 (Acute Dermal Irritation / Corrosion),rabbit,occlusive,4.0,unchanged (no vehicle),1.4425,4.0,0.0,0,"Remove Explicit Hydrogens (ID: RemoveExplicitH)
Dearomatize (ID: Dearomatize)
Clear Stereo (ID: ClearStereo)
Wedge Clean (ID: WedgeClean)
Mesomerize (ID: Mesomerize)
Tautomerize (ID: Tautomerize)
Aromatize (ID: Aromatize)
Add Explicit Hydrogens (ID: AddExplicitH)
Neutralize (ID: Neutralize)
Clean 2D (ID: Clean2D)",O=Cc1cccc2c1OC(F)(F)O2
4533,NXAJZPARDMDLKH-UHFFFAOYSA-N,methyl 1-methyl-4-(propan-2-yl)bicyclo[2.2.2]oct-5-ene-2-carboxylate,68966-86-9,222.3232879638672,other: ICH Guideline E6,human,occlusive,48.0,unchanged (no vehicle),0.0,0.0,0.0,0,"Remove Explicit Hydrogens (ID: RemoveExplicitH)
Clear Stereo (ID: ClearStereo)
Wedge Clean (ID: WedgeClean)
Mesomerize (ID: Mesomerize)
Tautomerize (ID: Tautomerize)
Add Explicit Hydrogens (ID: AddExplicitH)
Neutralize (ID: Neutralize)
Clean 2D (ID: Clean2D)",COC(=O)C1CC2(C(C)C)C=CC1(C)CC2
2881,QIKYZXDTTPVVAC-UHFFFAOYSA-N,4-aminobenzamide,2835-68-9,136.15121459960938,OECD Guideline 404 (Acute Dermal Irritation / Corrosion),rabbit,semiocclusive,4.0,other: physiol. saline,0.0,4.0,0.0,0,"Remove Explicit Hydrogens (ID: RemoveExplicitH)
Dearomatize (ID: Dearomatize)
Clear Stereo (ID: ClearStereo)
Wedge Clean (ID: WedgeClean)
Mesomerize (ID: Mesomerize)
Tautomerize (ID: Tautomerize)
Aromatize (ID: Aromatize)
Add Explicit Hydrogens (ID: AddExplicitH)
Neutralize (ID: Neutralize)
Clean 2D (ID: Clean2D)",NC(=O)c1ccc(N)cc1
5358,RUUJECRHYIYRSH-UHFFFAOYSA-N,unnamed [20761-68-6],20761-68-6,174.2374267578125,OECD Guideline 404 (Acute Dermal Irritation / Corrosion),rabbit,semiocclusive,4.0,unchanged (no vehicle),0.3,1.0,0.0,0,"Remove Explicit Hydrogens (ID: RemoveExplicitH)
Clear Stereo (ID: ClearStereo)
Wedge Clean (ID: WedgeClean)
Mesomerize (ID: Mesomerize)
Tautomerize (ID: Tautomerize)
Add Explicit Hydrogens (ID: AddExplicitH)
Neutralize (ID: Neutralize)
Clean 2D (ID: Clean2D)",CCC1(CO)COC(C)(C)OC1
3461,UTSYWKJYFPPRAP-UHFFFAOYSA-N,N-(butoxymethyl)prop-2-enamide,1852-16-0,157.210205078125,OECD Guideline 404 (Acute Dermal Irritation / Corrosion),rabbit,occlusive,4.0,unchanged (no vehicle),0.89,4.0,0.0,0,"Remove Explicit Hydrogens (ID: RemoveExplicitH)
Clear Stereo (ID: ClearStereo)
Wedge Clean (ID: WedgeClean)
Mesomerize (ID: Mesomerize)
Tautomerize (ID: Tautomerize)
Add Explicit Hydrogens (ID: AddExplicitH)
Neutralize (ID: Neutralize)
Clean 2D (ID: Clean2D)",C=CC(=O)NCOCCCC
2187,VAZQKPWSBFZARZ-UHFFFAOYSA-N,2-(2-phenylphenoxy)ethyl prop-2-enoate,72009-86-0,268.3071594238281,"other: Code of Federal Regulations, Title 16, Section 1500.41",rabbit,semiocclusive,24.0,unchanged (no vehicle),0.333333333333333,1.0,0.0,0,"Remove Explicit Hydrogens (ID: RemoveExplicitH)
Dearomatize (ID: Dearomatize)
Clear Stereo (ID: ClearStereo)
Wedge Clean (ID: WedgeClean)
Mesomerize (ID: Mesomerize)
Tautomerize (ID: Tautomerize)
Aromatize (ID: Aromatize)
Add Explicit Hydrogens (ID: AddExplicitH)
Neutralize (ID: Neutralize)
Clean 2D (ID: Clean2D)",C=CC(=O)OCCOc1ccccc1-c1ccccc1
1636,YTHVXUGXVASXJZ-UHFFFAOYSA-N,-,55819-71-1,119.1224594116211,OECD Guideline 404 (Acute Dermal Irritation / Corrosion),rabbit,semiocclusive,4.0,unchanged (no vehicle),0.0,4.0,0.0,0,"Remove Explicit Hydrogens (ID: RemoveExplicitH)
Clear Stereo (ID: ClearStereo)
Wedge Clean (ID: WedgeClean)
Mesomerize (ID: Mesomerize)
Tautomerize (ID: Tautomerize)
Add Explicit Hydrogens (ID: AddExplicitH)
Neutralize (ID: Neutralize)
Clean 2D (ID: Clean2D)",NNC(=O)C(N)CO
1563,ZGQVZLSNEBEHFN-UHFFFAOYSA-N,-,114772-53-1,193.24383544921875,"other: Methode de Draize, JO du 21 avril 1971, modifie le 1 fevrier 1982",other: Lapin New Zealand,occlusive,24.0,other: Gaze humididiee avec 0.5 ml deau,0.11,,0.0,0,"Remove Explicit Hydrogens (ID: RemoveExplicitH)
Dearomatize (ID: Dearomatize)
Clear Stereo (ID: ClearStereo)
Wedge Clean (ID: WedgeClean)
Mesomerize (ID: Mesomerize)
Tautomerize (ID: Tautomerize)
Aromatize (ID: Aromatize)
Add Explicit Hydrogens (ID: AddExplicitH)
Neutralize (ID: Neutralize)
Clean 2D (ID: Clean2D)",Cc1ccc(-c2ccccc2C#N)cc1
"2630, 2631",DZNJMLVCIZGWSC-UHFFFAOYSA-N,"3',6'-bis(diethylamino)-3H-spiro[2-benzofuran-1,9'-xanthene]-3-one",509-34-2,442.5494079589844,OECD Guideline 404 (Acute Dermal Irritation / Corrosion),rabbit,other: porous gauze dressing and non-irritating tape,4.0,other: distilled water,0.556666666666666,3.0,0.0,0,"Remove Explicit Hydrogens (ID: RemoveExplicitH)
Dearomatize (ID: Dearomatize)
Clear Stereo (ID: ClearStereo)
Wedge Clean (ID: WedgeClean)
Mesomerize (ID: Mesomerize)
Tautomerize (ID: Tautomerize)
Aromatize (ID: Aromatize)
Add Explicit Hydrogens (ID: AddExplicitH)
Neutralize (ID: Neutralize)
Clean 2D (ID: Clean2D)",CCN(CC)c1ccc2c(c1)Oc1cc(N(CC)CC)ccc1C21OC(=O)c2ccccc21
5346,AFFPZJFLSDVZBV-UHFFFAOYSA-N,unnamed [1869-24-5],1869-24-5,225.18824768066406,OECD Guideline 404 (Acute Dermal Irritation / Corrosion),rabbit,semiocclusive,4.0,water,0.1,0.3,0.0,0,"Remove Explicit Hydrogens (ID: RemoveExplicitH)
Dearomatize (ID: Dearomatize)
Clear Stereo (ID: ClearStereo)
Wedge Clean (ID: WedgeClean)
Mesomerize (ID: Mesomerize)
Tautomerize (ID: Tautomerize)
Aromatize (ID: Aromatize)
Add Explicit Hydrogens (ID: AddExplicitH)
Neutralize (ID: Neutralize)
Clean 2D (ID: Clean2D)",NS(=O)(=O)c1ccccc1C(F)(F)F
5180,BJELTSYBAHKXRW-UHFFFAOYSA-N,"tris(prop-2-en-1-yloxy)-1,3,5-triazine",101-37-1,249.26580810546875,OECD Guideline 404 (Acute Dermal Irritation / Corrosion),rabbit,occlusive,4.0,unchanged (no vehicle),0.0,4.0,0.0,0,"Remove Explicit Hydrogens (ID: RemoveExplicitH)
Dearomatize (ID: Dearomatize)
Clear Stereo (ID: ClearStereo)
Wedge Clean (ID: WedgeClean)
Mesomerize (ID: Mesomerize)
Tautomerize (ID: Tautomerize)
Aromatize (ID: Aromatize)
Add Explicit Hydrogens (ID: AddExplicitH)
Neutralize (ID: Neutralize)
Clean 2D (ID: Clean2D)",C=CCOc1nc(OCC=C)nc(OCC=C)n1
623,CBYWHFTZNVZQHV-UHFFFAOYSA-N,-,14078-41-2,358.47119140625,OECD Guideline 404 (Acute Dermal Irritation / Corrosion),rabbit,semiocclusive,4.0,water,0.3,1.0,0.0,0,"Remove Explicit Hydrogens (ID: RemoveExplicitH)
Dearomatize (ID: Dearomatize)
Clear Stereo (ID: ClearStereo)
Wedge Clean (ID: WedgeClean)
Mesomerize (ID: Mesomerize)
Tautomerize (ID: Tautomerize)
Aromatize (ID: Aromatize)
Add Explicit Hydrogens (ID: AddExplicitH)
Neutralize (ID: Neutralize)
Clean 2D (ID: Clean2D)",COc1cc(-c2cc(OC)cc(C(C)(C)C)c2O)c(O)c(C(C)(C)C)c1
2904,FJKROLUGYXJWQN-UHFFFAOYSA-N,4-hydroxybenzoic acid,99-96-7,138.12074279785156,OECD Guideline 404 (Acute Dermal Irritation / Corrosion),rabbit,semiocclusive,4.0,other: moistened patch with water,0.25,1.0,0.0,0,"Remove Explicit Hydrogens (ID: RemoveExplicitH)
Dearomatize (ID: Dearomatize)
Clear Stereo (ID: ClearStereo)
Wedge Clean (ID: WedgeClean)
Mesomerize (ID: Mesomerize)
Tautomerize (ID: Tautomerize)
Aromatize (ID: Aromatize)
Add Explicit Hydrogens (ID: AddExplicitH)
Neutralize (ID: Neutralize)
Clean 2D (ID: Clean2D)",O=C(O)c1ccc(O)cc1
5491,HXZRLUTUNSQNCG-UHFFFAOYSA-N,unnamed [7381-13-7],7381-13-7,356.4155578613281,OECD Guideline 404 (Acute Dermal Irritation / Corrosion),rabbit,semiocclusive,4.0,unchanged (no vehicle),0.0,4.0,0.0,0,"Remove Explicit Hydrogens (ID: RemoveExplicitH)
Dearomatize (ID: Dearomatize)
Clear Stereo (ID: ClearStereo)
Wedge Clean (ID: WedgeClean)
Mesomerize (ID: Mesomerize)
Tautomerize (ID: Tautomerize)
Aromatize (ID: Aromatize)
Add Explicit Hydrogens (ID: AddExplicitH)
Neutralize (ID: Neutralize)
Clean 2D (ID: Clean2D)",O=C1CCCCCN1C(=O)c1cccc(C(=O)N2CCCCCC2=O)c1
2401,LCGTWRLJTMHIQZ-UHFFFAOYSA-N,"2-azatricyclo[9.4.0.0????,??????]pentadeca-1(11),3,5,7,9,12,14-heptaene",256-96-2,193.24383544921875,OECD Guideline 404 (Acute Dermal Irritation / Corrosion),rabbit,occlusive,4.0,unchanged (no vehicle),0.67,4.0,0.0,0,"Remove Explicit Hydrogens (ID: RemoveExplicitH)
Dearomatize (ID: Dearomatize)
Clear Stereo (ID: ClearStereo)
Wedge Clean (ID: WedgeClean)
Mesomerize (ID: Mesomerize)
Tautomerize (ID: Tautomerize)
Aromatize (ID: Aromatize)
Add Explicit Hydrogens (ID: AddExplicitH)
Neutralize (ID: Neutralize)
Clean 2D (ID: Clean2D)",C1=Cc2ccccc2Nc2ccccc21
1806,MPJZCYUPWINKPK-UHFFFAOYSA-N,"1,4-diazabicyclo[2.2.2]octan-2-ylmethanol",76950-43-1,142.19886779785156,OECD Guideline 404 (Acute Dermal Irritation / Corrosion),rabbit,semiocclusive,4.0,water,0.0,4.0,0.0,0,"Remove Explicit Hydrogens (ID: RemoveExplicitH)
Clear Stereo (ID: ClearStereo)
Wedge Clean (ID: WedgeClean)
Mesomerize (ID: Mesomerize)
Tautomerize (ID: Tautomerize)
Add Explicit Hydrogens (ID: AddExplicitH)
Neutralize (ID: Neutralize)
Clean 2D (ID: Clean2D)",OCC1CN2CCN1CC2
1729,NTBYINQTYWZXLH-UHFFFAOYSA-N,"1,2-dichloro-4-nitrobenzene",99-54-7,191.99952697753906,OECD Guideline 404 (Acute Dermal Irritation / Corrosion),rabbit,semiocclusive,4.0,physiological saline,0.2,4.0,0.0,0,"Remove Explicit Hydrogens (ID: RemoveExplicitH)
Dearomatize (ID: Dearomatize)
Clear Stereo (ID: ClearStereo)
Wedge Clean (ID: WedgeClean)
Mesomerize (ID: Mesomerize)
Tautomerize (ID: Tautomerize)
Aromatize (ID: Aromatize)
Add Explicit Hydrogens (ID: AddExplicitH)
Neutralize (ID: Neutralize)
Clean 2D (ID: Clean2D)",O=[N+]([O-])c1ccc(Cl)c(Cl)c1
3433,OMNKZBIFPJNNIO-UHFFFAOYSA-N,N-(2-methyl-4-oxopentan-2-yl)prop-2-enamide,2873-97-4,169.2209014892578,EU Method B.4 (Acute Toxicity: Dermal Irritation / Corrosion),rabbit,semiocclusive,4.0,water,0.0,0.0,0.0,0,"Remove Explicit Hydrogens (ID: RemoveExplicitH)
Clear Stereo (ID: ClearStereo)
Wedge Clean (ID: WedgeClean)
Mesomerize (ID: Mesomerize)
Tautomerize (ID: Tautomerize)
Add Explicit Hydrogens (ID: AddExplicitH)
Neutralize (ID: Neutralize)
Clean 2D (ID: Clean2D)",C=CC(=O)NC(C)(C)CC(C)=O
2818,PSQYTAPXSHCGMF-UHFFFAOYSA-N,"4-(2,6,6-trimethylcyclohex-1-en-1-yl)but-3-en-2-one",79-77-6,192.29730224609375,OECD Guideline 404 (Acute Dermal Irritation / Corrosion),rabbit,semiocclusive,4.0,unchanged (no vehicle),0.0,4.0,0.0,0,"Remove Explicit Hydrogens (ID: RemoveExplicitH)
Clear Stereo (ID: ClearStereo)
Wedge Clean (ID: WedgeClean)
Mesomerize (ID: Mesomerize)
Tautomerize (ID: Tautomerize)
Add Explicit Hydrogens (ID: AddExplicitH)
Neutralize (ID: Neutralize)
Clean 2D (ID: Clean2D)",CC(=O)C=CC1=C(C)CCCC1(C)C
403,SNJANQMHRGSHFN-UHFFFAOYSA-N,-,173194-95-1,187.9876708984375,OECD Guideline 404 (Acute Dermal Irritation / Corrosion),rabbit,semiocclusive,4.0,water,0.0,0.0,0.0,0,"Remove Explicit Hydrogens (ID: RemoveExplicitH)
Dearomatize (ID: Dearomatize)
Clear Stereo (ID: ClearStereo)
Wedge Clean (ID: WedgeClean)
Mesomerize (ID: Mesomerize)
Tautomerize (ID: Tautomerize)
Aromatize (ID: Aromatize)
Add Explicit Hydrogens (ID: AddExplicitH)
Neutralize (ID: Neutralize)
Clean 2D (ID: Clean2D)",OB(O)c1ccc2cc(O)ccc2c1
1761,WSDISUOETYTPRL-UHFFFAOYSA-N,"1,3-bis(hydroxymethyl)-5,5-dimethylimidazolidine-2,4-dione",6440-58-0,188.18118286132812,EPA OPP 81-5 (Acute Dermal Irritation),rabbit,semiocclusive,4.0,unchanged (no vehicle),0.73,,0.0,0,"Remove Explicit Hydrogens (ID: RemoveExplicitH)
Clear Stereo (ID: ClearStereo)
Wedge Clean (ID: WedgeClean)
Mesomerize (ID: Mesomerize)
Tautomerize (ID: Tautomerize)
Add Explicit Hydrogens (ID: AddExplicitH)
Neutralize (ID: Neutralize)
Clean 2D (ID: Clean2D)",CC1(C)C(=O)N(CO)C(=O)N1CO
2594,ZOZIRNMDEZKZHM-UHFFFAOYSA-N,2-phenylethyl 2-phenylacetate,102-20-5,240.2970428466797,OECD Guideline 404 (Acute Dermal Irritation / Corrosion),rabbit,occlusive,4.0,unchanged (no vehicle),0.5,4.0,0.0,0,"Remove Explicit Hydrogens (ID: RemoveExplicitH)
Dearomatize (ID: Dearomatize)
Clear Stereo (ID: ClearStereo)
Wedge Clean (ID: WedgeClean)
Mesomerize (ID: Mesomerize)
Tautomerize (ID: Tautomerize)
Aromatize (ID: Aromatize)
Add Explicit Hydrogens (ID: AddExplicitH)
Neutralize (ID: Neutralize)
Clean 2D (ID: Clean2D)",O=C(Cc1ccccc1)OCCc1ccccc1
3813,BIISIZOQPWZPPS-UHFFFAOYSA-N,[2-(tert-butylperoxy)propan-2-yl]benzene,3457-61-2,208.2967071533203,OECD Guideline 404 (Acute Dermal Irritation / Corrosion),rabbit,semiocclusive,4.0,unchanged (no vehicle),1.33333333333333,4.0,0.0,0,"Remove Explicit Hydrogens (ID: RemoveExplicitH)
Dearomatize (ID: Dearomatize)
Clear Stereo (ID: ClearStereo)
Wedge Clean (ID: WedgeClean)
Mesomerize (ID: Mesomerize)
Tautomerize (ID: Tautomerize)
Aromatize (ID: Aromatize)
Add Explicit Hydrogens (ID: AddExplicitH)
Neutralize (ID: Neutralize)
Clean 2D (ID: Clean2D)",CC(C)(C)OOC(C)(C)c1ccccc1
1343,BNAYNPKNDLTBTJ-UHFFFAOYSA-N,-,68259-31-4,192.29730224609375,OECD Guideline 404 (Acute Dermal Irritation / Corrosion),rabbit,semiocclusive,4.0,unchanged (no vehicle),1.44666666666666,4.0,0.0,0,"Remove Explicit Hydrogens (ID: RemoveExplicitH)
Clear Stereo (ID: ClearStereo)
Wedge Clean (ID: WedgeClean)
Mesomerize (ID: Mesomerize)
Tautomerize (ID: Tautomerize)
Add Explicit Hydrogens (ID: AddExplicitH)
Neutralize (ID: Neutralize)
Clean 2D (ID: Clean2D)",CC1=C2CC(C=O)C(C1)C(C(C)C)C2
3173,BRWSDEFCJGIRLV-UHFFFAOYSA-N,"Benzenamine, N-phenyl-, styrenated",68442-68-2,377.52069091796875,,rabbit,semiocclusive,24.0,unchanged (no vehicle),0.5,1.0,0.0,0,"Remove Explicit Hydrogens (ID: RemoveExplicitH)
Dearomatize (ID: Dearomatize)
Clear Stereo (ID: ClearStereo)
Wedge Clean (ID: WedgeClean)
Mesomerize (ID: Mesomerize)
Tautomerize (ID: Tautomerize)
Aromatize (ID: Aromatize)
Add Explicit Hydrogens (ID: AddExplicitH)
Neutralize (ID: Neutralize)
Clean 2D (ID: Clean2D)",CC(c1ccccc1)c1ccc(Nc2ccc(C(C)c3ccccc3)cc2)cc1
2958,FBJVWRITWDYUAC-UHFFFAOYSA-N,"5-amino-2,4,6-triiodobenzene-1,3-dicarbonyl dichloride",37441-29-5,595.7263793945312,OECD Guideline 404 (Acute Dermal Irritation / Corrosion),rabbit,semiocclusive,4.0,water,0.0,1.0,0.0,0,"Remove Explicit Hydrogens (ID: RemoveExplicitH)
Dearomatize (ID: Dearomatize)
Clear Stereo (ID: ClearStereo)
Wedge Clean (ID: WedgeClean)
Mesomerize (ID: Mesomerize)
Tautomerize (ID: Tautomerize)
Aromatize (ID: Aromatize)
Add Explicit Hydrogens (ID: AddExplicitH)
Neutralize (ID: Neutralize)
Clean 2D (ID: Clean2D)",Nc1c(I)c(C(=O)Cl)c(I)c(C(=O)Cl)c1I
126,GURYYNWDVKXZAT-UHFFFAOYSA-N,(4R)-4-methyl-2-propyloxan-4-yl acetate (4S)-4-methyl-2-propyloxan-4-yl acetate,131766-73-9,200.2747039794922,"other: Directive 84/449/EEC, Annex V, Method B4 and OECD guideline for Toxicity Testing of Chemicals, No. 404.",rabbit,semiocclusive,4.0,unchanged (no vehicle),1.175,4.0,0.0,0,"Remove Explicit Hydrogens (ID: RemoveExplicitH)
Clear Stereo (ID: ClearStereo)
Wedge Clean (ID: WedgeClean)
Mesomerize (ID: Mesomerize)
Tautomerize (ID: Tautomerize)
Add Explicit Hydrogens (ID: AddExplicitH)
Neutralize (ID: Neutralize)
Clean 2D (ID: Clean2D)",CCCC1CC(C)(OC(C)=O)CCO1
3766,HMFKFHLTUCJZJO-UHFFFAOYSA-N,"Sorbitan monolaurate, ethoxylated",9005-64-5,522.669189453125,OECD Guideline 404 (Acute Dermal Irritation / Corrosion),rabbit,semiocclusive,4.0,unchanged (no vehicle),0.89,4.0,0.0,0,"Remove Explicit Hydrogens (ID: RemoveExplicitH)
Clear Stereo (ID: ClearStereo)
Wedge Clean (ID: WedgeClean)
Mesomerize (ID: Mesomerize)
Tautomerize (ID: Tautomerize)
Add Explicit Hydrogens (ID: AddExplicitH)
Neutralize (ID: Neutralize)
Clean 2D (ID: Clean2D)",CCCCCCCCCCCC(=O)OCCOCC(OCCO)C1OCC(OCCO)C1OCCO
4539,IVEVYZAZHQVESM-UHFFFAOYSA-N,methyl 2-[3-(acetyloxy)-2-pentylcyclopent-2-en-1-yl]acetate,57374-49-9,268.3486633300781,"other: EEC Directive 92/69, Annex V - Method B4 and OECD No. 404",rabbit,semiocclusive,4.0,other: The test substance was applied undiluted.,1.33333333333333,,0.0,0,"Remove Explicit Hydrogens (ID: RemoveExplicitH)
Clear Stereo (ID: ClearStereo)
Wedge Clean (ID: WedgeClean)
Mesomerize (ID: Mesomerize)
Tautomerize (ID: Tautomerize)
Add Explicit Hydrogens (ID: AddExplicitH)
Neutralize (ID: Neutralize)
Clean 2D (ID: Clean2D)",CCCCCC1=C(OC(C)=O)CCC1CC(=O)OC
2717,JOBBTVPTPXRUBP-UHFFFAOYSA-N,"3-[(3-sulfanylpropanoyl)oxy]-2,2-bis({[(3-sulfanylpropanoyl)oxy]methyl})propyl 3-sulfanylpropanoate",7575-23-7,488.659423828125,OECD Guideline 404 (Acute Dermal Irritation / Corrosion),rabbit,semiocclusive,4.0,unchanged (no vehicle),0.075,4.0,0.0,0,"Remove Explicit Hydrogens (ID: RemoveExplicitH)
Clear Stereo (ID: ClearStereo)
Wedge Clean (ID: WedgeClean)
Mesomerize (ID: Mesomerize)
Tautomerize (ID: Tautomerize)
Add Explicit Hydrogens (ID: AddExplicitH)
Neutralize (ID: Neutralize)
Clean 2D (ID: Clean2D)",O=C(CCS)OCC(COC(=O)CCS)(COC(=O)CCS)COC(=O)CCS
3871,PRXRUNOAOLTIEF-UHFFFAOYSA-N,anhydro-D-glucitol trioleate,26266-58-0,957.4947509765625,OECD Guideline 404 (Acute Dermal Irritation / Corrosion),rabbit,semiocclusive,4.0,unchanged (no vehicle),0.0,4.0,0.0,0,"Remove Explicit Hydrogens (ID: RemoveExplicitH)
Clear Stereo (ID: ClearStereo)
Wedge Clean (ID: WedgeClean)
Mesomerize (ID: Mesomerize)
Tautomerize (ID: Tautomerize)
Add Explicit Hydrogens (ID: AddExplicitH)
Neutralize (ID: Neutralize)
Clean 2D (ID: Clean2D)",CCCCCCCCC=CCCCCCCCC(=O)OCC(OC(=O)CCCCCCCC=CCCCCCCCC)C1OCC(O)C1OC(=O)CCCCCCCC=CCCCCCCCC
4798,QIWKUEJZZCOPFV-UHFFFAOYSA-N,phenyl methacrylate,2177-70-0,162.18521118164062,EU Method B.4 (Acute Toxicity: Dermal Irritation / Corrosion),rabbit,semiocclusive,4.0,unchanged (no vehicle),0.165,4.0,0.0,0,"Remove Explicit Hydrogens (ID: RemoveExplicitH)
Dearomatize (ID: Dearomatize)
Clear Stereo (ID: ClearStereo)
Wedge Clean (ID: WedgeClean)
Mesomerize (ID: Mesomerize)
Tautomerize (ID: Tautomerize)
Aromatize (ID: Aromatize)
Add Explicit Hydrogens (ID: AddExplicitH)
Neutralize (ID: Neutralize)
Clean 2D (ID: Clean2D)",C=C(C)C(=O)Oc1ccccc1
2472,UADWUILHKRXHMM-UHFFFAOYSA-N,2-ethylhexyl benzoate,5444-75-7,234.333984375,OECD Guideline 404 (Acute Dermal Irritation / Corrosion),rabbit,semiocclusive,4.0,unchanged (no vehicle),0.883333333333333,4.0,0.0,0,"Remove Explicit Hydrogens (ID: RemoveExplicitH)
Dearomatize (ID: Dearomatize)
Clear Stereo (ID: ClearStereo)
Wedge Clean (ID: WedgeClean)
Mesomerize (ID: Mesomerize)
Tautomerize (ID: Tautomerize)
Aromatize (ID: Aromatize)
Add Explicit Hydrogens (ID: AddExplicitH)
Neutralize (ID: Neutralize)
Clean 2D (ID: Clean2D)",CCCCC(CC)COC(=O)c1ccccc1
3901,VONGZNXBKCOUHB-UHFFFAOYSA-N,benzyl butanoate,103-37-7,178.2276611328125,OECD Guideline 404 (Acute Dermal Irritation / Corrosion),rabbit,occlusive,4.0,unchanged (no vehicle),0.0,3.0,0.0,0,"Remove Explicit Hydrogens (ID: RemoveExplicitH)
Dearomatize (ID: Dearomatize)
Clear Stereo (ID: ClearStereo)
Wedge Clean (ID: WedgeClean)
Mesomerize (ID: Mesomerize)
Tautomerize (ID: Tautomerize)
Aromatize (ID: Aromatize)
Add Explicit Hydrogens (ID: AddExplicitH)
Neutralize (ID: Neutralize)
Clean 2D (ID: Clean2D)",CCCC(=O)OCc1ccccc1
2607,ZHWLEUGSDGROJS-UHFFFAOYSA-N,2-tert-butylcyclohexyl ethyl carbonate,67801-64-3,228.32786560058594,OECD Guideline 404 (Acute Dermal Irritation / Corrosion),rabbit,semiocclusive,4.0,unchanged (no vehicle),1.0,4.0,0.0,0,"Remove Explicit Hydrogens (ID: RemoveExplicitH)
Clear Stereo (ID: ClearStereo)
Wedge Clean (ID: WedgeClean)
Mesomerize (ID: Mesomerize)
Tautomerize (ID: Tautomerize)
Add Explicit Hydrogens (ID: AddExplicitH)
Neutralize (ID: Neutralize)
Clean 2D (ID: Clean2D)",CCOC(=O)OC1CCCCC1C(C)(C)C
73,AGPKZVBTJJNPAG-UHFFFAOYSA-N,(2S)-2-amino-3-methylpentanoic acid,73-32-5,131.1729278564453,OECD Guideline 404 (Acute Dermal Irritation / Corrosion),rabbit,occlusive,4.0,water,0.0,4.0,0.0,0,"Remove Explicit Hydrogens (ID: RemoveExplicitH)
Clear Stereo (ID: ClearStereo)
Wedge Clean (ID: WedgeClean)
Mesomerize (ID: Mesomerize)
Tautomerize (ID: Tautomerize)
Add Explicit Hydrogens (ID: AddExplicitH)
Neutralize (ID: Neutralize)
Clean 2D (ID: Clean2D)",CCC(C)C(N)C(=O)O
108,BLOXMGXSDAAJGX-UHFFFAOYSA-N,(3Z)-hex-3-en-1-yl methyl carbonate,67633-96-9,158.19496154785156,OECD Guideline 404 (Acute Dermal Irritation / Corrosion),rabbit,semiocclusive,4.0,unchanged (no vehicle),0.443333333333333,4.0,0.0,0,"Remove Explicit Hydrogens (ID: RemoveExplicitH)
Clear Stereo (ID: ClearStereo)
Wedge Clean (ID: WedgeClean)
Mesomerize (ID: Mesomerize)
Tautomerize (ID: Tautomerize)
Add Explicit Hydrogens (ID: AddExplicitH)
Neutralize (ID: Neutralize)
Clean 2D (ID: Clean2D)",CCC=CCCOC(=O)OC
2796,BWVZAZPLUTUBKD-UHFFFAOYSA-N,"3-{5,5,6-trimethylbicyclo[2.2.1]heptan-2-yl}cyclohexan-1-ol",3407-42-9,236.39292907714844,OECD Guideline 404 (Acute Dermal Irritation / Corrosion),rabbit,occlusive,4.0,other: distilled water,0.0,3.0,0.0,0,"Remove Explicit Hydrogens (ID: RemoveExplicitH)
Clear Stereo (ID: ClearStereo)
Wedge Clean (ID: WedgeClean)
Mesomerize (ID: Mesomerize)
Tautomerize (ID: Tautomerize)
Add Explicit Hydrogens (ID: AddExplicitH)
Neutralize (ID: Neutralize)
Clean 2D (ID: Clean2D)",CC1C2CC(CC2C2CCCC(O)C2)C1(C)C
2741,CBIFNLUPCWCNQT-UHFFFAOYSA-N,3-hydroxy-2-(hydroxymethyl)-2-methylpropanal,18516-18-2,118.131103515625,OECD Guideline 404 (Acute Dermal Irritation / Corrosion),rabbit,semiocclusive,4.0,unchanged (no vehicle),0.0,0.0,0.0,0,"Remove Explicit Hydrogens (ID: RemoveExplicitH)
Clear Stereo (ID: ClearStereo)
Wedge Clean (ID: WedgeClean)
Mesomerize (ID: Mesomerize)
Tautomerize (ID: Tautomerize)
Add Explicit Hydrogens (ID: AddExplicitH)
Neutralize (ID: Neutralize)
Clean 2D (ID: Clean2D)",CC(C=O)(CO)CO
2403,DXGLGDHPHMLXJC-UHFFFAOYSA-N,2-benzoyl-5-methoxyphenol,131-57-7,228.2432861328125,OECD Guideline 404 (Acute Dermal Irritation / Corrosion),rabbit,semiocclusive,4.0,unchanged (no vehicle),0.0,4.0,0.0,0,"Remove Explicit Hydrogens (ID: RemoveExplicitH)
Dearomatize (ID: Dearomatize)
Clear Stereo (ID: ClearStereo)
Wedge Clean (ID: WedgeClean)
Mesomerize (ID: Mesomerize)
Tautomerize (ID: Tautomerize)
Aromatize (ID: Aromatize)
Add Explicit Hydrogens (ID: AddExplicitH)
Neutralize (ID: Neutralize)
Clean 2D (ID: Clean2D)",COc1ccc(C(=O)c2ccccc2)c(O)c1
2387,GSEJCLTVZPLZKY-UHFFFAOYSA-N,2-[bis(2-hydroxyethyl)amino]ethan-1-ol,102-71-6,149.18820190429688,OECD Guideline 404 (Acute Dermal Irritation / Corrosion),rabbit,occlusive,4.0,unchanged (no vehicle),0.0,4.0,0.0,0,"Remove Explicit Hydrogens (ID: RemoveExplicitH)
Clear Stereo (ID: ClearStereo)
Wedge Clean (ID: WedgeClean)
Mesomerize (ID: Mesomerize)
Tautomerize (ID: Tautomerize)
Add Explicit Hydrogens (ID: AddExplicitH)
Neutralize (ID: Neutralize)
Clean 2D (ID: Clean2D)",OCCN(CCO)CCO
3392,GYVGXEWAOAAJEU-UHFFFAOYSA-N,"N,N,4-trimethylaniline",99-97-8,135.2062225341797,OECD Guideline 404 (Acute Dermal Irritation / Corrosion),rabbit,occlusive,4.0,unchanged (no vehicle),1.0,3.0,0.0,0,"Remove Explicit Hydrogens (ID: RemoveExplicitH)
Dearomatize (ID: Dearomatize)
Clear Stereo (ID: ClearStereo)
Wedge Clean (ID: WedgeClean)
Mesomerize (ID: Mesomerize)
Tautomerize (ID: Tautomerize)
Aromatize (ID: Aromatize)
Add Explicit Hydrogens (ID: AddExplicitH)
Neutralize (ID: Neutralize)
Clean 2D (ID: Clean2D)",Cc1ccc(N(C)C)cc1
5171,KVMPUXDNESXNOH-UHFFFAOYSA-N,tris(2-chloro-1-methylethyl) phosphate,13674-84-5,327.569580078125,OECD Guideline 404 (Acute Dermal Irritation / Corrosion),rabbit,semiocclusive,4.0,water,1.1,8.0,0.0,0,"Remove Explicit Hydrogens (ID: RemoveExplicitH)
Clear Stereo (ID: ClearStereo)
Wedge Clean (ID: WedgeClean)
Mesomerize (ID: Mesomerize)
Tautomerize (ID: Tautomerize)
Add Explicit Hydrogens (ID: AddExplicitH)
Neutralize (ID: Neutralize)
Clean 2D (ID: Clean2D)",CC(CCl)OP(=O)(OC(C)CCl)OC(C)CCl
2083,LINXHFKHZLOLEI-UHFFFAOYSA-N,"2,2,6,6-tetramethyl-4-phenyl-4-[(trimethylsilyl)oxy]-3,5-dioxa-2,4,6-trisilaheptane",2116-84-9,372.7547912597656,OECD Guideline 404 (Acute Dermal Irritation / Corrosion),rabbit,semiocclusive,4.0,unchanged (no vehicle),0.0,4.0,0.0,0,"Remove Explicit Hydrogens (ID: RemoveExplicitH)
Dearomatize (ID: Dearomatize)
Clear Stereo (ID: ClearStereo)
Wedge Clean (ID: WedgeClean)
Mesomerize (ID: Mesomerize)
Tautomerize (ID: Tautomerize)
Aromatize (ID: Aromatize)
Add Explicit Hydrogens (ID: AddExplicitH)
Neutralize (ID: Neutralize)
Clean 2D (ID: Clean2D)",C[Si](C)(C)O[Si](O[Si](C)(C)C)(O[Si](C)(C)C)c1ccccc1
2136,NAZDVUBIEPVUKE-UHFFFAOYSA-N,"2,5-dimethoxyaniline",102-56-7,153.17843627929688,OECD Guideline 404 (Acute Dermal Irritation / Corrosion),rabbit,semiocclusive,4.0,other: Polyethyleneglycole 400,0.0,4.0,0.0,0,"Remove Explicit Hydrogens (ID: RemoveExplicitH)
Dearomatize (ID: Dearomatize)
Clear Stereo (ID: ClearStereo)
Wedge Clean (ID: WedgeClean)
Mesomerize (ID: Mesomerize)
Tautomerize (ID: Tautomerize)
Aromatize (ID: Aromatize)
Add Explicit Hydrogens (ID: AddExplicitH)
Neutralize (ID: Neutralize)
Clean 2D (ID: Clean2D)",COc1ccc(OC)c(N)c1
4459,NZYMWGXNIUZYRC-UHFFFAOYSA-N,"hexadecyl 3,5-di-tert-butyl-4-hydroxybenzoate",67845-93-6,474.7586669921875,OECD Guideline 404 (Acute Dermal Irritation / Corrosion),rabbit,semiocclusive,,other: The test substance was moistened with 0.9 mL watery ethanol (50% v/v).,0.3,4.0,0.0,0,"Remove Explicit Hydrogens (ID: RemoveExplicitH)
Dearomatize (ID: Dearomatize)
Clear Stereo (ID: ClearStereo)
Wedge Clean (ID: WedgeClean)
Mesomerize (ID: Mesomerize)
Tautomerize (ID: Tautomerize)
Aromatize (ID: Aromatize)
Add Explicit Hydrogens (ID: AddExplicitH)
Neutralize (ID: Neutralize)
Clean 2D (ID: Clean2D)",CCCCCCCCCCCCCCCCOC(=O)c1cc(C(C)(C)C)c(O)c(C(C)(C)C)c1
2077,OMVSWZDEEGIJJI-UHFFFAOYSA-N,"2,2,4-trimethyl-1-[(2-methylpropanoyl)oxy]pentan-3-yl 2-methylpropanoate",6846-50-0,286.4070129394531,OECD Guideline 404 (Acute Dermal Irritation / Corrosion),rabbit,semiocclusive,4.0,unchanged (no vehicle),0.0,0.0,0.0,0,"Remove Explicit Hydrogens (ID: RemoveExplicitH)
Clear Stereo (ID: ClearStereo)
Wedge Clean (ID: WedgeClean)
Mesomerize (ID: Mesomerize)
Tautomerize (ID: Tautomerize)
Add Explicit Hydrogens (ID: AddExplicitH)
Neutralize (ID: Neutralize)
Clean 2D (ID: Clean2D)",CC(C)C(=O)OCC(C)(C)C(OC(=O)C(C)C)C(C)C
2940,PCFHYANYPQEMPU-UHFFFAOYSA-N,"4-{5,5,6-trimethylbicyclo[2.2.1]heptan-2-yl}cyclohexan-1-ol",66068-84-6,236.39292907714844,OECD Guideline 404 (Acute Dermal Irritation / Corrosion),rabbit,occlusive,4.0,other: distilled water,0.0,3.0,0.0,0,"Remove Explicit Hydrogens (ID: RemoveExplicitH)
Clear Stereo (ID: ClearStereo)
Wedge Clean (ID: WedgeClean)
Mesomerize (ID: Mesomerize)
Tautomerize (ID: Tautomerize)
Add Explicit Hydrogens (ID: AddExplicitH)
Neutralize (ID: Neutralize)
Clean 2D (ID: Clean2D)",CC1C2CC(CC2C2CCC(O)CC2)C1(C)C
3899,QUKGYYKBILRGFE-UHFFFAOYSA-N,benzyl acetate,140-11-4,150.17449951171875,EU Method B.4 (Acute Toxicity: Dermal Irritation / Corrosion),rabbit,semiocclusive,4.0,unchanged (no vehicle),0.89,2.0,0.0,0,"Remove Explicit Hydrogens (ID: RemoveExplicitH)
Dearomatize (ID: Dearomatize)
Clear Stereo (ID: ClearStereo)
Wedge Clean (ID: WedgeClean)
Mesomerize (ID: Mesomerize)
Tautomerize (ID: Tautomerize)
Aromatize (ID: Aromatize)
Add Explicit Hydrogens (ID: AddExplicitH)
Neutralize (ID: Neutralize)
Clean 2D (ID: Clean2D)",CC(=O)OCc1ccccc1
5489,TZPHOIMASXVLQZ-UHFFFAOYSA-N,unnamed [72291-30-6],72291-30-6,127.14115905761719,OECD Guideline 404 (Acute Dermal Irritation / Corrosion),rabbit,semiocclusive,4.0,unchanged (no vehicle),0.275,4.0,0.0,0,"Remove Explicit Hydrogens (ID: RemoveExplicitH)
Clear Stereo (ID: ClearStereo)
Wedge Clean (ID: WedgeClean)
Mesomerize (ID: Mesomerize)
Tautomerize (ID: Tautomerize)
Add Explicit Hydrogens (ID: AddExplicitH)
Neutralize (ID: Neutralize)
Clean 2D (ID: Clean2D)",COC(=O)C(C)(C)C#N
2487,VWWOJJANXYSACS-UHFFFAOYSA-N,2-hydroxy-4-(methylsulfanyl)butanenitrile,17773-41-0,131.19606018066406,OECD Guideline 404 (Acute Dermal Irritation / Corrosion),rabbit,semiocclusive,4.0,unchanged (no vehicle),0.77,4.0,0.0,0,"Remove Explicit Hydrogens (ID: RemoveExplicitH)
Clear Stereo (ID: ClearStereo)
Wedge Clean (ID: WedgeClean)
Mesomerize (ID: Mesomerize)
Tautomerize (ID: Tautomerize)
Add Explicit Hydrogens (ID: AddExplicitH)
Neutralize (ID: Neutralize)
Clean 2D (ID: Clean2D)",CSCCC(O)C#N
2812,YFCVAZGXPLMNDG-UHFFFAOYSA-N,"4,4-dimethyl-2,2,6,6-tetraphenyl-3,5-dioxa-2,4,6-trisilaheptane",3982-82-9,484.8089904785156,OECD Guideline 404 (Acute Dermal Irritation / Corrosion),rabbit,semiocclusive,4.0,unchanged (no vehicle),0.553333333333333,4.0,0.0,0,"Remove Explicit Hydrogens (ID: RemoveExplicitH)
Dearomatize (ID: Dearomatize)
Clear Stereo (ID: ClearStereo)
Wedge Clean (ID: WedgeClean)
Mesomerize (ID: Mesomerize)
Tautomerize (ID: Tautomerize)
Aromatize (ID: Aromatize)
Add Explicit Hydrogens (ID: AddExplicitH)
Neutralize (ID: Neutralize)
Clean 2D (ID: Clean2D)",C[Si](C)(O[Si](C)(c1ccccc1)c1ccccc1)O[Si](C)(c1ccccc1)c1ccccc1
2808,AZZWZMUXHALBCQ-UHFFFAOYSA-N,"4,4'-methylenebis(2,6-dimethylphenol)",5384-21-4,256.3395080566406,OECD Guideline 404 (Acute Dermal Irritation / Corrosion),rabbit,occlusive,4.0,other: distilled water,0.0,3.0,0.0,0,"Remove Explicit Hydrogens (ID: RemoveExplicitH)
Dearomatize (ID: Dearomatize)
Clear Stereo (ID: ClearStereo)
Wedge Clean (ID: WedgeClean)
Mesomerize (ID: Mesomerize)
Tautomerize (ID: Tautomerize)
Aromatize (ID: Aromatize)
Add Explicit Hydrogens (ID: AddExplicitH)
Neutralize (ID: Neutralize)
Clean 2D (ID: Clean2D)",Cc1cc(Cc2cc(C)c(O)c(C)c2)cc(C)c1O
1159,CTQMWJKOPOFOSX-UHFFFAOYSA-N,-,19444-21-4,144.1683807373047,OECD Guideline 404 (Acute Dermal Irritation / Corrosion),rabbit,occlusive,4.0,unchanged (no vehicle),1.0,1.0,0.0,0,"Remove Explicit Hydrogens (ID: RemoveExplicitH)
Clear Stereo (ID: ClearStereo)
Wedge Clean (ID: WedgeClean)
Mesomerize (ID: Mesomerize)
Tautomerize (ID: Tautomerize)
Add Explicit Hydrogens (ID: AddExplicitH)
Neutralize (ID: Neutralize)
Clean 2D (ID: Clean2D)",C=CCOC(=O)C(C)(C)O
2702,DVLFYONBTKHTER-UHFFFAOYSA-N,3-(morpholin-4-yl)propane-1-sulfonic acid,1132-61-2,209.2633056640625,EU Method B.4 (Acute Toxicity: Dermal Irritation / Corrosion),rabbit,semiocclusive,4.0,water,0.0,0.0,0.0,0,"Remove Explicit Hydrogens (ID: RemoveExplicitH)
Clear Stereo (ID: ClearStereo)
Wedge Clean (ID: WedgeClean)
Mesomerize (ID: Mesomerize)
Tautomerize (ID: Tautomerize)
Add Explicit Hydrogens (ID: AddExplicitH)
Neutralize (ID: Neutralize)
Clean 2D (ID: Clean2D)",O=S(=O)(O)CCCN1CCOCC1
4853,HNJBEVLQSNELDL-UHFFFAOYSA-N,pyrrolidin-2-one,616-45-5,85.10447692871094,OECD Guideline 404 (Acute Dermal Irritation / Corrosion),rabbit,semiocclusive,4.0,unchanged (no vehicle),0.25,4.0,0.0,0,"Remove Explicit Hydrogens (ID: RemoveExplicitH)
Clear Stereo (ID: ClearStereo)
Wedge Clean (ID: WedgeClean)
Mesomerize (ID: Mesomerize)
Tautomerize (ID: Tautomerize)
Add Explicit Hydrogens (ID: AddExplicitH)
Neutralize (ID: Neutralize)
Clean 2D (ID: Clean2D)",O=C1CCCN1
2930,IIZURLNRIMKEDL-UHFFFAOYSA-N,4-tert-butylbenzonitrile,4210-32-6,159.22763061523438,OECD Guideline 404 (Acute Dermal Irritation / Corrosion),rabbit,semiocclusive,4.0,unchanged (no vehicle),0.5,4.0,0.0,0,"Remove Explicit Hydrogens (ID: RemoveExplicitH)
Dearomatize (ID: Dearomatize)
Clear Stereo (ID: ClearStereo)
Wedge Clean (ID: WedgeClean)
Mesomerize (ID: Mesomerize)
Tautomerize (ID: Tautomerize)
Aromatize (ID: Aromatize)
Add Explicit Hydrogens (ID: AddExplicitH)
Neutralize (ID: Neutralize)
Clean 2D (ID: Clean2D)",CC(C)(C)c1ccc(C#N)cc1
3923,KGLSETWPYVUTQX-UHFFFAOYSA-N,bis(4-isocyanatophenyl) [(4-isocyanatophenyl)sulfanyl]phosphonate,4151-51-3,465.375244140625,OECD Guideline 404 (Acute Dermal Irritation / Corrosion),rabbit,semiocclusive,4.0,unchanged (no vehicle),0.666666666666666,4.0,0.0,0,"Remove Explicit Hydrogens (ID: RemoveExplicitH)
Dearomatize (ID: Dearomatize)
Clear Stereo (ID: ClearStereo)
Wedge Clean (ID: WedgeClean)
Mesomerize (ID: Mesomerize)
Tautomerize (ID: Tautomerize)
Aromatize (ID: Aromatize)
Add Explicit Hydrogens (ID: AddExplicitH)
Neutralize (ID: Neutralize)
Clean 2D (ID: Clean2D)",O=C=Nc1ccc(OP(=S)(Oc2ccc(N=C=O)cc2)Oc2ccc(N=C=O)cc2)cc1
3827,KUAZQDVKQLNFPE-UHFFFAOYSA-N,[disulfanediylbis(carbonothioylnitrilo)]tetramethane,137-26-8,240.43287658691406,EPA OPP 81-5 (Acute Dermal Irritation),rabbit,semiocclusive,4.0,water,0.16,1.0,0.0,0,"Remove Explicit Hydrogens (ID: RemoveExplicitH)
Clear Stereo (ID: ClearStereo)
Wedge Clean (ID: WedgeClean)
Mesomerize (ID: Mesomerize)
Tautomerize (ID: Tautomerize)
Add Explicit Hydrogens (ID: AddExplicitH)
Neutralize (ID: Neutralize)
Clean 2D (ID: Clean2D)",CN(C)C(=S)SSC(=S)N(C)C
2900,MWOOGOJBHIARFG-UHFFFAOYSA-N,4-hydroxy-3-methoxybenzaldehyde,121-33-5,152.14732360839844,other: EU Method B.3 (Acute toxicity (dermal)),rat,semiocclusive,24.0,water,0.0,4.0,0.0,0,"Remove Explicit Hydrogens (ID: RemoveExplicitH)
Dearomatize (ID: Dearomatize)
Clear Stereo (ID: ClearStereo)
Wedge Clean (ID: WedgeClean)
Mesomerize (ID: Mesomerize)
Tautomerize (ID: Tautomerize)
Aromatize (ID: Aromatize)
Add Explicit Hydrogens (ID: AddExplicitH)
Neutralize (ID: Neutralize)
Clean 2D (ID: Clean2D)",COc1cc(C=O)ccc1O
2412,NMBQBIACXMPEQB-UHFFFAOYSA-N,2-butoxyethyl benzoate,5451-76-3,222.2802276611328,OECD Guideline 404 (Acute Dermal Irritation / Corrosion),rabbit,semiocclusive,4.0,unchanged (no vehicle),1.0,1.0,0.0,0,"Remove Explicit Hydrogens (ID: RemoveExplicitH)
Dearomatize (ID: Dearomatize)
Clear Stereo (ID: ClearStereo)
Wedge Clean (ID: WedgeClean)
Mesomerize (ID: Mesomerize)
Tautomerize (ID: Tautomerize)
Aromatize (ID: Aromatize)
Add Explicit Hydrogens (ID: AddExplicitH)
Neutralize (ID: Neutralize)
Clean 2D (ID: Clean2D)",CCCCOCCOC(=O)c1ccccc1
2597,OSORMYZMWHVFOZ-UHFFFAOYSA-N,2-phenylethyl benzoate,94-47-3,226.2704620361328,OECD Guideline 404 (Acute Dermal Irritation / Corrosion),rabbit,occlusive,4.0,unchanged (no vehicle),0.5,4.0,0.0,0,"Remove Explicit Hydrogens (ID: RemoveExplicitH)
Dearomatize (ID: Dearomatize)
Clear Stereo (ID: ClearStereo)
Wedge Clean (ID: WedgeClean)
Mesomerize (ID: Mesomerize)
Tautomerize (ID: Tautomerize)
Aromatize (ID: Aromatize)
Add Explicit Hydrogens (ID: AddExplicitH)
Neutralize (ID: Neutralize)
Clean 2D (ID: Clean2D)",O=C(OCCc1ccccc1)c1ccccc1
4706,OVQJAEGJPUEXQD-UHFFFAOYSA-N,octadec-2-enylsuccinic acid,68015-93-0,368.55059814453125,OECD Guideline 404 (Acute Dermal Irritation / Corrosion),rabbit,occlusive,4.0,unchanged (no vehicle),0.0,0.0,0.0,0,"Remove Explicit Hydrogens (ID: RemoveExplicitH)
Clear Stereo (ID: ClearStereo)
Wedge Clean (ID: WedgeClean)
Mesomerize (ID: Mesomerize)
Tautomerize (ID: Tautomerize)
Add Explicit Hydrogens (ID: AddExplicitH)
Neutralize (ID: Neutralize)
Clean 2D (ID: Clean2D)",CCCCCCCCCCCCCCCC=CCC(CC(=O)O)C(=O)O
5130,UDUKMRHNZZLJRB-UHFFFAOYSA-N,triethoxy(2-{7-oxabicyclo[4.1.0]heptan-3-yl}ethyl)silane,10217-34-2,288.4552307128906,"other: EPA Guidelines for Registering Pesticides in the U.S.(Pesticide Assessment Guidelines, Subdivision F, Hazard Evaluation: Human and Domestic Animals, Section 81-5)",rabbit,semiocclusive,4.0,unchanged (no vehicle),0.166666666666666,,0.0,0,"Remove Explicit Hydrogens (ID: RemoveExplicitH)
Clear Stereo (ID: ClearStereo)
Wedge Clean (ID: WedgeClean)
Mesomerize (ID: Mesomerize)
Tautomerize (ID: Tautomerize)
Add Explicit Hydrogens (ID: AddExplicitH)
Neutralize (ID: Neutralize)
Clean 2D (ID: Clean2D)",CCO[Si](CCC1CCC2OC2C1)(OCC)OCC
2450,WMYINDVYGQKYMI-UHFFFAOYSA-N,"2-ethyl-2-{[2-ethyl-3-hydroxy-2-(hydroxymethyl)propoxy]methyl}propane-1,3-diol",23235-61-2,250.33184814453125,OECD Guideline 404 (Acute Dermal Irritation / Corrosion),rabbit,semiocclusive,4.0,water,0.0,4.0,0.0,0,"Remove Explicit Hydrogens (ID: RemoveExplicitH)
Clear Stereo (ID: ClearStereo)
Wedge Clean (ID: WedgeClean)
Mesomerize (ID: Mesomerize)
Tautomerize (ID: Tautomerize)
Add Explicit Hydrogens (ID: AddExplicitH)
Neutralize (ID: Neutralize)
Clean 2D (ID: Clean2D)",CCC(CO)(CO)COCC(CC)(CO)CO
4733,WSGDRFHJFJRSFY-UHFFFAOYSA-N,ol,2896-70-0,170.2288360595703,EU Method B.6 (Skin Sensitisation),guinea pig,,,arachis oil,1.0,1.0,0.0,0,"Remove Explicit Hydrogens (ID: RemoveExplicitH)
Clear Stereo (ID: ClearStereo)
Wedge Clean (ID: WedgeClean)
Mesomerize (ID: Mesomerize)
Tautomerize (ID: Tautomerize)
Add Explicit Hydrogens (ID: AddExplicitH)
Neutralize (ID: Neutralize)
Clean 2D (ID: Clean2D)",CC1(C)CC(=O)CC(C)(C)N1[O]
2474,ZNYBQVBNSXLZNI-UHFFFAOYSA-N,2-ethylhexyl cyanoacetate,13361-34-7,197.27406311035156,OECD Guideline 404 (Acute Dermal Irritation / Corrosion),rabbit,semiocclusive,4.0,unchanged (no vehicle),0.1,1.0,0.0,0,"Remove Explicit Hydrogens (ID: RemoveExplicitH)
Clear Stereo (ID: ClearStereo)
Wedge Clean (ID: WedgeClean)
Mesomerize (ID: Mesomerize)
Tautomerize (ID: Tautomerize)
Add Explicit Hydrogens (ID: AddExplicitH)
Neutralize (ID: Neutralize)
Clean 2D (ID: Clean2D)",CCCCC(CC)COC(=O)CC#N
"2756, 2757",JSGVZVOGOQILFM-UHFFFAOYSA-N,3-methoxybutan-1-ol,2517-43-3,104.1475830078125,OECD Guideline 404 (Acute Dermal Irritation / Corrosion),rabbit,semiocclusive,4.0,unchanged (no vehicle),0.0,4.0,0.0,0,"Remove Explicit Hydrogens (ID: RemoveExplicitH)
Clear Stereo (ID: ClearStereo)
Wedge Clean (ID: WedgeClean)
Mesomerize (ID: Mesomerize)
Tautomerize (ID: Tautomerize)
Add Explicit Hydrogens (ID: AddExplicitH)
Neutralize (ID: Neutralize)
Clean 2D (ID: Clean2D)",COC(C)CCO
2159,BNBRIFIJRKJGEI-UHFFFAOYSA-N,"2,6-difluorobenzonitrile",1897-52-5,139.10223388671875,OECD Guideline 404 (Acute Dermal Irritation / Corrosion),rabbit,occlusive,4.0,unchanged (no vehicle),0.433333333333333,4.0,0.0,0,"Remove Explicit Hydrogens (ID: RemoveExplicitH)
Dearomatize (ID: Dearomatize)
Clear Stereo (ID: ClearStereo)
Wedge Clean (ID: WedgeClean)
Mesomerize (ID: Mesomerize)
Tautomerize (ID: Tautomerize)
Aromatize (ID: Aromatize)
Add Explicit Hydrogens (ID: AddExplicitH)
Neutralize (ID: Neutralize)
Clean 2D (ID: Clean2D)",N#Cc1c(F)cccc1F
2421,CRZJPEIBPQWDGJ-UHFFFAOYSA-N,"2-chloro-1,1-dimethoxyethane",97-97-2,124.5660629272461,OECD Guideline 404 (Acute Dermal Irritation / Corrosion),rabbit,semiocclusive,4.0,water,0.666666666666666,,0.0,0,"Remove Explicit Hydrogens (ID: RemoveExplicitH)
Clear Stereo (ID: ClearStereo)
Wedge Clean (ID: WedgeClean)
Mesomerize (ID: Mesomerize)
Tautomerize (ID: Tautomerize)
Add Explicit Hydrogens (ID: AddExplicitH)
Neutralize (ID: Neutralize)
Clean 2D (ID: Clean2D)",COC(CCl)OC
2395,FZCQMIRJCGWWCL-UHFFFAOYSA-N,2-amino-5-chlorophenol,28443-50-7,143.57093811035156,OECD Guideline 404 (Acute Dermal Irritation / Corrosion),rabbit,semiocclusive,4.0,other: polyethylene glycol 400,0.4,,0.0,0,"Remove Explicit Hydrogens (ID: RemoveExplicitH)
Dearomatize (ID: Dearomatize)
Clear Stereo (ID: ClearStereo)
Wedge Clean (ID: WedgeClean)
Mesomerize (ID: Mesomerize)
Tautomerize (ID: Tautomerize)
Aromatize (ID: Aromatize)
Add Explicit Hydrogens (ID: AddExplicitH)
Neutralize (ID: Neutralize)
Clean 2D (ID: Clean2D)",Nc1ccc(Cl)cc1O
4335,GGUBFICZYGKNTD-UHFFFAOYSA-N,ethyl 2-(diethoxyphosphoryl)acetate,867-13-0,224.19134521484375,other: 16 CFR 1500.41,rabbit,occlusive,24.0,unchanged (no vehicle),0.5,4.0,0.0,0,"Remove Explicit Hydrogens (ID: RemoveExplicitH)
Clear Stereo (ID: ClearStereo)
Wedge Clean (ID: WedgeClean)
Mesomerize (ID: Mesomerize)
Tautomerize (ID: Tautomerize)
Add Explicit Hydrogens (ID: AddExplicitH)
Neutralize (ID: Neutralize)
Clean 2D (ID: Clean2D)",CCOC(=O)CP(=O)(OCC)OCC
2388,GVNHOISKXMSMPX-UHFFFAOYSA-N,2-[butyl(2-hydroxyethyl)amino]ethan-1-ol,102-79-4,161.24195861816406,OECD Guideline 404 (Acute Dermal Irritation / Corrosion),rabbit,semiocclusive,4.0,unchanged (no vehicle),0.22,1.0,0.0,0,"Remove Explicit Hydrogens (ID: RemoveExplicitH)
Clear Stereo (ID: ClearStereo)
Wedge Clean (ID: WedgeClean)
Mesomerize (ID: Mesomerize)
Tautomerize (ID: Tautomerize)
Add Explicit Hydrogens (ID: AddExplicitH)
Neutralize (ID: Neutralize)
Clean 2D (ID: Clean2D)",CCCCN(CCO)CCO
153,IJHIIHORMWQZRQ-UHFFFAOYSA-N,(ethenesulfonyl)methanesulfonylethene,3278-22-6,196.24461364746094,OECD Guideline 404 (Acute Dermal Irritation / Corrosion),rabbit,semiocclusive,,,1.0,,0.0,0,"Remove Explicit Hydrogens (ID: RemoveExplicitH)
Clear Stereo (ID: ClearStereo)
Wedge Clean (ID: WedgeClean)
Mesomerize (ID: Mesomerize)
Tautomerize (ID: Tautomerize)
Add Explicit Hydrogens (ID: AddExplicitH)
Neutralize (ID: Neutralize)
Clean 2D (ID: Clean2D)",C=CS(=O)(=O)CS(=O)(=O)C=C
4536,KVWWIYGFBYDJQC-UHFFFAOYSA-N,methyl 2-(3-oxo-2-pentylcyclopentyl)acetate,24851-98-7,226.31198120117188,OECD Guideline 404 (Acute Dermal Irritation / Corrosion),rabbit,occlusive,4.0,unchanged (no vehicle),0.0,4.0,0.0,0,"Remove Explicit Hydrogens (ID: RemoveExplicitH)
Clear Stereo (ID: ClearStereo)
Wedge Clean (ID: WedgeClean)
Mesomerize (ID: Mesomerize)
Tautomerize (ID: Tautomerize)
Add Explicit Hydrogens (ID: AddExplicitH)
Neutralize (ID: Neutralize)
Clean 2D (ID: Clean2D)",CCCCCC1C(=O)CCC1CC(=O)OC
2435,NHWQMJMIYICNBP-UHFFFAOYSA-N,2-chlorobenzonitrile,873-32-5,137.5663604736328,OECD Guideline 404 (Acute Dermal Irritation / Corrosion),rabbit,semiocclusive,4.0,other: propylene glycole,0.0,0.0,0.0,0,"Remove Explicit Hydrogens (ID: RemoveExplicitH)
Dearomatize (ID: Dearomatize)
Clear Stereo (ID: ClearStereo)
Wedge Clean (ID: WedgeClean)
Mesomerize (ID: Mesomerize)
Tautomerize (ID: Tautomerize)
Aromatize (ID: Aromatize)
Add Explicit Hydrogens (ID: AddExplicitH)
Neutralize (ID: Neutralize)
Clean 2D (ID: Clean2D)",N#Cc1ccccc1Cl
322,PXWAQUODOTWYMT-UHFFFAOYSA-N,-,10305-38-1,176.25331115722656,OECD Guideline 404 (Acute Dermal Irritation / Corrosion),rabbit,semiocclusive,4.0,unchanged (no vehicle),1.3,4.0,0.0,0,"Remove Explicit Hydrogens (ID: RemoveExplicitH)
Clear Stereo (ID: ClearStereo)
Wedge Clean (ID: WedgeClean)
Mesomerize (ID: Mesomerize)
Tautomerize (ID: Tautomerize)
Add Explicit Hydrogens (ID: AddExplicitH)
Neutralize (ID: Neutralize)
Clean 2D (ID: Clean2D)",CCCCCCOC(CO)CO
2922,SHOJXDKTYKFBRD-UHFFFAOYSA-N,4-methylpent-3-en-2-one,141-79-7,98.14300537109375,OECD Guideline 404 (Acute Dermal Irritation / Corrosion),rabbit,semiocclusive,4.0,unchanged (no vehicle),0.766666666666666,4.0,0.0,0,"Remove Explicit Hydrogens (ID: RemoveExplicitH)
Clear Stereo (ID: ClearStereo)
Wedge Clean (ID: WedgeClean)
Mesomerize (ID: Mesomerize)
Tautomerize (ID: Tautomerize)
Add Explicit Hydrogens (ID: AddExplicitH)
Neutralize (ID: Neutralize)
Clean 2D (ID: Clean2D)",CC(=O)C=C(C)C
2832,VPWNQTHUCYMVMZ-UHFFFAOYSA-N,4-(4-hydroxybenzenesulfonyl)phenol,80-09-1,250.27040100097656,OECD Guideline 404 (Acute Dermal Irritation / Corrosion),rabbit,occlusive,4.0,unchanged (no vehicle),0.0,4.0,0.0,0,"Remove Explicit Hydrogens (ID: RemoveExplicitH)
Dearomatize (ID: Dearomatize)
Clear Stereo (ID: ClearStereo)
Wedge Clean (ID: WedgeClean)
Mesomerize (ID: Mesomerize)
Tautomerize (ID: Tautomerize)
Aromatize (ID: Aromatize)
Add Explicit Hydrogens (ID: AddExplicitH)
Neutralize (ID: Neutralize)
Clean 2D (ID: Clean2D)",O=S(=O)(c1ccc(O)cc1)c1ccc(O)cc1
1728,WYUIWKFIFOJVKW-UHFFFAOYSA-N,"1,2-dichloro-4-methylbenzene",95-75-0,161.02853393554688,OECD Guideline 404 (Acute Dermal Irritation / Corrosion),rabbit,semiocclusive,4.0,unchanged (no vehicle),1.4,4.0,0.0,0,"Remove Explicit Hydrogens (ID: RemoveExplicitH)
Dearomatize (ID: Dearomatize)
Clear Stereo (ID: ClearStereo)
Wedge Clean (ID: WedgeClean)
Mesomerize (ID: Mesomerize)
Tautomerize (ID: Tautomerize)
Aromatize (ID: Aromatize)
Add Explicit Hydrogens (ID: AddExplicitH)
Neutralize (ID: Neutralize)
Clean 2D (ID: Clean2D)",Cc1ccc(Cl)c(Cl)c1
1766,XEVRDFDBXJMZFG-UHFFFAOYSA-N,"1,3-diaminourea",497-18-7,90.08454132080078,OECD Guideline 404 (Acute Dermal Irritation / Corrosion),rabbit,semiocclusive,4.0,other: Test item was moistened with distilled water.,0.11,4.0,0.0,0,"Remove Explicit Hydrogens (ID: RemoveExplicitH)
Clear Stereo (ID: ClearStereo)
Wedge Clean (ID: WedgeClean)
Mesomerize (ID: Mesomerize)
Tautomerize (ID: Tautomerize)
Add Explicit Hydrogens (ID: AddExplicitH)
Neutralize (ID: Neutralize)
Clean 2D (ID: Clean2D)",NNC(=O)NN
2054,YFCGDEUVHLPRCZ-UHFFFAOYSA-N,"2,2,4,4,6,6,8,8-octamethyl-3,5,7-trioxa-2,4,6,8-tetrasilanonane",141-62-8,310.6853942871094,OECD Guideline 404 (Acute Dermal Irritation / Corrosion),rabbit,semiocclusive,4.0,unchanged (no vehicle),0.0,4.0,0.0,0,"Remove Explicit Hydrogens (ID: RemoveExplicitH)
Clear Stereo (ID: ClearStereo)
Wedge Clean (ID: WedgeClean)
Mesomerize (ID: Mesomerize)
Tautomerize (ID: Tautomerize)
Add Explicit Hydrogens (ID: AddExplicitH)
Neutralize (ID: Neutralize)
Clean 2D (ID: Clean2D)",C[Si](C)(C)O[Si](C)(C)O[Si](C)(C)O[Si](C)(C)C
4340,ZIUSEGSNTOUIPT-UHFFFAOYSA-N,ethyl 2-cyanoacetate,105-56-6,113.11457824707031,EU Method B.4 (Acute Toxicity: Dermal Irritation / Corrosion),rabbit,semiocclusive,4.0,unchanged (no vehicle),0.0,,0.0,0,"Remove Explicit Hydrogens (ID: RemoveExplicitH)
Clear Stereo (ID: ClearStereo)
Wedge Clean (ID: WedgeClean)
Mesomerize (ID: Mesomerize)
Tautomerize (ID: Tautomerize)
Add Explicit Hydrogens (ID: AddExplicitH)
Neutralize (ID: Neutralize)
Clean 2D (ID: Clean2D)",CCOC(=O)CC#N
1737,ABDKAPXRBAPSQN-UHFFFAOYSA-N,"1,2-dimethoxybenzene",91-16-7,138.16380310058594,OECD Guideline 404 (Acute Dermal Irritation / Corrosion),rabbit,semiocclusive,4.0,unchanged (no vehicle),1.0,4.0,0.0,0,"Remove Explicit Hydrogens (ID: RemoveExplicitH)
Dearomatize (ID: Dearomatize)
Clear Stereo (ID: ClearStereo)
Wedge Clean (ID: WedgeClean)
Mesomerize (ID: Mesomerize)
Tautomerize (ID: Tautomerize)
Aromatize (ID: Aromatize)
Add Explicit Hydrogens (ID: AddExplicitH)
Neutralize (ID: Neutralize)
Clean 2D (ID: Clean2D)",COc1ccccc1OC
4179,CQCXMYUCNSJSKG-UHFFFAOYSA-N,dimethyl ethenylphosphonate,4645-32-3,136.0862274169922,OECD Guideline 404 (Acute Dermal Irritation / Corrosion),rabbit,semiocclusive,4.0,unchanged (no vehicle),0.566666666666666,4.0,0.0,0,"Remove Explicit Hydrogens (ID: RemoveExplicitH)
Clear Stereo (ID: ClearStereo)
Wedge Clean (ID: WedgeClean)
Mesomerize (ID: Mesomerize)
Tautomerize (ID: Tautomerize)
Add Explicit Hydrogens (ID: AddExplicitH)
Neutralize (ID: Neutralize)
Clean 2D (ID: Clean2D)",C=CP(=O)(OC)OC
3931,FAUOSXUSCVJWAY-UHFFFAOYSA-N,bis(tetrakis(hydroxymethyl)phosphanium) sulfate,55566-30-8,155.10943603515625,EPA OPP 81-5 (Acute Dermal Irritation),rabbit,semiocclusive,4.0,unchanged (no vehicle),0.0,4.0,0.0,0,"Remove Explicit Hydrogens (ID: RemoveExplicitH)
Clear Stereo (ID: ClearStereo)
Wedge Clean (ID: WedgeClean)
Mesomerize (ID: Mesomerize)
Tautomerize (ID: Tautomerize)
Add Explicit Hydrogens (ID: AddExplicitH)
Clean 2D (ID: Clean2D)",OC[P+](CO)(CO)CO
1471,ITUWQZXQRZLLCR-UHFFFAOYSA-N,-,143925-92-2,537.98681640625,EU Method B.4 (Acute Toxicity: Dermal Irritation / Corrosion),rabbit,occlusive,4.0,other: 0.5 % (w/v) carboxymethylcellulose in 0.1 % (w/v) aqueous polysorbate 80,0.553333333333333,4.0,0.0,0,"Remove Explicit Hydrogens (ID: RemoveExplicitH)
Clear Stereo (ID: ClearStereo)
Wedge Clean (ID: WedgeClean)
Mesomerize (ID: Mesomerize)
Tautomerize (ID: Tautomerize)
Add Explicit Hydrogens (ID: AddExplicitH)
Neutralize (ID: Neutralize)
Clean 2D (ID: Clean2D)",CCCCCCCCCCCCCCCCCCN(O)CCCCCCCCCCCCCCCCCC
172,KADOHHPNWMXGNG-UHFFFAOYSA-N,-,63141-09-3,118.56147766113281,EU Method B.4 (Acute Toxicity: Dermal Irritation / Corrosion),rabbit,semiocclusive,4.0,unchanged (no vehicle),0.88,1.0,0.0,0,"Remove Explicit Hydrogens (ID: RemoveExplicitH)
Clear Stereo (ID: ClearStereo)
Wedge Clean (ID: WedgeClean)
Mesomerize (ID: Mesomerize)
Tautomerize (ID: Tautomerize)
Add Explicit Hydrogens (ID: AddExplicitH)
Neutralize (ID: Neutralize)
Clean 2D (ID: Clean2D)",CC(=O)C1(Cl)CC1
1870,LVTYICIALWPMFW-UHFFFAOYSA-N,1-[(2-hydroxypropyl)amino]propan-2-ol,110-97-4,133.1887969970703,OECD Guideline 404 (Acute Dermal Irritation / Corrosion),rabbit,semiocclusive,4.0,unchanged (no vehicle),0.06,4.0,0.0,0,"Remove Explicit Hydrogens (ID: RemoveExplicitH)
Clear Stereo (ID: ClearStereo)
Wedge Clean (ID: WedgeClean)
Mesomerize (ID: Mesomerize)
Tautomerize (ID: Tautomerize)
Add Explicit Hydrogens (ID: AddExplicitH)
Neutralize (ID: Neutralize)
Clean 2D (ID: Clean2D)",CC(O)CNCC(C)O
1580,OTERUZJEJFMEEB-UHFFFAOYSA-N,-,3508-98-3,173.2541961669922,EU Method B.4 (Acute Toxicity: Dermal Irritation / Corrosion),rabbit,semiocclusive,4.0,unchanged (no vehicle),1.22333333333333,4.0,0.0,0,"Remove Explicit Hydrogens (ID: RemoveExplicitH)
Dearomatize (ID: Dearomatize)
Clear Stereo (ID: ClearStereo)
Wedge Clean (ID: WedgeClean)
Mesomerize (ID: Mesomerize)
Tautomerize (ID: Tautomerize)
Aromatize (ID: Aromatize)
Add Explicit Hydrogens (ID: AddExplicitH)
Neutralize (ID: Neutralize)
Clean 2D (ID: Clean2D)",CCCCC(C#N)c1ccccc1
1672,QLCJOAMJPCOIDI-UHFFFAOYSA-N,"1,1'-[methylenebis(oxy)]dibutane",2568-90-3,160.25390625,OECD Guideline 404 (Acute Dermal Irritation / Corrosion),rabbit,semiocclusive,4.0,unchanged (no vehicle),1.18181818181818,4.0,0.0,0,"Remove Explicit Hydrogens (ID: RemoveExplicitH)
Clear Stereo (ID: ClearStereo)
Wedge Clean (ID: WedgeClean)
Mesomerize (ID: Mesomerize)
Tautomerize (ID: Tautomerize)
Add Explicit Hydrogens (ID: AddExplicitH)
Neutralize (ID: Neutralize)
Clean 2D (ID: Clean2D)",CCCCOCOCCCC
2627,SHKUUQIDMUMQQK-UHFFFAOYSA-N,2-{[4-(oxiran-2-ylmethoxy)butoxy]methyl}oxirane,2425-79-8,202.24752807617188,OECD Guideline 404 (Acute Dermal Irritation / Corrosion),rabbit,semiocclusive,4.0,unchanged (no vehicle),0.0,4.0,0.0,0,"Remove Explicit Hydrogens (ID: RemoveExplicitH)
Clear Stereo (ID: ClearStereo)
Wedge Clean (ID: WedgeClean)
Mesomerize (ID: Mesomerize)
Tautomerize (ID: Tautomerize)
Add Explicit Hydrogens (ID: AddExplicitH)
Neutralize (ID: Neutralize)
Clean 2D (ID: Clean2D)",C(CCOCC1CO1)COCC1CO1
8,UAUDZVJPLUQNMU-UHFFFAOYSA-N,(13Z)-docos-13-enamide,112-84-5,337.5829162597656,EU Method B.4 (Acute Toxicity: Dermal Irritation / Corrosion),rabbit,semiocclusive,4.0,water,0.0,4.0,0.0,0,"Remove Explicit Hydrogens (ID: RemoveExplicitH)
Clear Stereo (ID: ClearStereo)
Wedge Clean (ID: WedgeClean)
Mesomerize (ID: Mesomerize)
Tautomerize (ID: Tautomerize)
Add Explicit Hydrogens (ID: AddExplicitH)
Neutralize (ID: Neutralize)
Clean 2D (ID: Clean2D)",CCCCCCCCC=CCCCCCCCCCCCC(N)=O
1961,WAPNOHKVXSQRPX-UHFFFAOYSA-N,1-phenylethan-1-ol,98-85-1,122.1644058227539,OECD Guideline 404 (Acute Dermal Irritation / Corrosion),rabbit,occlusive,4.0,unchanged (no vehicle),0.0,4.0,0.0,0,"Remove Explicit Hydrogens (ID: RemoveExplicitH)
Dearomatize (ID: Dearomatize)
Clear Stereo (ID: ClearStereo)
Wedge Clean (ID: WedgeClean)
Mesomerize (ID: Mesomerize)
Tautomerize (ID: Tautomerize)
Aromatize (ID: Aromatize)
Add Explicit Hydrogens (ID: AddExplicitH)
Neutralize (ID: Neutralize)
Clean 2D (ID: Clean2D)",CC(O)c1ccccc1
1836,XRKJBJLXKLOLKS-UHFFFAOYSA-N,1-(2-ethylbutyl)cyclohexane-1-carboxylic acid,381209-09-2,212.32846069335938,OECD Guideline 404 (Acute Dermal Irritation / Corrosion),rabbit,semiocclusive,4.0,unchanged (no vehicle),1.3,4.0,0.0,0,"Remove Explicit Hydrogens (ID: RemoveExplicitH)
Clear Stereo (ID: ClearStereo)
Wedge Clean (ID: WedgeClean)
Mesomerize (ID: Mesomerize)
Tautomerize (ID: Tautomerize)
Add Explicit Hydrogens (ID: AddExplicitH)
Neutralize (ID: Neutralize)
Clean 2D (ID: Clean2D)",CCC(CC)CC1(C(=O)O)CCCCC1
"1863, 1864",ATGUVEKSASEFFO-UHFFFAOYSA-N,"1-N-phenylbenzene-1,4-diamine",101-54-2,184.23707580566406,"other: FIFRA volume 43, no. 143 August 22, 1978, part 163.81-5; TSCA volume 44, no. 145, July 26, 1979, part 772. 112-25 (EPA); FIFRA US EPA November 1982, Section 81-5 primary dermal irritation study; TSCA US EPA august 1982, acute exposure, pimary dermal irrit",rabbit,semiocclusive,14.0,unchanged (no vehicle),0.25,4.0,0.0,0,"Remove Explicit Hydrogens (ID: RemoveExplicitH)
Dearomatize (ID: Dearomatize)
Clear Stereo (ID: ClearStereo)
Wedge Clean (ID: WedgeClean)
Mesomerize (ID: Mesomerize)
Tautomerize (ID: Tautomerize)
Aromatize (ID: Aromatize)
Add Explicit Hydrogens (ID: AddExplicitH)
Neutralize (ID: Neutralize)
Clean 2D (ID: Clean2D)",Nc1ccc(Nc2ccccc2)cc1
"1723, 1724, 1725",DOIRQSBPFJWKBE-UHFFFAOYSA-N,"1,2-dibutyl benzene-1,2-dicarboxylate",84-74-2,278.3434753417969,OECD Guideline 404 (Acute Dermal Irritation / Corrosion),rabbit,semiocclusive,4.0,unchanged (no vehicle),0.3,4.0,0.0,0,"Remove Explicit Hydrogens (ID: RemoveExplicitH)
Dearomatize (ID: Dearomatize)
Clear Stereo (ID: ClearStereo)
Wedge Clean (ID: WedgeClean)
Mesomerize (ID: Mesomerize)
Tautomerize (ID: Tautomerize)
Aromatize (ID: Aromatize)
Add Explicit Hydrogens (ID: AddExplicitH)
Neutralize (ID: Neutralize)
Clean 2D (ID: Clean2D)",CCCCOC(=O)c1ccccc1C(=O)OCCCC
"3887, 3888",GEYOCULIXLDCMW-UHFFFAOYSA-N,"benzene-1,2-diamine",95-54-5,108.14112091064453,OECD Guideline 404 (Acute Dermal Irritation / Corrosion),rabbit,semiocclusive,4.0,physiological saline,0.55,,0.0,0,"Remove Explicit Hydrogens (ID: RemoveExplicitH)
Dearomatize (ID: Dearomatize)
Clear Stereo (ID: ClearStereo)
Wedge Clean (ID: WedgeClean)
Mesomerize (ID: Mesomerize)
Tautomerize (ID: Tautomerize)
Aromatize (ID: Aromatize)
Add Explicit Hydrogens (ID: AddExplicitH)
Neutralize (ID: Neutralize)
Clean 2D (ID: Clean2D)",Nc1ccccc1N
3474,BGRWYDHXPHLNKA-UHFFFAOYSA-N,N-acetyl-N-[2-(N-acetylacetamido)ethyl]acetamide,10543-57-4,228.2450408935547,EPA OPPTS 870.2500 (Acute Dermal Irritation),rabbit,semiocclusive,24.0,water,0.125,4.0,0.0,0,"Remove Explicit Hydrogens (ID: RemoveExplicitH)
Clear Stereo (ID: ClearStereo)
Wedge Clean (ID: WedgeClean)
Mesomerize (ID: Mesomerize)
Tautomerize (ID: Tautomerize)
Add Explicit Hydrogens (ID: AddExplicitH)
Neutralize (ID: Neutralize)
Clean 2D (ID: Clean2D)",CC(=O)N(CCN(C(C)=O)C(C)=O)C(C)=O
4328,FWDBOZPQNFPOLF-UHFFFAOYSA-N,ethenyltriethoxysilane,78-08-0,190.31222534179688,OECD Guideline 404 (Acute Dermal Irritation / Corrosion),rabbit,semiocclusive,4.0,unchanged (no vehicle),0.9,4.0,0.0,0,"Remove Explicit Hydrogens (ID: RemoveExplicitH)
Clear Stereo (ID: ClearStereo)
Wedge Clean (ID: WedgeClean)
Mesomerize (ID: Mesomerize)
Tautomerize (ID: Tautomerize)
Add Explicit Hydrogens (ID: AddExplicitH)
Neutralize (ID: Neutralize)
Clean 2D (ID: Clean2D)",C=C[Si](OCC)(OCC)OCC
2883,HNQLMBJUMVLFCF-UHFFFAOYSA-N,"4-chloro-1,2-dimethylbenzene",615-60-1,140.6100616455078,OECD Guideline 404 (Acute Dermal Irritation / Corrosion),rabbit,semiocclusive,4.0,unchanged (no vehicle),1.0825,4.0,0.0,0,"Remove Explicit Hydrogens (ID: RemoveExplicitH)
Dearomatize (ID: Dearomatize)
Clear Stereo (ID: ClearStereo)
Wedge Clean (ID: WedgeClean)
Mesomerize (ID: Mesomerize)
Tautomerize (ID: Tautomerize)
Aromatize (ID: Aromatize)
Add Explicit Hydrogens (ID: AddExplicitH)
Neutralize (ID: Neutralize)
Clean 2D (ID: Clean2D)",Cc1ccc(Cl)cc1C
4998,JKUYRAMKJLMYLO-UHFFFAOYSA-N,tert-butyl 3-oxobutanoate,1694-31-1,158.19496154785156,OECD Guideline 404 (Acute Dermal Irritation / Corrosion),rabbit,semiocclusive,4.0,unchanged (no vehicle),0.566666666666666,1.0,0.0,0,"Remove Explicit Hydrogens (ID: RemoveExplicitH)
Clear Stereo (ID: ClearStereo)
Wedge Clean (ID: WedgeClean)
Mesomerize (ID: Mesomerize)
Tautomerize (ID: Tautomerize)
Add Explicit Hydrogens (ID: AddExplicitH)
Neutralize (ID: Neutralize)
Clean 2D (ID: Clean2D)",CC(=O)CC(=O)OC(C)(C)C
4854,KZNICNPSHKQLFF-UHFFFAOYSA-N,"pyrrolidine-2,5-dione",123-56-8,99.08799743652344,OECD Guideline 404 (Acute Dermal Irritation / Corrosion),rabbit,semiocclusive,4.0,water,0.0,0.0,0.0,0,"Remove Explicit Hydrogens (ID: RemoveExplicitH)
Clear Stereo (ID: ClearStereo)
Wedge Clean (ID: WedgeClean)
Mesomerize (ID: Mesomerize)
Tautomerize (ID: Tautomerize)
Add Explicit Hydrogens (ID: AddExplicitH)
Neutralize (ID: Neutralize)
Clean 2D (ID: Clean2D)",O=C1CCC(=O)N1
4556,PLZVCZLWZIJPPO-UHFFFAOYSA-N,methyl [(dimethoxyphosphorothioyl)sulfanyl]acetate,757-86-8,230.24220275878906,OECD Guideline 404 (Acute Dermal Irritation / Corrosion),rabbit,occlusive,4.0,unchanged (no vehicle),0.5,1.0,0.0,0,"Remove Explicit Hydrogens (ID: RemoveExplicitH)
Clear Stereo (ID: ClearStereo)
Wedge Clean (ID: WedgeClean)
Mesomerize (ID: Mesomerize)
Tautomerize (ID: Tautomerize)
Add Explicit Hydrogens (ID: AddExplicitH)
Neutralize (ID: Neutralize)
Clean 2D (ID: Clean2D)",COC(=O)CSP(=S)(OC)OC
2082,PUKWIVZFEZFVAT-UHFFFAOYSA-N,"2,2,5-trimethyl-5-pentylcyclopentanone",65443-14-3,196.32907104492188,OECD Guideline 404 (Acute Dermal Irritation / Corrosion),rabbit,semiocclusive,4.0,unchanged (no vehicle),1.33333333333333,4.0,0.0,0,"Remove Explicit Hydrogens (ID: RemoveExplicitH)
Clear Stereo (ID: ClearStereo)
Wedge Clean (ID: WedgeClean)
Mesomerize (ID: Mesomerize)
Tautomerize (ID: Tautomerize)
Add Explicit Hydrogens (ID: AddExplicitH)
Neutralize (ID: Neutralize)
Clean 2D (ID: Clean2D)",CCCCCC1(C)CCC(C)(C)C1=O
2047,RHQDFWAXVIIEBN-UHFFFAOYSA-N,"2,2,2-trifluoroethan-1-ol",75-89-8,100.03983306884766,other: OECD Guideline 404 (17 July 1992),rabbit,semiocclusive,4.0,unchanged (no vehicle),0.766666666666666,4.0,0.0,0,"Remove Explicit Hydrogens (ID: RemoveExplicitH)
Clear Stereo (ID: ClearStereo)
Wedge Clean (ID: WedgeClean)
Mesomerize (ID: Mesomerize)
Tautomerize (ID: Tautomerize)
Add Explicit Hydrogens (ID: AddExplicitH)
Neutralize (ID: Neutralize)
Clean 2D (ID: Clean2D)",OCC(F)(F)F
3796,TVBYFUMVFJKKNJ-UHFFFAOYSA-N,"Terphenyl, hydrogenated",61788-32-7,238.36727905273438,,rabbit,occlusive,24.0,unchanged (no vehicle),0.1,4.0,0.0,0,"Remove Explicit Hydrogens (ID: RemoveExplicitH)
Dearomatize (ID: Dearomatize)
Clear Stereo (ID: ClearStereo)
Wedge Clean (ID: WedgeClean)
Mesomerize (ID: Mesomerize)
Tautomerize (ID: Tautomerize)
Aromatize (ID: Aromatize)
Add Explicit Hydrogens (ID: AddExplicitH)
Neutralize (ID: Neutralize)
Clean 2D (ID: Clean2D)",C1=CC(c2ccc(C3CC=CCC3)cc2)CCC1
2898,UOQXIWFBQSVDPP-UHFFFAOYSA-N,4-fluorobenzaldehyde,459-57-4,124.1124038696289,OECD Guideline 404 (Acute Dermal Irritation / Corrosion),rabbit,semiocclusive,4.0,unchanged (no vehicle),0.45,4.0,0.0,0,"Remove Explicit Hydrogens (ID: RemoveExplicitH)
Dearomatize (ID: Dearomatize)
Clear Stereo (ID: ClearStereo)
Wedge Clean (ID: WedgeClean)
Mesomerize (ID: Mesomerize)
Tautomerize (ID: Tautomerize)
Aromatize (ID: Aromatize)
Add Explicit Hydrogens (ID: AddExplicitH)
Neutralize (ID: Neutralize)
Clean 2D (ID: Clean2D)",O=Cc1ccc(F)cc1
4997,VSJBBIJIXZVVLQ-UHFFFAOYSA-N,"tert-butyl 3,5,5-trimethylhexaneperoxoate",13122-18-4,230.34375,OECD Guideline 404 (Acute Dermal Irritation / Corrosion),rabbit,semiocclusive,4.0,unchanged (no vehicle),0.0,4.0,0.0,0,"Remove Explicit Hydrogens (ID: RemoveExplicitH)
Clear Stereo (ID: ClearStereo)
Wedge Clean (ID: WedgeClean)
Mesomerize (ID: Mesomerize)
Tautomerize (ID: Tautomerize)
Add Explicit Hydrogens (ID: AddExplicitH)
Neutralize (ID: Neutralize)
Clean 2D (ID: Clean2D)",CC(CC(=O)OOC(C)(C)C)CC(C)(C)C
1816,WOZVHXUHUFLZGK-UHFFFAOYSA-N,"1,4-dimethyl benzene-1,4-dicarboxylate",120-61-6,194.1840057373047,"other: EPA FIFRA, Pesticide Assessment Guidelines Subdivision F; Hazard Evaluation Human and Domestic Animals Section 81-5 ""Primary Dermal Irritation Study""",rabbit,semiocclusive,4.0,water,0.0,0.0,0.0,0,"Remove Explicit Hydrogens (ID: RemoveExplicitH)
Dearomatize (ID: Dearomatize)
Clear Stereo (ID: ClearStereo)
Wedge Clean (ID: WedgeClean)
Mesomerize (ID: Mesomerize)
Tautomerize (ID: Tautomerize)
Aromatize (ID: Aromatize)
Add Explicit Hydrogens (ID: AddExplicitH)
Neutralize (ID: Neutralize)
Clean 2D (ID: Clean2D)",COC(=O)c1ccc(C(=O)OC)cc1
3889,XNGIFLGASWRNHJ-UHFFFAOYSA-N,"benzene-1,2-dicarboxylic acid",88-99-3,166.13084411621094,OECD Guideline 404 (Acute Dermal Irritation / Corrosion),rabbit,,4.0,,0.0,4.0,0.0,0,"Remove Explicit Hydrogens (ID: RemoveExplicitH)
Dearomatize (ID: Dearomatize)
Clear Stereo (ID: ClearStereo)
Wedge Clean (ID: WedgeClean)
Mesomerize (ID: Mesomerize)
Tautomerize (ID: Tautomerize)
Aromatize (ID: Aromatize)
Add Explicit Hydrogens (ID: AddExplicitH)
Neutralize (ID: Neutralize)
Clean 2D (ID: Clean2D)",O=C(O)c1ccccc1C(=O)O
4163,YPLYFEUBZLLLIY-UHFFFAOYSA-N,diisopropyl succinate,924-88-9,202.24752807617188,OECD Guideline 404 (Acute Dermal Irritation / Corrosion),rabbit,semiocclusive,4.0,unchanged (no vehicle),0.0,0.0,0.0,0,"Remove Explicit Hydrogens (ID: RemoveExplicitH)
Clear Stereo (ID: ClearStereo)
Wedge Clean (ID: WedgeClean)
Mesomerize (ID: Mesomerize)
Tautomerize (ID: Tautomerize)
Add Explicit Hydrogens (ID: AddExplicitH)
Neutralize (ID: Neutralize)
Clean 2D (ID: Clean2D)",CC(C)OC(=O)CCC(=O)OC(C)C
"15, 162, 163, 2514",NOOLISFMXDJSKH-UHFFFAOYSA-N,"(1R,2S,5R)-5-methyl-2-(propan-2-yl)cyclohexan-1-ol",2216-51-5,156.26519775390625,OECD Guideline 404 (Acute Dermal Irritation / Corrosion),rabbit,semiocclusive,4.0,other: Diethyl phthalate (DEP),0.9816666666666614,3.0,0.0,0,"Remove Explicit Hydrogens (ID: RemoveExplicitH)
Clear Stereo (ID: ClearStereo)
Wedge Clean (ID: WedgeClean)
Mesomerize (ID: Mesomerize)
Tautomerize (ID: Tautomerize)
Add Explicit Hydrogens (ID: AddExplicitH)
Neutralize (ID: Neutralize)
Clean 2D (ID: Clean2D)",CC1CCC(C(C)C)C(O)C1
132,ABRIMXGLNHCLIP-SOFGYWHQSA-N,(5Z)-cyclohexadec-5-en-1-one,37609-25-9,236.39292907714844,OECD Guideline 404 (Acute Dermal Irritation / Corrosion),rabbit,semiocclusive,4.0,unchanged (no vehicle),0.5,1.0,0.0,0,"Remove Explicit Hydrogens (ID: RemoveExplicitH)
Clear Stereo (ID: ClearStereo)
Wedge Clean (ID: WedgeClean)
Mesomerize (ID: Mesomerize)
Tautomerize (ID: Tautomerize)
Add Explicit Hydrogens (ID: AddExplicitH)
Neutralize (ID: Neutralize)
Clean 2D (ID: Clean2D)",O=C1CCCC=CCCCCCCCCCC1
2436,BSPCSKHALVHRSR-UHFFFAOYSA-N,2-chlorobutane,78-86-4,92.5672607421875,OECD Guideline 404 (Acute Dermal Irritation / Corrosion),rabbit,semiocclusive,4.0,unchanged (no vehicle),0.5,4.0,0.0,0,"Remove Explicit Hydrogens (ID: RemoveExplicitH)
Clear Stereo (ID: ClearStereo)
Wedge Clean (ID: WedgeClean)
Mesomerize (ID: Mesomerize)
Tautomerize (ID: Tautomerize)
Add Explicit Hydrogens (ID: AddExplicitH)
Neutralize (ID: Neutralize)
Clean 2D (ID: Clean2D)",CCC(C)Cl
5523,GFKCWAROGHMSTC-UHFFFAOYSA-N,unnamed [87135-01-1],87135-01-1,326.53399658203125,OECD Guideline 404 (Acute Dermal Irritation / Corrosion),rabbit,semiocclusive,4.0,unchanged (no vehicle),0.0,4.0,0.0,0,"Remove Explicit Hydrogens (ID: RemoveExplicitH)
Clear Stereo (ID: ClearStereo)
Wedge Clean (ID: WedgeClean)
Mesomerize (ID: Mesomerize)
Tautomerize (ID: Tautomerize)
Add Explicit Hydrogens (ID: AddExplicitH)
Neutralize (ID: Neutralize)
Clean 2D (ID: Clean2D)",CO[Si](CCCCCC[Si](OC)(OC)OC)(OC)OC
2244,IBDVWXAVKPRHCU-UHFFFAOYSA-N,2-[(2-methylprop-2-enoyl)oxy]ethyl 3-oxobutanoate,21282-97-3,214.2151641845703,OECD Guideline 404 (Acute Dermal Irritation / Corrosion),rabbit,occlusive,4.0,unchanged (no vehicle),0.0,0.0,0.0,0,"Remove Explicit Hydrogens (ID: RemoveExplicitH)
Clear Stereo (ID: ClearStereo)
Wedge Clean (ID: WedgeClean)
Mesomerize (ID: Mesomerize)
Tautomerize (ID: Tautomerize)
Add Explicit Hydrogens (ID: AddExplicitH)
Neutralize (ID: Neutralize)
Clean 2D (ID: Clean2D)",C=C(C)C(=O)OCCOC(=O)CC(C)=O
2817,ISAVYTVYFVQUDY-UHFFFAOYSA-N,"4-(2,4,4-trimethylpentan-2-yl)phenol",140-66-9,206.32388305664062,OECD Guideline 404 (Acute Dermal Irritation / Corrosion),rabbit,semiocclusive,4.0,water,1.175,4.0,0.0,0,"Remove Explicit Hydrogens (ID: RemoveExplicitH)
Dearomatize (ID: Dearomatize)
Clear Stereo (ID: ClearStereo)
Wedge Clean (ID: WedgeClean)
Mesomerize (ID: Mesomerize)
Tautomerize (ID: Tautomerize)
Aromatize (ID: Aromatize)
Add Explicit Hydrogens (ID: AddExplicitH)
Neutralize (ID: Neutralize)
Clean 2D (ID: Clean2D)",CC(C)(C)CC(C)(C)c1ccc(O)cc1
3951,KDYFGRWQOYBRFD-UHFFFAOYSA-N,butanedioic acid,110-15-6,118.08804321289062,OECD Guideline 404 (Acute Dermal Irritation / Corrosion),rabbit,semiocclusive,4.0,unchanged (no vehicle),0.0,4.0,0.0,0,"Remove Explicit Hydrogens (ID: RemoveExplicitH)
Clear Stereo (ID: ClearStereo)
Wedge Clean (ID: WedgeClean)
Mesomerize (ID: Mesomerize)
Tautomerize (ID: Tautomerize)
Add Explicit Hydrogens (ID: AddExplicitH)
Neutralize (ID: Neutralize)
Clean 2D (ID: Clean2D)",O=C(O)CCC(=O)O
1182,KRJHRNUTLDTSKY-UHFFFAOYSA-N,-,72903-27-6,228.28480529785156,EU Method B.4 (Acute Toxicity: Dermal Irritation / Corrosion),rabbit,semiocclusive,4.0,unchanged (no vehicle),1.11,4.0,0.0,0,"Remove Explicit Hydrogens (ID: RemoveExplicitH)
Clear Stereo (ID: ClearStereo)
Wedge Clean (ID: WedgeClean)
Mesomerize (ID: Mesomerize)
Tautomerize (ID: Tautomerize)
Add Explicit Hydrogens (ID: AddExplicitH)
Neutralize (ID: Neutralize)
Clean 2D (ID: Clean2D)",CCOC(=O)C1CCC(C(=O)OCC)CC1
3554,LYCAIKOWRPUZTN-UHFFFAOYSA-N,"Poly(oxy-1,2-ethanediyl),????-hydro-?????-hydroxy- Ethane-1,2-diol, ethoxylated",25322-68-3,62.067840576171875,OECD Guideline 404 (Acute Dermal Irritation / Corrosion),rabbit,occlusive,4.0,unchanged (no vehicle),0.33,3.0,0.0,0,"Remove Explicit Hydrogens (ID: RemoveExplicitH)
Clear Stereo (ID: ClearStereo)
Wedge Clean (ID: WedgeClean)
Mesomerize (ID: Mesomerize)
Tautomerize (ID: Tautomerize)
Add Explicit Hydrogens (ID: AddExplicitH)
Neutralize (ID: Neutralize)
Clean 2D (ID: Clean2D)",OCCO
3330,ONCLVQFEAFTXMN-UHFFFAOYSA-N,"Glycerides, C16-18 mono- and di-",85251-77-0,596.964599609375,OECD Guideline 404 (Acute Dermal Irritation / Corrosion),rabbit,semiocclusive,4.0,other: sterile Codex liquid paraffin,0.6,4.0,0.0,0,"Remove Explicit Hydrogens (ID: RemoveExplicitH)
Clear Stereo (ID: ClearStereo)
Wedge Clean (ID: WedgeClean)
Mesomerize (ID: Mesomerize)
Tautomerize (ID: Tautomerize)
Add Explicit Hydrogens (ID: AddExplicitH)
Neutralize (ID: Neutralize)
Clean 2D (ID: Clean2D)",CCCCCCCCCCCCCCCCCC(=O)OC(CO)COC(=O)CCCCCCCCCCCCCCC
2111,PFEFOYRSMXVNEL-UHFFFAOYSA-N,"2,4,6-tri-tert-butylphenol",732-26-3,262.4302062988281,OECD Guideline 404 (Acute Dermal Irritation / Corrosion),rabbit,semiocclusive,4.0,other: The test material was moistened with distilled water,0.22,4.0,0.0,0,"Remove Explicit Hydrogens (ID: RemoveExplicitH)
Dearomatize (ID: Dearomatize)
Clear Stereo (ID: ClearStereo)
Wedge Clean (ID: WedgeClean)
Mesomerize (ID: Mesomerize)
Tautomerize (ID: Tautomerize)
Aromatize (ID: Aromatize)
Add Explicit Hydrogens (ID: AddExplicitH)
Neutralize (ID: Neutralize)
Clean 2D (ID: Clean2D)",CC(C)(C)c1cc(C(C)(C)C)c(O)c(C(C)(C)C)c1
2410,QKBKGNDTLQFSEU-UHFFFAOYSA-N,"2-bromo-3,3,3-trifluoroprop-1-ene",1514-82-5,174.9471893310547,EU Method B.4 (Acute Toxicity: Dermal Irritation / Corrosion),rabbit,occlusive,4.0,unchanged (no vehicle),0.0,4.0,0.0,0,"Remove Explicit Hydrogens (ID: RemoveExplicitH)
Clear Stereo (ID: ClearStereo)
Wedge Clean (ID: WedgeClean)
Mesomerize (ID: Mesomerize)
Tautomerize (ID: Tautomerize)
Add Explicit Hydrogens (ID: AddExplicitH)
Neutralize (ID: Neutralize)
Clean 2D (ID: Clean2D)",C=C(Br)C(F)(F)F
2560,SVTBMSDMJJWYQN-UHFFFAOYSA-N,"2-methylpentane-2,4-diol",107-41-5,118.17416381835938,OECD Guideline 404 (Acute Dermal Irritation / Corrosion),rabbit,semiocclusive,4.0,unchanged (no vehicle),0.443333333333333,4.0,0.0,0,"Remove Explicit Hydrogens (ID: RemoveExplicitH)
Clear Stereo (ID: ClearStereo)
Wedge Clean (ID: WedgeClean)
Mesomerize (ID: Mesomerize)
Tautomerize (ID: Tautomerize)
Add Explicit Hydrogens (ID: AddExplicitH)
Neutralize (ID: Neutralize)
Clean 2D (ID: Clean2D)",CC(O)CC(C)(C)O
2093,UQJDVLPHTXQTRP-UHFFFAOYSA-N,"2,2-bis[(heptanoyloxy)methyl]butyl heptanoate (non-preferred name)",78-16-0,470.68231201171875,EU Method B.4 (Acute Toxicity: Dermal Irritation / Corrosion),rabbit,semiocclusive,4.0,unchanged (no vehicle),0.44,4.0,0.0,0,"Remove Explicit Hydrogens (ID: RemoveExplicitH)
Clear Stereo (ID: ClearStereo)
Wedge Clean (ID: WedgeClean)
Mesomerize (ID: Mesomerize)
Tautomerize (ID: Tautomerize)
Add Explicit Hydrogens (ID: AddExplicitH)
Neutralize (ID: Neutralize)
Clean 2D (ID: Clean2D)",CCCCCCC(=O)OCC(CC)(COC(=O)CCCCCC)COC(=O)CCCCCC
1951,XGEGHDBEHXKFPX-UHFFFAOYSA-N,1-methylurea,598-50-5,74.08184051513672,OECD Guideline 404 (Acute Dermal Irritation / Corrosion),rabbit,semiocclusive,4.0,water,0.0,4.0,0.0,0,"Remove Explicit Hydrogens (ID: RemoveExplicitH)
Clear Stereo (ID: ClearStereo)
Wedge Clean (ID: WedgeClean)
Mesomerize (ID: Mesomerize)
Tautomerize (ID: Tautomerize)
Add Explicit Hydrogens (ID: AddExplicitH)
Neutralize (ID: Neutralize)
Clean 2D (ID: Clean2D)",CNC(N)=O
4326,XTXRWKRVRITETP-UHFFFAOYSA-N,ethenyl acetate,108-05-4,86.08924102783203,OECD Guideline 404 (Acute Dermal Irritation / Corrosion),rabbit,semiocclusive,4.0,unchanged (no vehicle),0.33,4.0,0.0,0,"Remove Explicit Hydrogens (ID: RemoveExplicitH)
Clear Stereo (ID: ClearStereo)
Wedge Clean (ID: WedgeClean)
Mesomerize (ID: Mesomerize)
Tautomerize (ID: Tautomerize)
Add Explicit Hydrogens (ID: AddExplicitH)
Neutralize (ID: Neutralize)
Clean 2D (ID: Clean2D)",C=COC(C)=O
"89, 90",KSCAZPYHLGGNPZ-UHFFFAOYSA-N,(3-chloropropyl)triethoxysilane,5089-70-3,240.79974365234375,,rabbit,semiocclusive,4.0,unchanged (no vehicle),0.15,4.0,0.0,0,"Remove Explicit Hydrogens (ID: RemoveExplicitH)
Clear Stereo (ID: ClearStereo)
Wedge Clean (ID: WedgeClean)
Mesomerize (ID: Mesomerize)
Tautomerize (ID: Tautomerize)
Add Explicit Hydrogens (ID: AddExplicitH)
Neutralize (ID: Neutralize)
Clean 2D (ID: Clean2D)",CCO[Si](CCCCl)(OCC)OCC
"3605, 3606, 3610, 3611, 3617",DTOSIQBPPRVQHS-UHFFFAOYSA-N,"Resin acids and Rosin acids, esters with diethylene glycol",68153-38-8,278.4295959472656,OECD Guideline 404 (Acute Dermal Irritation / Corrosion),rabbit,semiocclusive,4.0,unchanged (no vehicle),0.7905000000000001,4.0,0.0,0,"Remove Explicit Hydrogens (ID: RemoveExplicitH)
Clear Stereo (ID: ClearStereo)
Wedge Clean (ID: WedgeClean)
Mesomerize (ID: Mesomerize)
Tautomerize (ID: Tautomerize)
Add Explicit Hydrogens (ID: AddExplicitH)
Neutralize (ID: Neutralize)
Clean 2D (ID: Clean2D)",CCC=CCC=CCC=CCCCCCCCC(=O)O
6171,CERQOIWHTDAKMF-UHFFFAOYSA-N,zinc(2+) ion bis(2-methylprop-2-enoate),13189-00-9,85.081298828125,OECD Guideline 404 (Acute Dermal Irritation / Corrosion),rabbit,semiocclusive,4.0,"other: 0.5 g of the test item, moistened sufficiently with 0.5 ml of distilled water to achieve paste consistency",0.666666666666666,4.0,0.0,0,"Remove Explicit Hydrogens (ID: RemoveExplicitH)
Clear Stereo (ID: ClearStereo)
Wedge Clean (ID: WedgeClean)
Mesomerize (ID: Mesomerize)
Tautomerize (ID: Tautomerize)
Add Explicit Hydrogens (ID: AddExplicitH)
Neutralize (ID: Neutralize)
Clean 2D (ID: Clean2D)",C=C(C)C(=O)O
1969,JPPLPDOXWBVPCW-UHFFFAOYSA-N,1-{[3-(triethoxysilyl)propyl]sulfanyl}octan-1-one,220727-26-4,364.6158447265625,OECD Guideline 404 (Acute Dermal Irritation / Corrosion),rabbit,semiocclusive,4.0,unchanged (no vehicle),1.10666666666666,4.0,0.0,0,"Remove Explicit Hydrogens (ID: RemoveExplicitH)
Clear Stereo (ID: ClearStereo)
Wedge Clean (ID: WedgeClean)
Mesomerize (ID: Mesomerize)
Tautomerize (ID: Tautomerize)
Add Explicit Hydrogens (ID: AddExplicitH)
Neutralize (ID: Neutralize)
Clean 2D (ID: Clean2D)",CCCCCCCC(=O)SCCC[Si](OCC)(OCC)OCC
3553,POAOYUHQDCAZBD-UHFFFAOYSA-N,"Poly(oxy-1,2-ethanediyl), ????-butyl-?????-hydroxy-",9004-77-7,118.17416381835938,OECD Guideline 404 (Acute Dermal Irritation / Corrosion),rabbit,semiocclusive,4.0,unchanged (no vehicle),0.22,4.0,0.0,0,"Remove Explicit Hydrogens (ID: RemoveExplicitH)
Clear Stereo (ID: ClearStereo)
Wedge Clean (ID: WedgeClean)
Mesomerize (ID: Mesomerize)
Tautomerize (ID: Tautomerize)
Add Explicit Hydrogens (ID: AddExplicitH)
Neutralize (ID: Neutralize)
Clean 2D (ID: Clean2D)",CCCCOCCO
2131,QWRBKBNCFWPVJX-UHFFFAOYSA-N,"2,5,7,10-tetraoxaundecane",4431-83-8,164.1995391845703,EU Method B.4 (Acute Toxicity: Dermal Irritation / Corrosion),rabbit,semiocclusive,4.0,unchanged (no vehicle),0.5,4.0,0.0,0,"Remove Explicit Hydrogens (ID: RemoveExplicitH)
Clear Stereo (ID: ClearStereo)
Wedge Clean (ID: WedgeClean)
Mesomerize (ID: Mesomerize)
Tautomerize (ID: Tautomerize)
Add Explicit Hydrogens (ID: AddExplicitH)
Neutralize (ID: Neutralize)
Clean 2D (ID: Clean2D)",COCCOCOCCOC
5153,SLYCYWCVSGPDFR-UHFFFAOYSA-N,trimethoxy(octadecyl)silane,3069-42-9,374.67364501953125,OECD Guideline 404 (Acute Dermal Irritation / Corrosion),rabbit,semiocclusive,4.0,unchanged (no vehicle),0.0,4.0,0.0,0,"Remove Explicit Hydrogens (ID: RemoveExplicitH)
Clear Stereo (ID: ClearStereo)
Wedge Clean (ID: WedgeClean)
Mesomerize (ID: Mesomerize)
Tautomerize (ID: Tautomerize)
Add Explicit Hydrogens (ID: AddExplicitH)
Neutralize (ID: Neutralize)
Clean 2D (ID: Clean2D)",CCCCCCCCCCCCCCCCCC[Si](OC)(OC)OC
5128,UWZSHGZRSZICIW-UHFFFAOYSA-N,"triethoxy(2,4,4-trimethylpentyl)silane",35435-21-3,276.4875793457031,OECD Guideline 404 (Acute Dermal Irritation / Corrosion),rabbit,semiocclusive,4.0,unchanged (no vehicle),1.3,3.0,0.0,0,"Remove Explicit Hydrogens (ID: RemoveExplicitH)
Clear Stereo (ID: ClearStereo)
Wedge Clean (ID: WedgeClean)
Mesomerize (ID: Mesomerize)
Tautomerize (ID: Tautomerize)
Add Explicit Hydrogens (ID: AddExplicitH)
Neutralize (ID: Neutralize)
Clean 2D (ID: Clean2D)",CCO[Si](CC(C)CC(C)(C)C)(OCC)OCC
4843,XUGNVMKQXJXZCD-UHFFFAOYSA-N,propan-2-yl hexadecanoate,142-91-6,298.5038146972656,OECD Guideline 404 (Acute Dermal Irritation / Corrosion),rabbit,semiocclusive,4.0,unchanged (no vehicle),1.22,4.0,0.0,0,"Remove Explicit Hydrogens (ID: RemoveExplicitH)
Clear Stereo (ID: ClearStereo)
Wedge Clean (ID: WedgeClean)
Mesomerize (ID: Mesomerize)
Tautomerize (ID: Tautomerize)
Add Explicit Hydrogens (ID: AddExplicitH)
Neutralize (ID: Neutralize)
Clean 2D (ID: Clean2D)",CCCCCCCCCCCCCCCC(=O)OC(C)C
2140,YFHFHLSMISYUAQ-UHFFFAOYSA-N,"2,6,10-trimethyldodecane",3891-98-3,212.41458129882812,EPA OPPTS 870.2500 (Acute Dermal Irritation),rabbit,semiocclusive,4.0,unchanged (no vehicle),0.91,1.0,0.0,0,"Remove Explicit Hydrogens (ID: RemoveExplicitH)
Clear Stereo (ID: ClearStereo)
Wedge Clean (ID: WedgeClean)
Mesomerize (ID: Mesomerize)
Tautomerize (ID: Tautomerize)
Add Explicit Hydrogens (ID: AddExplicitH)
Neutralize (ID: Neutralize)
Clean 2D (ID: Clean2D)",CCC(C)CCCC(C)CCCC(C)C
"4844, 4845, 4846",AXISYYRBXTVTFY-UHFFFAOYSA-N,propan-2-yl tetradecanoate,110-27-0,270.4506530761719,OECD Guideline 404 (Acute Dermal Irritation / Corrosion),rabbit,semiocclusive,4.0,unchanged (no vehicle),1.1099999999999985,4.0,0.0,0,"Remove Explicit Hydrogens (ID: RemoveExplicitH)
Clear Stereo (ID: ClearStereo)
Wedge Clean (ID: WedgeClean)
Mesomerize (ID: Mesomerize)
Tautomerize (ID: Tautomerize)
Add Explicit Hydrogens (ID: AddExplicitH)
Neutralize (ID: Neutralize)
Clean 2D (ID: Clean2D)",CCCCCCCCCCCCCC(=O)OC(C)C
"1813, 1814",OHBQPCCCRFSCAX-UHFFFAOYSA-N,"1,4-dimethoxybenzene",150-78-7,138.16380310058594,OECD Guideline 404 (Acute Dermal Irritation / Corrosion),rabbit,semiocclusive,4.0,other: purified water,0.0,4.0,0.0,0,"Remove Explicit Hydrogens (ID: RemoveExplicitH)
Dearomatize (ID: Dearomatize)
Clear Stereo (ID: ClearStereo)
Wedge Clean (ID: WedgeClean)
Mesomerize (ID: Mesomerize)
Tautomerize (ID: Tautomerize)
Aromatize (ID: Aromatize)
Add Explicit Hydrogens (ID: AddExplicitH)
Neutralize (ID: Neutralize)
Clean 2D (ID: Clean2D)",COc1ccc(OC)cc1
5132,CPUDPFPXCZDNGI-UHFFFAOYSA-N,triethoxy(methyl)silane,2031-67-6,178.30152893066406,OECD Guideline 404 (Acute Dermal Irritation / Corrosion),rabbit,semiocclusive,4.0,unchanged (no vehicle),0.11,4.0,0.0,0,"Remove Explicit Hydrogens (ID: RemoveExplicitH)
Clear Stereo (ID: ClearStereo)
Wedge Clean (ID: WedgeClean)
Mesomerize (ID: Mesomerize)
Tautomerize (ID: Tautomerize)
Add Explicit Hydrogens (ID: AddExplicitH)
Neutralize (ID: Neutralize)
Clean 2D (ID: Clean2D)",CCO[Si](C)(OCC)OCC
2567,DKGAVHZHDRPRBM-UHFFFAOYSA-N,2-methylpropan-2-ol,75-65-0,74.1216049194336,,rabbit,not specified,24.0,unchanged (no vehicle),0.7,2.0,0.0,0,"Remove Explicit Hydrogens (ID: RemoveExplicitH)
Clear Stereo (ID: ClearStereo)
Wedge Clean (ID: WedgeClean)
Mesomerize (ID: Mesomerize)
Tautomerize (ID: Tautomerize)
Add Explicit Hydrogens (ID: AddExplicitH)
Neutralize (ID: Neutralize)
Clean 2D (ID: Clean2D)",CC(C)(C)O
745,GEBYSTBEDVQOTK-UHFFFAOYSA-N,-,19094-56-5,282.4629211425781,OECD Guideline 404 (Acute Dermal Irritation / Corrosion),rabbit,occlusive,4.0,physiological saline,0.5,4.0,0.0,0,"Remove Explicit Hydrogens (ID: RemoveExplicitH)
Dearomatize (ID: Dearomatize)
Clear Stereo (ID: ClearStereo)
Wedge Clean (ID: WedgeClean)
Mesomerize (ID: Mesomerize)
Tautomerize (ID: Tautomerize)
Aromatize (ID: Aromatize)
Add Explicit Hydrogens (ID: AddExplicitH)
Neutralize (ID: Neutralize)
Clean 2D (ID: Clean2D)",O=C(O)c1cc(I)ccc1Cl
2559,GOOHAUXETOMSMM-UHFFFAOYSA-N,2-methyloxirane,75-56-9,58.079139709472656,OECD Guideline 404 (Acute Dermal Irritation / Corrosion),rabbit,semiocclusive,4.0,unchanged (no vehicle),0.5,4.0,0.0,0,"Remove Explicit Hydrogens (ID: RemoveExplicitH)
Clear Stereo (ID: ClearStereo)
Wedge Clean (ID: WedgeClean)
Mesomerize (ID: Mesomerize)
Tautomerize (ID: Tautomerize)
Add Explicit Hydrogens (ID: AddExplicitH)
Neutralize (ID: Neutralize)
Clean 2D (ID: Clean2D)",CC1CO1
4529,IAZDPXIOMUYVGZ-UHFFFAOYSA-N,methanesulfinylmethane,67-68-5,78.13343811035156,OECD Guideline 404 (Acute Dermal Irritation / Corrosion),rabbit,semiocclusive,4.0,unchanged (no vehicle),0.333333333333333,4.0,0.0,0,"Remove Explicit Hydrogens (ID: RemoveExplicitH)
Clear Stereo (ID: ClearStereo)
Wedge Clean (ID: WedgeClean)
Mesomerize (ID: Mesomerize)
Tautomerize (ID: Tautomerize)
Add Explicit Hydrogens (ID: AddExplicitH)
Neutralize (ID: Neutralize)
Clean 2D (ID: Clean2D)",CS(C)=O
184,KNNOZYMZRGTZQM-UHFFFAOYSA-N,-,134652-60-1,242.42984008789062,OECD Guideline 404 (Acute Dermal Irritation / Corrosion),rabbit,occlusive,4.0,unchanged (no vehicle),0.333333333333333,,0.0,0,"Remove Explicit Hydrogens (ID: RemoveExplicitH)
Clear Stereo (ID: ClearStereo)
Wedge Clean (ID: WedgeClean)
Mesomerize (ID: Mesomerize)
Tautomerize (ID: Tautomerize)
Add Explicit Hydrogens (ID: AddExplicitH)
Neutralize (ID: Neutralize)
Clean 2D (ID: Clean2D)",C=C(C)C(=O)O[Si](C(C)C)(C(C)C)C(C)C
4352,OBNCKNCVKJNDBV-UHFFFAOYSA-N,ethyl butanoate,105-54-4,116.15827941894531,other: OECD 402,rat,occlusive,24.0,unchanged (no vehicle),0.0,,0.0,0,"Remove Explicit Hydrogens (ID: RemoveExplicitH)
Clear Stereo (ID: ClearStereo)
Wedge Clean (ID: WedgeClean)
Mesomerize (ID: Mesomerize)
Tautomerize (ID: Tautomerize)
Add Explicit Hydrogens (ID: AddExplicitH)
Neutralize (ID: Neutralize)
Clean 2D (ID: Clean2D)",CCCC(=O)OCC
2609,RTXVDAJGIYOHFY-UHFFFAOYSA-N,2-tetradecyloctadecan-1-ol,32582-32-4,466.8658447265625,OECD Guideline 404 (Acute Dermal Irritation / Corrosion),rabbit,semiocclusive,4.0,unchanged (no vehicle),0.553333333333333,1.0,0.0,0,"Remove Explicit Hydrogens (ID: RemoveExplicitH)
Clear Stereo (ID: ClearStereo)
Wedge Clean (ID: WedgeClean)
Mesomerize (ID: Mesomerize)
Tautomerize (ID: Tautomerize)
Add Explicit Hydrogens (ID: AddExplicitH)
Neutralize (ID: Neutralize)
Clean 2D (ID: Clean2D)",CCCCCCCCCCCCCCCCC(CO)CCCCCCCCCCCCCC
"4320, 4321",LFQSCWFLJHTTHZ-UHFFFAOYSA-N,ethanol,64-17-5,46.06843948364258,OECD Guideline 404 (Acute Dermal Irritation / Corrosion),rabbit,occlusive,200.5,unchanged (no vehicle),0.05,2.0,0.0,0,"Remove Explicit Hydrogens (ID: RemoveExplicitH)
Mesomerize (ID: Mesomerize)
Tautomerize (ID: Tautomerize)
Add Explicit Hydrogens (ID: AddExplicitH)
Neutralize (ID: Neutralize)
Clean 2D (ID: Clean2D)",CCO
"4164, 4165",WPUKZOKYKHYASK-UHFFFAOYSA-N,diisotridecyl adipate,26401-35-4,510.832275390625,OECD Guideline 404 (Acute Dermal Irritation / Corrosion),rabbit,semiocclusive,4.0,unchanged (no vehicle),0.332333333333333,4.0,0.0,0,"Remove Explicit Hydrogens (ID: RemoveExplicitH)
Clear Stereo (ID: ClearStereo)
Wedge Clean (ID: WedgeClean)
Mesomerize (ID: Mesomerize)
Tautomerize (ID: Tautomerize)
Add Explicit Hydrogens (ID: AddExplicitH)
Neutralize (ID: Neutralize)
Clean 2D (ID: Clean2D)",CC(C)CCCCCCCCCCOC(=O)CCCCC(=O)OCCCCCCCCCCC(C)C
4148,IEPRKVQEAMIZSS-UHFFFAOYSA-N,diethyl but-2-enedioate,141-05-9,172.17848205566406,OECD Guideline 404 (Acute Dermal Irritation / Corrosion),rabbit,semiocclusive,4.0,unchanged (no vehicle),0.1,1.0,0.0,0,"Remove Explicit Hydrogens (ID: RemoveExplicitH)
Clear Stereo (ID: ClearStereo)
Wedge Clean (ID: WedgeClean)
Mesomerize (ID: Mesomerize)
Tautomerize (ID: Tautomerize)
Add Explicit Hydrogens (ID: AddExplicitH)
Neutralize (ID: Neutralize)
Clean 2D (ID: Clean2D)",CCOC(=O)C=CC(=O)OCC
4557,KXKVLQRXCPHEJC-UHFFFAOYSA-N,methyl acetate,79-20-9,74.07854461669922,EU Method B.4 (Acute Toxicity: Dermal Irritation / Corrosion),rabbit,semiocclusive,4.0,unchanged (no vehicle),0.2,0.3,0.0,0,"Remove Explicit Hydrogens (ID: RemoveExplicitH)
Clear Stereo (ID: ClearStereo)
Wedge Clean (ID: WedgeClean)
Mesomerize (ID: Mesomerize)
Tautomerize (ID: Tautomerize)
Add Explicit Hydrogens (ID: AddExplicitH)
Neutralize (ID: Neutralize)
Clean 2D (ID: Clean2D)",COC(C)=O
1769,QQPXXHAEIGVZKQ-UHFFFAOYSA-N,"1,3-dichloro-2-(dichloromethyl)benzene",81-19-6,229.9186553955078,OECD Guideline 404 (Acute Dermal Irritation / Corrosion),rabbit,semiocclusive,4.0,unchanged (no vehicle),0.8,4.0,0.0,0,"Remove Explicit Hydrogens (ID: RemoveExplicitH)
Dearomatize (ID: Dearomatize)
Clear Stereo (ID: ClearStereo)
Wedge Clean (ID: WedgeClean)
Mesomerize (ID: Mesomerize)
Tautomerize (ID: Tautomerize)
Aromatize (ID: Aromatize)
Add Explicit Hydrogens (ID: AddExplicitH)
Neutralize (ID: Neutralize)
Clean 2D (ID: Clean2D)",Clc1cccc(Cl)c1C(Cl)Cl
961,SAMYFBLRCRWESN-UHFFFAOYSA-N,-,72576-80-8,508.90252685546875,EU Method B.4 (Acute Toxicity: Dermal Irritation / Corrosion),rabbit,semiocclusive,4.0,unchanged (no vehicle),0.0,4.0,0.0,0,"Remove Explicit Hydrogens (ID: RemoveExplicitH)
Clear Stereo (ID: ClearStereo)
Wedge Clean (ID: WedgeClean)
Mesomerize (ID: Mesomerize)
Tautomerize (ID: Tautomerize)
Add Explicit Hydrogens (ID: AddExplicitH)
Neutralize (ID: Neutralize)
Clean 2D (ID: Clean2D)",CCCCCCCCCCCCCCCC(=O)OCCCCCCCCCCCCCCCC(C)C
4039,URYYVOIYTNXXBN-UPHRSURJSA-N,cyclooctene,931-87-3,110.19676208496094,OECD Guideline 404 (Acute Dermal Irritation / Corrosion),rabbit,occlusive,4.0,other: no vehicle,1.11,,0.0,0,"Remove Explicit Hydrogens (ID: RemoveExplicitH)
Clear Stereo (ID: ClearStereo)
Wedge Clean (ID: WedgeClean)
Mesomerize (ID: Mesomerize)
Tautomerize (ID: Tautomerize)
Add Explicit Hydrogens (ID: AddExplicitH)
Neutralize (ID: Neutralize)
Clean 2D (ID: Clean2D)",C1=CCCCCCC1
2133,ZUHZGEOKBKGPSW-UHFFFAOYSA-N,"2,5,8,11,14-pentaoxapentadecane",143-24-8,222.2786865234375,OECD Guideline 404 (Acute Dermal Irritation / Corrosion),rabbit,semiocclusive,4.0,unchanged (no vehicle),0.775,2.0,0.0,0,"Remove Explicit Hydrogens (ID: RemoveExplicitH)
Clear Stereo (ID: ClearStereo)
Wedge Clean (ID: WedgeClean)
Mesomerize (ID: Mesomerize)
Tautomerize (ID: Tautomerize)
Add Explicit Hydrogens (ID: AddExplicitH)
Neutralize (ID: Neutralize)
Clean 2D (ID: Clean2D)",COCCOCCOCCOCCOC
3527,IAYPIBMASNFSPL-UHFFFAOYSA-N,"Oxirane, reaction products with ammonia, distn. residues",68953-70-8,44.05255889892578,EU Method B.4 (Acute Toxicity: Dermal Irritation / Corrosion),rabbit,semiocclusive,4.0,unchanged (no vehicle),0.0,4.0,0.0,0,"Remove Explicit Hydrogens (ID: RemoveExplicitH)
Mesomerize (ID: Mesomerize)
Tautomerize (ID: Tautomerize)
Add Explicit Hydrogens (ID: AddExplicitH)
Neutralize (ID: Neutralize)
Clean 2D (ID: Clean2D)",C1CO1
1826,XTDYIOOONNVFMA-UHFFFAOYSA-N,"1,5-dimethyl pentanedioate",1119-40-0,160.16778564453125,OECD Guideline 404 (Acute Dermal Irritation / Corrosion),rabbit,semiocclusive,4.0,unchanged (no vehicle),0.0,4.0,0.0,0,"Remove Explicit Hydrogens (ID: RemoveExplicitH)
Clear Stereo (ID: ClearStereo)
Wedge Clean (ID: WedgeClean)
Mesomerize (ID: Mesomerize)
Tautomerize (ID: Tautomerize)
Add Explicit Hydrogens (ID: AddExplicitH)
Neutralize (ID: Neutralize)
Clean 2D (ID: Clean2D)",COC(=O)CCCC(=O)OC
5155,PYOKUURKVVELLB-UHFFFAOYSA-N,trimethoxymethane,149-73-5,106.12039947509766,OECD Guideline 404 (Acute Dermal Irritation / Corrosion),rabbit,semiocclusive,4.0,unchanged (no vehicle),0.0,4.0,0.0,0,"Remove Explicit Hydrogens (ID: RemoveExplicitH)
Clear Stereo (ID: ClearStereo)
Wedge Clean (ID: WedgeClean)
Mesomerize (ID: Mesomerize)
Tautomerize (ID: Tautomerize)
Add Explicit Hydrogens (ID: AddExplicitH)
Neutralize (ID: Neutralize)
Clean 2D (ID: Clean2D)",COC(OC)OC
4772,WCVRQHFDJLLWFE-UHFFFAOYSA-N,"pentane-1,2-diol",5343-92-0,104.1475830078125,OECD Guideline 404 (Acute Dermal Irritation / Corrosion),rabbit,semiocclusive,4.0,unchanged (no vehicle),0.0,4.0,0.0,0,"Remove Explicit Hydrogens (ID: RemoveExplicitH)
Clear Stereo (ID: ClearStereo)
Wedge Clean (ID: WedgeClean)
Mesomerize (ID: Mesomerize)
Tautomerize (ID: Tautomerize)
Add Explicit Hydrogens (ID: AddExplicitH)
Neutralize (ID: Neutralize)
Clean 2D (ID: Clean2D)",CCCC(O)CO
1908,BNXZHVUCNYMNOS-UHFFFAOYSA-N,1-butylpyrrolidin-2-one,3470-98-2,141.21080017089844,OECD Guideline 404 (Acute Dermal Irritation / Corrosion),rabbit,semiocclusive,4.0,unchanged (no vehicle),1.0,1.0,0.0,0,"Remove Explicit Hydrogens (ID: RemoveExplicitH)
Clear Stereo (ID: ClearStereo)
Wedge Clean (ID: WedgeClean)
Mesomerize (ID: Mesomerize)
Tautomerize (ID: Tautomerize)
Add Explicit Hydrogens (ID: AddExplicitH)
Neutralize (ID: Neutralize)
Clean 2D (ID: Clean2D)",CCCCN1CCCC1=O
1762,DCXXMTOCNZCJGO-UHFFFAOYSA-N,"1,3-bis(octadecanoyloxy)propan-2-yl octadecanoate",555-43-1,891.479736328125,OECD Guideline 404 (Acute Dermal Irritation / Corrosion),rabbit,semiocclusive,4.0,unchanged (no vehicle),0.0,4.0,0.0,0,"Remove Explicit Hydrogens (ID: RemoveExplicitH)
Clear Stereo (ID: ClearStereo)
Wedge Clean (ID: WedgeClean)
Mesomerize (ID: Mesomerize)
Tautomerize (ID: Tautomerize)
Add Explicit Hydrogens (ID: AddExplicitH)
Neutralize (ID: Neutralize)
Clean 2D (ID: Clean2D)",CCCCCCCCCCCCCCCCCC(=O)OCC(COC(=O)CCCCCCCCCCCCCCCCC)OC(=O)CCCCCCCCCCCCCCCCC
4736,PAPBSGBWRJIAAV-UHFFFAOYSA-N,oxepan-2-one,502-44-3,114.14240264892578,OECD Guideline 404 (Acute Dermal Irritation / Corrosion),rabbit,occlusive,4.0,unchanged (no vehicle),0.0,4.0,0.0,0,"Remove Explicit Hydrogens (ID: RemoveExplicitH)
Clear Stereo (ID: ClearStereo)
Wedge Clean (ID: WedgeClean)
Mesomerize (ID: Mesomerize)
Tautomerize (ID: Tautomerize)
Add Explicit Hydrogens (ID: AddExplicitH)
Neutralize (ID: Neutralize)
Clean 2D (ID: Clean2D)",O=C1CCCCCO1
1697,PRNNATBNXILRSR-UHFFFAOYSA-N,"1,10-didocosyl decanedioate",42233-75-0,819.4170532226562,OECD Guideline 404 (Acute Dermal Irritation / Corrosion),rabbit,semiocclusive,4.0,unchanged (no vehicle),0.0,4.0,0.0,0,"Remove Explicit Hydrogens (ID: RemoveExplicitH)
Clear Stereo (ID: ClearStereo)
Wedge Clean (ID: WedgeClean)
Mesomerize (ID: Mesomerize)
Tautomerize (ID: Tautomerize)
Add Explicit Hydrogens (ID: AddExplicitH)
Neutralize (ID: Neutralize)
Clean 2D (ID: Clean2D)",CCCCCCCCCCCCCCCCCCCCCCOC(=O)CCCCCCCCC(=O)OCCCCCCCCCCCCCCCCCCCCCC
"2545, 4714",QIQXTHQIDYTFRH-UHFFFAOYSA-N,2-methylheptadecanoic acid,30399-84-9,284.47723388671875,OECD Guideline 404 (Acute Dermal Irritation / Corrosion),rabbit,semiocclusive,14.0,unchanged (no vehicle),0.6,4.0,0.0,0,"Remove Explicit Hydrogens (ID: RemoveExplicitH)
Clear Stereo (ID: ClearStereo)
Wedge Clean (ID: WedgeClean)
Mesomerize (ID: Mesomerize)
Tautomerize (ID: Tautomerize)
Add Explicit Hydrogens (ID: AddExplicitH)
Neutralize (ID: Neutralize)
Clean 2D (ID: Clean2D)",CCCCCCCCCCCCCCCCCC(=O)O
