name,Outcome,SMILES,ID
formaldehyde,1,C=O,
guanidine;hydrochloride,1,Cl.N=C(N)N,
2-hydroxypropanoic acid,1,CC(O)C(=O)O,
benzo[a]pyrene,1,c1ccc2c(c1)cc1ccc3cccc4ccc2c1c34,
"3-[N-(4,5-dihydro-1H-imidazol-2-ylmethyl)-4-methylanilino]phenol",1,Cc1ccc(N(CC2=NCCN2)c2cccc(O)c2)cc1,
"(2R,3R,4R,5S)-hexane-1,2,3,4,5,6-hexol",1,OCC(O)C(O)C(O)C(O)CO,
"(1R,2S)-2-(methylamino)-1-phenylpropan-1-ol;hydrochloride",1,CNC(C)C(O)c1ccccc1.Cl,
"5-[2-(2-butoxyethoxy)ethoxymethyl]-6-propyl-1,3-benzodioxole",1,CCCCOCCOCCOCc1cc2c(cc1CCC)OCO2,
"4-[(1R)-2-amino-1-hydroxyethyl]benzene-1,2-diol",1,NCC(O)c1ccc(O)c(O)c1,
"4-(2-aminoethyl)benzene-1,2-diol",1,NCCc1ccc(O)c(O)c1,
2-chloro-N-(2-chloroethyl)-N-methylethanamine,1,CN(CCCl)CCCl,
"2-bromo-2-nitropropane-1,3-diol",1,O=[N+]([O-])C(Br)(CO)CO,
"N,N-diethylnitrous amide",1,CCN(CC)N=O,
"4-[(1R)-1-hydroxy-2-(methylamino)ethyl]benzene-1,2-diol;hydrochloride",1,CNCC(O)c1ccc(O)c(O)c1.Cl,
dimethoxy-(3-methyl-4-methylsulfanylphenoxy)-sulfanylidene-lambda5-phosphane,1,COP(=S)(OC)Oc1ccc(SC)c(C)c1,
nitrooxy(phenyl)mercury,1,O=[N+]([O-])[O][Hg][c]1ccccc1,
"N'-(3-aminopropyl)propane-1,3-diamine",1,NCCCNCCCN,
tributyl(tributylstannyloxy)stannane,1,CCC[CH2][Sn]([CH2]CCC)([CH2]CCC)[O][Sn]([CH2]CCC)([CH2]CCC)[CH2]CCC,
"propane-1,2,3-triol",1,OCC(O)CO,
octadecanoic acid,1,CCCCCCCCCCCCCCCCCC(=O)O,
"1,1-dimethylhydrazine",1,CN(C)N,
"propane-1,2-diol",1,CC(O)CO,
oxetan-2-one,1,O=C1CCO1,
"1,3,7-trimethylpurine-2,6-dione",1,Cn1c(=O)c2c(ncn2C)n(C)c1=O,
"1,2,3,4,5,6-hexachlorocyclohexane",1,ClC1C(Cl)C(Cl)C(Cl)C(Cl)C1Cl,
"2,3,4,6-tetrachlorophenol",1,Oc1c(Cl)cc(Cl)c(Cl)c1Cl,
pyridine-3-carboxylic acid,1,O=C(O)c1cccnc1,
2-[2-[bis(carboxymethyl)amino]ethyl-(carboxymethyl)amino]acetic acid,1,O=C(O)CN(CCN(CC(=O)O)CC(=O)O)CC(=O)O,
2-sulfanylethanol,1,OCCS,
ethoxyethane,1,CCOCC,
methylhydrazine,1,CNN,
acetamide,1,CC(N)=O,
aniline,1,Nc1ccccc1,
thiourea,1,NC(N)=S,
ethanol,1,CCO,
formic acid,1,O=CO,
acetic acid,1,CC(=O)O,
diethyl sulfate,1,CCOS(=O)(=O)OCC,
"N-[(7S)-1,2,3,10-tetramethoxy-9-oxo-6,7-dihydro-5H-benzo[a]heptalen-7-yl]acetamide",1,COc1cc2c(c(OC)c1OC)-c1ccc(OC)c(=O)cc1C(NC(C)=O)CC2,
benzoic acid,1,O=C(O)c1ccccc1,
hexanal,1,CCCCCC=O,
methyl methanesulfonate,1,COS(C)(=O)=O,
methanol,1,CO,
O-methylhydroxylamine,1,CON,
propan-2-ol,1,CC(C)O,
propan-2-one,1,CC(C)=O,
chloroform,1,ClC(Cl)Cl,
methylsulfinylmethane,1,CS(C)=O,
"1,1,1,2,2,2-hexachloroethane",1,ClC(Cl)(Cl)C(Cl)(Cl)Cl,
2-sulfanylacetic acid,1,O=C(O)CS,
"N,N-dimethylformamide",1,CN(C)C=O,
"1-[(2R,4S,5R)-4-hydroxy-5-(hydroxymethyl)oxolan-2-yl]-5-(trifluoromethyl)pyrimidine-2,4-dione",1,O=c1[nH]c(=O)n(C2CC(O)C(CO)O2)cc1C(F)(F)F,
propan-1-ol,1,CCCO,
butan-1-ol,1,CCCCO,
pentan-1-ol,1,CCCCCO,
cobalt(2+);diacetate,1,CC(=O)[O-].CC(=O)[O-].[Co+2],
"1,1,1-trichloroethane",1,CC(Cl)(Cl)Cl,
sodium;2-hydroxypropanoate,1,CC(O)C(=O)[O-].[Na+],
(2S)-2-amino-3-methylbutanoic acid,1,CC(C)C(N)C(=O)O,
"(2S,3R)-2-amino-3-hydroxybutanoic acid",1,CC(O)C(N)C(=O)O,
"tetrasodium;5-amino-3-[[4-[4-[(8-amino-1-hydroxy-3,6-disulfonatonaphthalen-2-yl)diazenyl]-3-methylphenyl]-2-methylphenyl]diazenyl]-4-hydroxynaphthalene-2,7-disulfonate",1,Cc1cc(-c2ccc(N=Nc3c(S(=O)(=O)[O-])cc4cc(S(=O)(=O)[O-])cc(N)c4c3O)c(C)c2)ccc1N=Nc1c(S(=O)(=O)[O-])cc2cc(S(=O)(=O)[O-])cc(N)c2c1O.[Na+].[Na+].[Na+].[Na+],
"(2S,3S)-2-amino-3-methylpentanoic acid",1,CCC(C)C(N)C(=O)O,
methane,1,C,
bromomethane,1,CBr,
ethane,1,CC,
chloromethane,1,CCl,
iodomethane,1,CI,
methanamine,1,CN,
formonitrile,1,C#N,
methanethiol,1,CS,
dibromomethane,1,BrCBr,
bromoethane,1,CCBr,
bromo(chloro)methane,1,ClCBr,
propane,1,CCC,
prop-1-yne,1,C#CC,
ethanamine,1,CCN,
acetonitrile,1,CC#N,
acetaldehyde,1,CC=O,
dichloromethane,1,ClCCl,
difluoromethane,1,FCF,
formamide,1,NC=O,
oxirane,1,C1CO1,
bromoform,1,BrC(Br)Br,
2-methylpropane,1,CC(C)C,
propan-2-amine,1,CC(C)N,
propane-2-thiol,1,CC(C)S,
"1,1-dichloroethane",1,CC(Cl)Cl,
"1,1-dichloroethene",1,C=C(Cl)Cl,
acetyl chloride,1,CC(=O)Cl,
"1,1-difluoroethane",1,CC(F)F,
"1,1-difluoroethene",1,C=C(F)F,
carbonyl dichloride,1,O=C(Cl)Cl,
chloro(difluoro)methane,1,FC(F)Cl,
fluoroform,1,FC(F)F,
"N,N-dimethylmethanamine",1,CN(C)C,
nitromethane,1,C[N+](=O)[O-],
2-methylaziridine,1,CC1CN1,
2-methyloxirane,1,CC1CO1,
bromo(trifluoro)methane,1,FC(F)(F)Br,
2-methylpropan-2-amine,1,CC(C)(C)N,
2-methylpropan-2-ol,1,CC(C)(C)O,
2-methylpropane-2-thiol,1,CC(C)(C)S,
"1-chloro-1,1-difluoroethane",1,CC(F)(F)Cl,
tetramethylsilane,1,C[Si](C)(C)C,
chloro(trimethyl)silane,1,C[Si](C)(C)Cl,
dichloro(dimethyl)silane,1,C[Si](C)(Cl)Cl,
trichloro(methyl)silane,1,C[Si](Cl)(Cl)Cl,
2-methylbutan-2-ol,1,CCC(C)(C)O,
2-hydroxy-2-methylpropanenitrile,1,CC(C)(O)C#N,
"2,2,2-trifluoroethanol",1,OCC(F)(F)F,
2-hydroperoxy-2-methylpropane,1,CC(C)(C)OO,
trichloro(ethenyl)silane,1,C=C[Si](Cl)(Cl)Cl,
"2,2-dimethylpropanoic acid",1,CC(C)(C)C(=O)O,
"2,2-dichloropropanoic acid",1,CC(Cl)(Cl)C(=O)O,
"1,1,1,2,2-pentachloroethane",1,ClC(Cl)C(Cl)(Cl)Cl,
"2,2,2-trichloroacetyl chloride",1,O=C(Cl)C(Cl)(Cl)Cl,
"2,2,2-trichloroacetic acid",1,O=C(O)C(Cl)(Cl)Cl,
"2,2,2-trifluoroacetic acid",1,O=C(O)C(F)(F)F,
trichloro(nitro)methane,1,O=[N+]([O-])C(Cl)(Cl)Cl,
"1,1,2-trichloro-1,2,2-trifluoroethane",1,FC(F)(Cl)C(F)(Cl)Cl,
"1,2-dichloro-1,1,2,2-tetrafluoroethane",1,FC(F)(Cl)C(F)(F)Cl,
"1,7,7-trimethylbicyclo[2.2.1]heptan-2-one",1,CC12CCC(CC1=O)C2(C)C,
"2-hydroxy-2,2-diphenylacetic acid",1,O=C(O)C(O)(c1ccccc1)c1ccccc1,
"1,2,3,4,5,5-hexachlorocyclopenta-1,3-diene",1,ClC1=C(Cl)C(Cl)(Cl)C(Cl)=C1Cl,
"tricyclo[5.2.1.02,6]deca-3,8-diene",1,C1=CC2C3C=CC(C3)C2C1,
dimethyl sulfate,1,COS(=O)(=O)OC,
tetraethylazanium;hydroxide,1,CC[N+](CC)(CC)CC.[OH-],
"2,2-dibutyl-1,3,2-dioxastannepine-4,7-dione",1,CCC[CH2][Sn]1([CH2]CCC)[O]C(=O)C=CC(=O)[O]1,
tetraethyl silicate,1,CCO[Si](OCC)(OCC)OCC,
triethyl phosphate,1,CCOP(=O)(OCC)OCC,
tris(2-butoxyethyl) phosphate,1,CCCCOCCOP(=O)(OCCOCCCC)OCCOCCCC,
"3,5,5-trimethylcyclohex-2-en-1-one",1,CC1=CC(=O)CC(C)(C)C1,
2-methylbutane,1,CCC(C)C,
"2-methylbuta-1,3-diene",1,C=CC(=C)C,
2-methylpropanenitrile,1,CC(C)C#N,
2-methylpropan-1-ol,1,CC(C)CO,
2-methylpropanal,1,CC(C)C=O,
2-methylprop-2-enal,1,C=C(C)C=O,
"1,2-dichloropropane",1,CC(Cl)CCl,
"2,3-dichloroprop-1-ene",1,C=C(Cl)CCl,
"propane-1,2-diamine",1,CC(N)CN,
butan-2-ol,1,CCC(C)O,
butan-2-one,1,CCC(C)=O,
1-chloropropan-2-one,1,CC(=O)CCl,
2-oxopropanal,1,CC(=O)C=O,
"1,1,2-trichloroethane",1,ClCC(Cl)Cl,
propanoyl chloride,1,CCC(=O)Cl,
2-chloroacetyl chloride,1,O=C(Cl)CCl,
propanoic acid,1,CCC(=O)O,
prop-2-enoic acid,1,C=CC(=O)O,
2-chloroacetic acid,1,O=C(O)CCl,
2-hydroxyacetic acid,1,O=C(O)CO,
methyl acetate,1,COC(C)=O,
ethaneperoxoic acid,1,CC(=O)OO,
methyl carbonochloridate,1,COC(=O)Cl,
1-nitroethane,1,CC[N+](=O)[O-],
2-methylpropanoyl chloride,1,CC(C)C(=O)Cl,
2-methylpropanoic acid,1,CC(C)C(=O)O,
"1,1,2,2-tetrachloroethane",1,ClC(Cl)C(Cl)Cl,
"2,2-dichloroacetyl chloride",1,O=C(Cl)C(Cl)Cl,
oxalyl dichloride,1,O=C(Cl)C(=O)Cl,
"1-chloro-1,2,2-trifluoroethene",1,FC(F)=C(F)Cl,
2-methylprop-2-enoic acid,1,C=C(C)C(=O)O,
"N,N-dimethylcarbamoyl chloride",1,CN(C)C(=O)Cl,
2-nitropropane,1,CC(C)[N+](=O)[O-],
"2,2-dimethyl-3-methylidenebicyclo[2.2.1]heptane",1,C=C1C2CCC(C2)C1(C)C,
"2,6-dibromo-4-[2-(3,5-dibromo-4-hydroxyphenyl)propan-2-yl]phenol",1,CC(C)(c1cc(Br)c(O)c(Br)c1)c1cc(Br)c(O)c(Br)c1,
4-[2-(4-hydroxyphenyl)propan-2-yl]phenol,1,CC(C)(c1ccc(O)cc1)c1ccc(O)cc1,
dichloro(diphenyl)silane,1,Cl[Si](Cl)(c1ccccc1)c1ccccc1,
4-(2-methylbutan-2-yl)phenol,1,CCC(C)(C)c1ccc(O)cc1,
(E)-2-methylbut-2-enoic acid,1,CC=C(C)C(=O)O,
methyl 2-methylprop-2-enoate,1,C=C(C)C(=O)OC,
"1,1,3,3-tetramethylguanidine",1,CN(C)C(=N)N(C)C,
"(1S,6R,13S)-16,17-dimethoxy-6-prop-1-en-2-yl-2,7,20-trioxapentacyclo[11.8.0.03,11.04,8.014,19]henicosa-3(11),4(8),9,14,16,18-hexaen-12-one",1,C=C(C)C1Cc2c(ccc3c2OC2COc4cc(OC)c(OC)cc4C2C3=O)O1,
"bis(2-methylpropyl) benzene-1,2-dicarboxylate",1,CC(C)COC(=O)c1ccccc1C(=O)OCC(C)C,
"dibutyl benzene-1,2-dicarboxylate",1,CCCCOC(=O)c1ccccc1C(=O)OCCCC,
"7,10-diazoniatricyclo[8.4.0.02,7]tetradeca-1(14),2,4,6,10,12-hexaene;dibromide",1,[Br-].[Br-].c1cc[n+]2c(c1)-c1cccc[n+]1CC2,
"isoindole-1,3-dione",1,O=C1NC(=O)c2ccccc21,
"3a,4,5,6,7,7a-hexahydro-2-benzofuran-1,3-dione",1,O=C1OC(=O)C2CCCCC12,
"3a,4,7,7a-tetrahydro-2-benzofuran-1,3-dione",1,O=C1OC(=O)C2CC=CCC12,
"2-benzofuran-1,3-dione",1,O=C1OC(=O)c2ccccc21,
"2-O-benzyl 1-O-butyl benzene-1,2-dicarboxylate",1,CCCCOC(=O)c1ccccc1C(=O)OCc1ccccc1,
2-naphthalen-1-ylacetic acid,1,O=C(O)Cc1cccc2ccccc12,
"2,6-dimethylaniline",1,Cc1cccc(C)c1N,
"2,6-dichlorophenol",1,Oc1c(Cl)cccc1Cl,
"benzene-1,2,3-triol",1,Oc1cccc(O)c1O,
"1,1,2,3,4,4-hexachlorobuta-1,3-diene",1,ClC(Cl)=C(Cl)C(Cl)=C(Cl)Cl,
"2,3,4,5,6-pentachlorophenol",1,Oc1c(Cl)c(Cl)c(Cl)c(Cl)c1Cl,
"2,4,6-trichlorophenol",1,Oc1c(Cl)cc(Cl)cc1Cl,
1-ethenylpyrrolidin-2-one,1,C=CN1CCCC1=O,
2-tert-butylphenol,1,CC(C)(C)c1ccccc1O,
1-methyl-2-nitrobenzene,1,Cc1ccccc1[N+](=O)[O-],
1-chloro-2-nitrobenzene,1,O=[N+]([O-])c1ccccc1Cl,
2-nitroaniline,1,Nc1ccccc1[N+](=O)[O-],
"2,4,6-trinitrophenol",1,O=[N+]([O-])c1cc([N+](=O)[O-])c(O)c([N+](=O)[O-])c1,
"furo[3,4-f][2]benzofuran-1,3,5,7-tetrone",1,O=c1oc(=O)c2cc3c(=O)oc(=O)c3cc12,
"1,4-dichloro-2-nitrobenzene",1,O=[N+]([O-])c1cc(Cl)ccc1Cl,
2-butan-2-ylphenol,1,CCC(C)c1ccccc1O,
5-methyl-2-propan-2-ylphenol,1,Cc1ccc(C(C)C)c(O)c1,
2-chlorobenzaldehyde,1,O=Cc1ccccc1Cl,
2-methoxyaniline,1,COc1ccccc1N,
2-methoxyphenol,1,COc1ccccc1O,
2-phenylphenol,1,Oc1ccccc1-c1ccccc1,
"2,4,6-tris[(dimethylamino)methyl]phenol",1,CN(C)Cc1cc(CN(C)C)c(O)c(CN(C)C)c1,
"1,3-diisocyanato-2-methylbenzene",1,Cc1c(N=C=O)cccc1N=C=O,
"1,2,3,4,4a,5,6,7,8,8a-decahydronaphthalene",1,C1CCC2CCCCC2C1,
naphthalene,1,c1ccc2ccccc2c1,
"1,2,3,4-tetrahydroisoquinoline",1,c1ccc2c(c1)CCNC2,
"6-ethoxy-2,2,4-trimethyl-1H-quinoline",1,CCOc1ccc2c(c1)C(C)=CC(C)(C)N2,
2-methylnaphthalene,1,Cc1ccc2ccccc2c1,
"1,1'-biphenyl",1,c1ccc(-c2ccccc2)cc1,
"2-(3,4-dimethoxyphenyl)acetonitrile",1,COc1ccc(CC#N)cc1OC,
1-phenylpropan-1-one,1,CCC(=O)c1ccccc1,
methyl benzoate,1,COC(=O)c1ccccc1,
"2-(2,4,5-trichlorophenoxy)acetic acid",1,O=C(O)COc1cc(Cl)c(Cl)cc1Cl,
benzoyl benzenecarboperoxoate,1,O=C(OOC(=O)c1ccccc1)c1ccccc1,
2-(4-chloro-2-methylphenoxy)acetic acid,1,Cc1cc(Cl)ccc1OCC(=O)O,
"2-(2,4-dichlorophenoxy)acetic acid",1,O=C(O)COc1ccc(Cl)cc1Cl,
"N-(1,3-benzothiazol-2-ylsulfanyl)cyclohexanamine",1,c1ccc2sc(SNC3CCCCC3)nc2c1,
"1,2-xylene",1,Cc1ccccc1C,
2-methylphenol,1,Cc1ccccc1O,
"1,2-dichlorobenzene",1,Clc1ccccc1Cl,
2-chloroaniline,1,Nc1ccccc1Cl,
2-methylaniline,1,Cc1ccccc1N,
"benzene-1,2-diamine",1,Nc1ccccc1N,
2-aminophenol,1,Nc1ccccc1O,
2-bromophenol,1,Oc1ccccc1Br,
2-chlorophenol,1,Oc1ccccc1Cl,
"1,2,4-trimethylbenzene",1,Cc1ccc(C)c(C)c1,
"2,4-dimethylaniline",1,Cc1ccc(N)c(C)c1,
diethyl oxalate,1,CCOC(=O)C(=O)OCC,
"2,4,5-trichlorophenol",1,Oc1cc(Cl)c(Cl)cc1Cl,
prop-2-enyl 2-methylprop-2-enoate,1,C=CCOC(=O)C(=C)C,
chloro(diethyl)alumane,1,C[CH2][Al]([Cl])[CH2]C,
"1,2,3-trichloropropane",1,ClCC(Cl)CCl,
"(Z)-1,2,3-trichloroprop-1-ene",1,ClC=C(Cl)CCl,
pentan-3-one,1,CCC(=O)CC,
methyl prop-2-enoate,1,C=CC(=O)OC,
methyl 2-chloroacetate,1,COC(=O)CCl,
"2,4-dinitroaniline",1,Nc1ccc([N+](=O)[O-])cc1[N+](=O)[O-],
2-methoxy-4-prop-2-enylphenol,1,C=CCc1ccc(O)c(OC)c1,
ethyl 2-methylprop-2-enoate,1,C=C(C)C(=O)OCC,
ethyl 2-hydroxypropanoate,1,CCOC(=O)C(C)O,
2-methylpropanoyl 2-methylpropanoate,1,CC(C)C(=O)OC(=O)C(C)C,
"dimethylcarbamothioyl N,N-dimethylcarbamodithioate",1,CN(C)C(=S)SC(=S)N(C)C,
"diethylcarbamothioylsulfanyl N,N-diethylcarbamodithioate",1,CCN(CC)C(=S)SSC(=S)N(CC)CC,
2-methylpropyl 2-methylprop-2-enoate,1,C=C(C)C(=O)OCC(C)C,
butyl 2-methylprop-2-enoate,1,C=C(C)C(=O)OCCCC,
2-(2-methylprop-2-enoyloxy)ethyl 2-methylprop-2-enoate,1,C=C(C)C(=O)OCCOC(=O)C(=C)C,
triethylalumane,1,C[CH2][Al]([CH2]C)[CH2]C,
triethylborane,1,CCB(CC)CC,
oxolan-2-ylmethanol,1,OCC1CCCO1,
furan-2-ylmethanol,1,OCc1ccco1,
furan-2-carbaldehyde,1,O=Cc1ccco1,
trichloromethylbenzene,1,ClC(Cl)(Cl)c1ccccc1,
benzenesulfonyl chloride,1,O=S(=O)(Cl)c1ccccc1,
trichloro(phenyl)silane,1,Cl[Si](Cl)(Cl)c1ccccc1,
"4-tert-butylbenzene-1,2-diol",1,CC(C)(C)c1ccc(O)c(O)c1,
1-tert-butyl-4-methylbenzene,1,Cc1ccc(C(C)(C)C)cc1,
cumene,1,CC(C)c1ccccc1,
prop-1-en-2-ylbenzene,1,C=C(C)c1ccccc1,
dichloromethylbenzene,1,ClC(Cl)c1ccccc1,
benzoyl chloride,1,O=C(Cl)c1ccccc1,
"N,N-dimethylcyclohexanamine",1,CN(C)C1CCCCC1,
nitrobenzene,1,O=[N+]([O-])c1ccccc1,
1-methyl-3-nitrobenzene,1,Cc1cccc([N+](=O)[O-])c1,
3-nitroaniline,1,Nc1cccc([N+](=O)[O-])c1,
"N,N,4-trimethylaniline",1,Cc1ccc(N(C)C)cc1,
1-methyl-4-nitrobenzene,1,Cc1ccc([N+](=O)[O-])cc1,
1-chloro-4-nitrobenzene,1,O=[N+]([O-])c1ccc(Cl)cc1,
4-nitroaniline,1,Nc1ccc([N+](=O)[O-])cc1,
4-nitrophenol,1,O=[N+]([O-])c1ccc(O)cc1,
4-methoxybenzoyl chloride,1,COc1ccc(C(=O)Cl)cc1,
terephthalic acid,1,O=C(O)c1ccc(C(=O)O)cc1,
4-[5-(4-carbamimidoylphenoxy)pentoxy]benzenecarboximidamide,1,N=C(N)c1ccc(OCCCCCOc2ccc(C(=N)N)cc2)cc1,
"N',N'-diethylethane-1,2-diamine",1,CCN(CC)CCN,
2-(diethylamino)ethanol,1,CCN(CC)CCO,
bromomethylbenzene,1,BrCc1ccccc1,
ethylbenzene,1,CCc1ccccc1,
styrene,1,C=Cc1ccccc1,
4-ethenylpyridine,1,C=Cc1ccncc1,
chloromethylbenzene,1,ClCc1ccccc1,
phenylmethanamine,1,NCc1ccccc1,
benzaldehyde,1,O=Cc1ccccc1,
chloro(phenyl)mercury,1,[Cl][Hg][c]1ccccc1,
N-methylcyclohexanamine,1,CNC1CCCCC1,
anisole,1,COc1ccccc1,
2-ethenylpyridine,1,C=Cc1ccccn1,
4-ethylmorpholine,1,CCN1CCOCC1,
tris(2-methylpropyl)alumane,1,CC(C)[CH2][Al]([CH2]C(C)C)[CH2]C(C)C,
1-isocyanato-4-[(4-isocyanatophenyl)methyl]benzene,1,O=C=Nc1ccc(Cc2ccc(N=C=O)cc2)cc1,
N-cyclohexylcyclohexanamine,1,C1CCC(NC2CCCCC2)CC1,
phenoxybenzene,1,c1ccc(Oc2ccccc2)cc1,
"1-N,4-N-di(butan-2-yl)benzene-1,4-diamine",1,CCC(C)Nc1ccc(NC(C)CC)cc1,
"1,2-diphenylguanidine",1,NC(=Nc1ccccc1)Nc1ccccc1,
benzyl 2-phenylacetate,1,O=C(Cc1ccccc1)OCc1ccccc1,
"1,2-dichloro-4-isocyanatobenzene",1,O=C=Nc1ccc(Cl)c(Cl)c1,
2-[bis(2-hydroxyethyl)amino]ethanol,1,OCCN(CCO)CCO,
"4-(1,3-benzothiazol-2-ylsulfanyl)morpholine",1,c1ccc2sc(SN3CCOCC3)nc2c1,
2-(dibutylamino)ethanol,1,CCCCN(CCO)CCCC,
"N,N-dibutylbutan-1-amine",1,CCCCN(CCCC)CCCC,
2-ethylhexyl prop-2-enoate,1,C=CC(=O)OCC(CC)CCCC,
bis(2-ethylhexyl) hexanedioate,1,CCCCC(CC)COC(=O)CCCCC(=O)OCC(CC)CCCC,
diphenyldiazene,1,c1ccc(N=Nc2ccccc2)cc1,
propylbenzene,1,CCCc1ccccc1,
isocyanatobenzene,1,O=C=Nc1ccccc1,
2-phenylacetic acid,1,O=C(O)Cc1ccccc1,
"N,N-dimethyl-1-phenylmethanamine",1,CN(C)Cc1ccccc1,
1-chloro-4-isocyanatobenzene,1,O=C=Nc1ccc(Cl)cc1,
4-methylbenzenesulfonic acid,1,Cc1ccc(S(=O)(=O)O)cc1,
2-ethoxyethyl (E)-3-(4-methoxyphenyl)prop-2-enoate,1,CCOCCOC(=O)C=Cc1ccc(OC)cc1,
2-ethylhexan-1-amine,1,CCCCC(CC)CN,
2-ethylhexan-1-ol,1,CCCCC(CC)CO,
"N',N'-diethylpropane-1,3-diamine",1,CCN(CC)CCCN,
1-methoxy-4-methylbenzene,1,COc1ccc(C)cc1,
"1,4-diethylbenzene",1,CCc1ccc(CC)cc1,
2-(diethylamino)ethyl 2-methylprop-2-enoate,1,C=C(C)C(=O)OCCN(CC)CC,
ethenyl propanoate,1,C=COC(=O)CC,
ethyl 2-chloroacetate,1,CCOC(=O)CCl,
butan-2-yl acetate,1,CCC(C)OC(C)=O,
ethyl butanoate,1,CCCC(=O)OCC,
ethyl 2-cyanoacetate,1,CCOC(=O)CC#N,
azepan-2-one,1,O=C1CCCCCN1,
"N'-(3-aminopropyl)-N'-methylpropane-1,3-diamine",1,CN(CCCN)CCCN,
2-ethyl-N-(2-ethylhexyl)hexan-1-amine,1,CCCCC(CC)CNCC(CC)CCCC,
"3,7-dimethyloct-6-en-1-ol",1,CC(C)=CCCC(C)CCO,
"3,7-dimethyloct-6-enal",1,CC(C)=CCCC(C)CC=O,
heptan-3-one,1,CCCCC(=O)CC,
4-bromophenol,1,Oc1ccc(Br)cc1,
"1,4-xylene",1,Cc1ccc(C)cc1,
4-methylphenol,1,Cc1ccc(O)cc1,
"1,4-dichlorobenzene",1,Clc1ccc(Cl)cc1,
4-chlorophenol,1,Oc1ccc(Cl)cc1,
"benzene-1,4-diamine",1,Nc1ccc(N)cc1,
"cyclohexa-2,5-diene-1,4-dione",1,O=C1C=CC(=O)C=C1,
"1,4-dimethylpiperazine",1,CN1CCN(C)CC1,
2-methylpropyl prop-2-enoate,1,C=CC(=O)OCC(C)C,
"hexane-1,2,6-triol",1,OCCCCC(O)CO,
3-(oxiran-2-yl)-7-oxabicyclo[4.1.0]heptane,1,C1CC2OC2CC1C1CO1,
2-ethyloxirane,1,CCC1CO1,
2-(chloromethyl)oxirane,1,ClCC1CO1,
2-(prop-2-enoxymethyl)oxirane,1,C=CCOCC1CO1,
"1,2-dibromoethane",1,BrCCBr,
1-bromopropane,1,CCCBr,
3-bromoprop-1-ene,1,C=CCBr,
3-bromoprop-1-yne,1,C#CCBr,
butane,1,CCCC,
"buta-1,3-diene",1,C=CC=C,
prop-2-enal,1,C=CC=O,
3-chloroprop-1-ene,1,C=CCCl,
"1,2-dichloroethane",1,ClCCCl,
propan-1-amine,1,CCCN,
prop-2-en-1-amine,1,C=CCN,
propanenitrile,1,CCC#N,
prop-2-enenitrile,1,C=CC#N,
2-chloroacetonitrile,1,N#CCCl,
"ethane-1,2-diamine",1,NCCN,
prop-2-en-1-ol,1,C=CCO,
prop-2-yn-1-ol,1,C#CCO,
2-chloroacetaldehyde,1,O=CCCl,
oxaldehyde,1,O=CC=O,
methoxyethene,1,C=COC,
methyl formate,1,COC=O,
trichloro(prop-2-enyl)silane,1,C=CC[Si](Cl)(Cl)Cl,
"2-methylpentane-2,4-diol",1,CC(O)CC(C)(C)O,
"2,4,4-trimethylpentan-2-amine",1,CC(C)(C)CC(C)(C)N,
trimethyl(trimethylsilyloxy)silane,1,C[Si](C)(C)O[Si](C)(C)C,
tert-butyl 2-chloroacetate,1,CC(C)(C)OC(=O)CCl,
dibutyl hydrogen phosphate,1,CCCCOP(=O)(O)OCCCC,
trichloro(pentyl)silane,1,CCCCC[Si](Cl)(Cl)Cl,
3-methylbutan-1-amine,1,CC(C)CCN,
3-methylbut-2-enal,1,CC(C)=CC=O,
pentan-2-one,1,CCCC(C)=O,
butanoic acid,1,CCCC(=O)O,
3-sulfanylpropanoic acid,1,O=C(O)CCS,
1-methoxypropan-2-ol,1,COCC(C)O,
2-(dimethylamino)ethanol,1,CN(C)CCO,
1-nitropropane,1,CCC[N+](=O)[O-],
ethenyl acetate,1,C=COC(C)=O,
4-methylpentan-2-one,1,CC(=O)CC(C)C,
4-methylpentan-2-ol,1,CC(C)CC(C)O,
1-(dimethylamino)propan-2-ol,1,CC(O)CN(C)C,
N-propan-2-ylpropan-2-amine,1,CC(C)NC(C)C,
propan-2-yl acetate,1,CC(=O)OC(C)C,
prop-1-en-2-yl acetate,1,C=C(C)OC(C)=O,
propan-2-yl carbonochloridate,1,CC(C)OC(=O)Cl,
acetyl acetate,1,CC(=O)OC(C)=O,
"oxolane-2,5-dione",1,O=C1CCC(=O)O1,
"furan-2,5-dione",1,O=C1C=CC(=O)O1,
"4-methyl-1,3-dioxolan-2-one",1,CC1COC(=O)O1,
"1,3-xylene",1,Cc1cccc(C)c1,
3-methylphenol,1,Cc1cccc(O)c1,
"benzene-1,3-diamine",1,Nc1cccc(N)c1,
"benzene-1,3-diol",1,Oc1cccc(O)c1,
1-methoxypropan-2-yl acetate,1,COCC(C)OC(C)=O,
"1,3,5-trimethylbenzene",1,Cc1cc(C)cc(C)c1,
"1,3,5-trichlorobenzene",1,Clc1cc(Cl)cc(Cl)c1,
"1,3,5-trimethyl-1,3,5-triazinane",1,CN1CN(C)CN(C)C1,
"1,3,5-triazine-2,4,6-triamine",1,Nc1nc(N)nc(N)n1,
"1,3,5-triazinane-2,4,6-trione",1,O=c1[nH]c(=O)[nH]c(=O)[nH]1,
"2,6-dimethylheptan-4-one",1,CC(C)CC(=O)CC(C)C,
4-methylpentan-2-yl acetate,1,CC(=O)OC(C)CC(C)C,
methylcyclohexane,1,CC1CCCCC1,
toluene,1,Cc1ccccc1,
4-methylpyridine,1,Cc1ccncc1,
chlorobenzene,1,Clc1ccccc1,
cyclohexanamine,1,NC1CCCCC1,
cyclohexanol,1,OC1CCCCC1,
cyclohexanone,1,O=C1CCCCC1,
phenol,1,Oc1ccccc1,
4-methylmorpholine,1,CN1CCOCC1,
2-methylpyridine,1,Cc1ccccn1,
tert-butyl 2-methylpropaneperoxoate,1,CC(C)C(=O)OOC(C)(C)C,
(Z)-N-[3-(dimethylamino)propyl]octadec-9-enamide,1,CCCCCCCCC=CCCCCCCCC(=O)NCCCN(C)C,
"N',N'-dimethylpropane-1,3-diamine",1,CN(C)CCCN,
propyl acetate,1,CCCOC(C)=O,
propyl carbonochloridate,1,CCCOC(=O)Cl,
ethoxyethane;trifluoroborane,1,CCOCC.FB(F)F,
pentane,1,CCCCC,
butan-1-amine,1,CCCCN,
2-(methylamino)ethanol,1,CNCCO,
N-ethylethanamine,1,CCNCC,
ethyl formate,1,CCOC=O,
oxolane,1,C1CCOC1,
furan,1,c1ccoc1,
thiolane,1,C1CCSC1,
2-tert-butylperoxy-2-methylpropane,1,CC(C)(C)OOC(C)(C)C,
5-methylhexan-2-one,1,CC(=O)CCC(C)C,
(Z)-but-2-enedioic acid,1,O=C(O)C=CC(=O)O,
heptan-2-one,1,CCCCCC(C)=O,
2-methoxyethyl acetate,1,COCCOC(C)=O,
hexane,1,CCCCCC,
"(E)-1,4-dichlorobut-2-ene",1,ClCC=CCCl,
"butane-1,4-diamine",1,NCCCCN,
butanedinitrile,1,N#CCCC#N,
pentanal,1,CCCCC=O,
"butane-1,4-diol",1,OCCCCO,
"but-2-yne-1,4-diol",1,OCC#CCO,
pentane-1-thiol,1,CCCCCS,
2-(ethylamino)ethanol,1,CCNCCO,
2-ethoxyethanamine,1,CCOCCN,
cyclohexane,1,C1CCCCC1,
cyclohexene,1,C1=CCCCC1,
piperazine,1,C1CNCCN1,
pyridine,1,c1ccncc1,
"3,4-dihydro-2H-pyran",1,C1=COCCC1,
"1,3,5-trioxane",1,C1OCOCO1,
piperidine,1,C1CCNCC1,
morpholine,1,C1COCCN1,
pentanedioic acid,1,O=C(O)CCCC(=O)O,
"N,N,N',N'-tetramethylpropane-1,3-diamine",1,CN(C)CCCN(C)C,
1-(2-hydroxypropylamino)propan-2-ol,1,CC(O)CNCC(C)O,
octan-2-one,1,CCCCCCC(C)=O,
heptanoic acid,1,CCCCCCC(=O)O,
"N,N,N',N'-tetramethylhexane-1,6-diamine",1,CN(C)CCCCCCN(C)C,
hexan-1-amine,1,CCCCCCN,
hexan-1-ol,1,CCCCCCO,
pentanedial,1,O=CCCCC=O,
1-isocyanatobutane,1,CCCCN=C=O,
"N'-(2-aminoethyl)ethane-1,2-diamine",1,NCCNCCN,
2-(2-hydroxyethylamino)ethanol,1,OCCNCCO,
1-propoxypropane,1,CCCOCCC,
2-(2-hydroxyethylsulfanyl)ethanol,1,OCCSCCO,
azepane,1,C1CCCNCC1,
2-(dithiocarboxyamino)ethylcarbamodithioic acid,1,S=C(S)NCCNC(=S)S,
octanoyl chloride,1,CCCCCCCC(=O)Cl,
octane,1,CCCCCCCC,
heptan-1-amine,1,CCCCCCCN,
hexanedinitrile,1,N#CCCCCC#N,
heptanal,1,CCCCCCC=O,
2-(butylamino)ethanol,1,CCCCNCCO,
2-butoxyethanol,1,CCCCOCCO,
"(1Z,5Z)-cycloocta-1,5-diene",1,C1=CCCC=CCC1,
methyl undec-10-enoate,1,C=CCCCCCCCCC(=O)OC,
methyl dodecanoate,1,CCCCCCCCCCCC(=O)OC,
octan-1-amine,1,CCCCCCCCN,
octane-1-thiol,1,CCCCCCCCS,
2-(2-ethoxyethoxy)ethanol,1,CCOCCOCCO,
1-chloro-2-(2-chloroethoxymethoxy)ethane,1,ClCCOCOCCCl,
N-butylbutan-1-amine,1,CCCCNCCCC,
hexadecyl(trimethyl)azanium;chloride,1,CCCCCCCCCCCCCCCC[N+](C)(C)C.[Cl-],
trichloro(octadecyl)silane,1,CCCCCCCCCCCCCCCCCC[Si](Cl)(Cl)Cl,
dodecanoyl chloride,1,CCCCCCCCCCCC(=O)Cl,
2-[2-(2-hydroxyethoxy)ethoxy]ethanol,1,OCCOCCOCCO,
decan-1-ol,1,CCCCCCCCCCO,
2-(2-butoxyethoxy)ethanol,1,CCCCOCCOCCO,
dodec-1-ene,1,C=CCCCCCCCCCC,
dodecan-1-ol,1,CCCCCCCCCCCCO,
dodecane-1-thiol,1,CCCCCCCCCCCCS,
methyl octadecanoate,1,CCCCCCCCCCCCCCCCCC(=O)OC,
hexadecanoyl chloride,1,CCCCCCCCCCCCCCCC(=O)Cl,
tridecan-1-ol,1,CCCCCCCCCCCCCO,
icosane,1,CCCCCCCCCCCCCCCCCCCC,
"(3R,4S,5S,6R,7R,9R,11R,12R,13S,14R)-6-[(2S,3R,4S,6R)-4-(dimethylamino)-3-hydroxy-6-methyloxan-2-yl]oxy-14-ethyl-7,12,13-trihydroxy-4-[(2R,4R,5S,6S)-5-hydroxy-4-methoxy-4,6-dimethyloxan-2-yl]oxy-3,5,7,9,11,13-hexamethyl-oxacyclotetradecane-2,10-dione",1,CCC1OC(=O)C(C)C(OC2CC(C)(OC)C(O)C(C)O2)C(C)C(OC2OC(C)CC(N(C)C)C2O)C(C)(O)CC(C)C(=O)C(C)C(O)C1(C)O,
methoxymethane,1,COC,
2-methylprop-1-ene,1,C=C(C)C,
2-methylbut-3-en-2-ol,1,C=CC(C)(C)O,
2-methylbut-3-yn-2-ol,1,C#CC(C)(C)O,
trichloro(ethyl)silane,1,CC[Si](Cl)(Cl)Cl,
"1,7,8,9,10,10-hexachloro-4-oxatricyclo[5.2.1.02,6]dec-8-ene-3,5-dione",1,O=C1OC(=O)C2C1C1(Cl)C(Cl)=C(Cl)C2(Cl)C1(Cl)Cl,
"2,2,2-trichloro-1,1-bis(4-chlorophenyl)ethanol",1,OC(c1ccc(Cl)cc1)(c1ccc(Cl)cc1)C(Cl)(Cl)Cl,
"2,6-dibromo-4-[3-(3,5-dibromo-4-hydroxyphenyl)-1,1-dioxo-2,1lambda6-benzoxathiol-3-yl]phenol",1,O=S1(=O)OC(c2cc(Br)c(O)c(Br)c2)(c2cc(Br)c(O)c(Br)c2)c2ccccc21,
"2-bromo-4-[3-(3-bromo-4-hydroxy-5-methylphenyl)-1,1-dioxo-2,1lambda6-benzoxathiol-3-yl]-6-methylphenol",1,Cc1cc(C2(c3cc(C)c(O)c(Br)c3)OS(=O)(=O)c3ccccc32)cc(Br)c1O,
"2-amino-2-methylpropane-1,3-diol",1,CC(N)(CO)CO,
"2,2-bis(hydroxymethyl)propane-1,3-diol",1,OCC(CO)(CO)CO,
"3,7-dimethylocta-1,6-dien-3-yl acetate",1,C=CC(C)(CCC=C(C)C)OC(C)=O,
"1,1,2,2-tetrafluoroethene",1,FC(F)=C(F)F,
"1,1,2,3,3,3-hexafluoroprop-1-ene",1,FC(F)=C(F)C(F)(F)F,
"1,1,1,3,3,3-hexachloropropan-2-one",1,O=C(C(Cl)(Cl)Cl)C(Cl)(Cl)Cl,
"4,5,6,7-tetrachloro-2-benzofuran-1,3-dione",1,O=C1OC(=O)c2c(Cl)c(Cl)c(Cl)c(Cl)c21,
"2-aminoanthracene-9,10-dione",1,Nc1ccc2c(c1)C(=O)c1ccccc1C2=O,
"bis(2-ethylhexyl) benzene-1,2-dicarboxylate",1,CCCCC(CC)COC(=O)c1ccccc1C(=O)OCC(CC)CCCC,
"3,5-diacetamido-2,4,6-triiodobenzoic acid",1,CC(=O)Nc1c(I)c(NC(C)=O)c(I)c(C(=O)O)c1I,
"6-aminonaphthalene-1,3-disulfonic acid",1,Nc1ccc2c(S(=O)(=O)O)cc(S(=O)(=O)O)cc2c1,
"1,3-dichloro-5,5-dimethylimidazolidine-2,4-dione",1,CC1(C)C(=O)N(Cl)C(=O)N1Cl,
"2,4,6-tribromophenol",1,Oc1c(Br)cc(Br)cc1Br,
1-(2-hydroxyphenyl)ethanone,1,CC(=O)c1ccccc1O,
"2-methyl-1,3,5-trinitrobenzene",1,Cc1c([N+](=O)[O-])cc([N+](=O)[O-])cc1[N+](=O)[O-],
"1,2,3,4-tetrahydronaphthalene",1,c1ccc2c(c1)CCCC2,
4-(4-amino-3-methylphenyl)-2-methylaniline,1,Cc1cc(-c2ccc(N)c(C)c2)ccc1N,
anthracene,1,c1ccc2cc3ccccc3cc2c1,
"2-(3,4-dimethoxyphenyl)ethanamine",1,COc1ccc(CCN)cc1OC,
"2-(2,4-dichlorophenoxy)propanoic acid",1,CC(Oc1ccc(Cl)cc1Cl)C(=O)O,
"benzene-1,2-diol",1,Oc1ccccc1O,
"1,2,4-trichlorobenzene",1,Clc1ccc(Cl)c(Cl)c1,
"2,4-dichlorophenol",1,Oc1ccc(Cl)cc1Cl,
cyclopentanone,1,O=C1CCCC1,
4-hydroxy-3-methoxybenzaldehyde,1,COc1cc(C=O)ccc1O,
trimethyl borate,1,COB(OC)OC,
"N,N-diethylethanamine",1,CCN(CC)CC,
"benzyl-dimethyl-[2-[2-[4-(2,4,4-trimethylpentan-2-yl)phenoxy]ethoxy]ethyl]azanium;chloride",1,CC(C)(C)CC(C)(C)c1ccc(OCCOCC[N+](C)(C)Cc2ccccc2)cc1.[Cl-],
4-acetamidobenzenesulfonyl chloride,1,CC(=O)Nc1ccc(S(=O)(=O)Cl)cc1,
1-chloro-3-nitrobenzene,1,O=[N+]([O-])c1cccc(Cl)c1,
"1,3,5-trinitro-1,3,5-triazinane",1,O=[N+]([O-])N1CN([N+](=O)[O-])CN([N+](=O)[O-])C1,
"benzene-1,3-dicarboxylic acid",1,O=C(O)c1cccc(C(=O)O)c1,
3-nitrobenzoic acid,1,O=C(O)c1cccc([N+](=O)[O-])c1,
1-[bis(2-hydroxypropyl)amino]propan-2-ol,1,CC(O)CN(CC(C)O)CC(C)O,
"6-chloro-2-N,4-N-diethyl-1,3,5-triazine-2,4-diamine",1,CCNc1nc(Cl)nc(NCC)n1,
triethyl phosphite,1,CCOP(OCC)OCC,
2-(phenoxymethyl)oxirane,1,c1ccc(OCC2CO2)cc1,
"1,2-diphenylhydrazine",1,c1ccc(NNc2ccccc2)cc1,
3-phenylpropan-1-ol,1,OCCCc1ccccc1,
2-phenoxyethanol,1,OCCOc1ccccc1,
1-hexadecylpyridin-1-ium;chloride,1,CCCCCCCCCCCCCCCC[n+]1ccccc1.[Cl-],
3-(chloromethyl)heptane,1,CCCCC(CC)CCl,
2-ethylhexanal,1,CCCCC(C=O)CC,
2-methylpentanal,1,CCCC(C)C=O,
"1,2-dihydropyridazine-3,6-dione",1,O=c1ccc(=O)[nH][nH]1,
propanal,1,CCC=O,
4-hydroxy-4-methylpentan-2-one,1,CC(=O)CC(C)(C)O,
"pentane-2,4-dione",1,CC(=O)CC(C)=O,
propanoyl propanoate,1,CCC(=O)OC(=O)CC,
butanal,1,CCCC=O,
(E)-but-2-enal,1,CC=CC=O,
pyrrolidine,1,C1CCNC1,
(E)-carbamoyliminourea,1,NC(=O)N=NC(N)=O,
butyl acetate,1,CCCCOC(C)=O,
"1,4-dioxane",1,C1COCCO1,
nonanedioic acid,1,O=C(O)CCCCCCCC(=O)O,
N-prop-2-enylprop-2-en-1-amine,1,C=CCNCC=C,
hexanedioic acid,1,O=C(O)CCCCC(=O)O,
octanoic acid,1,CCCCCCCC(=O)O,
"hexane-1,6-diamine",1,NCCCCCCN,
methyl tetradecanoate,1,CCCCCCCCCCCCCC(=O)OC,
non-1-ene,1,C=CCCCCCCC,
octanal,1,CCCCCCCC=O,
decane,1,CCCCCCCCCC,
dodecan-1-amine,1,CCCCCCCCCCCCN,
N-methylmethanamine,1,CNC,
sodium;methanolate,1,C[O-].[Na+],
dichloro-ethenyl-methylsilane,1,C=C[Si](C)(Cl)Cl,
tris(2-methylpropyl) phosphate,1,CC(C)COP(=O)(OCC(C)C)OCC(C)C,
tributyl phosphate,1,CCCCOP(=O)(OCCCC)OCCCC,
2-aminoethanol;2-sulfanylacetic acid,1,NCCO.O=C(O)CS,
"2-chlorobuta-1,3-diene",1,C=CC(=C)Cl,
"1,1,2,2-tetrachloroethene",1,ClC(Cl)=C(Cl)Cl,
sodium;3-nitrobenzenesulfonate,1,O=[N+]([O-])c1cccc(S(=O)(=O)[O-])c1.[Na+],
"6,6-dimethyl-2-methylidenebicyclo[3.1.1]heptane",1,C=C1CCC2CC1C2(C)C,
"dimethyl benzene-1,2-dicarboxylate",1,COC(=O)c1ccccc1C(=O)OC,
"bis(prop-2-enyl) benzene-1,2-dicarboxylate",1,C=CCOC(=O)c1ccccc1C(=O)OCC=C,
"sodium;2,3,4,5,6-pentachlorophenolate",1,[Na+].[O-]c1c(Cl)c(Cl)c(Cl)c(Cl)c1Cl,
"2-(trichloromethylsulfanyl)-3a,4,7,7a-tetrahydroisoindole-1,3-dione",1,O=C1C2CC=CCC2C(=O)N1SC(Cl)(Cl)Cl,
methyl 2-aminobenzoate,1,COC(=O)c1ccccc1N,
"N,N-diethyl-3-methylbenzamide",1,CCN(CC)C(=O)c1cccc(C)c1,
N-phenylnaphthalen-2-amine,1,c1ccc(Nc2ccc3ccccc3c2)cc1,
"zinc;N,N-dibutylcarbamodithioate",1,CCCCN(CCCC)C(=S)[S-].CCCCN(CCCC)C(=S)[S-].[Zn+2],
methyl 2-cyanoprop-2-enoate,1,C=C(C#N)C(=O)OC,
sodium;2-[dodecanoyl(methyl)amino]acetate,1,CCCCCCCCCCCC(=O)N(C)CC(=O)[O-].[Na+],
"dimethylcarbamothioylsulfanyl N,N-dimethylcarbamodithioate",1,CN(C)C(=S)SSC(=S)N(C)C,
"zinc;N,N-dimethylcarbamodithioate",1,CN(C)C(=S)[S-].CN(C)C(=S)[S-].[Zn+2],
sodium;N-methylcarbamodithioate,1,CNC(=S)[S-].[Na+],
butyl 2-hydroxypropanoate,1,CCCCOC(=O)C(C)O,
1-methyl-4-prop-1-en-2-ylcyclohexene,1,C=C(C)C1CC=C(C)CC1,
sodium;phenoxide,1,[Na+].[O-]c1ccccc1,
benzyl-dimethyl-tetradecylazanium;chloride,1,CCCCCCCCCCCCCC[N+](C)(C)Cc1ccccc1.[Cl-],
disodium;2-[2-[carboxylatomethyl(carboxymethyl)amino]ethyl-(carboxymethyl)amino]acetate,1,O=C([O-])CN(CCN(CC(=O)[O-])CC(=O)O)CC(=O)O.[Na+].[Na+],
"6-chloro-2-N,4-N-di(propan-2-yl)-1,3,5-triazine-2,4-diamine",1,CC(C)Nc1nc(Cl)nc(NC(C)C)n1,
trisodium;2-[2-[bis(carboxylatomethyl)amino]ethyl-(2-hydroxyethyl)amino]acetate,1,O=C([O-])CN(CCO)CCN(CC(=O)[O-])CC(=O)[O-].[Na+].[Na+].[Na+],
benzyl acetate,1,CC(=O)OCc1ccccc1,
2-piperazin-1-ylethanamine,1,NCCN1CCNCC1,
ethyl prop-2-enoate,1,C=CC(=O)OCC,
sodium;ethoxymethanedithioate,1,CCOC(=S)[S-].[Na+],
butyl prop-2-enoate,1,C=CC(=O)OCCCC,
2-aminoethanol,1,NCCO,
trichloro(propyl)silane,1,CCC[Si](Cl)(Cl)Cl,
butanoyl chloride,1,CCCC(=O)Cl,
ethyl acetate,1,CCOC(C)=O,
4-methylpent-3-en-2-one,1,CC(=O)C=C(C)C,
"1,3-dichloropropane",1,ClCCCCl,
disodium;N-[2-(sulfidocarbothioylamino)ethyl]carbamodithioate,1,S=C([S-])NCCNC(=S)[S-].[Na+].[Na+],
copper;diacetate,1,CC(=O)[O-].CC(=O)[O-].[Cu+2],
N-propylpropan-1-amine,1,CCCNCCC,
dodecyl 2-methylprop-2-enoate,1,C=C(C)C(=O)OCCCCCCCCCCCC,
1-butoxybutane,1,CCCCOCCCC,
dodecanoic acid,1,CCCCCCCCCCCC(=O)O,
potassium;(Z)-octadec-9-enoate,1,CCCCCCCCC=CCCCCCCCC(=O)[O-].[K+],
sodium;(Z)-octadec-9-enoate,1,CCCCCCCCC=CCCCCCCCC(=O)[O-].[Na+],
sodium;cyanide,1,[C-]#N.[Na+],
"1,2,3,4,6,7,8,9,10,10-decachloropentacyclo[5.3.0.02,6.03,9.04,8]decan-5-one",1,O=C1C2(Cl)C3(Cl)C4(Cl)C(Cl)(Cl)C5(Cl)C3(Cl)C1(Cl)C5(Cl)C24Cl,
"2,2,4-trimethylpentane-1,3-diol",1,CC(C)C(O)C(C)(C)CO,
sodium;hydrogen carbonate,1,O=C([O-])O.[Na+],
oxalic acid,1,O=C(O)C(=O)O,
"7-oxabicyclo[2.2.1]heptane-2,3-dicarboxylic acid",1,O=C(O)C1C2CCC(O2)C1C(=O)O,
2-ethylhexanoic acid,1,CCCCC(CC)C(=O)O,
trimethoxymethane,1,COC(OC)OC,
dichloro-methyl-phenylsilane,1,C[Si](Cl)(Cl)c1ccccc1,
4-aminobenzoic acid,1,Nc1ccc(C(=O)O)cc1,
4-(methylamino)phenol,1,CNc1ccc(O)cc1,
aziridine,1,C1CN1,
"2-bromo-2-chloro-1,1,1-trifluoroethane",1,FC(F)(F)C(Cl)Br,
"1,3-bis(2-chloroethyl)-1-nitrosourea",1,O=NN(CCCl)C(=O)NCCCl,
calcium;cyanamide,1,N#CN.[Ca+2],
3-aminopropan-1-ol,1,NCCCO,
"pentacyclo[10.7.1.02,7.08,20.013,18]icosa-1(19),2(7),3,5,8(20),9,11,13,15,17-decaene",1,c1ccc2c(c1)-c1cccc3c1c-2cc1ccccc13,
"benzo[b][1,4]benzoxazepine",1,C1=Nc2ccccc2Oc2ccccc21,
"1,4-diazabicyclo[2.2.2]octane",1,C1CN2CCN1CC2,
cyclopentane,1,C1CCCC1,
1H-pyrazole,1,c1cn[nH]c1,
"1H-1,2,4-triazole",1,c1nc[nH]n1,
diethoxy-(ethylsulfanylmethylsulfanyl)-sulfanylidene-lambda5-phosphane,1,CCOP(=S)(OCC)SCSCC,
diethoxy-(2-ethylsulfanylethylsulfanyl)-sulfanylidene-lambda5-phosphane,1,CCOP(=S)(OCC)SCCSCC,
bis(2-ethylhexyl) hydrogen phosphate,1,CCCCC(CC)COP(=O)(O)OCC(CC)CCCC,
"iron(2+);(2R,3S,4R,5R)-2,3,4,5,6-pentahydroxyhexanoate",1,O=C([O-])C(O)C(O)C(O)C(O)CO.O=C([O-])C(O)C(O)C(O)C(O)CO.[Fe+2],
"dimethoxy-sulfanylidene-(2,4,5-trichlorophenoxy)-lambda5-phosphane",1,COP(=S)(OC)Oc1cc(Cl)c(Cl)cc1Cl,
lead(2+);diacetate,1,CC(=O)[O-].CC(=O)[O-].[Pb+2],
hydrazine,1,NN,
1-[(4-chlorophenyl)-phenylmethyl]piperazine,1,Clc1ccc(C(c2ccccc2)N2CCNCC2)cc1,
"2,2-dichloro-1,1,1-trifluoroethane",1,FC(F)(F)C(Cl)Cl,
"3-(3,4-dichlorophenyl)-1,1-dimethylurea",1,CN(C)C(=O)Nc1ccc(Cl)c(Cl)c1,
"3-(3,4-dichlorophenyl)-1-methoxy-1-methylurea",1,CON(C)C(=O)Nc1ccc(Cl)c(Cl)c1,
bis(4-fluorophenyl)methanone,1,O=C(c1ccc(F)cc1)c1ccc(F)cc1,
methoxymethane;trifluoroborane,1,COC.FB(F)F,
carbonyl difluoride,1,O=C(F)F,
"(4aR,5aS,8aR,13aS,15aS,15bR)-10,11-dimethoxy-4a,5,5a,7,8,13a,15,15a,15b,16-decahydro-2H-4,6-methanoindolo[3,2,1-ij]oxepino[2,3,4-de]pyrrolo[2,3-h]quinolin-14-one",1,COc1cc2c(cc1OC)C13CCN4CC5=CCOC6CC(=O)N2C1C6C5CC43,
2-cyanoacetic acid,1,N#CCC(=O)O,
nickel(2+);diacetate,1,CC(=O)[O-].CC(=O)[O-].[Ni+2],
"1,1,2,2,3,3,4,4-octafluoro-1,4-diiodobutane",1,FC(F)(I)C(F)(F)C(F)(F)C(F)(F)I,
"3,3,3-trifluoro-2-(trifluoromethyl)prop-1-ene",1,C=C(C(F)(F)F)C(F)(F)F,
"1,1,3,3,3-pentafluoro-2-(trifluoromethyl)prop-1-ene",1,FC(F)=C(C(F)(F)F)C(F)(F)F,
cyanamide,1,N#CN,
"1,1,1,2,2,3,3,4,4-nonafluoro-4-iodobutane",1,FC(F)(F)C(F)(F)C(F)(F)C(F)(F)I,
"butane-2,3-dione",1,CC(=O)C(C)=O,
"1,1,1,2,3,3,3-heptafluoropropane",1,FC(C(F)(F)F)C(F)(F)F,
"7-chloro-1-methyl-5-phenyl-3H-1,4-benzodiazepin-2-one",1,CN1C(=O)CN=C(c2ccccc2)c2cc(Cl)ccc21,
2-chloro-1-(4-fluorophenyl)ethanone,1,O=C(CCl)c1ccc(F)cc1,
1-bromo-4-fluorobenzene,1,Fc1ccc(Br)cc1,
oxalonitrile,1,N#CC#N,
ethoxymethoxyethane,1,CCOCOCC,
thiocarbonyl dichloride,1,S=C(Cl)Cl,
"3,5,5-trimethylcyclohex-3-en-1-one",1,CC1=CC(C)(C)CC(=O)C1,
"N-methyl-N-(2,4,6-trinitrophenyl)nitramide",1,CN(c1c([N+](=O)[O-])cc([N+](=O)[O-])cc1[N+](=O)[O-])[N+](=O)[O-],
disodium;carbonate,1,O=C([O-])[O-].[Na+].[Na+],
bicyclo[2.2.1]hept-2-ene,1,C1=CC2CCC1C2,
"1,4-dioxane-2,5-dione",1,O=C1COC(=O)CO1,
pyridin-2-amine,1,Nc1ccccn1,
"1,3-dioxepane",1,C1CCOCOC1,
potassium;silver;dicyanide,1,[Ag+].[C-]#N.[C-]#N.[K+],
carbononitridic chloride,1,N#CCl,
carbononitridic iodide,1,N#CI,
diazanium;carbonate,1,O=C([O-])[O-].[NH4+].[NH4+],
guanidine;nitric acid,1,N=C(N)N.O=[N+]([O-])O,
tetranitromethane,1,O=[N+]([O-])C([N+](=O)[O-])([N+](=O)[O-])[N+](=O)[O-],
1-chloro-2-methylprop-1-ene,1,CC(C)=CCl,
butane-2-thiol,1,CCC(C)S,
cadmium(2+);carbonate,1,O=C([O-])[O-].[Cd+2],
cobalt(2+);carbonate,1,O=C([O-])[O-].[Co+2],
iron(2+);oxalate,1,O=C([O-])C(=O)[O-].[Fe+2],
"1,2,3-trimethylbenzene",1,Cc1cccc(C)c1C,
"2,3-dimethylphenol",1,Cc1cccc(O)c1C,
"1,1-diphenylhydrazine",1,NN(c1ccccc1)c1ccccc1,
2-chloro-1-phenylethanone,1,O=C(CCl)c1ccccc1,
trisodium;hydrogen carbonate;carbonate,1,O=C([O-])O.O=C([O-])[O-].[Na+].[Na+].[Na+],
"2,2,4-trimethylpentane",1,CC(C)CC(C)(C)C,
tert-butyl acetate,1,CC(=O)OC(C)(C)C,
"2,2,4,4,6,6,8,8,10,10-decamethyl-1,3,5,7,9,2,4,6,8,10-pentaoxapentasilecane",1,C[Si]1(C)O[Si](C)(C)O[Si](C)(C)O[Si](C)(C)O[Si](C)(C)O1,
acetic acid;dioxouranium,1,CC(=O)O.CC(=O)O.[O]=[U]=[O],
ethyl carbonochloridate,1,CCOC(=O)Cl,
5-methylheptan-3-one,1,CCC(=O)CC(C)CC,
"6-methyl-1,3,5-triazine-2,4-diamine",1,Cc1nc(N)nc(N)n1,
2-methylpropyl nitrite,1,CC(C)CON=O,
"1,3-dichloroprop-1-ene",1,ClC=CCCl,
chloro(chloromethoxy)methane,1,ClCOCCl,
"cyclopenta-1,3-diene",1,C1=CCC=C1,
3-methyl-1-(3-methylbutoxy)butane,1,CC(C)CCOCCC(C)C,
copper(1+);cyanide,1,[C-]#N.[Cu+],
zinc;carbanide,1,[CH3-].[CH3-].[Zn+2],
"2,2,2-trichloroacetonitrile",1,N#CC(Cl)(Cl)Cl,
methyl 2-hydroxypropanoate,1,COC(=O)C(C)O,
"1,3-dioxo-2-benzofuran-5-carboxylic acid",1,O=C(O)c1ccc2c(c1)C(=O)OC2=O,
aluminum;propan-2-olate,1,CC(C)[O-].CC(C)[O-].CC(C)[O-].[Al+3],
aluminum;hexadecanoate,1,CCCCCCCCCCCCCCCC(=O)[O-].CCCCCCCCCCCCCCCC(=O)[O-].CCCCCCCCCCCCCCCC(=O)[O-].[Al+3],
"2-chloro-N,N-bis(2-chloroethyl)ethanamine",1,ClCCN(CCCl)CCCl,
oxiran-2-ylmethanol,1,OCC1CO1,
methylimino(sulfanylidene)methane,1,CN=C=S,
"2,2,4,4,6,6,8,8-octamethyl-1,3,5,7,2,4,6,8-tetraoxatetrasilocane",1,C[Si]1(C)O[Si](C)(C)O[Si](C)(C)O[Si](C)(C)O1,
1-nitroguanidine,1,N=C(N)N[N+](=O)[O-],
nickel(2+);dicyanide,1,[C-]#N.[C-]#N.[Ni+2],
zinc;ethane,1,[CH2-]C.[CH2-]C.[Zn+2],
zinc;diacetate,1,CC(=O)[O-].CC(=O)[O-].[Zn+2],
tetrabromomethane,1,BrC(Br)(Br)Br,
"2,2-dimethyloxirane",1,CC1(C)CO1,
3-chloro-2-methylprop-1-ene,1,C=C(C)CCl,
"1,2-dichloroprop-1-ene",1,CC(Cl)=CCl,
iron(2+);carbonate,1,O=C([O-])[O-].[Fe+2],
3-methylbutan-2-one,1,CC(=O)C(C)C,
"2,6-dimethylphenol",1,Cc1cccc(C)c1O,
10-chloro-5H-phenarsazinine,1,Cl[As]1c2ccccc2Nc2ccccc21,
"1,3-dihydrobenzimidazole-2-thione",1,S=c1[nH]c2ccccc2[nH]1,
2-methylcyclohexan-1-one,1,CC1CCCCC1=O,
dipotassium;carbonate,1,O=C([O-])[O-].[K+].[K+],
"(2-methyl-4-oxo-3-prop-2-enylcyclopent-2-en-1-yl) 2,2-dimethyl-3-(2-methylprop-1-enyl)cyclopropane-1-carboxylate",1,C=CCC1=C(C)C(OC(=O)C2C(C=C(C)C)C2(C)C)CC1=O,
"2,4-diisocyanato-1-methylbenzene",1,Cc1ccc(N=C=O)cc1N=C=O,
tert-butyl 2-methylprop-2-enoate,1,C=C(C)C(=O)OC(C)(C)C,
lanthanum(3+);tricarbonate,1,O=C([O-])[O-].O=C([O-])[O-].O=C([O-])[O-].[La+3].[La+3],
butyl propanoate,1,CCCCOC(=O)CC,
1-chloroprop-1-ene,1,CC=CCl,
3-methylbutanal,1,CC(C)CC=O,
"3,5-dimethylpyridine",1,Cc1cncc(C)c1,
iodobenzene,1,Ic1ccccc1,
hexan-2-one,1,CCCCC(C)=O,
calcium;dicyanide,1,[C-]#N.[C-]#N.[Ca+2],
butyl carbonochloridate,1,CCCCOC(=O)Cl,
lead(2+);dithiocyanate,1,N#C[S-].N#C[S-].[Pb+2],
octadecane,1,CCCCCCCCCCCCCCCCCC,
guanidine;thiocyanic acid,1,N#CS.N=C(N)N,
trichloromethyl thiohypochlorite,1,ClSC(Cl)(Cl)Cl,
dichloro(ethyl)arsane,1,CC[As](Cl)Cl,
1-bromopropan-2-one,1,CC(=O)CBr,
methylurea,1,CNC(N)=O,
"N,N-dimethylethanamine",1,CCN(C)C,
"pentane-2,3-dione",1,CCC(=O)C(C)=O,
"1,3,5-tribromo-2-methoxybenzene",1,COc1c(Br)cc(Br)cc1Br,
"2,6-dibromophenol",1,Oc1c(Br)cccc1Br,
"2,3,4,5,6-pentabromophenol",1,Oc1c(Br)c(Br)c(Br)c(Br)c1Br,
"3,4,5-trichlorophenol",1,Oc1cc(Cl)c(Cl)c(Cl)c1,
1-chloro-2-(chloromethyl)benzene,1,ClCc1ccccc1Cl,
ethyl N-methyl-N-nitrosocarbamate,1,CCOC(=O)N(C)N=O,
"2,4-dibromophenol",1,Oc1ccc(Br)cc1Br,
"3-methylfuran-2,5-dione",1,CC1=CC(=O)OC1=O,
dimethyl carbonate,1,COC(=O)OC,
1-methylimidazole,1,Cn1ccnc1,
cyclohexyl acetate,1,CC(=O)OC1CCCCC1,
(NE)-N-pentan-2-ylidenehydroxylamine,1,CCCC(C)=NO,
ethyl methyl carbonate,1,CCOC(=O)OC,
diethyl (E)-but-2-enedioate,1,CCOC(=O)C=CC(=O)OCC,
3-chloroprop-1-yne,1,C#CCCl,
methylimino(oxo)methane,1,CN=C=O,
O-ethylhydroxylamine,1,CCON,
(methyldisulfanyl)methane,1,CSSC,
3-chloropropanoyl chloride,1,O=C(Cl)CCCl,
propan-2-yl formate,1,CC(C)OC=O,
pentan-2-yl acetate,1,CCCC(C)OC(C)=O,
1-methylpiperidine,1,CN1CCCCC1,
propyl nitrate,1,CCCO[N+](=O)[O-],
pentyl acetate,1,CCCCCOC(C)=O,
2-formyloxyethyl formate,1,O=COCCOC=O,
tridecane,1,CCCCCCCCCCCCC,
tetradecane,1,CCCCCCCCCCCCCC,
hexadec-1-ene,1,C=CCCCCCCCCCCCCCC,
"1,1,1,2-tetrachloroethane",1,ClCC(Cl)(Cl)Cl,
azanium;acetate,1,CC(=O)[O-].[NH4+],
"1,1,3,3-tetramethylurea",1,CN(C)C(=O)N(C)C,
aluminum;octadecanoate,1,CCCCCCCCCCCCCCCCCC(=O)[O-].CCCCCCCCCCCCCCCCCC(=O)[O-].CCCCCCCCCCCCCCCCCC(=O)[O-].[Al+3],
2-ethoxy-2-methylpropane,1,CCOC(C)(C)C,
ethyl 4-chloro-3-oxobutanoate,1,CCOC(=O)CC(=O)CCl,
phenylphosphane,1,Pc1ccccc1,
pentanoyl chloride,1,CCCCC(=O)Cl,
pentyl carbonochloridate,1,CCCCCOC(=O)Cl,
pentyl formate,1,CCCCCOC=O,
dichloro(phenyl)phosphane,1,ClP(Cl)c1ccccc1,
(E)-2-ethylhex-2-enal,1,CCCC=C(C=O)CC,
"1,3-dioxolane",1,C1COCO1,
"3,3,4,4,5,5,6,6,7,7,8,8,8-tridecafluorooctan-1-ol",1,OCCC(F)(F)C(F)(F)C(F)(F)C(F)(F)C(F)(F)C(F)(F)F,
"sodium;2,2,2-trichloroacetate",1,O=C([O-])C(Cl)(Cl)Cl.[Na+],
"(2S)-2,6-diaminohexanoic acid;hydrochloride",1,Cl.NCCCCC(N)C(=O)O,
4-methylideneoxetan-2-one,1,C=C1CC(=O)O1,
tetramethyl silicate,1,CO[Si](OC)(OC)OC,
dibutyl(dichloro)stannane,1,CCC[CH2][Sn]([Cl])([Cl])[CH2]CCC,
"1,1,2,3,4,4-hexafluorobuta-1,3-diene",1,FC(F)=C(F)C(F)=C(F)F,
2-methylbutan-2-yl 2-ethylhexaneperoxoate,1,CCCCC(CC)C(=O)OOC(C)(C)CC,
aluminum;(Z)-octadec-9-enoate,1,CCCCCCCCC=CCCCCCCCC(=O)[O-].CCCCCCCCC=CCCCCCCCC(=O)[O-].CCCCCCCCC=CCCCCCCCC(=O)[O-].[Al+3],
tributyl borate,1,CCCCOB(OCCCC)OCCCC,
butyloxonio(trifluoro)boranuide,1,CCCC[OH+][B-](F)(F)F,
1-chloro-2-ethylsulfanylethane,1,CCSCCCl,
2-methyl-1H-imidazole,1,Cc1ncc[nH]1,
dichloro(phenyl)arsane,1,Cl[As](Cl)c1ccccc1,
propan-2-ylcyclohexane,1,CC(C)C1CCCCC1,
"2,3,5-trimethylbenzene-1,4-diol",1,Cc1cc(O)c(C)c(C)c1O,
"2,4,6-tritert-butylphenol",1,CC(C)(C)c1cc(C(C)(C)C)c(O)c(C(C)(C)C)c1,
dichloro(dimethyl)stannane,1,[CH3][Sn]([CH3])([Cl])[Cl],
"1,1,1,3,4,4,4-heptafluoro-3-(trifluoromethyl)butan-2-one",1,O=C(C(F)(F)F)C(F)(C(F)(F)F)C(F)(F)F,
"1,1,1,2,2,4,5,5,5-nonafluoro-4-(trifluoromethyl)pentan-3-one",1,O=C(C(F)(F)C(F)(F)F)C(F)(C(F)(F)F)C(F)(F)F,
[methoxy(methyl)phosphoryl]oxymethane,1,COP(C)(=O)OC,
"3,4-dichlorobut-1-ene",1,C=CC(Cl)CCl,
2-ethylhexanoyl chloride,1,CCCCC(CC)C(=O)Cl,
2-methylprop-2-enoyl 2-methylprop-2-enoate,1,C=C(C)C(=O)OC(=O)C(=C)C,
3-methylbut-3-en-1-ol,1,C=C(C)CCO,
oxirane-2-carbaldehyde,1,O=CC1CO1,
1-ethylpiperidine,1,CCN1CCCCC1,
1-phenoxypropan-2-ol,1,CC(O)COc1ccccc1,
"1,2-bis(2-chlorophenyl)hydrazine",1,Clc1ccccc1NNc1ccccc1Cl,
"1,1,1,2-tetrafluoroethane",1,FCC(F)(F)F,
3-methylbut-3-en-2-one,1,C=C(C)C(C)=O,
calcium;2-hydroxypropanoate,1,CC(O)C(=O)[O-].CC(O)C(=O)[O-].[Ca+2],
chromium(2+);oxalate,1,O=C([O-])C(=O)[O-].[Cr+2],
copper;oxalate,1,O=C([O-])C(=O)[O-].[Cu+2],
2-hydroxyethyl prop-2-enoate,1,C=CC(=O)OCCO,
"1,6-diisocyanatohexane",1,O=C=NCCCCCCN=C=O,
sodium;4-nitrophenolate,1,O=[N+]([O-])c1ccc([O-])cc1.[Na+],
"dimethyl naphthalene-2,6-dicarboxylate",1,COC(=O)c1ccc2cc(C(=O)OC)ccc2c1,
"methyl (1R,9R,10S,11R,12R,19R)-11-acetyloxy-12-ethyl-4-[(13S,15R,17S)-17-ethyl-17-hydroxy-13-methoxycarbonyl-1,11-diazatetracyclo[13.3.1.04,12.05,10]nonadeca-4(12),5,7,9-tetraen-13-yl]-10-hydroxy-5-methoxy-8-methyl-8,16-diazapentacyclo[10.6.1.01,9.02,7.016,19]nonadeca-2,4,6,13-tetraene-10-carboxylate",1,CCC1(O)CC2CN(CCc3c([nH]c4ccccc34)C(C(=O)OC)(c3cc4c(cc3OC)N(C)C3C(O)(C(=O)OC)C(OC(C)=O)C5(CC)C=CCN6CCC43C65)C2)C1,
dimethoxy(oxo)phosphanium,1,CO[P+](=O)OC,
dec-1-ene,1,C=CCCCCCCCC,
1-methylpyrrolidin-2-one,1,CN1CCCC1=O,
pyridine-4-carbaldehyde,1,O=Cc1ccncc1,
"2-N-tert-butyl-4-N-ethyl-6-methylsulfanyl-1,3,5-triazine-2,4-diamine",1,CCNc1nc(NC(C)(C)C)nc(SC)n1,
potassium;ethanolate,1,CC[O-].[K+],
"(E)-1,3-dichlorobut-2-ene",1,CC(Cl)=CCCl,
"N,N-dimethylpropan-1-amine",1,CCCN(C)C,
trichloro(hexyl)silane,1,CCCCCC[Si](Cl)(Cl)Cl,
(Z)-hex-3-en-1-ol,1,CCC=CCCO,
2-(2-aminoethoxy)ethanol,1,NCCOCCO,
2-ethyl-5-methyl-1H-imidazole,1,CCc1ncc(C)[nH]1,
"2,3,6-trichlorophenol",1,Oc1c(Cl)ccc(Cl)c1Cl,
"2,3,5,6-tetrachlorophenol",1,Oc1c(Cl)c(Cl)cc(Cl)c1Cl,
"2,4,6-trimethylbenzoyl chloride",1,Cc1cc(C)c(C(=O)Cl)c(C)c1,
(1-hydroxycyclohexyl)-phenylmethanone,1,O=C(c1ccccc1)C1(O)CCCCC1,
"2,9-dimethyl-5,12-dihydroquinolino[2,3-b]acridine-7,14-dione",1,Cc1ccc2[nH]c3cc4c(=O)c5cc(C)ccc5[nH]c4cc3c(=O)c2c1,
2-methoxy-2-methylbutane,1,CCC(C)(C)OC,
"N,N-dimethylpropan-2-amine",1,CC(C)N(C)C,
[dimethyl-(trimethylsilylamino)silyl]methane,1,C[Si](C)(C)N[Si](C)(C)C,
1-(2-ethoxyethoxy)-2-methoxyethane,1,CCOCCOCCOC,
cyclopentanamine,1,NC1CCCC1,
2-propyloxirane,1,CCCC1CO1,
"2,2,4,4,6,6-hexamethyl-1,3,5,2,4,6-triazatrisilinane",1,C[Si]1(C)N[Si](C)(C)N[Si](C)(C)N1,
"2-[bis(dimethylamino)phosphoryl]-5-phenyl-1,2,4-triazol-3-amine",1,CN(C)P(=O)(N(C)C)n1nc(-c2ccccc2)nc1N,
"5,12-dihydroquinolino[2,3-b]acridine-7,14-dione",1,O=c1c2ccccc2[nH]c2cc3c(=O)c4ccccc4[nH]c3cc12,
chromium(3+);triacetate,1,CC(=O)[O-].CC(=O)[O-].CC(=O)[O-].[Cr+3],
azanium;hydrogen carbonate,1,O=C([O-])O.[NH4+],
trimethoxy(propyl)silane,1,CCC[Si](OC)(OC)OC,
trioctylalumane,1,CCCCCCC[CH2][Al]([CH2]CCCCCCC)[CH2]CCCCCCC,
"1,1,1,3-tetrachloropropane",1,ClCCC(Cl)(Cl)Cl,
sodium;bis(trimethylsilyl)azanide,1,C[Si](C)(C)[N-][Si](C)(C)C.[Na+],
"1,4-dimethylpyrazole",1,Cc1cnn(C)c1,
"5-methyl-1,3-oxazolidin-2-one",1,CC1CNC(=O)O1,
5-(dithiolan-3-yl)pentanoic acid,1,O=C(O)CCCCC1CCSS1,
chloro(diphenyl)phosphane,1,ClP(c1ccccc1)c1ccccc1,
azanium;carbamate,1,NC(=O)[O-].[NH4+],
diazanium;oxalate,1,O=C([O-])C(=O)[O-].[NH4+].[NH4+],
tributylalumane,1,CCC[CH2][Al]([CH2]CCC)[CH2]CCC,
trimethyl(tetradecyl)azanium;bromide,1,CCCCCCCCCCCCCC[N+](C)(C)C.[Br-],
undecane,1,CCCCCCCCCCC,
tetradec-1-ene,1,C=CCCCCCCCCCCCC,
"oxathiolane 2,2-dioxide",1,O=S1(=O)CCCO1,
dichloro-ethyl-phenylsilane,1,CC[Si](Cl)(Cl)c1ccccc1,
ethyl piperidine-4-carboxylate,1,CCOC(=O)C1CCNCC1,
"1,2,3,4,5-pentabromo-6-(2,3,4,5,6-pentabromophenoxy)benzene",1,Brc1c(Br)c(Br)c(Oc2c(Br)c(Br)c(Br)c(Br)c2Br)c(Br)c1Br,
"11-methoxy-6,8,16,20-tetraoxapentacyclo[10.8.0.02,9.03,7.013,18]icosa-1,4,9,11,13(18)-pentaene-17,19-dione",1,COc1cc2c(c3oc(=O)c4c(c13)CCOC4=O)C1C=COC1O2,
"ethyl 2-[(3,5-dibromo-4-hydroxyphenyl)-(3,5-dibromo-4-oxocyclohexa-2,5-dien-1-ylidene)methyl]benzoate",1,CCOC(=O)c1ccccc1C(=C1C=C(Br)C(=O)C(Br)=C1)c1cc(Br)c(O)c(Br)c1,
copper;carbonate,1,O=C([O-])[O-].[Cu+2],
"azane;2-hydroxypropane-1,2,3-tricarboxylate;iron(3+)",1,N.O=C([O-])CC(O)(CC(=O)[O-])C(=O)[O-].[Fe+3],
2-ethylhexyl diphenyl phosphate,1,CCCCC(CC)COP(=O)(Oc1ccccc1)Oc1ccccc1,
gallanylidynearsane,1,[Ga]#[As],
oxo(oxoboranyloxy)borane,1,O=BOB=O,
"disodium;3,7-dioxido-2,4,6,8,9-pentaoxa-1,3,5,7-tetraborabicyclo[3.3.1]nonane;decahydrate",1,O.O.O.O.O.O.O.O.O.O.[Na+].[Na+].[O-]B1OB2OB([O-])OB(O1)O2,
barium(2+);peroxide,1,[Ba+2].[O-][O-],
oxoberyllium,1,[Be]=[O],
oxocalcium,1,[O]=[Ca],
calcium;peroxide,1,[Ca+2].[O-][O-],
tricalcium;phosphorus(3-),1,[Ca+2].[Ca+2].[Ca+2].[P-3].[P-3],
tellanylidenecadmium,1,[Cd]=[Te],
oxocobalt,1,[O]=[Co],
dioxido(dioxo)chromium;iron(2+),1,[Fe+2].[O]=[Cr](=[O])([O-])[O-],
oxo(oxochromiooxy)chromium,1,[O]=[Cr][O][Cr]=[O],
dioxolead,1,[O]=[Pb]=[O],
potassium;hydroxide,1,[K+].[OH-],
lithium;hydroxide,1,[Li+].[OH-],
lithium;hydroxide;hydrate,1,O.[Li+].[OH-],
trioxomolybdenum,1,[O]=[Mo](=[O])=[O],
disodium;peroxide,1,[Na+].[Na+].[O-][O-],
dioxoniobiooxy(dioxo)niobium,1,[O]=[Nb](=[O])[O][Nb](=[O])=[O],
oxozinc,1,[O]=[Zn],
oxygen(2-);yttrium(3+),1,[O-2].[O-2].[O-2].[Y+3].[Y+3],
oxygen(2-);tantalum(5+),1,[O-2].[O-2].[O-2].[O-2].[O-2].[Ta+5].[Ta+5],
dioxovanadiooxy(dioxo)vanadium,1,[O]=[V](=[O])[O][V](=[O])=[O],
dioxouranium(2+);sulfate,1,O=S(=O)([O-])[O-].[O]=[U+2]=[O],
trizinc;phosphorus(3-),1,[P-3].[P-3].[Zn+2].[Zn+2].[Zn+2],
"3,5,7-trithia-1,2,4,6-tetraphosphatricyclo[2.2.1.02,6]heptane",1,s1p2sp3p1p3s2,
sulfanylidenetin,1,[S]=[Sn],
sulfanylidenestrontium,1,[S]=[Sr],
bis(sulfanylidene)tin,1,[S]=[Sn]=[S],
sulfanylideneiron,1,[S]=[Fe],
oxocopper,1,[O]=[Cu],
iron(3+);oxygen(2-),1,[Fe+3].[Fe+3].[O-2].[O-2].[O-2],
lead(2+);dicarbonate;dihydroxide,1,O=C([O-])[O-].O=C([O-])[O-].[OH-].[OH-].[Pb+2].[Pb+2].[Pb+2],
2-hydroxyethylurea,1,NC(=O)NCCO,
"1,2-bis(ethenyl)benzene",1,C=Cc1ccccc1C=C,
"disodium;3,7-dioxido-2,4,6,8,9-pentaoxa-1,3,5,7-tetraborabicyclo[3.3.1]nonane",1,[Na+].[Na+].[O-]B1OB2OB([O-])OB(O1)O2,
oxo-oxoalumanyloxy-[oxo(oxoalumanyloxy)silyl]oxysilane;dihydrate,1,O.O.[O]=[Al][O][Si](=O)O[Si](=O)[O][Al]=[O],
trioxochromium,1,[O]=[Cr](=[O])=[O],
sodium;fluoride;hydrofluoride,1,F.[F-].[Na+],
carbon,1,[C],
"(2R,3R,4R,5S)-hexane-1,2,3,4,5,6-hexol;2-hydroxypropane-1,2,3-tricarboxylate;iron(3+)",1,O=C([O-])CC(O)(CC(=O)[O-])C(=O)[O-].OCC(O)C(O)C(O)C(O)CO.[Fe+3],
2-hydroperoxy-2-(2-hydroperoxybutan-2-ylperoxy)butane,1,CCC(C)(OO)OOC(C)(CC)OO,
"[2-[(2R,3R,4S)-3,4-dihydroxyoxolan-2-yl]-2-hydroxyethyl] dodecanoate",1,CCCCCCCCCCCC(=O)OCC(O)C1OCC(O)C1O,
aluminum;calcium;sodium;silicate,1,[Al+3].[Ca+2].[Na+].[O-][Si]([O-])([O-])[O-],
dialuminum;oxygen(2-),1,[Al+3].[Al+3].[O-2].[O-2].[O-2],
dioxido(dioxo)chromium;lead(2+),1,[O]=[Cr](=[O])([O-])[O-].[Pb+2],
dicalcium;silicate,1,[Ca+2].[Ca+2].[O-][Si]([O-])([O-])[O-],
oxoiron,1,[O]=[Fe],
"(1S,2R,18R,19R,22S,25R,28R,40S)-48-[(2S,3R,4S,5S,6R)-3-[(2S,4S,5S,6S)-4-amino-5-hydroxy-4,6-dimethyloxan-2-yl]oxy-4,5-dihydroxy-6-(hydroxymethyl)oxan-2-yl]oxy-22-(2-amino-2-oxoethyl)-5,15-dichloro-2,18,32,35,37-pentahydroxy-19-[[(2R)-4-methyl-2-(methylamino)pentanoyl]amino]-20,23,26,42,44-pentaoxo-7,13-dioxa-21,24,27,41,43-pentazaoctacyclo[26.14.2.23,6.214,17.18,12.129,33.010,25.034,39]pentaconta-3,5,8(48),9,11,14,16,29(45),30,32,34(39),35,37,46,49-pentadecaene-40-carboxylic acid",1,CNC(CC(C)C)C(=O)NC1C(=O)NC(CC(N)=O)C(=O)NC2C(=O)NC3C(=O)NC(C(=O)NC(C(=O)O)c4cc(O)cc(O)c4-c4cc3ccc4O)C(O)c3ccc(c(Cl)c3)Oc3cc2cc(c3OC2OC(CO)C(O)C(O)C2OC2CC(C)(N)C(O)C(C)O2)Oc2ccc(cc2Cl)C1O,
[3-(aminomethyl)phenyl]methanamine,1,NCc1cccc(CN)c1,
1-dichlorophosphoryloxyethane,1,CCOP(=O)(Cl)Cl,
"2-bromo-3,3,3-trifluoroprop-1-ene",1,C=C(Br)C(F)(F)F,
tri(icosyl)alumane,1,CCCCCCCCCCCCCCCCCCC[CH2][Al]([CH2]CCCCCCCCCCCCCCCCCCC)[CH2]CCCCCCCCCCCCCCCCCCC,
tri(tetradecyl)alumane,1,CCCCCCCCCCCCC[CH2][Al]([CH2]CCCCCCCCCCCCC)[CH2]CCCCCCCCCCCCC,
"2,2-dimethylpropanoyl 2,2-dimethylpropanoate",1,CC(C)(C)C(=O)OC(=O)C(C)(C)C,
dichloro-(chloromethyl)-methylsilane,1,C[Si](Cl)(Cl)CCl,
1-ethoxypropan-2-ol,1,CCOCC(C)O,
cyclohexanethiol,1,SC1CCCCC1,
4-chloro-2-methylphenol,1,Cc1cc(Cl)ccc1O,
5-chloropentanoyl chloride,1,O=C(Cl)CCCCCl,
"2,6-dinitro-N,N-dipropyl-4-(trifluoromethyl)aniline",1,CCCN(CCC)c1c([N+](=O)[O-])cc(C(F)(F)F)cc1[N+](=O)[O-],
2-methoxypropan-1-ol,1,COC(C)CO,
2-methoxy-2-methylpropane,1,COC(C)(C)C,
diethoxy(phenyl)phosphane,1,CCOP(OCC)c1ccccc1,
"1,2-dichloro-1,1-difluoroethane",1,FC(F)(Cl)CCl,
"2,3-dichlorobuta-1,3-diene",1,C=C(Cl)C(=C)Cl,
tert-butyl prop-2-enoate,1,C=CC(=O)OC(C)(C)C,
1-methyl-4-methylsulfonyl-2-nitrobenzene,1,Cc1ccc(S(C)(=O)=O)cc1[N+](=O)[O-],
2-[2-(dimethylamino)ethoxy]ethanol,1,CN(C)CCOCCO,
"1,1-dichloro-1-fluoroethane",1,CC(F)(Cl)Cl,
dichloro(diethyl)silane,1,CC[Si](Cl)(Cl)CC,
chloro-ethenyl-dimethylsilane,1,C=C[Si](C)(C)Cl,
3-(dimethylamino)propanenitrile,1,CN(C)CCC#N,
2-prop-2-enylphenol,1,C=CCc1ccccc1O,
"2,3,7,8-tetrachlorodibenzo-p-dioxin",1,Clc1cc2c(cc1Cl)Oc1cc(Cl)c(Cl)cc1O2,
"N'-(3-trimethoxysilylpropyl)ethane-1,2-diamine",1,CO[Si](CCCNCCN)(OC)OC,
4-[(4-aminocyclohexyl)methyl]cyclohexan-1-amine,1,NC1CCC(CC2CCC(N)CC2)CC1,
azanium;thiocyanate,1,N#C[S-].[NH4+],
"2,2-bis(trifluoromethyl)-1,3-dioxolane",1,FC(F)(F)C1(C(F)(F)F)OCCO1,
N-(dichloromethylidene)hydroxylamine,1,ON=C(Cl)Cl,
"3,3,4,4,5,5,6,6,7,7,8,8-dodecafluorodeca-1,9-diene",1,C=CC(F)(F)C(F)(F)C(F)(F)C(F)(F)C(F)(F)C(F)(F)C=C,
dibutoxy(oxo)phosphanium,1,CCCCO[P+](=O)OCCCC,
"2,4-dichloro-1-(4-nitrophenoxy)benzene",1,O=[N+]([O-])c1ccc(Oc2ccc(Cl)cc2Cl)cc1,
"2-ethyl-N,N-bis(2-ethylhexyl)hexan-1-amine",1,CCCCC(CC)CN(CC(CC)CCCC)CC(CC)CCCC,
azanium;benzoate,1,O=C([O-])c1ccccc1.[NH4+],
"2,4,5,6-tetrachlorobenzene-1,3-dicarbonitrile",1,N#Cc1c(Cl)c(Cl)c(Cl)c(C#N)c1Cl,
"2,6-difluorobenzonitrile",1,N#Cc1c(F)cccc1F,
1-methyl-4-(1-methylpyridin-1-ium-4-yl)pyridin-1-ium;dichloride,1,C[n+]1ccc(-c2cc[n+](C)cc2)cc1.[Cl-].[Cl-],
"4-amino-3,5,6-trichloropyridine-2-carboxylic acid",1,Nc1c(Cl)c(Cl)nc(C(=O)O)c1Cl,
"2-tert-butylbenzene-1,4-diol",1,CC(C)(C)c1cc(O)ccc1O,
1-(2-methylcyclohexyl)-3-phenylurea,1,CC1CCCCC1NC(=O)Nc1ccccc1,
"2-(2,4-dichlorophenoxy)acetic acid;N-methylmethanamine",1,CNC.O=C(O)COc1ccc(Cl)cc1Cl,
but-3-yn-2-ol,1,C#CC(C)O,
triethoxy(methyl)silane,1,CCO[Si](C)(OCC)OCC,
"1,1,1,2,2,3,3,4,4,5,5,6,6-tridecafluoro-8-iodooctane",1,FC(F)(F)C(F)(F)C(F)(F)C(F)(F)C(F)(F)C(F)(F)CCI,
tetrabutylazanium;hydroxide,1,CCCC[N+](CCCC)(CCCC)CCCC.[OH-],
"octadecyl 3-(3,5-ditert-butyl-4-hydroxyphenyl)propanoate",1,CCCCCCCCCCCCCCCCCCOC(=O)CCc1cc(C(C)(C)C)c(O)c(C(C)(C)C)c1,
tributylstannyl 2-methylprop-2-enoate,1,C=C(C)C(=O)[O][Sn]([CH2]CCC)([CH2]CCC)[CH2]CCC,
"2,4-diisocyanato-1,3,5-tri(propan-2-yl)benzene",1,CC(C)c1cc(C(C)C)c(N=C=O)c(C(C)C)c1N=C=O,
2-methyloxetane,1,CC1CCO1,
1-(prop-2-enyldisulfanyl)propane,1,C=CCSSCCC,
ethenoxycyclohexane,1,C=COC1CCCCC1,
2-[(2-methylphenoxy)methyl]oxirane,1,Cc1ccccc1OCC1CO1,
zinc;bis(4-methylpentan-2-yloxy)-sulfanylidene-sulfido-lambda5-phosphane,1,CC(C)CC(C)OP(=S)([S-])OC(C)CC(C)C.CC(C)CC(C)OP(=S)([S-])OC(C)CC(C)C.[Zn+2],
2-(oxiran-2-ylmethoxymethyl)oxirane,1,C(OCC1CO1)C1CO1,
"potassium;1,5-dichloro-4,6-dioxo-1,3,5-triazin-2-olate",1,O=c1nc([O-])n(Cl)c(=O)n1Cl.[K+],
"3,6-dichloro-2-methoxybenzoic acid;N-methylmethanamine",1,CNC.COc1c(Cl)ccc(Cl)c1C(=O)O,
[2-(4-tert-butylphenoxy)cyclohexyl] prop-2-ynyl sulfite,1,C#CCOS(=O)OC1CCCCC1Oc1ccc(C(C)(C)C)cc1,
trifluoro(iodo)methane,1,FC(F)(F)I,
"3',6'-dihydroxyspiro[2-benzofuran-3,9'-xanthene]-1-one",1,O=C1OC2(c3ccc(O)cc3Oc3cc(O)ccc32)c2ccccc21,
7-oxabicyclo[4.1.0]heptan-3-ylmethyl 7-oxabicyclo[4.1.0]heptane-3-carboxylate,1,O=C(OCC1CCC2OC2C1)C1CCC2OC2C1,
oxolan-2-ylmethyl prop-2-enoate,1,C=CC(=O)OCC1CCCO1,
"5-(1,3-dioxo-2-benzofuran-5-carbonyl)-2-benzofuran-1,3-dione",1,O=C(c1ccc2c(c1)C(=O)OC2=O)c1ccc2c(c1)C(=O)OC2=O,
1-[bis(4-isocyanatophenyl)methyl]-4-isocyanatobenzene,1,O=C=Nc1ccc(C(c2ccc(N=C=O)cc2)c2ccc(N=C=O)cc2)cc1,
"2-(1,1,2,2-tetrachloroethylsulfanyl)-3a,4,7,7a-tetrahydroisoindole-1,3-dione",1,O=C1C2CC=CCC2C(=O)N1SC(Cl)(Cl)C(Cl)Cl,
2-(butoxymethyl)oxirane,1,CCCCOCC1CO1,
"2,3,4-trichlorobut-1-ene",1,C=C(Cl)C(Cl)CCl,
2-(dimethylamino)ethyl prop-2-enoate,1,C=CC(=O)OCCN(C)C,
2-(benzotriazol-2-yl)-4-methylphenol,1,Cc1ccc(O)c(-n2nc3ccccc3n2)c1,
3-[[3-aminopropyl(dimethyl)silyl]oxy-dimethylsilyl]propan-1-amine,1,C[Si](C)(CCCN)O[Si](C)(C)CCCN,
"sodium;1,3-benzothiazole-2-thiolate",1,[Na+].[S-]c1nc2ccccc2s1,
sodium;prop-2-ene-1-sulfonate,1,C=CCS(=O)(=O)[O-].[Na+],
ethyl 2-cyclohexylpropanoate,1,CCOC(=O)C(C)C1CCCCC1,
chloro-dimethoxy-sulfanylidene-lambda5-phosphane,1,COP(=S)(Cl)OC,
dibutyl phenyl phosphate,1,CCCCOP(=O)(OCCCC)Oc1ccccc1,
heptanoyl chloride,1,CCCCCCC(=O)Cl,
trimethoxy-[3-(oxiran-2-ylmethoxy)propyl]silane,1,CO[Si](CCCOCC1CO1)(OC)OC,
3-trimethoxysilylpropyl 2-methylprop-2-enoate,1,C=C(C)C(=O)OCCC[Si](OC)(OC)OC,
1-isocyanato-2-[(2-isocyanatophenyl)methyl]benzene,1,O=C=Nc1ccccc1Cc1ccccc1N=C=O,
"2,4,6,8-tetrakis(ethenyl)-2,4,6,8-tetramethyl-1,3,5,7,2,4,6,8-tetraoxatetrasilocane",1,C=C[Si]1(C)O[Si](C)(C=C)O[Si](C)(C=C)O[Si](C)(C=C)O1,
[3-(aminomethyl)cyclohexyl]methanamine,1,NCC1CCCC(CN)C1,
chloro(trioctyl)stannane,1,CCCCCCC[CH2][Sn]([Cl])([CH2]CCCCCCC)[CH2]CCCCCCC,
ethyl N-(2-diethoxyphosphinothioylsulfanylacetyl)-N-methylcarbamate,1,CCOC(=O)N(C)C(=O)CSP(=S)(OCC)OCC,
1-ethylpyrrolidin-2-one,1,CCN1CCCC1=O,
1-octylpyrrolidin-2-one,1,CCCCCCCCN1CCCC1=O,
1-dodecylpyrrolidin-2-one,1,CCCCCCCCCCCCN1CCCC1=O,
2-[(2-chlorophenyl)methylidene]propanedinitrile,1,N#CC(C#N)=Cc1ccccc1Cl,
sulfuryl difluoride,1,O=S(=O)(F)F,
ethenyl(trimethoxy)silane,1,C=C[Si](OC)(OC)OC,
"1,3-bis(2-isocyanatopropan-2-yl)benzene",1,CC(C)(N=C=O)c1cccc(C(C)(C)N=C=O)c1,
2-propoxyethanol,1,CCCOCCO,
"3-(aminomethyl)-3,5,5-trimethylcyclohexan-1-amine",1,CC1(C)CC(N)CC(C)(CN)C1,
"sodium;1,5-dichloro-4,6-dioxo-1,3,5-triazin-2-olate",1,O=c1nc([O-])n(Cl)c(=O)n1Cl.[Na+],
"3,5-dichlorobenzoyl chloride",1,O=C(Cl)c1cc(Cl)cc(Cl)c1,
3-propan-2-yloxypropan-1-amine,1,CC(C)OCCCN,
prop-2-enyl carbonochloridate,1,C=CCOC(=O)Cl,
ethyl 2-ethylhexanoate,1,CCCCC(CC)C(=O)OCC,
tert-butyl 2-ethylhexaneperoxoate,1,CCCCC(CC)C(=O)OOC(C)(C)C,
2-(diethylamino)acetonitrile,1,CCN(CC)CC#N,
diazanium;3-carboxy-3-hydroxypentanedioate,1,O=C([O-])CC(O)(CC(=O)[O-])C(=O)O.[NH4+].[NH4+],
"2,2-dichloroacetonitrile",1,N#CC(Cl)Cl,
"N'-[2-(dimethylamino)ethyl]-N,N,N'-trimethylethane-1,2-diamine",1,CN(C)CCN(C)CCN(C)C,
"2-[2-(dimethylamino)ethoxy]-N,N-dimethylethanamine",1,CN(C)CCOCCN(C)C,
"ethyl-[6-(ethylamino)-9-(2-methoxycarbonylphenyl)-2,7-dimethylxanthen-3-ylidene]azanium;chloride",1,CCNc1cc2oc3cc(=[NH+]CC)c(C)cc-3c(-c3ccccc3C(=O)OC)c2cc1C.[Cl-],
"N'-[3-[dimethoxy(methyl)silyl]propyl]ethane-1,2-diamine",1,CO[Si](C)(CCCNCCN)OC,
trimethoxy(octyl)silane,1,CCCCCCCC[Si](OC)(OC)OC,
"1-N,4-N-bis(5-methylhexan-2-yl)benzene-1,4-diamine",1,CC(C)CCC(C)Nc1ccc(NC(C)CCC(C)C)cc1,
"2,9-dichloro-5,12-dihydroquinolino[2,3-b]acridine-7,14-dione",1,O=c1c2cc(Cl)ccc2[nH]c2cc3c(=O)c4cc(Cl)ccc4[nH]c3cc12,
2-methoxyethyl prop-2-enoate,1,C=CC(=O)OCCOC,
"diazanium;2,3-dihydroxybutanedioate",1,O=C([O-])C(O)C(O)C(=O)[O-].[NH4+].[NH4+],
isocyanatocyclohexane,1,O=C=NC1CCCCC1,
"1,5-diisocyanatonaphthalene",1,O=C=Nc1cccc2c(N=C=O)cccc12,
3-(dimethylamino)propan-1-ol,1,CN(C)CCCO,
copper;dinitrate,1,O=[N+]([O-])[O-].O=[N+]([O-])[O-].[Cu+2],
3-methylsulfanylpropanal,1,CSCCC=O,
"2,2-dimethylpropanoyl chloride",1,CC(C)(C)C(=O)Cl,
"2,2-bis(bromomethyl)propane-1,3-diol",1,OCC(CO)(CBr)CBr,
dichloro-[2-[dichloro(methyl)silyl]ethyl]-methylsilane,1,C[Si](Cl)(Cl)CC[Si](C)(Cl)Cl,
"5-chloro-2-(2,4-dichlorophenoxy)phenol",1,Oc1cc(Cl)ccc1Oc1ccc(Cl)cc1Cl,
"3-ethenyl-5-methyl-1,3-oxazolidin-2-one",1,C=CN1CC(C)OC1=O,
2-hydroperoxy-2-methylbutane,1,CCC(C)(C)OO,
2-methylpropanoyl 2-methylpropaneperoxoate,1,CC(C)C(=O)OOC(=O)C(C)C,
2-tert-butylperoxypropan-2-ylbenzene,1,CC(C)(C)OOC(C)(C)c1ccccc1,
dichloro(dioctyl)stannane,1,CCCCCCC[CH2][Sn]([Cl])([Cl])[CH2]CCCCCCC,
"1,3-bis(isocyanatomethyl)benzene",1,O=C=NCc1cccc(CN=C=O)c1,
bis(2-ethylhexoxy)-oxophosphanium,1,CCCCC(CC)CO[P+](=O)OCC(CC)CCCC,
"4-hydroxy-2,5-dimethylfuran-3-one",1,CC1=C(O)C(=O)C(C)O1,
[(Z)-hex-3-enyl] acetate,1,CCC=CCCOC(C)=O,
"(E)-1,1,1,2,3,4,5,5,5-nonafluoro-4-(trifluoromethyl)pent-2-ene",1,FC(=C(F)C(F)(C(F)(F)F)C(F)(F)F)C(F)(F)F,
"N,N-diethylhydroxylamine",1,CCN(O)CC,
"benzyl-[2-(2,6-dimethylanilino)-2-oxoethyl]-diethylazanium;benzoate",1,CC[N+](CC)(CC(=O)Nc1c(C)cccc1C)Cc1ccccc1.O=C([O-])c1ccccc1,
"1,3,5-tris(6-isocyanatohexyl)-1,3,5-triazinane-2,4,6-trione",1,O=C=NCCCCCCn1c(=O)n(CCCCCCN=C=O)c(=O)n(CCCCCCN=C=O)c1=O,
potassium;chlorate,1,[K+].[O-][Cl+2]([O-])[O-],
sodium;1-oxidopyridine-2-thione,1,[Na+].[O-]n1ccccc1=S,
"hexane-2,3-dione",1,CCCC(=O)C(C)=O,
"1,4-bis(ethenoxy)butane",1,C=COCCCCOC=C,
2-(propan-2-yloxymethyl)oxirane,1,CC(C)OCC1CO1,
5-benzoyl-4-hydroxy-2-methoxybenzenesulfonic acid,1,COc1cc(O)c(C(=O)c2ccccc2)cc1S(=O)(=O)O,
3-(aziridin-1-yl)butanenitrile,1,CC(CC#N)N1CC1,
3-chlorobutan-2-one,1,CC(=O)C(C)Cl,
"5-isocyanato-1-(isocyanatomethyl)-1,3,3-trimethylcyclohexane",1,CC1(C)CC(N=C=O)CC(C)(CN=C=O)C1,
tris(4-isocyanatophenoxy)-sulfanylidene-lambda5-phosphane,1,O=C=Nc1ccc(OP(=S)(Oc2ccc(N=C=O)cc2)Oc2ccc(N=C=O)cc2)cc1,
1-methoxy-4-[(E)-prop-1-enyl]benzene,1,CC=Cc1ccc(OC)cc1,
[diacetyloxy(methyl)silyl] acetate,1,CC(=O)O[Si](C)(OC(C)=O)OC(C)=O,
sodium;2-(methylamino)acetate,1,CNCC(=O)[O-].[Na+],
"2,2,4,4,6,8,8-heptamethylnonane",1,CC(CC(C)(C)C)CC(C)(C)CC(C)(C)C,
phosphonoformic acid,1,O=C(O)P(=O)(O)O,
"2-methoxy-3,4-dihydro-2H-pyran",1,COC1CCC=CO1,
trichloro(dodecyl)silane,1,CCCCCCCCCCCC[Si](Cl)(Cl)Cl,
"tricyclo[5.2.1.02,6]dec-3-ene",1,C1=CC2C3CCC(C3)C2C1,
"(3S,6S)-3,6-dimethyl-1,4-dioxane-2,5-dione",1,CC1OC(=O)C(C)OC1=O,
"1,5-diisocyanatopentane",1,O=C=NCCCCCN=C=O,
2-methylpentanedinitrile,1,CC(C#N)CCC#N,
(E)-pent-3-enenitrile,1,CC=CCC#N,
"1,1-dimethoxy-N,N-dimethylmethanamine",1,COC(OC)N(C)C,
"2-[3,5-bis(2-hydroxyethyl)-1,3,5-triazinan-1-yl]ethanol",1,OCCN1CN(CCO)CN(CCO)C1,
octylphosphonic acid,1,CCCCCCCCP(=O)(O)O,
trioctylphosphane,1,CCCCCCCCP(CCCCCCCC)CCCCCCCC,
N-methylpropan-2-amine,1,CNC(C)C,
"2,3,4,5-tetrachlorophenol",1,Oc1cc(Cl)c(Cl)c(Cl)c1Cl,
"cyclododeca-1,5,9-triene",1,C1=CCCC=CCCC=CCC1,
2-[3-aminopropyl(2-hydroxyethyl)amino]ethanol,1,NCCCN(CCO)CCO,
trisodium;2-[bis(carboxylatomethyl)amino]acetate,1,O=C([O-])CN(CC(=O)[O-])CC(=O)[O-].[Na+].[Na+].[Na+],
1-benzylpyridin-1-ium-3-carboxamide;chloride,1,NC(=O)c1ccc[n+](Cc2ccccc2)c1.[Cl-],
1-isocyanato-4-[(4-isocyanatocyclohexyl)methyl]cyclohexane,1,O=C=NC1CCC(CC2CCC(N=C=O)CC2)CC1,
dichloro-methyl-octadecylsilane,1,CCCCCCCCCCCCCCCCCC[Si](C)(Cl)Cl,
1-chloro-4-(trichloromethyl)benzene,1,Clc1ccc(C(Cl)(Cl)Cl)cc1,
trichloro(octyl)silane,1,CCCCCCCC[Si](Cl)(Cl)Cl,
trichloro(nonyl)silane,1,CCCCCCCCC[Si](Cl)(Cl)Cl,
tert-butyl 2-bromoacetate,1,CC(C)(C)OC(=O)CBr,
1-ethylpiperazine,1,CCN1CCNCC1,
"pentane-1,2-diol",1,CCCC(O)CO,
4-chloro-1-methylpiperidine;hydrochloride,1,CN1CCC(Cl)CC1.Cl,
"3,5,5-trimethylhexanal",1,CC(CC=O)CC(C)(C)C,
2-ethylhexyl (E)-3-(4-methoxyphenyl)prop-2-enoate,1,CCCCC(CC)COC(=O)C=Cc1ccc(OC)cc1,
1-nitropyrene,1,O=[N+]([O-])c1ccc2ccc3cccc4ccc1c2c34,
"(2R,3S,4S,5R)-2-(6-aminopurin-9-yl)-5-(hydroxymethyl)oxolane-3,4-diol",1,Nc1ncnc2c1ncn2C1OC(CO)C(O)C1O,
dichloro-cyclohexyl-methylsilane,1,C[Si](Cl)(Cl)C1CCCCC1,
trisodium;chromium;3-hydroxy-4-[(2-hydroxynaphthalen-1-yl)diazenyl]-7-nitronaphthalene-1-sulfonate,1,O=[N+]([O-])c1ccc2c(N=Nc3c(O)ccc4ccccc34)c(O)cc(S(=O)(=O)[O-])c2c1.O=[N+]([O-])c1ccc2c(N=Nc3c(O)ccc4ccccc34)c(O)cc(S(=O)(=O)[O-])c2c1.O=[N+]([O-])c1ccc2c(N=Nc3c(O)ccc4ccccc34)c(O)cc(S(=O)(=O)[O-])c2c1.[Cr].[Cr].[Na+].[Na+].[Na+],
oxirane-2-carboxamide,1,NC(=O)C1CO1,
"2-hydroperoxy-2,4,4-trimethylpentane",1,CC(C)(C)CC(C)(C)OO,
(2S)-2-aminobutan-1-ol,1,CCC(N)CO,
1-isocyanato-2-[(4-isocyanatophenyl)methyl]benzene,1,O=C=Nc1ccc(Cc2ccccc2N=C=O)cc1,
trichloro(hexadecyl)silane,1,CCCCCCCCCCCCCCCC[Si](Cl)(Cl)Cl,
"3-tert-butyl-5-chloro-6-methyl-1H-pyrimidine-2,4-dione",1,Cc1[nH]c(=O)n(C(C)(C)C)c(=O)c1Cl,
2-hydroxypropanoate;iron(2+),1,CC(O)C(=O)[O-].CC(O)C(=O)[O-].[Fe+2],
2-methoxy-4-[(E)-prop-1-enyl]phenol,1,CC=Cc1ccc(O)c(OC)c1,
dimethylarsinate;iron(3+),1,C[As](C)(=O)[O-].C[As](C)(=O)[O-].C[As](C)(=O)[O-].[Fe+3],
"hexane-1,6-diamine;dihydrochloride",1,Cl.Cl.NCCCCCCN,
hexyl carbonochloridate,1,CCCCCCOC(=O)Cl,
disodium;carbonate;decahydrate,1,O.O.O.O.O.O.O.O.O.O.O=C([O-])[O-].[Na+].[Na+],
1-(4-fluorophenyl)-3-(4-sulfamoylphenyl)thiourea,1,NS(=O)(=O)c1ccc(NC(=S)Nc2ccc(F)cc2)cc1,
1-(2-aminoethyl)imidazolidin-2-one,1,NCCN1CCNC1=O,
2-chloro-5-nitroaniline,1,Nc1cc([N+](=O)[O-])ccc1Cl,
2-chlorobenzenethiol,1,Sc1ccccc1Cl,
"4-[4-(diethylamino)benzenecarboximidoyl]-N,N-diethylaniline;hydrochloride",1,CCN(CC)c1ccc(C(=N)c2ccc(N(CC)CC)cc2)cc1.Cl,
(2-methyl-4-phenylpent-4-en-2-yl)benzene,1,C=C(CC(C)(C)c1ccccc1)c1ccccc1,
disodium;2-[2-[bis(carboxymethyl)amino]ethyl-(carboxylatomethyl)amino]acetate;dihydrate,1,O.O.O=C([O-])CN(CCN(CC(=O)O)CC(=O)O)CC(=O)[O-].[Na+].[Na+],
"disodium;7-hydroxy-8-[[2-methyl-4-[3-methyl-4-[[4-(4-methylphenyl)sulfonyloxyphenyl]diazenyl]phenyl]phenyl]diazenyl]naphthalene-1,3-disulfonate",1,Cc1ccc(S(=O)(=O)Oc2ccc(N=Nc3ccc(-c4ccc(N=Nc5c(O)ccc6cc(S(=O)(=O)[O-])cc(S(=O)(=O)[O-])c56)c(C)c4)cc3C)cc2)cc1.[Na+].[Na+],
azanium;nitrate,1,O=[N+]([O-])[O-].[NH4+],
"2-[[4-[4-[(1-anilino-1,3-dioxobutan-2-yl)diazenyl]-3-methoxyphenyl]-2-methoxyphenyl]diazenyl]-3-oxo-N-phenylbutanamide",1,COc1cc(-c2ccc(N=NC(C(C)=O)C(=O)Nc3ccccc3)c(OC)c2)ccc1N=NC(C(C)=O)C(=O)Nc1ccccc1,
"2,3,4,6,7,8,9,10-octahydropyrimido[1,2-a]azepine",1,C1CCC2=NCCCN2CC1,
"[3-[3-(3,5-ditert-butyl-4-hydroxyphenyl)propanoyloxy]-2,2-bis[3-(3,5-ditert-butyl-4-hydroxyphenyl)propanoyloxymethyl]propyl] 3-(3,5-ditert-butyl-4-hydroxyphenyl)propanoate",1,CC(C)(C)c1cc(CCC(=O)OCC(COC(=O)CCc2cc(C(C)(C)C)c(O)c(C(C)(C)C)c2)(COC(=O)CCc2cc(C(C)(C)C)c(O)c(C(C)(C)C)c2)COC(=O)CCc2cc(C(C)(C)C)c(O)c(C(C)(C)C)c2)cc(C(C)(C)C)c1O,
"1,1-bis(tert-butylperoxy)-3,3,5-trimethylcyclohexane",1,CC1CC(C)(C)CC(OOC(C)(C)C)(OOC(C)(C)C)C1,
ethynylcyclopropane,1,C#CC1CC1,
"2,14-diazahexacyclo[13.7.1.14,8.02,13.019,23.012,24]tetracosa-1(22),4,6,8(24),9,11,13,15,17,19(23),20-undecaen-3-one",1,O=c1c2cccc3cccc(c32)c2nc3cccc4cccc(c43)n12,
dimethoxy(diphenyl)silane,1,CO[Si](OC)(c1ccccc1)c1ccccc1,
"2,6-dimethylcyclohexan-1-amine",1,CC1CCCC(C)C1N,
4-[(4-amino-3-methylcyclohexyl)methyl]-2-methylcyclohexan-1-amine,1,CC1CC(CC2CCC(N)C(C)C2)CCC1N,
"1,3,3-trimethyl-5-oxocyclohexane-1-carbonitrile",1,CC1(C)CC(=O)CC(C)(C#N)C1,
ethyl 2-cyanoprop-2-enoate,1,C=C(C#N)C(=O)OCC,
N-ethyl-N-propan-2-ylpropan-2-amine,1,CCN(C(C)C)C(C)C,
didecyl(dimethyl)azanium;chloride,1,CCCCCCCCCC[N+](C)(C)CCCCCCCCCC.[Cl-],
"N'-[(Z)-octadec-9-enyl]propane-1,3-diamine",1,CCCCCCCCC=CCCCCCCCCNCCCN,
3-[4-(3-aminopropoxy)butoxy]propan-1-amine,1,NCCCOCCCCOCCCN,
"2,2-dimethylpropane-1,3-diamine",1,CC(C)(CN)CN,
aluminum;triformate,1,O=C[O-].O=C[O-].O=C[O-].[Al+3],
butyl 2-hydroxyacetate,1,CCCCOC(=O)CO,
aluminum,1,[Al],
iron,1,[Fe],
magnesium,1,[Mg],
manganese,1,[Mn],
mercury,1,[Hg],
molybdenum,1,[Mo],
platinum,1,[Pt],
potassium,1,[K],
samarium,1,[Sm],
silicon,1,[Si],
sodium,1,[Na],
strontium,1,[Sr],
tantalum,1,[Ta],
tin,1,[Sn],
barium,1,[Ba],
beryllium,1,[Be],
boron,1,[B],
cadmium,1,[Cd],
chromium,1,[Cr],
cobalt,1,[Co],
copper,1,[Cu],
vanadium,1,[V],
zinc,1,[Zn],
calcium,1,[Ca],
indium,1,[In],
sulfur dioxide,1,O=S=O,
sulfur trioxide,1,O=S(=O)=O,
lead(2+);sulfate,1,O=S(=O)([O-])[O-].[Pb+2],
trichloroalumane,1,[Cl][Al]([Cl])[Cl],
lithium;chloride,1,[Cl-].[Li+],
butyl(trichloro)silane,1,CCCC[Si](Cl)(Cl)Cl,
lithium;bromide,1,[Br-].[Li+],
tetrachlorotitanium,1,[Cl][Ti]([Cl])([Cl])[Cl],
molecular iodine,1,II,
"[3-(3-sulfanylpropanoyloxy)-2,2-bis(3-sulfanylpropanoyloxymethyl)propyl] 3-sulfanylpropanoate",1,O=C(CCS)OCC(COC(=O)CCS)(COC(=O)CCS)COC(=O)CCS,
barium(2+);2-[(3-carboxy-2-oxidonaphthalen-1-yl)diazenyl]-4-chloro-5-methylbenzenesulfonate,1,Cc1cc(S(=O)(=O)[O-])c(N=Nc2c([O-])c(C(=O)O)cc3ccccc23)cc1Cl.[Ba+2],
trisodium;phosphate,1,O=P([O-])([O-])[O-].[Na+].[Na+].[Na+],
perchloric acid,1,[O-][Cl+3]([O-])([O-])O,
dioxosilane,1,O=[Si]=O,
sodium;nitrate,1,O=[N+]([O-])[O-].[Na+],
sodium;oxidooxy(oxo)borane,1,O=BO[O-].[Na+],
trifluoroborane,1,FB(F)F,
sodium;hydride,1,[H-].[Na+],
tetrachlorostannane,1,[Cl][Sn]([Cl])([Cl])[Cl],
dichlorocobalt,1,[Cl][Co][Cl],
dichlorozinc,1,[Cl][Zn][Cl],
chlorane,1,Cl,
pentachloro-lambda5-stibane,1,[Cl][Sb]([Cl])([Cl])([Cl])[Cl],
pentafluoro-lambda5-phosphane,1,FP(F)(F)(F)F,
phosphoric acid,1,O=P(O)(O)O,
fluorane,1,F,
azane,1,N,
sulfuric acid,1,O=S(=O)(O)O,
sodium;fluoride,1,[F-].[Na+],
[[[ethenyl(dimethyl)silyl]amino]-dimethylsilyl]ethene,1,C=C[Si](C)(C)N[Si](C)(C)C=C,
nitric acid,1,O=[N+]([O-])O,
oxozirconium;dihydrochloride,1,Cl.Cl.[O]=[Zr],
zinc;dibromide,1,[Br-].[Br-].[Zn+2],
trichloroiron,1,[Cl][Fe]([Cl])[Cl],
dichloronickel,1,[Cl][Ni][Cl],
thionyl dichloride,1,O=S(Cl)Cl,
trichlorophosphane,1,ClP(Cl)Cl,
iron(2+);sulfate,1,O=S(=O)([O-])[O-].[Fe+2],
hydrogen peroxide,1,OO,
molecular bromine,1,BrBr,
tribromoalumane,1,[Br][Al]([Br])[Br],
oxovanadium;trihydrochloride,1,Cl.Cl.Cl.[O]=[V],
dipotassium;sulfonatooxy sulfate,1,O=S(=O)([O-])OOS(=O)(=O)[O-].[K+].[K+],
diazanium;sulfonatooxy sulfate,1,O=S(=O)([O-])OOS(=O)(=O)[O-].[NH4+].[NH4+],
zinc;sulfate,1,O=S(=O)([O-])[O-].[Zn+2],
"7a-ethyl-1,3,5,7-tetrahydro-[1,3]oxazolo[3,4-c][1,3]oxazole",1,CCC12COCN1COC2,
"2,4,4,6,6-pentamethylhept-2-ene",1,CC(C)=CC(C)(C)CC(C)(C)C,
potassium;nitrate,1,O=[N+]([O-])[O-].[K+],
potassium;nitrite,1,O=N[O-].[K+],
sodium;chlorite,1,[Na+].[O-][Cl+][O-],
pentasodium;[oxido(phosphonatooxy)phosphoryl] phosphate,1,O=P([O-])([O-])OP(=O)([O-])OP(=O)([O-])[O-].[Na+].[Na+].[Na+].[Na+].[Na+],
dichloroiron,1,[Cl][Fe][Cl],
dichlorolead,1,[Cl][Pb][Cl],
copper;sulfate;pentahydrate,1,O.O.O.O.O.O=S(=O)([O-])[O-].[Cu+2],
silver;nitrate,1,O=[N+]([O-])[O-].[Ag+],
azanium;sulfamate,1,NS(=O)(=O)[O-].[NH4+],
sodium;chlorate,1,[Na+].[O-][Cl+2]([O-])[O-],
disodium;dioxido(dioxo)chromium,1,[Na+].[Na+].[O]=[Cr](=[O])([O-])[O-],
sodium;oxido(oxo)borane,1,O=B[O-].[Na+],
arsoric acid,1,O=[As](O)(O)O,
tricalcium;diarsorate,1,O=[As]([O-])([O-])[O-].O=[As]([O-])([O-])[O-].[Ca+2].[Ca+2].[Ca+2],
dipotassium;oxido-(oxido(dioxo)chromio)oxy-dioxochromium,1,[K+].[K+].[O]=[Cr](=[O])([O-])[O][Cr](=[O])(=[O])[O-],
calcium;dihypochlorite,1,[Ca+2].[O-]Cl.[O-]Cl,
zinc;dinitrate,1,O=[N+]([O-])[O-].O=[N+]([O-])[O-].[Zn+2],
molecular fluorine,1,FF,
molecular oxygen,1,O=O,
selenium,1,[Se],
molecular chlorine,1,ClCl,
sulfane,1,S,
selane,1,[SeH2],
diazanium;dioxido-oxo-sulfanylidene-lambda6-sulfane,1,O=S([O-])([O-])=S.[NH4+].[NH4+],
diazanium;hydrogen phosphate,1,O=P([O-])([O-])O.[NH4+].[NH4+],
fluoro hypofluorite,1,FOF,
zinc;difluoride,1,[F-].[F-].[Zn+2],
tetrafluorosilane,1,F[Si](F)(F)F,
pentafluoro-lambda5-stibane,1,[F][Sb]([F])([F])([F])[F],
hexafluorouranium,1,[F][U]([F])([F])([F])([F])[F],
aluminum;azanium;disulfate,1,O=S(=O)([O-])[O-].O=S(=O)([O-])[O-].[Al+3].[NH4+],
dialuminum;trisulfate;octadecahydrate,1,O.O.O.O.O.O.O.O.O.O.O.O.O.O.O.O.O.O.O=S(=O)([O-])[O-].O=S(=O)([O-])[O-].O=S(=O)([O-])[O-].[Al+3].[Al+3],
tribromoarsane,1,Br[As](Br)Br,
trichloroarsane,1,Cl[As](Cl)Cl,
trifluoroarsane,1,F[As](F)F,
potassium;dihydrogen arsorate,1,O=[As]([O-])(O)O.[K+],
triiodoarsane,1,I[As](I)I,
sodium;oxoarsinite,1,O=[As][O-].[Na+],
"trisodium;2,4,6-trioxido-1,3,5,2lambda5,4lambda5,6lambda5-trioxatriphosphinane 2,4,6-trioxide",1,O=P1([O-])OP(=O)([O-])OP(=O)([O-])O1.[Na+].[Na+].[Na+],
aluminum;sodium;phosphate,1,O=P([O-])([O-])[O-].[Al+3].[Na+],
nickel(2+);sulfate,1,O=S(=O)([O-])[O-].[Ni+2],
barium(2+);dipermanganate,1,[Ba+2].[O]=[Mn](=[O])(=[O])[O-].[O]=[Mn](=[O])(=[O])[O-],
beryllium;dichloride,1,[Be+2].[Cl-].[Cl-],
bromocopper,1,[Cu][Br],
trifluorochromium,1,[F][Cr]([F])[F],
dipotassium;dioxido(dioxo)chromium,1,[K+].[K+].[O]=[Cr](=[O])([O-])[O-],
strontium;dioxido(dioxo)chromium,1,[O]=[Cr](=[O])([O-])[O-].[Sr+2],
diazanium;oxido-(oxido(dioxo)chromio)oxy-dioxochromium,1,[NH4+].[NH4+].[O]=[Cr](=[O])([O-])[O][Cr](=[O])(=[O])[O-],
disodium;oxido-(oxido(dioxo)chromio)oxy-dioxochromium;dihydrate,1,O.O.[Na+].[Na+].[O]=[Cr](=[O])([O-])[O][Cr](=[O])(=[O])[O-],
sulfurofluoridic acid,1,O=S(=O)(O)F,
lithium;fluoride,1,[F-].[Li+],
sodium;bromate,1,[Na+].[O-][Br+2]([O-])[O-],
tribromophosphane,1,BrP(Br)Br,
tribromostibane,1,[Br][Sb]([Br])[Br],
sodium;periodate,1,[Na+].[O-][I+3]([O-])([O-])[O-],
lithium;nitrate,1,O=[N+]([O-])[O-].[Li+],
sulfurochloridic acid,1,O=S(=O)(O)Cl,
sulfuryl dichloride,1,O=S(=O)(Cl)Cl,
hydroxylamine,1,NO,
phosphane,1,P,
stibane,1,[SbH3],
azanium;oxido(dioxo)vanadium,1,[NH4+].[O]=[V](=[O])[O-],
hydrazine;hydrate,1,NN.O,
silane,1,[SiH4],
"ethyl hexadecanoate;ethyl (9Z,12Z)-octadeca-9,12-dienoate;ethyl octadecanoate;ethyl (9Z,12Z,15Z)-octadeca-9,12,15-trienoate;ethyl (Z)-octadec-9-enoate",1,CCC=CCC=CCC=CCCCCCCCC(=O)OCC.CCCCCC=CCC=CCCCCCCCC(=O)OCC.CCCCCCCCC=CCCCCCCCC(=O)OCC.CCCCCCCCCCCCCCCC(=O)OCC.CCCCCCCCCCCCCCCCCC(=O)OCC,
"1,4,5,6,7,7-hexachloro-2,2-bis(chloromethyl)-3-methylidenebicyclo[2.2.1]heptane",1,C=C1C(CCl)(CCl)C2(Cl)C(Cl)C(Cl)C1(Cl)C2(Cl)Cl,
"5-[3-[2-[3-(4-chlorophenyl)-2-methylphenyl]ethenyl]-4-methylphenyl]-3-(hydroxymethyl)-3-methylpentan-2-one;5-[3-[2-[3-(2,3-dihydro-1,4-benzodioxin-6-yl)-2-methylphenyl]ethenyl]-4-fluorophenyl]-3-(hydroxymethyl)pentan-2-one;5-[3-[2-[3-(3-fluorophenyl)-2-methylphenyl]ethenyl]-4-methylphenyl]-3-(hydroxymethyl)-3-methylpentan-2-one;5-[3-[2-[3-(4-fluorophenyl)-2-methylphenyl]ethenyl]-4-methylphenyl]-3-(hydroxymethyl)-3-methylpentan-2-one;5-[3-[2-[3-(2-fluorophenyl)-2-methylphenyl]ethenyl]-4-methylphenyl]-3-(hydroxymethyl)pentan-2-one;3-(hydroxymethyl)-5-[3-[2-[3-(4-methoxyphenyl)-2-methylphenyl]ethenyl]-4-methylphenyl]-3-methylpentan-2-one;3-(hydroxymethyl)-3-methyl-5-[4-methyl-3-[2-(2-methyl-3-phenylphenyl)ethenyl]phenyl]pentan-2-one",1,CC(=O)C(C)(CO)CCc1ccc(C)c(C=Cc2cccc(-c3ccc(Cl)cc3)c2C)c1.CC(=O)C(C)(CO)CCc1ccc(C)c(C=Cc2cccc(-c3ccc(F)cc3)c2C)c1.CC(=O)C(C)(CO)CCc1ccc(C)c(C=Cc2cccc(-c3cccc(F)c3)c2C)c1.CC(=O)C(C)(CO)CCc1ccc(C)c(C=Cc2cccc(-c3ccccc3)c2C)c1.CC(=O)C(CO)CCc1ccc(C)c(C=Cc2cccc(-c3ccccc3F)c2C)c1.CC(=O)C(CO)CCc1ccc(F)c(C=Cc2cccc(-c3ccc4c(c3)OCCO4)c2C)c1.COc1ccc(-c2cccc(C=Cc3cc(CCC(C)(CO)C(C)=O)ccc3C)c2C)cc1,
"1,2-dichloropropane;(E)-1,3-dichloroprop-1-ene",1,CC(Cl)CCl.ClC=CCCl,
4-tert-butyl-2-[[2-[(5-tert-butyl-2-hydroxy-3-pyridin-2-ylphenyl)methylideneamino]cyclohexyl]iminomethyl]-6-pyridin-2-ylphenol;copper,1,CC(C)(C)c1cc(C=NC2CCCCC2N=Cc2cc(C(C)(C)C)cc(-c3ccccn3)c2O)c(O)c(-c2ccccn2)c1.[Cu],
terbium,1,[Tb].[Tb].[Tb].[Tb].[Tb].[Tb].[Tb].[Tb].[Tb].[Tb].[Tb].[Tb].[Tb].[Tb].[Tb].[Tb].[Tb].[Tb].[Tb].[Tb].[Tb].[Tb].[Tb].[Tb].[Tb].[Tb].[Tb].[Tb].[Tb].[Tb].[Tb].[Tb].[Tb].[Tb].[Tb].[Tb].[Tb].[Tb].[Tb].[Tb].[Tb].[Tb].[Tb].[Tb].[Tb].[Tb].[Tb].[Tb].[Tb].[Tb].[Tb].[Tb].[Tb].[Tb].[Tb].[Tb].[Tb].[Tb].[Tb].[Tb].[Tb].[Tb].[Tb].[Tb].[Tb].[Tb].[Tb].[Tb].[Tb],
"2,2-dimethyl-3-methylidenebicyclo[2.2.1]heptane;(4R,6R)-1,6-dimethyl-4-propan-2-ylcyclohexene;(2R,4R)-2-methyl-1-methylidene-4-propan-2-ylcyclohexane",1,C=C1C2CCC(C2)C1(C)C.C=C1CCC(C(C)C)CC1C.CC1=CCC(C(C)C)CC1C,
zinc;manganese(2+);N-[2-(sulfidocarbothioylamino)ethyl]carbamodithioate,1,S=C([S-])NCCNC(=S)[S-].S=C([S-])NCCNC(=S)[S-].[Mn+2].[Zn+2],
acetic acid;6-bromohexan-1-ol,1,CC(=O)O.OCCCCCCBr,
(4S)-4-[[(2S)-2-[[(2S)-2-[[(2S)-2-[[(2S)-2-[[(2S)-2-[[(2S)-2-[[2-[[(2S)-4-amino-2-[[(2S)-1-[(2S)-2-[[(2S)-2-[[(2S)-6-amino-2-[[(2S)-2-[[(2S)-1-[(2S)-2-[[(2S)-2-[[(2S)-6-amino-2-[[(2S)-6-amino-2-[[2-[[(2S)-2-[[(2S)-1-[(2S)-6-amino-2-[[2-[[(2S)-2-[[(2S)-2-[[(2S)-2-[[(2S)-2-[[(2S)-2-[[(2S)-2-[[(2S)-2-[[(2S)-2-[[(2S)-2-amino-3-hydroxypropanoyl]amino]-3-(4-hydroxyphenyl)propanoyl]amino]-3-hydroxypropanoyl]amino]-4-methylsulfanylbutanoyl]amino]-4-carboxybutanoyl]amino]-3-(1H-imidazol-5-yl)propanoyl]amino]-3-phenylpropanoyl]amino]-5-carbamimidamidopentanoyl]amino]-3-(1H-indol-3-yl)propanoyl]amino]acetyl]amino]hexanoyl]pyrrolidine-2-carbonyl]amino]-3-methylbutanoyl]amino]acetyl]amino]hexanoyl]amino]hexanoyl]amino]-5-carbamimidamidopentanoyl]amino]-5-carbamimidamidopentanoyl]pyrrolidine-2-carbonyl]amino]-3-methylbutanoyl]amino]hexanoyl]amino]-3-methylbutanoyl]amino]-3-(4-hydroxyphenyl)propanoyl]pyrrolidine-2-carbonyl]amino]-4-oxobutanoyl]amino]acetyl]amino]propanoyl]amino]-4-carboxybutanoyl]amino]-3-carboxypropanoyl]amino]-4-carboxybutanoyl]amino]-3-hydroxypropanoyl]amino]propanoyl]amino]-5-[[(2S)-1-[[(2S)-1-[(2S)-2-[[(2S)-1-[[(2S)-4-carboxy-1-[[(1S)-1-carboxy-2-phenylethyl]amino]-1-oxobutan-2-yl]amino]-4-methyl-1-oxopentan-2-yl]carbamoyl]pyrrolidin-1-yl]-1-oxo-3-phenylpropan-2-yl]amino]-1-oxopropan-2-yl]amino]-5-oxopentanoic acid,1,CSCCC(NC(=O)C(CO)NC(=O)C(Cc1ccc(O)cc1)NC(=O)C(N)CO)C(=O)NC(CCC(=O)O)C(=O)NC(Cc1cnc[nH]1)C(=O)NC(Cc1ccccc1)C(=O)NC(CCCNC(=N)N)C(=O)NC(Cc1c[nH]c2ccccc12)C(=O)NCC(=O)NC(CCCCN)C(=O)N1CCCC1C(=O)NC(C(=O)NCC(=O)NC(CCCCN)C(=O)NC(CCCCN)C(=O)NC(CCCNC(=N)N)C(=O)NC(CCCNC(=N)N)C(=O)N1CCCC1C(=O)NC(C(=O)NC(CCCCN)C(=O)NC(C(=O)NC(Cc1ccc(O)cc1)C(=O)N1CCCC1C(=O)NC(CC(N)=O)C(=O)NCC(=O)NC(C)C(=O)NC(CCC(=O)O)C(=O)NC(CC(=O)O)C(=O)NC(CCC(=O)O)C(=O)NC(CO)C(=O)NC(C)C(=O)NC(CCC(=O)O)C(=O)NC(C)C(=O)NC(Cc1ccccc1)C(=O)N1CCCC1C(=O)NC(CC(C)C)C(=O)NC(CCC(=O)O)C(=O)NC(Cc1ccccc1)C(=O)O)C(C)C)C(C)C)C(C)C,
but-1-ene;(E)-but-2-ene,1,C=CCC.CC=CC,
"buta-1,3-diene;prop-2-enenitrile;styrene",1,C=CC#N.C=CC=C.C=Cc1ccccc1,
"[(2S,3R,4S,5R,6R)-2-[(2R,3R,4S,5R,6S)-4,5-dinitrooxy-2-(nitrooxymethyl)-6-[(2R,3R,4S,5R,6S)-4,5,6-trinitrooxy-2-(nitrooxymethyl)oxan-3-yl]oxyoxan-3-yl]oxy-3,5-dinitrooxy-6-(nitrooxymethyl)oxan-4-yl] nitrate",1,O=[N+]([O-])OCC1OC(OC2C(CO[N+](=O)[O-])OC(O[N+](=O)[O-])C(O[N+](=O)[O-])C2O[N+](=O)[O-])C(O[N+](=O)[O-])C(O[N+](=O)[O-])C1OC1OC(CO[N+](=O)[O-])C(O[N+](=O)[O-])C(O[N+](=O)[O-])C1O[N+](=O)[O-],
"calcium;(1R,4aR,4bR,10aR)-1,4a-dimethyl-7-propan-2-yl-2,3,4,4b,5,6,10,10a-octahydrophenanthrene-1-carboxylate",1,CC(C)C1=CC2=CCC3C(C)(C(=O)[O-])CCCC3(C)C2CC1.CC(C)C1=CC2=CCC3C(C)(C(=O)[O-])CCCC3(C)C2CC1.[Ca+2],
"(2S,3R,4S,5S,6R)-2-[(2R,3S,4R,5R,6S)-4,5-dihydroxy-2-(hydroxymethyl)-6-[(2R,3S,4R,5R,6R)-4,5,6-trihydroxy-2-(hydroxymethyl)oxan-3-yl]oxyoxan-3-yl]oxy-6-(hydroxymethyl)oxane-3,4,5-triol",1,OCC1OC(OC2C(CO)OC(OC3C(CO)OC(O)C(O)C3O)C(O)C2O)C(O)C(O)C1O,
"benzyl-[3-[[4-[3-[benzyl(diethyl)azaniumyl]propylamino]-3,6-dioxocyclohexa-1,4-dien-1-yl]amino]propyl]-diethylazanium",1,CC[N+](CC)(CCCNC1=CC(=O)C(NCCC[N+](CC)(CC)Cc2ccccc2)=CC1=O)Cc1ccccc1,
"pyrrolidine-3,4-diol",1,OC1CNCC1O,
barium(2+);dinitrate,1,O=[N+]([O-])[O-].O=[N+]([O-])[O-].[Ba+2],
chlorosulfanyl thiohypochlorite,1,ClSSCl,
trichlorosilane,1,Cl[SiH](Cl)Cl,
phosphoryl trichloride,1,O=P(Cl)(Cl)Cl,
trichlorostibane,1,[Cl][Sb]([Cl])[Cl],
dipotassium;tetrachloroplatinum(2-),1,[Cl][Pt-2]([Cl])([Cl])[Cl].[K+].[K+],
tetrachlorosilane,1,Cl[Si](Cl)(Cl)Cl,
tetrachlorostannane;pentahydrate,1,O.O.O.O.O.[Cl][Sn]([Cl])([Cl])[Cl],
tetrachlorozirconium,1,[Cl][Zr]([Cl])([Cl])[Cl],
pentachloro-lambda5-phosphane,1,ClP(Cl)(Cl)(Cl)Cl,
ozone,1,O=[O+][O-],
iron(3+);trisulfate,1,O=S(=O)([O-])[O-].O=S(=O)([O-])[O-].O=S(=O)([O-])[O-].[Fe+3].[Fe+3],
iodane,1,I,
hydrazine;sulfuric acid,1,NN.O=S(=O)(O)O,
bromane,1,Br,
tetrachlorogermane,1,[Cl][Ge]([Cl])([Cl])[Cl],
strontium;dinitrate,1,O=[N+]([O-])[O-].O=[N+]([O-])[O-].[Sr+2],
dialuminum;trisulfate,1,O=S(=O)([O-])[O-].O=S(=O)([O-])[O-].O=S(=O)([O-])[O-].[Al+3].[Al+3],
azanylidyneborane,1,B#N,
boric acid,1,OB(O)O,
iron(3+);phosphate,1,O=P([O-])([O-])[O-].[Fe+3],
sodium;iron(3+);phosphonato phosphate,1,O=P([O-])([O-])OP(=O)([O-])[O-].[Fe+3].[Na+],
diazanium;iron(2+);disulfate,1,O=S(=O)([O-])[O-].O=S(=O)([O-])[O-].[Fe+2].[NH4+].[NH4+],
iron(3+);phosphonato phosphate,1,O=P([O-])([O-])OP(=O)([O-])[O-].O=P([O-])([O-])OP(=O)([O-])[O-].O=P([O-])([O-])OP(=O)([O-])[O-].[Fe+3].[Fe+3].[Fe+3].[Fe+3],
palladium(2+);dinitrate,1,O=[N+]([O-])[O-].O=[N+]([O-])[O-].[Pd+2],
nitric oxide,1,[N]=O,
iron(3+);arsorate,1,O=[As]([O-])([O-])[O-].[Fe+3],
iron(2+);diarsorate,1,O=[As]([O-])([O-])[O-].O=[As]([O-])([O-])[O-].[Fe+2].[Fe+2].[Fe+2],
aluminum;sodium;disulfate,1,O=S(=O)([O-])[O-].O=S(=O)([O-])[O-].[Al+3].[Na+],
trimagnesium;diarsorate,1,O=[As]([O-])([O-])[O-].O=[As]([O-])([O-])[O-].[Mg+2].[Mg+2].[Mg+2],
dichlorocadmium,1,[Cl][Cd][Cl],
cobalt(2+);sulfate,1,O=S(=O)([O-])[O-].[Co+2],
rhodium(3+);trinitrate,1,O=[N+]([O-])[O-].O=[N+]([O-])[O-].O=[N+]([O-])[O-].[Rh+3],
cobalt(2+);dinitrate,1,O=[N+]([O-])[O-].O=[N+]([O-])[O-].[Co+2],
diazanium;sulfite,1,O=S([O-])[O-].[NH4+].[NH4+],
disodium;dioxido(dioxo)tungsten;dihydrate,1,O.O.[Na+].[Na+].[O]=[W](=[O])([O-])[O-],
[amino(methylsulfanyl)phosphoryl]oxymethane,1,COP(N)(=O)SC,
tribromoborane,1,BrB(Br)Br,
trichloroborane,1,ClB(Cl)Cl,
barium(2+);dioxido(dioxo)chromium,1,[Ba+2].[O]=[Cr](=[O])([O-])[O-],
cerium(4+);disulfate;tetrahydrate,1,O.O.O.O.O=S(=O)([O-])[O-].O=S(=O)([O-])[O-].[Ce+4],
dipotassium;dioxido-oxo-sulfanylidene-lambda6-sulfane,1,O=S([O-])([O-])=S.[K+].[K+],
1-benzyl-2-methylhydrazine,1,CNNCc1ccccc1,
barium(2+);dichloride,1,[Ba+2].[Cl-].[Cl-],
strontium;oxoarsinite;tetrahydrate,1,O.O.O.O.O=[As][O-].O=[As][O-].[Sr+2],
iron(3+);trinitrate,1,O=[N+]([O-])[O-].O=[N+]([O-])[O-].O=[N+]([O-])[O-].[Fe+3],
"1,1,2,3-tetrachloroprop-1-ene",1,ClCC(Cl)=C(Cl)Cl,
"1,1,1,2,2-pentafluoro-2-(1,2,2-trifluoroethenoxy)ethane",1,FC(F)=C(F)OC(F)(F)C(F)(F)F,
chloro thiohypochlorite,1,ClSCl,
sodium;oxido(oxo)borane;tetrahydrate,1,O.O.O.O.O=B[O-].[Na+],
ethyl (1E)-N-hydroxyethanimidate,1,CCOC(C)=NO,
2-ethylhexyl 2-[dibutyl-[2-(2-ethylhexoxy)-2-oxoethyl]sulfanylstannyl]sulfanylacetate,1,CCCCC(CC)COC(=O)C[S][Sn]([CH2]CCC)([CH2]CCC)[S]CC(=O)OCC(CC)CCCC,
disodium;oxido-(oxido(dioxo)chromio)oxy-dioxochromium,1,[Na+].[Na+].[O]=[Cr](=[O])([O-])[O][Cr](=[O])(=[O])[O-],
dialuminum;hexamagnesium;carbonate;hexadecahydroxide,1,O=C([O-])[O-].[Al+3].[Al+3].[Mg+2].[Mg+2].[Mg+2].[Mg+2].[Mg+2].[Mg+2].[OH-].[OH-].[OH-].[OH-].[OH-].[OH-].[OH-].[OH-].[OH-].[OH-].[OH-].[OH-].[OH-].[OH-].[OH-].[OH-],
potassium;dizinc;dioxido(dioxo)chromium;hydroxide,1,[K+].[OH-].[O]=[Cr](=[O])([O-])[O-].[O]=[Cr](=[O])([O-])[O-].[Zn+2].[Zn+2],
diazanium;dioxido(dioxo)tungsten,1,[NH4+].[NH4+].[O]=[W](=[O])([O-])[O-],
calcium;oxygen(2-);zirconium(4+),1,[Ca+2].[O-2].[O-2].[O-2].[Zr+4],
sodium;dihydrogen borate,1,[Na+].[O-]B(O)O,
aluminum;nickel,1,[Al].[Ni],
sodium;pentaborate,1,[Na+].[O-]B([O-])[O-].[O-]B([O-])[O-].[O-]B([O-])[O-].[O-]B([O-])[O-].[O-]B([O-])[O-],
iron(3+);oxygen(2-);titanium(4+),1,[Fe+3].[Fe+3].[O-2].[O-2].[O-2].[O-2].[O-2].[Ti+4],
oxoniobium,1,[O]=[Nb],
dioxoniobium,1,[O]=[Nb]=[O],
tricalcium;diborate,1,[Ca+2].[Ca+2].[Ca+2].[O-]B([O-])[O-].[O-]B([O-])[O-],
dipotassium;oxygen(2-);titanium(4+),1,[K+].[K+].[O-2].[O-2].[O-2].[O-2].[O-2].[O-2].[O-2].[O-2].[O-2].[O-2].[O-2].[O-2].[O-2].[Ti+4].[Ti+4].[Ti+4].[Ti+4].[Ti+4].[Ti+4],
azanium;fluoride,1,[F-].[NH4+],
azanium;chloride,1,[Cl-].[NH4+],
bis(sulfanylidene)tungsten,1,[S]=[W]=[S],
chromium;nitric acid;hydrate,1,O.O=[N+]([O-])O.O=[N+]([O-])O.[Cr],
"disodium;(9,11-dioxido-5-oxoboranyloxy-2,4,6,8,10,12,13-heptaoxa-1,3,5,7,9,11-hexaborabicyclo[5.5.1]tridecan-3-yl)oxy-oxoborane;tetrahydrate",1,O.O.O.O.O=BOB1OB(OB=O)OB2OB([O-])OB([O-])OB(O1)O2.[Na+].[Na+],
2-ethylhexyl dihydrogen phosphate,1,CCCCC(CC)COP(=O)(O)O,
1-(2-chloroethyl)-3-cyclohexyl-1-nitrosourea,1,O=NN(CCCl)C(=O)NC1CCCCC1,
6-prop-2-enoyloxyhexyl prop-2-enoate,1,C=CC(=O)OCCCCCCOC(=O)C=C,
nickel(2+);dinitrate,1,O=[N+]([O-])[O-].O=[N+]([O-])[O-].[Ni+2],
hexachlorotungsten,1,[Cl][W]([Cl])([Cl])([Cl])([Cl])[Cl],
copper;2-azanidylethylazanide,1,[Cu+2].[NH-]CC[NH-].[NH-]CC[NH-],
dioxotitanium,1,[O]=[Ti]=[O],
disodium;dioxido(dioxo)tungsten,1,[Na+].[Na+].[O]=[W](=[O])([O-])[O-],
"2,2,4,6,6-pentamethylheptane",1,CC(CC(C)(C)C)CC(C)(C)C,
barium(2+);dichlorate,1,[Ba+2].[O-][Cl+2]([O-])[O-].[O-][Cl+2]([O-])[O-],
4-methyl-2-(2-methylpropyl)oxane,1,CC(C)CC1CC(C)CCO1,
tellurium,1,[Te],
beryllium;sulfate,1,O=S(=O)([O-])[O-].[Be+2],
zinc;dioxido(dioxo)chromium,1,[O]=[Cr](=[O])([O-])[O-].[Zn+2],
fluorophosphonic acid,1,O=P(O)(O)F,
palladium(2+);sulfate,1,O=S(=O)([O-])[O-].[Pd+2],
cerium(4+);disulfate,1,O=S(=O)([O-])[O-].O=S(=O)([O-])[O-].[Ce+4],
zinc;selenite,1,O=[Se]([O-])[O-].[Zn+2],
beryllium;dinitrate,1,O=[N+]([O-])[O-].O=[N+]([O-])[O-].[Be+2],
beryllium;hydrogen phosphate,1,O=P([O-])([O-])O.[Be+2],
dihydroxy(oxo)phosphanium,1,O=[P+](O)O,
tris(1-chloropropan-2-yl) phosphate,1,CC(CCl)OP(=O)(OC(C)CCl)OC(C)CCl,
4-methylbenzenesulfonic acid;morpholine,1,C1COCCN1.Cc1ccc(S(=O)(=O)O)cc1,
zirconium(4+);tetranitrate,1,O=[N+]([O-])[O-].O=[N+]([O-])[O-].O=[N+]([O-])[O-].O=[N+]([O-])[O-].[Zr+4],
calcium;dioxido(dioxo)chromium,1,[Ca+2].[O]=[Cr](=[O])([O-])[O-],
trisodium;hexafluoroaluminum(3-),1,[F][Al-3]([F])([F])([F])([F])[F].[Na+].[Na+].[Na+],
lead(2+);ditetrafluoroborate,1,F[B-](F)(F)F.F[B-](F)(F)F.[Pb+2],
thorium(4+);tetranitrate,1,O=[N+]([O-])[O-].O=[N+]([O-])[O-].O=[N+]([O-])[O-].O=[N+]([O-])[O-].[Th+4],
azanium;tetrafluoroborate,1,F[B-](F)(F)F.[NH4+],
potassium;trifluorozinc(1-),1,[F][Zn-]([F])[F].[K+],
disodium;oxido-[oxido(oxo)silyl]oxy-oxosilane,1,O=[Si]([O-])O[Si](=O)[O-].[Na+].[Na+],
butan-2-amine,1,CCC(C)N,
zinc;oxido-(oxido(dioxo)chromio)oxy-dioxochromium,1,[O]=[Cr](=[O])([O-])[O][Cr](=[O])(=[O])[O-].[Zn+2],
copper;disodium;2-[2-[bis(carboxylatomethyl)amino]ethyl-(carboxylatomethyl)amino]acetate,1,O=C([O-])CN(CCN(CC(=O)[O-])CC(=O)[O-])CC(=O)[O-].[Cu+2].[Na+].[Na+],
potassium;tetrafluoroborate,1,F[B-](F)(F)F.[K+],
triazanium;iron(3+);oxalate,1,O=C([O-])C(=O)[O-].O=C([O-])C(=O)[O-].O=C([O-])C(=O)[O-].[Fe+3].[NH4+].[NH4+].[NH4+],
2-[[4-(oxiran-2-ylmethoxymethyl)cyclohexyl]methoxymethyl]oxirane,1,C1CC(COCC2CO2)CCC1COCC1CO1,
dilithium;dioxido(dioxo)chromium,1,[Li+].[Li+].[O]=[Cr](=[O])([O-])[O-],
"zinc;N,N-diethylcarbamodithioate",1,CCN(CC)C(=S)[S-].CCN(CC)C(=S)[S-].[Zn+2],
"N,N-dimethyldecanamide",1,CCCCCCCCCC(=O)N(C)C,
"N,N-dimethylcarbamodithioate;iron(3+)",1,CN(C)C(=S)[S-].CN(C)C(=S)[S-].CN(C)C(=S)[S-].[Fe+3],
zirconium(4+);disulfate,1,O=S(=O)([O-])[O-].O=S(=O)([O-])[O-].[Zr+4],
chromium(6+);oxygen(2-);dichloride,1,[Cl-].[Cl-].[Cr+6].[O-2].[O-2],
chloromethyl(triethoxy)silane,1,CCO[Si](CCl)(OCC)OCC,
disodium;2-[2-[bis(carboxylatomethyl)amino]ethyl-(carboxylatomethyl)amino]acetate;manganese(2+),1,O=C([O-])CN(CCN(CC(=O)[O-])CC(=O)[O-])CC(=O)[O-].[Mn+2].[Na+].[Na+],
3-isocyanatopropyl(trimethoxy)silane,1,CO[Si](CCCN=C=O)(OC)OC,
"2-methylpentane-1,5-diamine",1,CC(CN)CCCN,
1-cyanoprop-2-enyl acetate,1,C=CC(C#N)OC(C)=O,
copper;1-[(2-oxidophenyl)iminomethyl]naphthalen-2-olate,1,[Cu+2].[O-]c1ccccc1N=Cc1c([O-])ccc2ccccc12,
2-[4-(2-methylpropyl)phenyl]propanoic acid,1,CC(C)Cc1ccc(C(C)C(=O)O)cc1,
diazanium;nickel(2+);disulfate,1,O=S(=O)([O-])[O-].O=S(=O)([O-])[O-].[NH4+].[NH4+].[Ni+2],
2-ethyl-3-methylpyrazine,1,CCc1nccnc1C,
nickel(2+);diformate,1,O=C[O-].O=C[O-].[Ni+2],
"1-bromo-3-chloro-5,5-dimethylimidazolidine-2,4-dione",1,CC1(C)C(=O)N(Cl)C(=O)N1Br,
2-[bis(carboxylatomethyl)amino]acetate;iron(3+),1,O=C([O-])CN(CC(=O)[O-])CC(=O)[O-].[Fe+3],
2-methylbut-3-enenitrile,1,C=CC(C)C#N,
methyl N-(methylcarbamoyloxy)ethanimidothioate,1,CNC(=O)ON=C(C)SC,
4-amino-N-(4-aminophenyl)benzenesulfonamide,1,Nc1ccc(NS(=O)(=O)c2ccc(N)cc2)cc1,
hydron;tetrafluoroborate,1,F[B-](F)(F)F.[H+],
"5-methyl-3-phenyl-1,2-oxazole-4-carbonyl chloride",1,Cc1onc(-c2ccccc2)c1C(=O)Cl,
diazanium;hexachloroplatinum(2-),1,[Cl][Pt-2]([Cl])([Cl])([Cl])([Cl])[Cl].[NH4+].[NH4+],
dipotassium;hexachloropalladium(2-),1,[Cl][Pd-2]([Cl])([Cl])([Cl])([Cl])[Cl].[K+].[K+],
dipotassium;hexachloroplatinum(2-),1,[Cl][Pt-2]([Cl])([Cl])([Cl])([Cl])[Cl].[K+].[K+],
sodium;boranuide,1,[BH4-].[Na+],
hydron;hexafluorophosphate,1,F[P-](F)(F)(F)(F)F.[H+],
dipotassium;peroxide,1,[K+].[K+].[O-][O-],
barium(2+);dihydroxide,1,[Ba+2].[OH-].[OH-],
butan-2-yl carbonochloridate,1,CCC(C)OC(=O)Cl,
octan-1-amine;octanoic acid,1,CCCCCCCC(=O)O.CCCCCCCCN,
"N,N-dimethyl-3-octadecoxypropan-1-amine",1,CCCCCCCCCCCCCCCCCCOCCCN(C)C,
2-hydroxy-4-methylsulfanylbutanenitrile,1,CSCCC(O)C#N,
methyl N-[1-(butylcarbamoyl)benzimidazol-2-yl]carbamate,1,CCCCNC(=O)n1c(NC(=O)OC)nc2ccccc21,
4-ethenoxybutan-1-ol,1,C=COCCCCO,
dioxotin,1,[O]=[Sn]=[O],
dibenzyl(dichloro)silane,1,Cl[Si](Cl)(Cc1ccccc1)Cc1ccccc1,
dioxido(dioxo)chromium;lead(2+);oxolead,1,[O]=[Cr](=[O])([O-])[O-].[O]=[Pb].[Pb+2],
platinum(2+);dinitrate,1,O=[N+]([O-])[O-].O=[N+]([O-])[O-].[Pt+2],
dihydrogen phosphate;nickel(2+),1,O=P([O-])(O)O.[Ni+2],
"(6E)-7,11-dimethyl-3-methylidenedodeca-1,6,10-triene",1,C=CC(=C)CCC=C(C)CCC=C(C)C,
2-propan-2-yloxyethyl acetate,1,CC(=O)OCCOC(C)C,
borane,1,B.B,
calcium;(Z)-4-oxopent-2-en-2-olate,1,CC(=O)C=C(C)[O-].CC(=O)C=C(C)[O-].[Ca+2],
"5-methyl-3a,4,5,6,7,7a-hexahydro-2-benzofuran-1,3-dione",1,CC1CCC2C(=O)OC(=O)C2C1,
1-(diiodomethylsulfonyl)-4-methylbenzene,1,Cc1ccc(S(=O)(=O)C(I)I)cc1,
tetraoxoosmium,1,[O]=[Os](=[O])(=[O])=[O],
2-ethylhexyl 4-(dimethylamino)benzoate,1,CCCCC(CC)COC(=O)c1ccc(N(C)C)cc1,
"[(1S,2R,4S,7R,9R,10R,11S,12S)-11-acetyloxy-2-(acetyloxymethyl)-10-hydroxy-1,5-dimethylspiro[8-oxatricyclo[7.2.1.02,7]dodec-5-ene-12,2'-oxirane]-4-yl] 3-methylbutanoate",1,CC(=O)OCC12CC(OC(=O)CC(C)C)C(C)=CC1OC1C(O)C(OC(C)=O)C2(C)C12CO2,
cesium;hydroxide,1,[Cs+].[OH-],
"2-[[2,5-dichloro-4-[2,5-dichloro-4-[[1-(2,4-dimethylanilino)-1,3-dioxobutan-2-yl]diazenyl]phenyl]phenyl]diazenyl]-N-(2,4-dimethylphenyl)-3-oxobutanamide",1,CC(=O)C(N=Nc1cc(Cl)c(-c2cc(Cl)c(N=NC(C(C)=O)C(=O)Nc3ccc(C)cc3C)cc2Cl)cc1Cl)C(=O)Nc1ccc(C)cc1C,
2-(carboxymethyl)-2-hydroxybutanedioate;iron(2+),1,O=C([O-])CC(O)(CC(=O)O)C(=O)[O-].[Fe+2],
"sodium;1,4-dicyclohexyloxy-1,4-dioxobutane-2-sulfonate",1,O=C(CC(C(=O)OC1CCCCC1)S(=O)(=O)[O-])OC1CCCCC1.[Na+],
N-(2-hydroxyethyl)-3-methyl-4-oxido-1-oxoquinoxalin-1-ium-2-carboxamide,1,Cc1c(C(=O)NCCO)[n+](=O)c2ccccc2n1[O-],
"2,6-dichloro-4-(trifluoromethyl)aniline",1,Nc1c(Cl)cc(C(F)(F)F)cc1Cl,
2-ethylhexyl carbonochloridate,1,CCCCC(CC)COC(=O)Cl,
triethoxy(3-isocyanatopropyl)silane,1,CCO[Si](CCCN=C=O)(OCC)OCC,
methyl 2-(3-oxo-2-pentylcyclopentyl)acetate,1,CCCCCC1C(=O)CCC1CC(=O)OC,
"2,4,4-trimethylpent-1-ene",1,C=C(C)CC(C)(C)C,
"2,3,4-trichlorophenol",1,Oc1ccc(Cl)c(Cl)c1Cl,
sodium;2-methylpropoxymethanedithioate,1,CC(C)COC(=S)[S-].[Na+],
8-methylnonan-1-ol,1,CC(C)CCCCCCCO,
(E)-dec-2-ene,1,CC=CCCCCCCC,
(Z)-pent-2-enenitrile,1,CCC=CC#N,
hexachloroplatinum(2-);hydron;hydrate,1,O.[Cl][Pt-2]([Cl])([Cl])([Cl])([Cl])[Cl].[H+].[H+],
"5-chloro-2-methyl-1,2-thiazol-3-one",1,Cn1sc(Cl)cc1=O,
hexadecyl carbonochloridate,1,CCCCCCCCCCCCCCCCOC(=O)Cl,
"2-octyl-1,2-thiazol-3-one",1,CCCCCCCCn1sccc1=O,
trichloro-(2-chlorophenyl)silane,1,Clc1ccccc1[Si](Cl)(Cl)Cl,
[(E)-3-methyl-4-oxobut-2-enyl] acetate,1,CC(=O)OCC=C(C)C=O,
"1,3-bis(3-isocyanato-4-methylphenyl)-1,3-diazetidine-2,4-dione",1,Cc1ccc(N2C(=O)N(c3ccc(C)c(N=C=O)c3)C2=O)cc1N=C=O,
"bis(8-methylnonyl) benzene-1,2-dicarboxylate",1,CC(C)CCCCCCCOC(=O)c1ccccc1C(=O)OCCCCCCCC(C)C,
2-hydroperoxy-4-methyl-1-propan-2-ylcyclohexane,1,CC1CCC(C(C)C)C(OO)C1,
6-methylheptan-1-ol,1,CC(C)CCCCCO,
chromium(3+);triphosphate,1,O=P([O-])([O-])[O-].O=P([O-])([O-])[O-].O=P([O-])([O-])[O-].[Cr+3],
tetrakis(hydroxymethyl)phosphanium;urea;chloride,1,NC(N)=O.OC[P+](CO)(CO)CO.[Cl-],
1-(2-benzoyloxypropoxy)propan-2-yl benzoate,1,CC(COCC(C)OC(=O)c1ccccc1)OC(=O)c1ccccc1,
2-dodecylbenzenesulfonic acid,1,CCCCCCCCCCCCc1ccccc1S(=O)(=O)O,
non-2-ene,1,CC=CCCCCCC,
disodium;2-[(E)-2-[4-[4-[(E)-2-(2-sulfonatophenyl)ethenyl]phenyl]phenyl]ethenyl]benzenesulfonate,1,O=S(=O)([O-])c1ccccc1C=Cc1ccc(-c2ccc(C=Cc3ccccc3S(=O)(=O)[O-])cc2)cc1.[Na+].[Na+],
N-(1-cyanoethyl)formamide,1,CC(C#N)NC=O,
oxovanadium(2+);sulfate,1,O=S(=O)([O-])[O-].[O]=[V+2],
3-(bromomethyl)benzonitrile,1,N#Cc1cccc(CBr)c1,
2-chloro-4-isocyanato-1-methylbenzene,1,Cc1ccc(N=C=O)cc1Cl,
1-methyl-2-phenylbenzene,1,Cc1ccccc1-c1ccccc1,
"N'-[3-[[(Z)-octadec-9-enyl]amino]propyl]propane-1,3-diamine",1,CCCCCCCCC=CCCCCCCCCNCCCNCCCN,
"7-methyl-1,5-benzodioxepin-3-one",1,Cc1ccc2c(c1)OCC(=O)CO2,
"3,7-dimethyloct-6-en-1-yn-3-ol",1,C#CC(C)(O)CCC=C(C)C,
6-methylheptyl prop-2-enoate,1,C=CC(=O)OCCCCCC(C)C,
calcium;2-sulfidoacetate,1,O=C([O-])C[S-].[Ca+2],
2-isocyanatoethyl 2-methylprop-2-enoate,1,C=C(C)C(=O)OCCN=C=O,
2-[dimethyl(propyl)azaniumyl]ethyl-(2-methoxyethyl)-dimethylazanium;dichloride,1,CCC[N+](C)(C)CC[N+](C)(C)CCOC.[Cl-].[Cl-],
"1,6-diisocyanato-2,2,4-trimethylhexane",1,CC(CCN=C=O)CC(C)(C)CN=C=O,
hydrogen sulfate;tetrabutylazanium,1,CCCC[N+](CCCC)(CCCC)CCCC.O=S(=O)([O-])O,
"1,2,3,4-tetrabromo-5-(2,3,4,5-tetrabromophenoxy)benzene",1,Brc1cc(Oc2cc(Br)c(Br)c(Br)c2Br)c(Br)c(Br)c1Br,
palladium(2+);dinitrate;dihydrate,1,O.O.O=[N+]([O-])[O-].O=[N+]([O-])[O-].[Pd+2],
2-methyl-1-[(2-methylpropan-2-yl)oxy]propane,1,CC(C)COC(C)(C)C,
"N'-(2,4-dimethylphenyl)-N-[(2,4-dimethylphenyl)iminomethyl]-N-methylmethanimidamide",1,Cc1ccc(N=CN(C)C=Nc2ccc(C)cc2C)c(C)c1,
"N',N'-bis[3-(dimethylamino)propyl]-N,N-dimethylpropane-1,3-diamine",1,CN(C)CCCN(CCCN(C)C)CCCN(C)C,
2-chloro-N-(ethoxymethyl)-N-(2-ethyl-6-methylphenyl)acetamide,1,CCOCN(C(=O)CCl)c1c(C)cccc1CC,
"trimethoxy(2,4,4-trimethylpentyl)silane",1,CO[Si](CC(C)CC(C)(C)C)(OC)OC,
sodium;2-methylphenolate,1,Cc1ccccc1[O-].[Na+],
"1,3-dichloro-5-isocyanatobenzene",1,O=C=Nc1cc(Cl)cc(Cl)c1,
2-(butan-2-ylamino)ethanol,1,CCC(C)NCCO,
"triethoxy(2,4,4-trimethylpentyl)silane",1,CCO[Si](CC(C)CC(C)(C)C)(OCC)OCC,
"N-butyl-2,2,6,6-tetramethylpiperidin-4-amine",1,CCCCNC1CC(C)(C)NC(C)(C)C1,
N-[(4-methylphenyl)sulfonylmethyl]formamide,1,Cc1ccc(S(=O)(=O)CNC=O)cc1,
"3,5,5-trimethylhexanoyl chloride",1,CC(CC(=O)Cl)CC(C)(C)C,
1-methoxypropan-2-amine,1,COCC(C)N,
"1-(4-chlorophenoxy)-1-imidazol-1-yl-3,3-dimethylbutan-2-one",1,CC(C)(C)C(=O)C(Oc1ccc(Cl)cc1)n1ccnc1,
2-methyloxirane;prop-2-yn-1-ol,1,C#CCO.CC1CO1,
"1-butyl-N-(2,6-dimethylphenyl)piperidine-2-carboxamide",1,CCCCN1CCCCC1C(=O)Nc1c(C)cccc1C,
"dichloro-methyl-(3,3,4,4,5,5,6,6,6-nonafluorohexyl)silane",1,C[Si](Cl)(Cl)CCC(F)(F)C(F)(F)C(F)(F)C(F)(F)F,
"1,5-di(propan-2-yl)naphthalene",1,CC(C)c1cccc2c(C(C)C)cccc12,
"6,13-dichloro-5,12-dihydroquinolino[2,3-b]acridine-7,14-dione",1,O=c1c2ccccc2[nH]c2c(Cl)c3c(=O)c4ccccc4[nH]c3c(Cl)c12,
aluminum;cesium;tetrafluoride,1,[Al+3].[Cs+].[F-].[F-].[F-].[F-],
lithium;potassium;oxygen(2-);titanium(4+),1,[K+].[Li+].[O-2].[O-2].[O-2].[Ti+4],
chromium(3+);hydrogen sulfate,1,O=S(=O)([O-])O.O=S(=O)([O-])O.O=S(=O)([O-])O.[Cr+3],
"7,7-dimethyloctanoyl chloride",1,CC(C)(C)CCCCCC(=O)Cl,
"2-[2,5-dichloro-4-(6,11-dioxo-1H-naphtho[2,3-e]benzimidazol-2-yl)phenyl]-1H-naphtho[3,2-e]benzimidazole-6,11-dione",1,O=C1c2ccccc2C(=O)c2c1ccc1nc(-c3cc(Cl)c(-c4nc5ccc6c(c5[nH]4)C(=O)c4ccccc4C6=O)cc3Cl)[nH]c21,
"tricyclohexyl(1,2,4-triazol-1-yl)stannane",1,c1nc[n]([Sn]([CH]2CCCCC2)([CH]2CCCCC2)[CH]2CCCCC2)n1,
4-bromo-2-chloro-1-[ethoxy(propylsulfanyl)phosphoryl]oxybenzene,1,CCCSP(=O)(OCC)Oc1ccc(Br)cc1Cl,
chromium(2+);dioxido(dioxo)chromium,1,[Cr+2].[O]=[Cr](=[O])([O-])[O-],
"azanide;cyclobutane-1,1-dicarboxylic acid;platinum(2+)",1,O=C(O)C1(C(=O)O)CCC1.[NH2-].[NH2-].[Pt+2],
(4-tert-butylcyclohexyl) carbonochloridate,1,CC(C)(C)C1CCC(OC(=O)Cl)CC1,
"2,3,3,3-tetrafluoro-2-(trifluoromethyl)propanenitrile",1,N#CC(F)(C(F)(F)F)C(F)(F)F,
"2-amino-N-[2-(2,5-dimethoxyphenyl)-2-hydroxyethyl]acetamide",1,COc1ccc(OC)c(C(O)CNC(=O)CN)c1,
2-chloro-1-(3-ethoxy-4-nitrophenoxy)-4-(trifluoromethyl)benzene,1,CCOc1cc(Oc2ccc(C(F)(F)F)cc2Cl)ccc1[N+](=O)[O-],
2-[2-(2-prop-2-enoyloxypropoxy)propoxy]propyl prop-2-enoate,1,C=CC(=O)OCC(C)OCC(C)OCC(C)OC(=O)C=C,
6-chlorohexyl 2-methylprop-2-enoate,1,C=C(C)C(=O)OCCCCCCCl,
[4-[1-(4-cyanatophenyl)ethyl]phenyl] cyanate,1,CC(c1ccc(OC#N)cc1)c1ccc(OC#N)cc1,
pentazinc;dioxido(dioxo)chromium;octahydroxide,1,[OH-].[OH-].[OH-].[OH-].[OH-].[OH-].[OH-].[OH-].[O]=[Cr](=[O])([O-])[O-].[Zn+2].[Zn+2].[Zn+2].[Zn+2].[Zn+2],
"2-chloro-1-(2,4-difluorophenyl)ethanone",1,O=C(CCl)c1ccc(F)cc1F,
2-(2-ethoxyethoxy)-2-methylpropane,1,CCOCCOC(C)(C)C,
"3,7-dimethyloct-6-enenitrile",1,CC(C)=CCCC(C)CC#N,
"sodium;1,5-dichloro-4,6-dioxo-1,3,5-triazin-2-olate;dihydrate",1,O.O.O=c1nc([O-])n(Cl)c(=O)n1Cl.[Na+],
[cyano-(3-phenoxyphenyl)methyl] 2-(4-chlorophenyl)-3-methylbutanoate,1,CC(C)C(C(=O)OC(C#N)c1cccc(Oc2ccccc2)c1)c1ccc(Cl)cc1,
tetrasodium;(2S)-2-[bis(carboxylatomethyl)amino]pentanedioate,1,O=C([O-])CCC(C(=O)[O-])N(CC(=O)[O-])CC(=O)[O-].[Na+].[Na+].[Na+].[Na+],
"[cyano-(3-phenoxyphenyl)methyl] 3-(2,2-dichloroethenyl)-2,2-dimethylcyclopropane-1-carboxylate",1,CC1(C)C(C=C(Cl)Cl)C1C(=O)OC(C#N)c1cccc(Oc2ccccc2)c1,
2-chloro-5-(trifluoromethyl)pyridine,1,FC(F)(F)c1ccc(Cl)nc1,
[2-hydroxy-3-[4-(2-hydroxy-3-prop-2-enoyloxypropoxy)butoxy]propyl] prop-2-enoate,1,C=CC(=O)OCC(O)COCCCCOCC(O)COC(=O)C=C,
2-hydroxyethyl 2-methylprop-2-enoate;phosphoric acid,1,C=C(C)C(=O)OCCO.O=P(O)(O)O,
"bis(2,2,6,6-tetramethylpiperidin-4-yl) decanedioate",1,CC1(C)CC(OC(=O)CCCCCCCCC(=O)OC2CC(C)(C)NC(C)(C)C2)CC(C)(C)N1,
"3-[(8E,11E)-pentadeca-8,11-dienyl]benzene-1,2-diol;3-[(8E,11E)-pentadeca-8,11,14-trienyl]benzene-1,2-diol;3-[(8E,11E,13E)-pentadeca-8,11,13-trienyl]benzene-1,2-diol;3-[(E)-pentadec-8-enyl]benzene-1,2-diol;3-pentadecylbenzene-1,2-diol",1,C=CCC=CCC=CCCCCCCCc1cccc(O)c1O.CC=CC=CCC=CCCCCCCCc1cccc(O)c1O.CCCC=CCC=CCCCCCCCc1cccc(O)c1O.CCCCCCC=CCCCCCCCc1cccc(O)c1O.CCCCCCCCCCCCCCCc1cccc(O)c1O,
sodium;bis(2-methylpropoxy)-sulfanylidene-sulfido-lambda5-phosphane,1,CC(C)COP(=S)([S-])OCC(C)C.[Na+],
propyl (2S)-2-hydroxypropanoate,1,CCCOC(=O)C(C)O,
N-(4-fluorophenyl)-2-hydroxy-N-propan-2-ylacetamide,1,CC(C)N(C(=O)CO)c1ccc(F)cc1,
1-ethoxypropan-2-yl acetate,1,CCOCC(C)OC(C)=O,
"1,4-bis(ethoxymethyl)cyclohexane",1,CCOCC1CCC(COCC)CC1,
3-iodoprop-2-ynyl N-butylcarbamate,1,CCCCNC(=O)OCC#CI,
"potassium;6-methyl-2,2-dioxo-1-oxa-2lambda6-thia-3-azanidacyclohex-5-en-4-one",1,CC1=CC(=O)[N-]S(=O)(=O)O1.[K+],
[3-(aminomethyl)-2-bicyclo[2.2.1]heptanyl]methanamine,1,NCC1C2CCC(C2)C1CN,
"1,3,5,7-tetrahydro-[1,3]oxazolo[3,4-c][1,3]oxazol-7a-ylmethoxymethanol",1,OCOCC12COCN1COC2,
1-[(2-methylpropan-2-yl)oxy]propan-2-ol,1,CC(O)COC(C)(C)C,
hydrogen carbonate;zirconium(4+),1,O=C([O-])O.O=C([O-])O.O=C([O-])O.O=C([O-])O.[Zr+4],
(3-diphenoxyphosphoryloxyphenyl) diphenyl phosphate,1,O=P(Oc1ccccc1)(Oc1ccccc1)Oc1cccc(OP(=O)(Oc2ccccc2)Oc2ccccc2)c1,
"1-(1,3-benzodioxol-5-yl)-4,4-dimethylpent-1-en-3-ol",1,CC(C)(C)C(O)C=Cc1ccc2c(c1)OCO2.CC(C)(C)C(O)C=Cc1ccc2c(c1)OCO2.CC(C)(C)C(O)C=Cc1ccc2c(c1)OCO2.CC(C)(C)C(O)C=Cc1ccc2c(c1)OCO2.CC(C)(C)C(O)C=Cc1ccc2c(c1)OCO2.CC(C)(C)C(O)C=Cc1ccc2c(c1)OCO2.CC(C)(C)C(O)C=Cc1ccc2c(c1)OCO2,
2-amino-9-(2-hydroxyethoxymethyl)-1H-purin-6-one,1,Nc1nc2c(ncn2COCCO)c(=O)[nH]1,
"2,6,6-trimethylbicyclo[3.1.1]heptane-3-carbaldehyde",1,CC1C(C=O)CC2CC1C2(C)C,
aluminum;potassium;tetrafluoride,1,[Al+3].[F-].[F-].[F-].[F-].[K+],
thiane-3-carbaldehyde,1,O=CC1CCCSC1,
1-cyclohex-2-en-1-yl-4-cyclohex-3-en-1-ylbenzene,1,C1=CC(c2ccc(C3CC=CCC3)cc2)CCC1,
"2,4,6-tris(1-phenylethyl)phenol",1,CC(c1ccccc1)c1cc(C(C)c2ccccc2)c(O)c(C(C)c2ccccc2)c1,
copper;disodium;2-[2-[bis(carboxylatomethyl)amino]ethyl-(carboxylatomethyl)amino]acetate;dihydrate,1,O.O.O=C([O-])CN(CCN(CC(=O)[O-])CC(=O)[O-])CC(=O)[O-].[Cu+2].[Na+].[Na+],
"azanium;2,3,3,3-tetrafluoro-2-(1,1,2,2,3,3,3-heptafluoropropoxy)propanoate",1,O=C([O-])C(F)(OC(F)(F)C(F)(F)C(F)(F)F)C(F)(F)F.[NH4+],
cobalt(2+);3-fluoro-2-[2-[(2-fluoro-6-oxidophenyl)methylideneamino]ethyliminomethyl]phenolate,1,[Co+2].[O-]c1cccc(F)c1C=NCCN=Cc1c([O-])cccc1F,
2-oct-2-enylbutanedioic acid,1,CCCCCC=CCC(CC(=O)O)C(=O)O,
N-cyclohexyl-N-ethylcarbamoyl chloride,1,CCN(C(=O)Cl)C1CCCCC1,
2-(butylcarbamoyloxy)ethyl prop-2-enoate,1,C=CC(=O)OCCOC(=O)NCCCC,
methyl(trioctyl)azanium;chloride,1,CCCCCCCC[N+](C)(CCCCCCCC)CCCCCCCC.[Cl-],
1-[3-(dimethylamino)propyl-(2-hydroxypropyl)amino]propan-2-ol,1,CC(O)CN(CCCN(C)C)CC(C)O,
lithium;silanidylidyneiron,1,[Li+].[Si-]#[Fe],
(3-methyl-5-prop-2-enoyloxypentyl) prop-2-enoate,1,C=CC(=O)OCCC(C)CCOC(=O)C=C,
"1-[(1R,6R)-9-azabicyclo[4.2.1]non-2-en-2-yl]ethanone",1,CC(=O)C1=CCCC2CCC1N2,
"4,5-dichloro-2-octyl-1,2-thiazol-3-one",1,CCCCCCCCn1sc(Cl)c(Cl)c1=O,
sodium;4-methylbenzotriazol-1-ide,1,Cc1cccc2[n-]nnc12.[Na+],
"3-[(4-anilinophenyl)diazenyl]benzenesulfonate;[4-[bis[4-(dimethylamino)phenyl]methylidene]cyclohexa-2,5-dien-1-ylidene]-dimethylazanium",1,CN(C)c1ccc(C(=C2C=CC(=[N+](C)C)C=C2)c2ccc(N(C)C)cc2)cc1.O=S(=O)([O-])c1cccc(N=Nc2ccc(Nc3ccccc3)cc2)c1,
"2-N-cyclopropyl-1,3,5-triazine-2,4,6-triamine",1,Nc1nc(N)nc(NC2CC2)n1,
"N'-[3-[3-[[(Z)-octadec-9-enyl]amino]propylamino]propyl]propane-1,3-diamine",1,CCCCCCCCC=CCCCCCCCCNCCCNCCCNCCCN,
"1-[3-heptoxy-2,2-bis(heptoxymethyl)propoxy]heptane",1,CCCCCCCOCC(COCCCCCCC)(COCCCCCCC)COCCCCCCC,
hexadecan-1-amine,1,CCCCCCCCCCCCCCCCN,
3-(5-imino-3-methyl-4H-pyrazol-1-yl)benzenesulfonic acid,1,CC1=NN(c2cccc(S(=O)(=O)O)c2)C(=N)C1,
triazanium;phosphate,1,O=P([O-])([O-])[O-].[NH4+].[NH4+].[NH4+],
dimethyl-di(tetradecyl)azanium;chloride,1,CCCCCCCCCCCCCC[N+](C)(C)CCCCCCCCCCCCCC.[Cl-],
2-[carboxylatomethyl(carboxymethyl)amino]acetate;iron(2+),1,O=C([O-])CN(CC(=O)[O-])CC(=O)O.[Fe+2],
"but-2-yne-1,4-diol;2-(chloromethyl)oxirane",1,ClCC1CO1.OCC#CCO,
magnesium;4-dodecan-3-ylbenzenesulfonate,1,CCCCCCCCCC(CC)c1ccc(S(=O)(=O)[O-])cc1.CCCCCCCCCC(CC)c1ccc(S(=O)(=O)[O-])cc1.[Mg+2],
"2-(6-methylidene-2-oxopiperidin-3-yl)-5-[2-[3-[5-[3-[3-methyl-5-(5-methylpyrido[4,3-b]indol-7-yl)pyridin-2-yl]oxycyclobutyl]oxypyridin-2-yl]prop-2-ynoxy]ethoxy]-3H-isoindol-1-one;2-(6-methylidene-2-oxopiperidin-3-yl)-5-[3-[3-[4-[3-[5-(5-methylpyrido[4,3-b]indol-7-yl)pyridin-2-yl]oxycyclobutyl]oxypiperidin-1-yl]phenyl]prop-2-ynoxy]-3H-isoindol-1-one;2-(6-methylidene-2-oxopiperidin-3-yl)-5-[3-[4-[4-[3-[5-(5-methylpyrido[4,3-b]indol-7-yl)pyridin-2-yl]oxycyclobutyl]oxypiperidin-1-yl]pyridin-2-yl]prop-2-ynoxy]isoindole-1,3-dione;2-(6-methylidene-2-oxopiperidin-3-yl)-5-[3-[4-[4-[3-[5-(5-methylpyrido[4,3-b]indol-7-yl)pyridin-2-yl]oxycyclobutyl]oxypiperidin-1-yl]pyridin-2-yl]prop-2-ynoxy]-3H-isoindol-1-one;2-(6-methylidene-2-oxopiperidin-3-yl)-5-[3-[2-[4-[3-[5-(5-methylpyrido[4,3-b]indol-7-yl)pyridin-2-yl]oxycyclobutyl]oxypiperidin-1-yl]pyrimidin-4-yl]prop-2-ynoxy]isoindole-1,3-dione;2-(6-methylidene-2-oxopiperidin-3-yl)-5-[3-[4-[4-[3-[5-(5-methylpyrido[4,3-b]indol-7-yl)pyridin-2-yl]oxycyclobutyl]oxypiperidin-1-yl]pyrimidin-2-yl]prop-2-ynoxy]isoindole-1,3-dione;2-(6-methylidene-2-oxopiperidin-3-yl)-5-[3-[4-[4-[3-[5-(5-methylpyrido[4,3-b]indol-7-yl)pyridin-2-yl]oxycyclobutyl]oxypiperidin-1-yl]pyrimidin-2-yl]prop-2-ynoxy]-3H-isoindol-1-one",1,C=C1CCC(N2C(=O)c3ccc(OCC#Cc4cc(N5CCC(OC6CC(Oc7ccc(-c8ccc9c%10cnccc%10n(C)c9c8)cn7)C6)CC5)ccn4)cc3C2=O)C(=O)N1.C=C1CCC(N2C(=O)c3ccc(OCC#Cc4ccnc(N5CCC(OC6CC(Oc7ccc(-c8ccc9c%10cnccc%10n(C)c9c8)cn7)C6)CC5)n4)cc3C2=O)C(=O)N1.C=C1CCC(N2C(=O)c3ccc(OCC#Cc4nccc(N5CCC(OC6CC(Oc7ccc(-c8ccc9c%10cnccc%10n(C)c9c8)cn7)C6)CC5)n4)cc3C2=O)C(=O)N1.C=C1CCC(N2Cc3cc(OCC#Cc4cc(N5CCC(OC6CC(Oc7ccc(-c8ccc9c%10cnccc%10n(C)c9c8)cn7)C6)CC5)ccn4)ccc3C2=O)C(=O)N1.C=C1CCC(N2Cc3cc(OCC#Cc4cccc(N5CCC(OC6CC(Oc7ccc(-c8ccc9c%10cnccc%10n(C)c9c8)cn7)C6)CC5)c4)ccc3C2=O)C(=O)N1.C=C1CCC(N2Cc3cc(OCC#Cc4nccc(N5CCC(OC6CC(Oc7ccc(-c8ccc9c%10cnccc%10n(C)c9c8)cn7)C6)CC5)n4)ccc3C2=O)C(=O)N1.C=C1CCC(N2Cc3cc(OCCOCC#Cc4ccc(OC5CC(Oc6ncc(-c7ccc8c9cnccc9n(C)c8c7)cc6C)C5)cn4)ccc3C2=O)C(=O)N1,
2-(dodecoxymethyl)oxirane;2-(tetradecoxymethyl)oxirane;2-(tridecoxymethyl)oxirane,1,CCCCCCCCCCCCCCOCC1CO1.CCCCCCCCCCCCCOCC1CO1.CCCCCCCCCCCCOCC1CO1,
"2,2-dimethylpropane-1,3-diol;heptanoic acid",1,CC(C)(CO)CO.CCCCCCC(=O)O,
1-benzyl-1-methyl-2H-pyridin-1-ium;chloride,1,C[N+]1(Cc2ccccc2)C=CC=CC1.[Cl-],
azane;2-(2-hydroxyethoxy)ethanol;morpholine,1,C1COCCN1.N.OCCOCCO,
"ethane-1,2-diamine;prop-2-enenitrile",1,C=CC#N.NCCN,
2-aminoethanol;azane,1,N.NCCO,
"2,4,6-tripropyl-1,3,5,2lambda5,4lambda5,6lambda5-trioxatriphosphinane 2,4,6-trioxide",1,CCCP1(=O)OP(=O)(CCC)OP(=O)(CCC)O1,
"2-(chloromethyl)oxirane;4-[2-(4-hydroxyphenyl)propan-2-yl]phenol;oxolane-2,5-dione;propane-1,2-diol;prop-2-enoic acid",1,C=CC(=O)O.CC(C)(c1ccc(O)cc1)c1ccc(O)cc1.CC(O)CO.ClCC1CO1.O=C1CCC(=O)O1,
2-methyldecanenitrile,1,CCCCCCCCC(C)C#N,
calcium;4-icosan-3-ylbenzenesulfonate,1,CCCCCCCCCCCCCCCCCC(CC)c1ccc(S(=O)(=O)[O-])cc1.CCCCCCCCCCCCCCCCCC(CC)c1ccc(S(=O)(=O)[O-])cc1.[Ca+2],
[cyano-(3-phenoxyphenyl)methyl] 2-[4-(difluoromethoxy)phenyl]-3-methylbutanoate,1,CC(C)C(C(=O)OC(C#N)c1cccc(Oc2ccccc2)c1)c1ccc(OC(F)F)cc1,
"3-butyl-4-hydroxy-5-methyl-5-(2-methylbuta-1,3-dienyl)thiophen-2-one;4-ethyl-2-methyl-2-(2-methylbuta-1,3-dienyl)-5-methylidenethiophen-3-ol;4-hydroxy-5-methyl-5-(2-methylbuta-1,3-dienyl)-3-[4-(4-methylphenyl)butyl]thiophen-2-one;4-hydroxy-5-methyl-5-(2-methylbuta-1,3-dienyl)-3-[2-(4-methylphenyl)ethyl]thiophen-2-one;4-hydroxy-5-methyl-5-(2-methylbuta-1,3-dienyl)-3-propylthiophen-2-one",1,C=CC(C)=CC1(C)SC(=C)C(CC)=C1O.C=CC(C)=CC1(C)SC(=O)C(CCC)=C1O.C=CC(C)=CC1(C)SC(=O)C(CCCC)=C1O.C=CC(C)=CC1(C)SC(=O)C(CCCCc2ccc(C)cc2)=C1O.C=CC(C)=CC1(C)SC(=O)C(CCCCc2ccc(C)cc2)=C1O.C=CC(C)=CC1(C)SC(=O)C(CCCCc2ccc(C)cc2)=C1O.C=CC(C)=CC1(C)SC(=O)C(CCCCc2ccc(C)cc2)=C1O.C=CC(C)=CC1(C)SC(=O)C(CCc2ccc(C)cc2)=C1O.C=CC(C)=CC1(C)SC(=O)C(CCc2ccc(C)cc2)=C1O,
sodium;2-(hydroxymethylamino)acetate,1,O=C([O-])CNCO.[Na+],
"1-(4-tert-butylphenyl)-3-(4-methoxyphenyl)propane-1,3-dione",1,COc1ccc(C(=O)CC(=O)c2ccc(C(C)(C)C)cc2)cc1,
"N,N-dimethyl-4-[2-(1,3,3-trimethylindol-1-ium-2-yl)ethenyl]aniline;acetate",1,CC(=O)[O-].CN(C)c1ccc(C=CC2=[N+](C)c3ccccc3C2(C)C)cc1,
"5-[(6-methyl-2-oxo-1,3-dihydrobenzimidazol-5-yl)diazenyl]-1,3-diazinane-2,4,6-trione",1,Cc1cc2[nH]c(=O)[nH]c2cc1N=NC1C(=O)NC(=O)NC1=O,
"hydrogen sulfate;3-[N-methyl-4-[2-(1,3,3-trimethylindol-1-ium-2-yl)ethenyl]anilino]propanenitrile",1,CN(CCC#N)c1ccc(C=CC2=[N+](C)c3ccccc3C2(C)C)cc1.O=S(=O)([O-])O,
2-(2-aminoethoxy)ethanol;4-methylpentan-2-one,1,CC(=O)CC(C)C.NCCOCCO,
"dichloro-methyl-(3,3,4,4,5,5,6,6,7,7,8,8,8-tridecafluorooctyl)silane",1,C[Si](Cl)(Cl)CCC(F)(F)C(F)(F)C(F)(F)C(F)(F)C(F)(F)C(F)(F)F,
disodium;2-[2-[bis(carboxylatomethyl)amino]ethyl-(carboxylatomethyl)amino]acetate;manganese(2+);dihydrate,1,O.O.O=C([O-])CN(CCN(CC(=O)[O-])CC(=O)[O-])CC(=O)[O-].[Mn+2].[Na+].[Na+],
bicyclo[2.2.1]hept-2-ene;diisocyanate,1,C1=CC2CCC1C2.[N-]=C=O.[N-]=C=O,
prop-2-ynyl N-butylcarbamate,1,C#CCOC(=O)NCCCC,
potassium;2-[methyl-[(Z)-octadec-9-enoyl]amino]acetate,1,CCCCCCCCC=CCCCCCCCC(=O)N(C)CC(=O)[O-].[K+],
"(2,3,5,6-tetrafluoro-4-methylphenyl)methyl (1S,3S)-3-[(Z)-2-chloro-3,3,3-trifluoroprop-1-enyl]-2,2-dimethylcyclopropane-1-carboxylate",1,Cc1c(F)c(F)c(COC(=O)C2C(C=C(Cl)C(F)(F)F)C2(C)C)c(F)c1F,
oxolane-3-carbaldehyde,1,O=CC1CCOC1,
"1,1,1,2,2,3,3,4,4,5,5,6,6-tridecafluorooctane",1,CCC(F)(F)C(F)(F)C(F)(F)C(F)(F)C(F)(F)C(F)(F)F,
1-ethoxy-4-[2-methyl-1-[(3-phenoxyphenyl)methoxy]propan-2-yl]benzene,1,CCOc1ccc(C(C)(C)COCc2cccc(Oc3ccccc3)c2)cc1,
2-(4-methyl-5-oxo-4-propan-2-yl-1H-imidazol-2-yl)pyridine-3-carboxylic acid,1,CC(C)C1(C)N=C(c2ncccc2C(=O)O)NC1=O,
N-(benzyl-chloro-diphenyl-lambda5-phosphanyl)-N-ethylethanamine,1,CCN(CC)P(Cl)(Cc1ccccc1)(c1ccccc1)c1ccccc1,
2-methylpropyl (2S)-2-chloropropanoate,1,CC(C)COC(=O)C(C)Cl,
1-methyl-4-[2-methyl-4-(4-methylcyclohex-3-en-1-yl)pentan-2-yl]cyclohexene,1,CC1=CCC(C(C)CC(C)(C)C2CC=C(C)CC2)CC1,
"N-benzyl-4-[(1,4-dimethyl-1,2,4-triazol-4-ium-3-yl)diazenyl]-N-methylaniline;tetrachlorozinc(2-)",1,CN(Cc1ccccc1)c1ccc(N=Nc2nn(C)c[n+]2C)cc1.CN(Cc1ccccc1)c1ccc(N=Nc2nn(C)c[n+]2C)cc1.[Cl][Zn-2]([Cl])([Cl])[Cl],
"N-benzyl-4-[(2,4-dimethyl-1,2,4-triazol-4-ium-3-yl)diazenyl]-N-methylaniline;tetrachlorozinc(2-)",1,CN(Cc1ccccc1)c1ccc(N=Nc2n(C)nc[n+]2C)cc1.CN(Cc1ccccc1)c1ccc(N=Nc2n(C)nc[n+]2C)cc1.[Cl][Zn-2]([Cl])([Cl])[Cl],
"3-[2,2-dimethyl-3-(3-prop-2-enoyloxypropoxy)propoxy]propyl prop-2-enoate",1,C=CC(=O)OCCCOCC(C)(C)COCCCOC(=O)C=C,
"zinc;N,N-bis(3,5,5-trimethylhexyl)carbamodithioate",1,CC(CCN(CCC(C)CC(C)(C)C)C(=S)[S-])CC(C)(C)C.CC(CCN(CCC(C)CC(C)(C)C)C(=S)[S-])CC(C)(C)C.[Zn+2],
8-ethylundecan-1-amine,1,CCCC(CC)CCCCCCCN,
lithium;bis(trifluoromethylsulfonyl)azanide,1,O=S(=O)([N-]S(=O)(=O)C(F)(F)F)C(F)(F)F.[Li+],
"2-[[2-chloro-4-[3-chloro-4-[[1-(4-methoxyanilino)-1,3-dioxobutan-2-yl]diazenyl]phenyl]phenyl]diazenyl]-3-oxo-N-phenylbutanamide",1,COc1ccc(NC(=O)C(N=Nc2ccc(-c3ccc(N=NC(C(C)=O)C(=O)Nc4ccccc4)c(Cl)c3)cc2Cl)C(C)=O)cc1,
"2-[[2-chloro-4-[3-chloro-4-[[1-(4-chloro-2,5-dimethoxyanilino)-1,3-dioxobutan-2-yl]diazenyl]phenyl]phenyl]diazenyl]-N-(2,4-dimethylphenyl)-3-oxobutanamide",1,COc1cc(NC(=O)C(N=Nc2ccc(-c3ccc(N=NC(C(C)=O)C(=O)Nc4ccc(C)cc4C)c(Cl)c3)cc2Cl)C(C)=O)c(OC)cc1Cl,
dimethyl-di(tetratriacontan-16-yl)azanium;chloride,1,CCCCCCCCCCCCCCCCCCC(CCCCCCCCCCCCCCC)[N+](C)(C)C(CCCCCCCCCCCCCCC)CCCCCCCCCCCCCCCCCC.[Cl-],
"(5E,9E)-hexadeca-5,9-diene",1,CCCCC=CCCC=CCCCCCC,
zinc;butan-2-yloxy-(6-methylheptoxy)-sulfanylidene-sulfido-lambda5-phosphane,1,CCC(C)OP(=S)([S-])OCCCCCC(C)C.CCC(C)OP(=S)([S-])OCCCCCC(C)C.[Zn+2],
tripotassium;trioxido(propyl)silane,1,CCC[Si]([O-])([O-])[O-].[K+].[K+].[K+],
"potassium;3,5,5-trimethylhexanoate",1,CC(CC(=O)[O-])CC(C)(C)C.[K+],
2-fluoro-6-(trifluoromethyl)pyridine,1,Fc1cccc(C(F)(F)F)n1,
N-diaminophosphinothioylbutan-1-amine,1,CCCCNP(N)(N)=S,
2-tert-butyl-5-[(4-tert-butylphenyl)methylsulfanyl]-4-chloropyridazin-3-one,1,CC(C)(C)c1ccc(CSc2cnn(C(C)(C)C)c(=O)c2Cl)cc1,
"(2R,3S,4S,5R)-2-(hydroxymethyl)-6-undecoxyoxane-3,4,5-triol",1,CCCCCCCCCCCOC1OC(CO)C(O)C(O)C1O,
"1,5,2,4-dioxadithiane 2,2,4,4-tetraoxide",1,O=S1(=O)CS(=O)(=O)OCO1,
N-tridecyltridecan-1-amine,1,CCCCCCCCCCCCCNCCCCCCCCCCCCC,
"(5R,8S,11R,12S,15S,18S,19S,22R)-15-[3-(diaminomethylideneamino)propyl]-18-[(1E,3E,5S,6S)-6-methoxy-3,5-dimethyl-7-phenylhepta-1,3-dienyl]-1,5,12,19-tetramethyl-2-methylidene-8-(2-methylpropyl)-3,6,9,13,16,20,25-heptaoxo-1,4,7,10,14,17,21-heptazacyclopentacosane-11,22-dicarboxylic acid",1,C=C1C(=O)NC(C)C(=O)NC(CC(C)C)C(=O)NC(C(=O)O)C(C)C(=O)NC(CCCN=C(N)N)C(=O)NC(C=CC(C)=CC(C)C(Cc2ccccc2)OC)C(C)C(=O)NC(C(=O)O)CCC(=O)N1C,
"(E)-1-chloro-3,3,3-trifluoroprop-1-ene",1,FC(F)(F)C=CCl,
methyl 3-[3-(benzotriazol-2-yl)-5-tert-butyl-4-hydroxyphenyl]propanoate,1,COC(=O)CCc1cc(-n2nc3ccccc3n2)c(O)c(C(C)(C)C)c1,
4-[9-(4-amino-3-chlorophenyl)fluoren-9-yl]-2-chloroaniline,1,Nc1ccc(C2(c3ccc(N)c(Cl)c3)c3ccccc3-c3ccccc32)cc1Cl,
dimethoxy-(2-methylpropyl)-propan-2-ylsilane,1,CO[Si](CC(C)C)(OC)C(C)C,
sodium;5-butylbenzotriazol-1-ide,1,CCCCc1ccc2[n-]nnc2c1.[Na+],
"6-methoxy-2-[(S)-(4-methoxy-3,5-dimethylpyridin-2-yl)methylsulfinyl]-1H-benzimidazole",1,COc1ccc2nc(S(=O)Cc3ncc(C)c(OC)c3C)[nH]c2c1,
"1-[3,10-dihydroxy-12-[2-(4-hydroxyphenoxy)carbonyloxypropyl]-2,6,7,11-tetramethoxy-4,9-dioxoperylen-1-yl]propan-2-yl benzoate",1,COc1c(O)c2c(=O)cc(OC)c3c4c(OC)cc(=O)c5c(O)c(OC)c(CC(C)OC(=O)c6ccccc6)c(c(c1CC(C)OC(=O)Oc1ccc(O)cc1)c23)c54,
4-bromo-2-(4-chlorophenyl)-5-(trifluoromethyl)-1H-pyrrole-3-carbonitrile,1,N#Cc1c(-c2ccc(Cl)cc2)[nH]c(C(F)(F)F)c1Br,
"N-[6-[formyl-(2,2,6,6-tetramethylpiperidin-4-yl)amino]hexyl]-N-(2,2,6,6-tetramethylpiperidin-4-yl)formamide",1,CC1(C)CC(N(C=O)CCCCCCN(C=O)C2CC(C)(C)NC(C)(C)C2)CC(C)(C)N1,
1-bromo-2-ethenylbenzene,1,C=Cc1ccccc1Br,
"1,4-dichloro-2-(1,1,2,3,3,3-hexafluoropropoxy)-5-nitrobenzene",1,O=[N+]([O-])c1cc(Cl)c(OC(F)(F)C(F)C(F)(F)F)cc1Cl,
"2,3-bis(2-sulfanylethylsulfanyl)propane-1-thiol",1,SCCSCC(CS)SCCS,
"tert-butyl 4-[[(E)-(1,3-dimethyl-5-phenoxypyrazol-4-yl)methylideneamino]oxymethyl]benzoate",1,Cc1nn(C)c(Oc2ccccc2)c1C=NOCc1ccc(C(=O)OC(C)(C)C)cc1,
"diethyl 1-(2,4-dichlorophenyl)-5-methyl-4H-pyrazole-3,5-dicarboxylate",1,CCOC(=O)C1=NN(c2ccc(Cl)cc2Cl)C(C)(C(=O)OCC)C1,
"1,1,1,2,2,3,4,5,5,5-decafluoropentane",1,FC(C(F)C(F)(F)C(F)(F)F)C(F)(F)F,
5-methyl-2-(2-nitroanilino)thiophene-3-carbonitrile,1,Cc1cc(C#N)c(Nc2ccccc2[N+](=O)[O-])s1,
(4-amino-1-hydroxy-1-phosphonobutyl)phosphonic acid;hydrate,1,NCCCC(O)(P(=O)(O)O)P(=O)(O)O.O,
1-[(E)-[2-(4-cyanophenyl)-1-[3-(trifluoromethyl)phenyl]ethylidene]amino]-3-[4-(trifluoromethoxy)phenyl]urea,1,N#Cc1ccc(CC(=NNC(=O)Nc2ccc(OC(F)(F)F)cc2)c2cccc(C(F)(F)F)c2)cc1,
"N-(3-methyl-2,6-dihydro-1,3,5-oxadiazin-4-yl)nitramide",1,CN1COCN=C1N[N+](=O)[O-],
"1,3-dimethylpiperidin-2-one",1,CC1CCCN(C)C1=O,
tri(propan-2-yl)silyl prop-2-enoate,1,C=CC(=O)O[Si](C(C)C)(C(C)C)C(C)C,
"2,2,4-trifluoro-5-(trifluoromethoxy)-1,3-dioxole",1,FC1=C(OC(F)(F)F)OC(F)(F)O1,
(2E)-2-benzylideneoctanal,1,CCCCCCC(C=O)=Cc1ccccc1,
"2-ethoxy-4,6-difluoropyrimidine",1,CCOc1nc(F)cc(F)n1,
2-(hydroxyiminomethyl)-4-nonylphenol,1,CCCCCCCCCc1ccc(O)c(C=NO)c1,
2-ethylhexyl (2S)-2-hydroxypropanoate,1,CCCCC(CC)COC(=O)C(C)O,
"N'-[2-[2-(dimethylamino)ethoxy]ethyl]-N'-methylpropane-1,3-diamine",1,CN(C)CCOCCN(C)CCCN,
"sodium;(4,6-dimethoxypyrimidin-2-yl)carbamoyl-[3-(2,2,2-trifluoroethoxy)pyridin-2-yl]sulfonylazanide",1,COc1cc(OC)nc(NC(=O)[N-]S(=O)(=O)c2ncccc2OCC(F)(F)F)n1.[Na+],
"3,3,4,4,5,5,6,6-octafluoro-6-iodohex-1-ene",1,C=CC(F)(F)C(F)(F)C(F)(F)C(F)(F)I,
"N-[(2S)-4-(4-cyclohexyl-1-azoniabicyclo[2.2.2]octan-1-yl)-2-(3,4-dichlorophenyl)butyl]-N-methyl-3,5-bis(trifluoromethyl)benzamide;methanesulfonate",1,CN(CC(CC[N+]12CCC(C3CCCCC3)(CC1)CC2)c1ccc(Cl)c(Cl)c1)C(=O)c1cc(C(F)(F)F)cc(C(F)(F)F)c1.CS(=O)(=O)[O-],
(2-methyl-1-oxo-1-prop-2-enoxypropan-2-yl) 2-chloro-5-isocyanatobenzoate,1,C=CCOC(=O)C(C)(C)OC(=O)c1cc(N=C=O)ccc1Cl,
1-[2-(benzenesulfonamido)phenyl]-3-phenylurea,1,O=C(Nc1ccccc1)Nc1ccccc1NS(=O)(=O)c1ccccc1,
"2-chloro-3-(2,2,2-trifluoroethoxy)pyridine",1,FC(F)(F)COc1cccnc1Cl,
"2-propan-2-ylsulfanyl-3-(3,3,3-trifluoropropyl)pyridine",1,CC(C)Sc1ncccc1CCC(F)(F)F,
"2-ethoxy-1,3-dimethylcyclohexane",1,CCOC1C(C)CCCC1C,
tetrakis(hydroxymethyl)phosphanium;chloride,1,OC[P+](CO)(CO)CO.[Cl-],
"(2,6-ditert-butyl-4-methylcyclohexyl) 5-[bis(2-ethoxy-2-oxoethyl)carbamoyloxy]-2-(4-tert-butylphenyl)-6-cyano-3H-pyrrolo[1,2-b][1,2,4]triazole-7-carboxylate",1,CCOC(=O)CN(CC(=O)OCC)C(=O)Oc1c(C#N)c(C(=O)OC2C(C(C)(C)C)CC(C)CC2C(C)(C)C)c2nc(-c3ccc(C(C)(C)C)cc3)[nH]n12,
"ethyl (Z)-4,4,4-trifluoro-3-(methylamino)but-2-enoate",1,CCOC(=O)C=C(NC)C(F)(F)F,
(1R)-2-[2-(4-aminophenyl)ethylamino]-1-phenylethanol;hydrochloride,1,Cl.Nc1ccc(CCNCC(O)c2ccccc2)cc1,
"[3-[6-[(3-dodecanoyloxy-2,2-dimethylpropylidene)amino]hexylimino]-2,2-dimethylpropyl] dodecanoate",1,CCCCCCCCCCCC(=O)OCC(C)(C)C=NCCCCCCN=CC(C)(C)COC(=O)CCCCCCCCCCC,
7-methyloctyl benzoate,1,CC(C)CCCCCCOC(=O)c1ccccc1,
chloro-[3-(3-chloro-4-fluorophenyl)propyl]-dimethylsilane,1,C[Si](C)(Cl)CCCc1ccc(F)c(Cl)c1,
2-ethylhexyl (2R)-2-(4-chloro-2-methylphenoxy)propanoate,1,CCCCC(CC)COC(=O)C(C)Oc1ccc(Cl)cc1C,
"N-[11-(dichloromethylidene)-3-tricyclo[6.2.1.02,7]undeca-2(7),3,5-trienyl]-3-(difluoromethyl)-1-methylpyrazole-4-carboxamide",1,Cn1cc(C(=O)Nc2cccc3c2C2CCC3C2=C(Cl)Cl)c(C(F)F)n1,
4-heptoxy-3-methylbutanal,1,CCCCCCCOCC(C)CC=O,
(E)-4-methyl-5-(4-methylphenyl)pent-4-enal,1,CC(=Cc1ccc(C)cc1)CCC=O,
2-(3-chloropyridin-2-yl)-N-[4-cyano-2-methyl-6-(methylcarbamoyl)phenyl]-5-[[5-(trifluoromethyl)tetrazol-2-yl]methyl]pyrazole-3-carboxamide,1,CNC(=O)c1cc(C#N)cc(C)c1NC(=O)c1cc(Cn2nnc(C(F)(F)F)n2)nn1-c1ncccc1Cl,
"N,N-dimethyldec-9-enamide",1,C=CCCCCCCCC(=O)N(C)C,
2-methylpentan-3-yl (E)-but-2-enoate,1,CC=CC(=O)OC(CC)C(C)C,
"[(2S)-1-oxo-1-propan-2-yloxypropan-2-yl] 2,2-dimethylpropanoate",1,CC(C)OC(=O)C(C)OC(=O)C(C)(C)C,
"3-(6,6-dimethyl-2-bicyclo[3.1.1]hept-2-enyl)-2,2-dimethylpropanenitrile",1,CC(C)(C#N)CC1=CCC2CC1C2(C)C,
"1,3,5-trichloro-1,3,5-triazinane-2,4,6-trione",1,O=c1n(Cl)c(=O)n(Cl)c(=O)n1Cl,
"N,N-diethylcarbamoyl chloride",1,CCN(CC)C(=O)Cl,
naphthalen-1-ol,1,Oc1cccc2ccccc12,
piperidine-1-carbothioylsulfanyl piperidine-1-carbodithioate,1,S=C(SSC(=S)N1CCCCC1)N1CCCCC1,
[5-(hydroxymethyl)oxolan-2-yl]methanol,1,OCC1CCC(CO)O1,
propan-2-yl 2-chloroacetate,1,CC(C)OC(=O)CCl,
3-methylbutyl formate,1,CC(C)CCOC=O,
propyl formate,1,CCCOC=O,
(Z)-octadec-9-en-1-amine,1,CCCCCCCCC=CCCCCCCCCN,
sodium;chloro-(4-methylphenyl)sulfonylazanide,1,Cc1ccc(S(=O)(=O)[N-]Cl)cc1.[Na+],
"(1R,2S,6R,7S)-4-oxatricyclo[5.2.1.02,6]dec-8-ene-3,5-dione",1,O=C1OC(=O)C2C3C=CC(C3)C12,
"disodium;7-oxabicyclo[2.2.1]heptane-2,3-dicarboxylate",1,O=C([O-])C1C2CCC(O2)C1C(=O)[O-].[Na+].[Na+],
sodium;2-phenylphenolate,1,[Na+].[O-]c1ccccc1-c1ccccc1,
piperazine;dihydrochloride,1,C1CNCCN1.Cl.Cl,
2-methylpropyl formate,1,CC(C)COC=O,
nickel(2+);dibenzoate,1,O=C([O-])c1ccccc1.O=C([O-])c1ccccc1.[Ni+2],
pentan-3-ol,1,CCC(O)CC,
butyl formate,1,CCCCOC=O,
N-[dichloro(fluoro)methyl]sulfanyl-N-(dimethylsulfamoyl)-4-methylaniline,1,Cc1ccc(N(SC(F)(Cl)Cl)S(=O)(=O)N(C)C)cc1,
tert-butyl formate,1,CC(C)(C)OC=O,
triphenylstannyl acetate,1,CC(=O)[O][Sn]([c]1ccccc1)([c]1ccccc1)[c]1ccccc1,
"(3aR,7aS)-5-methyl-3a,4,7,7a-tetrahydro-2-benzofuran-1,3-dione",1,CC1=CCC2C(=O)OC(=O)C2C1,
2-isocyanatoethylbenzene,1,O=C=NCCc1ccccc1,
1-methyl-4-(1-methylpyridin-1-ium-4-yl)pyridin-1-ium;methyl sulfate,1,COS(=O)(=O)[O-].COS(=O)(=O)[O-].C[n+]1ccc(-c2cc[n+](C)cc2)cc1,
1-(2-isocyanatopropan-2-yl)-3-prop-1-en-2-ylbenzene,1,C=C(C)c1cccc(C(C)(C)N=C=O)c1,
nickel(2+);octadecanoate,1,CCCCCCCCCCCCCCCCCC(=O)[O-].CCCCCCCCCCCCCCCCCC(=O)[O-].[Ni+2],
"4,5,6,7-tetrahydro-2-benzofuran-1,3-dione",1,O=C1OC(=O)C2=C1CCCC2,
hexyl prop-2-enoate,1,C=CC(=O)OCCCCCC,
"1,3-dichloro-1,3,5-triazinane-2,4,6-trione",1,O=c1[nH]c(=O)n(Cl)c(=O)n1Cl,
cyclohexyl prop-2-enoate,1,C=CC(=O)OC1CCCCC1,
nickel(2+);carbonate,1,O=C([O-])[O-].[Ni+2],
nickel(2+);propanoate,1,CCC(=O)[O-].CCC(=O)[O-].[Ni+2],
4-cyclohexylbutanoate;nickel(2+),1,O=C([O-])CCCC1CCCCC1.O=C([O-])CCCC1CCCCC1.[Ni+2],
"7,10-diazoniatricyclo[8.4.0.02,7]tetradeca-1(14),2,4,6,10,12-hexaene;dichloride",1,[Cl-].[Cl-].c1cc[n+]2c(c1)-c1cccc[n+]1CC2,
4-methyl-N-(oxomethylidene)benzenesulfonamide,1,Cc1ccc(S(=O)(=O)N=C=O)cc1,
2-ethylhexanoate;nickel(2+),1,CCCCC(CC)C(=O)[O-].CCCCC(CC)C(=O)[O-].[Ni+2],
"1-(3,5-dimethylmorpholin-4-yl)-2-[4-[1-[2-(3,5-dimethylmorpholin-4-yl)-2-oxoethyl]pyridin-1-ium-4-yl]pyridin-1-ium-1-yl]ethanone;dichloride",1,CC1COCC(C)N1C(=O)C[n+]1ccc(-c2cc[n+](CC(=O)N3C(C)COCC3C)cc2)cc1.[Cl-].[Cl-],
nickel(2+);octanoate,1,CCCCCCCC(=O)[O-].CCCCCCCC(=O)[O-].[Ni+2],
"4-methyl-3a,4,7,7a-tetrahydro-2-benzofuran-1,3-dione",1,CC1C=CCC2C(=O)OC(=O)C12,
"4,10-dioxatricyclo[6.3.0.02,6]undecane-3,5,9,11-tetrone",1,O=C1OC(=O)C2C1CC1C(=O)OC(=O)C12,
piperazine;hydrochloride,1,C1CNCCN1.Cl,
"1-(3,5-dimethylmorpholin-4-yl)-2-[4-[1-[2-(3,5-dimethylmorpholin-4-yl)-2-oxoethyl]pyridin-1-ium-4-yl]pyridin-1-ium-1-yl]ethanone",1,CC1COCC(C)N1C(=O)C[n+]1ccc(-c2cc[n+](CC(=O)N3C(C)COCC3C)cc2)cc1,
2-ethylhexanoic acid;nickel,1,CCCCC(CC)C(=O)O.[Ni],
potassium;hydrogen sulfate,1,O=S(=O)([O-])O.[K+],
nickel(2+);sulfite,1,O=S([O-])[O-].[Ni+2],
"potassium;2,3,4,5,6-pentachlorophenolate",1,[K+].[O-]c1c(Cl)c(Cl)c(Cl)c(Cl)c1Cl,
"[(1R,2S,6S,9S,10R,11S,12S,14R,15S,18S,19S,22S,23S,25R)-1,10,11,12,14,23-hexahydroxy-6,10,19-trimethyl-24-oxa-4-azaheptacyclo[12.12.0.02,11.04,9.015,25.018,23.019,25]hexacosan-22-yl] (Z)-2-methylbut-2-enoate",1,CC=C(C)C(=O)OC1CCC2(C)C3CCC4C5(O)CC(O)C6(O)C(CN7CC(C)CCC7C6(C)O)C5(O)CC42OC13O,
2-(3-aminopropanoylamino)-3-(1H-imidazol-5-yl)propanoic acid,1,NCCC(=O)NC(Cc1cnc[nH]1)C(=O)O,
3-(dimethylamino)-N-[2-(N-methylanilino)ethyl]benzamide,1,CN(C)c1cccc(C(=O)NCCN(C)c2ccccc2)c1,
"N-[7,11-bis[(2,3-dihydroxybenzoyl)amino]-2,6,10-trioxo-1,5,9-trioxacyclododec-3-yl]-2,3-dihydroxybenzamide",1,O=C(NC1COC(=O)C(NC(=O)c2cccc(O)c2O)COC(=O)C(NC(=O)c2cccc(O)c2O)COC1=O)c1cccc(O)c1O,
4-[[2-[[2-[[1-(4-nitroanilino)-1-oxo-3-phenylpropan-2-yl]amino]-2-oxoethyl]amino]-2-oxoethyl]amino]-4-oxobutanoic acid,1,O=C(O)CCC(=O)NCC(=O)NCC(=O)NC(Cc1ccccc1)C(=O)Nc1ccc([N+](=O)[O-])cc1,
difluoronickel,1,[F][Ni][F],
nickel(2+);selenite,1,O=[Se]([O-])[O-].[Ni+2],
chloromercury,1,[Cl][Hg].[Cl][Hg],
nickel(2+);diphosphate,1,O=P([O-])([O-])[O-].O=P([O-])([O-])[O-].[Ni+2].[Ni+2].[Ni+2],
nickel(2+);dihydroxide,1,[Ni+2].[OH-].[OH-],
tripotassium;nickel(2+);heptafluoride,1,[F-].[F-].[F-].[F-].[F-].[F-].[F-].[K+].[K+].[K+].[Ni+2].[Ni+2],
dibromonickel,1,[Br][Ni][Br],
diiodonickel,1,[I][Ni][I],
nickel(2+);diperchlorate,1,[Ni+2].[O-][Cl+3]([O-])([O-])[O-].[O-][Cl+3]([O-])([O-])[O-],
nickel(2+);dithiocyanate,1,N#C[S-].N#C[S-].[Ni+2],
diazanium;tetrachloroplatinum(2-),1,[Cl][Pt-2]([Cl])([Cl])[Cl].[NH4+].[NH4+],
dipotassium;nickel(2+);disulfate,1,O=S(=O)([O-])[O-].O=S(=O)([O-])[O-].[K+].[K+].[Ni+2],
hydrogen phosphate;nickel(2+),1,O=P([O-])([O-])O.[Ni+2],
nickel(2+);phosphonato phosphate,1,O=P([O-])([O-])OP(=O)([O-])[O-].[Ni+2].[Ni+2],
nickel(2+);dibromate,1,[Ni+2].[O-][Br+2]([O-])[O-].[O-][Br+2]([O-])[O-],
4-methyl-N-methylsulfonylbenzenesulfonamide,1,Cc1ccc(S(=O)(=O)NS(C)(=O)=O)cc1,
nickel(2+);ditetrafluoroborate,1,F[B-](F)(F)F.F[B-](F)(F)F.[Ni+2],
dioxido(dioxo)chromium;nickel(2+),1,[Ni+2].[O]=[Cr](=[O])([O-])[O-],
nickel(2+);selenate,1,O=[Se](=O)([O-])[O-].[Ni+2],
"disodium;3,3,6,6-tetrahydroxy-1,2,4,5-tetraoxa-3,6-diboranuidacyclohexane",1,O[B-]1(O)OO[B-](O)(O)OO1.[Na+].[Na+],
nickel(2+);oxido-(oxido(dioxo)chromio)oxy-dioxochromium,1,[Ni+2].[O]=[Cr](=[O])([O-])[O][Cr](=[O])(=[O])[O-],
"1,6-diisocyanato-2,4,4-trimethylhexane",1,CC(CN=C=O)CC(C)(C)CCN=C=O,
nickel(2+);tellurite,1,O=[Te]([O-])[O-].[Ni+2],
nickel(2+);tellurate,1,O=[Te](=O)([O-])[O-].[Ni+2],
2-hydroxypropanoic acid;nickel,1,CC(O)C(=O)O.CC(O)C(=O)O.[Ni],
"nickel(2+);2,2,2-trifluoroacetate",1,O=C([O-])C(F)(F)F.O=C([O-])C(F)(F)F.[Ni+2],
disodium;hexachloroplatinum(2-),1,[Cl][Pt-2]([Cl])([Cl])([Cl])([Cl])[Cl].[Na+].[Na+],
calcium;nickel(2+);phosphate,1,O=P([O-])([O-])[O-].[Ca+2].[Ni+2],
"azanium;2-hydroxypropane-1,2,3-tricarboxylate;nickel(2+)",1,O=C([O-])CC(O)(CC(=O)[O-])C(=O)[O-].[NH4+].[Ni+2],
2-(carboxymethyl)-2-hydroxybutanedioate;nickel(2+),1,O=C([O-])CC(O)(CC(=O)O)C(=O)[O-].[Ni+2],
nickel(2+);phosphonato phosphate,1,O=P([O-])([O-])OP(=O)([O-])[O-].[Ni+2],
"2-hydroxypropane-1,2,3-tricarboxylate;nickel(3+)",1,O=C([O-])CC(O)(CC(=O)[O-])C(=O)[O-].[Ni+3],
"7a-methyl-4,5,6,7-tetrahydro-3aH-2-benzofuran-1,3-dione",1,CC12CCCCC1C(=O)OC2=O,
6-methylheptanoic acid;nickel(2+),1,CC(C)CCCCC(=O)O.[Ni+2],
6-methylheptanoate;nickel(2+),1,CC(C)CCCCC(=O)[O-].CC(C)CCCCC(=O)[O-].[Ni+2],
2-methylbutyl formate,1,CCC(C)COC=O,
benzenesulfonate;nickel(2+),1,O=S(=O)([O-])c1ccccc1.O=S(=O)([O-])c1ccccc1.[Ni+2],
"7a-methyl-4,7-dihydro-3aH-2-benzofuran-1,3-dione",1,CC12CC=CCC1C(=O)OC2=O,
2-ethyl-2-methylheptanoate;nickel(2+),1,CCCCCC(C)(CC)C(=O)[O-].CCCCCC(C)(CC)C(=O)[O-].[Ni+2],
"4-methyl-3a,4,5,6,7,7a-hexahydro-2-benzofuran-1,3-dione",1,CC1CCCC2C(=O)OC(=O)C12,
nickel(2+);dichlorate,1,[Ni+2].[O-][Cl+2]([O-])[O-].[O-][Cl+2]([O-])[O-],
molybdenum;nickel(2+);oxygen(2-);hydroxide;phosphate,1,O=P([O-])([O-])[O-].[Mo].[Ni+2].[O-2].[OH-],
copper;nickel(2+);formate,1,O=C[O-].[Cu+2].[Ni+2],
2-methoxypropyl acetate,1,COC(C)COC(C)=O,
ethyl sulfate;nickel(2+),1,CCOS(=O)(=O)[O-].CCOS(=O)(=O)[O-].[Ni+2],
ethyl 2-isocyanatosulfonylbenzoate,1,CCOC(=O)c1ccccc1S(=O)(=O)N=C=O,
methyl 3-isocyanatosulfonylthiophene-2-carboxylate,1,COC(=O)c1sccc1S(=O)(=O)N=C=O,
"1-ethyl-2,5-dimethylpyrrole-3-carbaldehyde",1,CCn1c(C)cc(C=O)c1C,
methyl 2-(isocyanatosulfonylmethyl)benzoate,1,COC(=O)c1ccccc1CS(=O)(=O)N=C=O,
nickel(2+);nonanoate,1,CCCCCCCCC(=O)[O-].CCCCCCCCC(=O)[O-].[Ni+2],
"hexasodium;6,13-dichloro-3,10-bis[[[4-(2,5-disulfoanilino)-6-fluoro-1,3,5-triazin-2-yl]amino]-propylamino]-7,14-dihydro-[1,4]benzoxazino[2,3-b]phenoxazine-4,11-disulfonic acid",1,CCCN(Nc1nc(F)nc(Nc2cc(S(=O)(=O)O)ccc2S(=O)(=O)O)n1)c1ccc2[nH]c3c(Cl)c4oc5c(S(=O)(=O)O)c(N(CCC)Nc6nc(F)nc(Nc7cc(S(=O)(=O)O)ccc7S(=O)(=O)O)n6)ccc5[nH]c4c(Cl)c3oc2c1S(=O)(=O)O.[Na+].[Na+].[Na+].[Na+].[Na+].[Na+],
8-methylnonanoate;nickel(2+),1,CC(C)CCCCCCC(=O)[O-].CC(C)CCCCCCC(=O)[O-].[Ni+2],
"7,7-dimethyloctanoate;nickel(2+)",1,CC(C)(C)CCCCCC(=O)[O-].CC(C)(C)CCCCCC(=O)[O-].[Ni+2],
S-(3-trimethoxysilylpropyl) N-[6-[[6-isocyanatohexyl(6-isocyanatohexylcarbamoyl)carbamoyl]amino]hexyl]carbamothioate,1,CO[Si](CCCSC(=O)NCCCCCCNC(=O)N(CCCCCCN=C=O)C(=O)NCCCCCCN=C=O)(OC)OC,
"2,4-dichloro-5-fluorobenzoyl chloride",1,O=C(Cl)c1cc(F)c(Cl)cc1Cl,
"8,8-dimethylnonanoate;nickel(2+)",1,CC(C)(C)CCCCCCC(=O)[O-].CC(C)(C)CCCCCCC(=O)[O-].[Ni+2],
"6,6-dimethylheptanoate;nickel(2+)",1,CC(C)(C)CCCCC(=O)[O-].CC(C)(C)CCCCC(=O)[O-].[Ni+2],
"2,2-dimethylhexanoate;nickel(2+)",1,CCCCC(C)(C)C(=O)[O-].CCCCC(C)(C)C(=O)[O-].[Ni+2],
"7,10-diazoniatricyclo[8.4.0.02,7]tetradeca-1(14),2,4,6,10,12-hexaene;dihydroxide",1,[OH-].[OH-].c1cc[n+]2c(c1)-c1cccc[n+]1CC2,
potassium;2-hydroxy-9H-carbazole-1-carboxylate,1,O=C([O-])c1c(O)ccc2c1[nH]c1ccccc12.[K+],
2-[8-[8-(diaminomethylideneamino)octylamino]octyl]guanidine,1,NC(N)=NCCCCCCCCNCCCCCCCCN=C(N)N,
"(6R,7R)-7-amino-3-[[5-(carboxymethyl)-4-methyl-1,3-thiazol-2-yl]sulfanylmethyl]-8-oxo-5-thia-1-azabicyclo[4.2.0]oct-2-ene-2-carboxylic acid",1,Cc1nc(SCC2=C(C(=O)O)N3C(=O)C(N)C3SC2)sc1CC(=O)O,
"sulfuric acid;1,4,7,10-tetrazacyclododecane",1,C1CNCCNCCNCCN1.O=S(=O)(O)O.O=S(=O)(O)O,
"S-methyl 1,2,3-benzothiadiazole-7-carbothioate",1,CSC(=O)c1cccc2nnsc12,
"[3-(2,5-dimethylphenyl)-8-methoxy-2-oxo-1-azaspiro[4.5]dec-3-en-4-yl] ethyl carbonate",1,CCOC(=O)OC1=C(c2cc(C)ccc2C)C(=O)NC12CCC(OC)CC2,
"2-methylbenzene-1,4-diamine;sulfuric acid",0,Cc1cc(N)ccc1N.O=S(=O)(O)O,
dimethyl-bis(trimethylsilyloxy)silane,0,C[Si](C)(C)O[Si](C)(C)O[Si](C)(C)C,
"3-methyl-1,2-benzothiazole 1,1-dioxide",0,CC1=NS(=O)(=O)c2ccccc21,
"3,3-dimethylpentane",0,CCC(C)(C)CC,
dicyclopentyl(dimethoxy)silane,0,CO[Si](OC)(C1CCCC1)C1CCCC1,
"2,6-di(butan-2-yl)-4-[(4-nitrophenyl)diazenyl]phenol",0,CCC(C)c1cc(N=Nc2ccc([N+](=O)[O-])cc2)cc(C(C)CC)c1O,
"[(3S,4R)-4-(4-fluorophenyl)-1-methylpiperidin-3-yl]methanol",0,CN1CCC(c2ccc(F)cc2)C(CO)C1,
tris(8-methylnonyl) phosphite,0,CC(C)CCCCCCCOP(OCCCCCCCC(C)C)OCCCCCCCC(C)C,
"(NZ)-N-[(2,4-difluorophenyl)-piperidin-4-ylmethylidene]hydroxylamine;hydrochloride",0,Cl.ON=C(c1ccc(F)cc1F)C1CCNCC1,
"4-N,6-N-bis[4-[4-[(1,3-dimethylimidazol-1-ium-2-yl)diazenyl]anilino]phenyl]-2-N,2-N-dimethyl-1,3,5-triazine-2,4,6-triamine;dichloride",0,CN(C)c1nc(Nc2ccc(Nc3ccc(N=Nc4n(C)cc[n+]4C)cc3)cc2)nc(Nc2ccc(Nc3ccc(N=Nc4n(C)cc[n+]4C)cc3)cc2)n1.[Cl-].[Cl-],
acetyl bromide,0,CC(=O)Br,
1-ethenyl-4-methylbenzene,0,C=Cc1ccc(C)cc1,
2-methylprop-2-enenitrile,0,C=C(C)C#N,
2-bromo-2-phenylacetonitrile,0,N#CC(Br)c1ccccc1,
(3-methylsulfanylbutan-2-ylideneamino) N-methylcarbamate,0,CNC(=O)ON=C(C)C(C)SC,
"2-[2-[3-(carboxymethyl)-4-oxo-2-sulfanylidene-1,3-thiazolidin-5-ylidene]-5-[1-(3-ethyl-1,3-benzothiazol-2-ylidene)propan-2-ylidene]-4-oxo-1,3-thiazolidin-3-yl]acetic acid",0,CCN1C(=CC(C)=c2sc(=C3SC(=S)N(CC(=O)O)C3=O)n(CC(=O)O)c2=O)Sc2ccccc21,
"1,1,1,2,2,3,3,4,4,5,5,6,6,7,7,8,8,8-octadecafluorooctane",0,FC(F)(F)C(F)(F)C(F)(F)C(F)(F)C(F)(F)C(F)(F)C(F)(F)C(F)(F)F,
zinc;hexadecanoate;octadecanoate,0,CCCCCCCCCCCCCCCC(=O)[O-].CCCCCCCCCCCCCCCCCC(=O)[O-].[Zn+2],
octan-1-ol,0,CCCCCCCCO,
"1-phenyldecane-1,3-dione",0,CCCCCCCC(=O)CC(=O)c1ccccc1,
2-(2-methyl-5-nitrophenyl)guanidine,0,Cc1ccc([N+](=O)[O-])cc1N=C(N)N,
"[(2R,3S,4R,5R)-5-(6-aminopurin-9-yl)-3,4-dihydroxyoxolan-2-yl]methyl dihydrogen phosphate",0,Nc1ncnc2c1ncn2C1OC(COP(=O)(O)O)C(O)C1O,
sodium;2-ethylhexan-1-olate,0,CCCCC(CC)C[O-].[Na+],
1-naphthalen-1-ylethanone,0,CC(=O)c1cccc2ccccc12,
2H-benzotriazole,0,c1ccc2n[nH]nc2c1,
octan-3-one,0,CCCCCC(=O)CC,
tris[4-(dimethylamino)phenyl]methanol,0,CN(C)c1ccc(C(O)(c2ccc(N(C)C)cc2)c2ccc(N(C)C)cc2)cc1,
"2,20-dichloro-13,31-diethyl-4,22-dioxa-13,18,31,36-tetrazanonacyclo[19.15.0.03,19.05,17.06,14.07,12.023,35.024,32.025,30]hexatriaconta-1(36),2,5(17),6(14),7,9,11,15,18,20,23(35),24(32),25,27,29,33-hexadecaene",0,CCn1c2ccccc2c2c3c(ccc21)N=c1c(Cl)c2c(c(Cl)c1O3)=Nc1ccc3c(c1O2)c1ccccc1n3CC,
"(2R,3S,4S)-4-[(4R)-2,2-dimethyl-4-(phenylmethoxymethyl)-1,3-dioxolan-4-yl]-1-(4-methylpiperazin-1-yl)-2,3,4-tris(phenylmethoxy)butan-1-one",0,CN1CCN(C(=O)C(OCc2ccccc2)C(OCc2ccccc2)C(OCc2ccccc2)C2(COCc3ccccc3)COC(C)(C)O2)CC1,
ethenoxyethane,0,C=COCC,
2-phenylethyl benzoate,0,O=C(OCCc1ccccc1)c1ccccc1,
2-(chloromethyl)oxirane;4-[2-(4-hydroxyphenyl)propan-2-yl]phenol,0,CC(C)(c1ccc(O)cc1)c1ccc(O)cc1.ClCC1CO1,
"(1R,3R,6S,7S,8S)-2,2,6,8-tetramethyltricyclo[5.3.1.03,8]undecan-3-ol",0,CC1CCC2(O)C(C)(C)C3CCC2(C)C1C3,
"1-anilino-4,5-dihydroxy-8-nitroanthracene-9,10-dione",0,O=C1c2c(O)ccc(Nc3ccccc3)c2C(=O)c2c([N+](=O)[O-])ccc(O)c21,
diethyl 2-butylpropanedioate,0,CCCCC(C(=O)OCC)C(=O)OCC,
oxaldehydic acid,0,O=CC(=O)O,
"8-tricyclo[5.2.1.02,6]dec-3-enyl prop-2-enoate",0,C=CC(=O)OC1CC2CC1C1CC=CC21,
sodium;4-amino-5-sulfonaphthalene-2-sulfonate,0,Nc1cc(S(=O)(=O)[O-])cc2cccc(S(=O)(=O)O)c12.[Na+],
2-methyldecanal,0,CCCCCCCCC(C)C=O,
"1,1,2,2,3,3,4,4,4-nonafluorobutane-1-sulfonyl fluoride",0,O=S(=O)(F)C(F)(F)C(F)(F)C(F)(F)C(F)(F)F,
2-[[dichloro-di(propan-2-yloxy)phosphorylmethyl]-propan-2-yloxyphosphoryl]oxypropane,0,CC(C)OP(=O)(OC(C)C)C(Cl)(Cl)P(=O)(OC(C)C)OC(C)C,
"tris(2,4-ditert-butylphenyl) phosphite",0,CC(C)(C)c1ccc(OP(Oc2ccc(C(C)(C)C)cc2C(C)(C)C)Oc2ccc(C(C)(C)C)cc2C(C)(C)C)c(C(C)(C)C)c1,
"2,2-dimethylpentane",0,CCCC(C)(C)C,
"(2,4-dinitro-6-octan-2-ylphenyl) (E)-but-2-enoate",0,CC=CC(=O)Oc1c(C(C)CCCCCC)cc([N+](=O)[O-])cc1[N+](=O)[O-],
azanium;dodecyl sulfate,0,CCCCCCCCCCCCOS(=O)(=O)[O-].[NH4+],
3-[(4R)-4-propan-2-ylcyclohexen-1-yl]propanal,0,CC(C)C1CC=C(CCC=O)CC1,
1-ethenyl-3-methylimidazol-3-ium;chloride,0,C=Cn1cc[n+](C)c1.[Cl-],
N-[(prop-2-enoylamino)methyl]prop-2-enamide,0,C=CC(=O)NCNC(=O)C=C,
1-dimethoxyphosphorylethene,0,C=CP(=O)(OC)OC,
copper;(Z)-octadec-9-enoate,0,CCCCCCCCC=CCCCCCCCC(=O)[O-].CCCCCCCCC=CCCCCCCCC(=O)[O-].[Cu+2],
sodium;6-amino-4-hydroxy-5-[[2-(trifluoromethyl)phenyl]diazenyl]naphthalene-2-sulfonate,0,Nc1ccc2cc(S(=O)(=O)[O-])cc(O)c2c1N=Nc1ccccc1C(F)(F)F.[Na+],
methyl (1Z)-2-(dimethylamino)-N-(methylcarbamoyloxy)-2-oxoethanimidothioate,0,CNC(=O)ON=C(SC)C(=O)N(C)C,
N-[methoxy(methylsulfanyl)phosphoryl]acetamide,0,COP(=O)(NC(C)=O)SC,
"(2E)-2-[2-[(2,5-dimethylphenoxy)methyl]phenyl]-2-methoxyimino-N-methylacetamide",0,CNC(=O)C(=NOC)c1ccccc1COc1cc(C)ccc1C,
[2-(acetyloxymethyl)-4-(2-aminopurin-9-yl)butyl] acetate,0,CC(=O)OCC(CCn1cnc2cnc(N)nc21)COC(C)=O,
"(2,2-dimethyl-3H-1-benzofuran-7-yl) N-(dibutylamino)sulfanyl-N-methylcarbamate",0,CCCCN(CCCC)SN(C)C(=O)Oc1cccc2c1OC(C)(C)C2,
2-oxo-N-[6-[(2-oxoazepane-1-carbonyl)amino]hexyl]azepane-1-carboxamide,0,O=C1CCCCCN1C(=O)NCCCCCCNC(=O)N1CCCCCC1=O,
(2-chloroacetyl) 2-chloroacetate,0,O=C(CCl)OC(=O)CCl,
"butyl 2-(2,4-dichlorophenoxy)acetate",0,CCCCOC(=O)COc1ccc(Cl)cc1Cl,
"1-(2,4-dichlorophenyl)-2-imidazol-1-ylethanone;methanesulfonic acid",0,CS(=O)(=O)O.O=C(Cn1ccnc1)c1ccc(Cl)cc1Cl,
"pentane-1,5-diol",0,OCCCCCO,
"1-butoxy-2,3-difluoro-4-(4-propylcyclohexyl)benzene",0,CCCCOc1ccc(C2CCC(CCC)CC2)c(F)c1F,
tris(4-methylphenyl) phosphate,0,Cc1ccc(OP(=O)(Oc2ccc(C)cc2)Oc2ccc(C)cc2)cc1,
[4-methyl-2-(2-methylpropyl)oxan-4-yl] acetate,0,CC(=O)OC1(C)CCOC(CC(C)C)C1,
"1,3-bis(prop-1-en-2-yl)benzene",0,C=C(C)c1cccc(C(=C)C)c1,
tetraethylplumbane,0,C[CH2][Pb]([CH2]C)([CH2]C)[CH2]C,
"3,9-dioctadecoxy-2,4,8,10-tetraoxa-3,9-diphosphaspiro[5.5]undecane",0,CCCCCCCCCCCCCCCCCCOP1OCC2(CO1)COP(OCCCCCCCCCCCCCCCCCC)OC2,
[acetyloxy-bis[(2-methylpropan-2-yl)oxy]silyl] acetate,0,CC(=O)O[Si](OC(C)=O)(OC(C)(C)C)OC(C)(C)C,
6-methyl-2-(4-methylcyclohex-3-en-1-yl)hept-5-en-2-ol,0,CC(C)=CCCC(C)(O)C1CC=C(C)CC1,
1-(bromomethyl)-2-chlorobenzene,0,Clc1ccccc1CBr,
bis(octadec-9-enoxy)-oxophosphanium,0,CCCCCCCCC=CCCCCCCCCO[P+](=O)OCCCCCCCCC=CCCCCCCCC,
tetramethylazanium;chloride,0,C[N+](C)(C)C.[Cl-],
"methyl (Z,12R)-12-hydroxyoctadec-9-enoate",0,CCCCCCC(O)CC=CCCCCCCCC(=O)OC,
"1-methoxy-4-[(E)-prop-1-enyl]benzene;1-methoxy-4-prop-2-enylbenzene;1,3,3-trimethylbicyclo[2.2.1]heptan-2-one",0,C=CCc1ccc(OC)cc1.CC12CCC(C1)C(C)(C)C2=O.CC=Cc1ccc(OC)cc1,
"2,3,5,6-tetrakis(ethenyl)phenol",0,C=Cc1cc(C=C)c(C=C)c(O)c1C=C,
1-methoxy-2-(2-methoxyethoxy)ethane,0,COCCOCCOC,
"5-bromo-3-butan-2-yl-6-methyl-1H-pyrimidine-2,4-dione",0,CCC(C)n1c(=O)[nH]c(C)c(Br)c1=O,
"potassium;(2E,4E)-hexa-2,4-dienoate",0,CC=CC=CC(=O)[O-].[K+],
"2,3-bis(sulfanyl)propan-1-ol",0,OCC(S)CS,
"[4-[bis[4-(diethylamino)phenyl]methylidene]cyclohexa-2,5-dien-1-ylidene]-diethylazanium;acetate",0,CC(=O)[O-].CCN(CC)c1ccc(C(=C2C=CC(=[N+](CC)CC)C=C2)c2ccc(N(CC)CC)cc2)cc1,
[dodecanoyloxy(dioctyl)stannyl] dodecanoate,0,CCCCCCCCCCCC(=O)[O][Sn]([CH2]CCCCCCC)([CH2]CCCCCCC)[O]C(=O)CCCCCCCCCCC,
"3-(diaminomethylidene)-1,1-dimethylguanidine;hydrochloride",0,CN(C)C(=N)N=C(N)N.Cl,
1-phenylethanone,0,CC(=O)c1ccccc1,
"1-[2,4-dihydroxy-6-[(2S,3R,4S,5S,6R)-3,4,5-trihydroxy-6-(hydroxymethyl)oxan-2-yl]oxyphenyl]-3-(4-hydroxyphenyl)propan-1-one;dihydrate",0,O.O.O=C(CCc1ccc(O)cc1)c1c(O)cc(O)cc1OC1OC(CO)C(O)C(O)C1O,
"2-[[2,6-dibromo-4-[2-[3,5-dibromo-4-(oxiran-2-ylmethoxy)phenyl]propan-2-yl]phenoxy]methyl]oxirane",0,CC(C)(c1cc(Br)c(OCC2CO2)c(Br)c1)c1cc(Br)c(OCC2CO2)c(Br)c1,
3-phenylpropanoic acid,0,O=C(O)CCc1ccccc1,
"lithium;1,1,2,2,3,3,4,4,5,5,6,6,7,7,8,8,8-heptadecafluorooctane-1-sulfonate",0,O=S(=O)([O-])C(F)(F)C(F)(F)C(F)(F)C(F)(F)C(F)(F)C(F)(F)C(F)(F)C(F)(F)F.[Li+],
propyl 2-methylprop-2-enoate,0,C=C(C)C(=O)OCCC,
tetracopper;oxoarsinite;diacetate,0,CC(=O)[O-].CC(=O)[O-].O=[As][O-].O=[As][O-].O=[As][O-].O=[As][O-].O=[As][O-].O=[As][O-].[Cu+2].[Cu+2].[Cu+2].[Cu+2],
methyl 2-[[4-(2-cyanophenyl)phenyl]methylamino]-3-nitrobenzoate,0,COC(=O)c1cccc([N+](=O)[O-])c1NCc1ccc(-c2ccccc2C#N)cc1,
3-(2-phenoxyethoxy)propan-1-amine,0,NCCCOCCOc1ccccc1,
"(2-methyl-1-oxo-1-prop-2-enoxypropan-2-yl) 2-chloro-5-[3-methyl-2,6-dioxo-4-(trifluoromethyl)pyrimidin-1-yl]benzoate",0,C=CCOC(=O)C(C)(C)OC(=O)c1cc(-n2c(=O)cc(C(F)(F)F)n(C)c2=O)ccc1Cl,
6-hydroxy-5-[3-[[4-[2-[4-[[1-(2-hydroxy-4-methyl-6-oxo-1H-pyridin-3-yl)pyridin-1-ium-3-yl]diazenyl]phenyl]ethyl]phenyl]diazenyl]pyridin-1-ium-1-yl]-4-methyl-1H-pyridin-2-one;2-hydroxypropanoate,0,CC(O)C(=O)[O-].CC(O)C(=O)[O-].Cc1cc(=O)[nH]c(O)c1-[n+]1cccc(N=Nc2ccc(CCc3ccc(N=Nc4ccc[n+](-c5c(C)cc(=O)[nH]c5O)c4)cc3)cc2)c1,
2-methoxy-5-nitroaniline;hydrochloride,0,COc1ccc([N+](=O)[O-])cc1N.Cl,
"1,2,3-trichloro-5-(2,4,5-trichlorophenyl)benzene",0,Clc1cc(Cl)c(-c2cc(Cl)c(Cl)c(Cl)c2)cc1Cl,
(E)-3-phenylprop-2-enenitrile,0,N#CC=Cc1ccccc1,
4-O-[[(E)-4-ethoxy-4-oxobut-2-enoyl]oxy-dioctylstannyl] 1-O-ethyl (E)-but-2-enedioate,0,CCCCCCC[CH2][Sn]([CH2]CCCCCCC)([O]C(=O)C=CC(=O)OCC)[O]C(=O)C=CC(=O)OCC,
dimethyl(dioctadecyl)azanium;hydrogen sulfate,0,CCCCCCCCCCCCCCCCCC[N+](C)(C)CCCCCCCCCCCCCCCCCC.O=S(=O)([O-])O,
(4-methoxyphenyl)methyl formate,0,COc1ccc(COC=O)cc1,
1-[3-(trifluoromethyl)phenyl]ethanone,0,CC(=O)c1cccc(C(F)(F)F)c1,
"N-[(2-chloro-6-fluorophenyl)methyl]-N-ethyl-2,6-dinitro-4-(trifluoromethyl)aniline",0,CCN(Cc1c(F)cccc1Cl)c1c([N+](=O)[O-])cc(C(F)(F)F)cc1[N+](=O)[O-],
trimethoxy(2-methylpropyl)silane,0,CO[Si](CC(C)C)(OC)OC,
"(2,3,5,6-tetrafluorophenyl)methyl (1R,3S)-3-(2,2-dichloroethenyl)-2,2-dimethylcyclopropane-1-carboxylate",0,CC1(C)C(C=C(Cl)Cl)C1C(=O)OCc1c(F)c(F)cc(F)c1F,
"1,3-diethylbenzene",0,CCc1cccc(CC)c1,
"4-N-ethyl-6-methylsulfanyl-2-N-propan-2-yl-1,3,5-triazine-2,4-diamine",0,CCNc1nc(NC(C)C)nc(SC)n1,
"3,5-diaminobenzoic acid",0,Nc1cc(N)cc(C(=O)O)c1,
(E)-3-phenylprop-2-en-1-ol,0,OCC=Cc1ccccc1,
2-propan-2-ylnaphthalene,0,CC(C)c1ccc2ccccc2c1,
trimethyl(phenyl)azanium;chloride,0,C[N+](C)(C)c1ccccc1.[Cl-],
"1-chloro-4-[2,2-dichloro-1-(4-chlorophenyl)ethyl]benzene",0,Clc1ccc(C(c2ccc(Cl)cc2)C(Cl)Cl)cc1,
"3-[diethoxy(methyl)silyl]-N,N-bis(trimethylsilyl)propan-1-amine",0,CCO[Si](C)(CCCN([Si](C)(C)C)[Si](C)(C)C)OCC,
"2-N-tert-butyl-6-chloro-4-N-ethyl-1,3,5-triazine-2,4-diamine",0,CCNc1nc(Cl)nc(NC(C)(C)C)n1,
(1E)-2-[6-[[amino-[(E)-[amino-(4-chloroanilino)methylidene]amino]methylidene]amino]hexyl]-1-[amino-(4-chloroanilino)methylidene]guanidine,0,NC(=NCCCCCCN=C(N)N=C(N)Nc1ccc(Cl)cc1)N=C(N)Nc1ccc(Cl)cc1,
"7-hydroxy-3,7-dimethyloctanal",0,CC(CC=O)CCCC(C)(C)O,
"2-chloro-N,N-bis(prop-2-enyl)acetamide",0,C=CCN(CC=C)C(=O)CCl,
1-(4-but-3-enylphenyl)-4-(4-ethylphenyl)-2-fluorobenzene,0,C=CCCc1ccc(-c2ccc(-c3ccc(CC)cc3)cc2F)cc1,
4-[ethoxy(phenyl)phosphinothioyl]oxybenzonitrile,0,CCOP(=S)(Oc1ccc(C#N)cc1)c1ccccc1,
4-(4-chlorophenyl)piperidin-4-ol,0,OC1(c2ccc(Cl)cc2)CCNCC1,
"3,3,4,4-tetrafluoro-4-iodobut-1-ene",0,C=CC(F)(F)C(F)(F)I,
"bis(2-propylheptyl) benzene-1,2-dicarboxylate",0,CCCCCC(CCC)COC(=O)c1ccccc1C(=O)OCC(CCC)CCCCC,
cobalt(2+);dinitrate;hexahydrate,0,O.O.O.O.O.O.O=[N+]([O-])[O-].O=[N+]([O-])[O-].[Co+2],
2-phenylethyl 3-methylbutanoate,0,CC(C)CC(=O)OCCc1ccccc1,
"1,1,2,2,3,3-hexafluoro-1,3-bis(1,2,2-trifluoroethenoxy)propane",0,FC(F)=C(F)OC(F)(F)C(F)(F)C(F)(F)OC(F)=C(F)F,
"3,5,5-trimethylhexyl acetate",0,CC(=O)OCCC(C)CC(C)(C)C,
"2,6-dimethylhept-5-enal",0,CC(C)=CCCC(C)C=O,
methyl oxolane-2-carboxylate,0,COC(=O)C1CCCO1,
4-methyl-2-(2-methylprop-1-enyl)oxane,0,CC(C)=CC1CC(C)CCO1,
2-(4-amino-2-nitroanilino)benzoic acid,0,Nc1ccc(Nc2ccccc2C(=O)O)c([N+](=O)[O-])c1,
"dipropyl cyclohexane-1,2-dicarboxylate",0,CCCOC(=O)C1CCCCC1C(=O)OCCC,
sodium;cobalt(3+);1-[(2-oxido-5-sulfamoylphenyl)diazenyl]naphthalen-2-olate,0,NS(=O)(=O)c1ccc([O-])c(N=Nc2c([O-])ccc3ccccc23)c1.NS(=O)(=O)c1ccc([O-])c(N=Nc2c([O-])ccc3ccccc23)c1.[Co+3].[Na+],
"methyl 2-[(4,6-dimethylpyrimidin-2-yl)carbamoylsulfamoyl]benzoate",0,COC(=O)c1ccccc1S(=O)(=O)NC(=O)Nc1nc(C)cc(C)n1,
triazanium;hexachlororhodium(3-),0,[Cl][Rh-3]([Cl])([Cl])([Cl])([Cl])[Cl].[NH4+].[NH4+].[NH4+],
"N-(2,3-dichloro-4-hydroxyphenyl)-1-methylcyclohexane-1-carboxamide",0,CC1(C(=O)Nc2ccc(O)c(Cl)c2Cl)CCCCC1,
1-chloro-2-ethenoxyethane,0,C=COCCCl,
sodium;5-[[4-acetamido-2-(trifluoromethyl)phenyl]diazenyl]-6-amino-4-hydroxynaphthalene-2-sulfonate,0,CC(=O)Nc1ccc(N=Nc2c(N)ccc3cc(S(=O)(=O)[O-])cc(O)c23)c(C(F)(F)F)c1.[Na+],
"2,6-dimethyl-10-methylidenedodeca-2,6,11-trienal",0,C=CC(=C)CCC=C(C)CCC=C(C)C=O,
disodium;7-amino-4-hydroxy-3-[(5-hydroxy-6-phenyldiazenyl-7-sulfonatonaphthalen-2-yl)diazenyl]naphthalene-2-sulfonate,0,Nc1ccc2c(O)c(N=Nc3ccc4c(O)c(N=Nc5ccccc5)c(S(=O)(=O)[O-])cc4c3)c(S(=O)(=O)[O-])cc2c1.[Na+].[Na+],
1-cyclohexylethyl butanoate,0,CCCC(=O)OC(C)C1CCCCC1,
"3-(1-benzothiophen-2-yl)-5,6-dihydro-1,4,2-oxathiazine 4-oxide",0,O=S1CCON=C1c1cc2ccccc2s1,
"2,2-dimethylpropane",0,CC(C)(C)C,
"2,3-dichloronaphthalene-1,4-dione",0,O=C1C(Cl)=C(Cl)C(=O)c2ccccc21,
"N-[5-[bis(prop-2-enyl)amino]-2-[(2-chloro-4,6-dinitrophenyl)diazenyl]-4-methoxyphenyl]acetamide",0,C=CCN(CC=C)c1cc(NC(C)=O)c(N=Nc2c(Cl)cc([N+](=O)[O-])cc2[N+](=O)[O-])cc1OC,
"2,8-dichlorotricyclo[8.2.2.24,7]hexadeca-1(13),4,6,10(14),11,15-hexaene",0,ClC1Cc2ccc(cc2)C(Cl)Cc2ccc1cc2,
3-azidosulfonylbenzoic acid,0,[N-]=[N+]=NS(=O)(=O)c1cccc(C(=O)O)c1,
2-[4-[(2-chloro-4-nitrophenyl)diazenyl]-N-ethylanilino]ethyl-(2-hydroxypropyl)-dimethylazanium;chloride,0,CCN(CC[N+](C)(C)CC(C)O)c1ccc(N=Nc2ccc([N+](=O)[O-])cc2Cl)cc1.[Cl-],
ethoxy(diphenyl)phosphane,0,CCOP(c1ccccc1)c1ccccc1,
"(1S,2R,3S,7R,9R,10R,11S,12S)-3,10,11-trihydroxy-2-(hydroxymethyl)-1,5-dimethylspiro[8-oxatricyclo[7.2.1.02,7]dodec-5-ene-12,2'-oxirane]-4-one",0,CC1=CC2OC3C(O)C(O)C(C)(C34CO4)C2(CO)C(O)C1=O,
(E)-undec-2-enal,0,CCCCCCCCC=CC=O,
"[2-[(1S,2S,8S,10S,11S,13R,14S,15S,17S)-8-fluoro-2,13,15-trimethyl-5-oxo-18-oxapentacyclo[8.8.0.01,17.02,7.011,15]octadeca-3,6-dien-14-yl]-2-oxoethyl] pentanoate",0,CCCCC(=O)OCC(=O)C1C(C)CC2C3CC(F)C4=CC(=O)C=CC4(C)C34OC4CC21C,
octacosane,0,CCCCCCCCCCCCCCCCCCCCCCCCCCCC,
2-chloro-1-fluoro-4-prop-2-enylbenzene,0,C=CCc1ccc(F)c(Cl)c1,
"(1,3-dioxo-4,5,6,7-tetrahydroisoindol-2-yl)methyl 2,2-dimethyl-3-(2-methylprop-1-enyl)cyclopropane-1-carboxylate",0,CC(C)=CC1C(C(=O)OCN2C(=O)C3=C(CCCC3)C2=O)C1(C)C,
zinc;2-ethylhexoxy-(2-methylpropoxy)-sulfanylidene-sulfido-lambda5-phosphane,0,CCCCC(CC)COP(=S)([S-])OCC(C)C.CCCCC(CC)COP(=S)([S-])OCC(C)C.[Zn+2],
"3,6,9-triethyl-3,6,9-trimethyl-1,2,4,5,7,8-hexaoxonane",0,CCC1(C)OOC(C)(CC)OOC(C)(CC)OO1,
methylsulfanylethane,0,CCSC,
"1-[[2-[2-chloro-4-(4-chlorophenoxy)phenyl]-4-methyl-1,3-dioxolan-2-yl]methyl]-1,2,4-triazole",0,CC1COC(Cn2cncn2)(c2ccc(Oc3ccc(Cl)cc3)cc2Cl)O1,
"2,4,5-trimethylaniline;hydrochloride",0,Cc1cc(C)c(N)cc1C.Cl,
(5-acetyl-2-acetyloxyphenyl)methyl acetate,0,CC(=O)OCc1cc(C(C)=O)ccc1OC(C)=O,
gallium,0,[Ga],
octadec-1-ene,0,C=CCCCCCCCCCCCCCCCC,
"2,3-bis(3,5,5-trimethylhexanoyloxy)propyl 3,5,5-trimethylhexanoate",0,CC(CC(=O)OCC(COC(=O)CC(C)CC(C)(C)C)OC(=O)CC(C)CC(C)(C)C)CC(C)(C)C,
pyrene,0,c1cc2ccc3cccc4ccc(c1)c2c34,
"sodium;2-amino-4,6-dinitrophenol;4-amino-5-hydroxynaphthalene-1,3-disulfonic acid;4-amino-5-hydroxynaphthalene-2,7-disulfonic acid;4-amino-3-methylbenzenesulfonic acid;3-hydroxyphenolate;4-nitroaniline",0,Cc1cc(S(=O)(=O)O)ccc1N.Nc1c(S(=O)(=O)O)cc(S(=O)(=O)O)c2cccc(O)c12.Nc1cc(S(=O)(=O)O)cc2cc(S(=O)(=O)O)cc(O)c12.Nc1cc([N+](=O)[O-])cc([N+](=O)[O-])c1O.Nc1ccc([N+](=O)[O-])cc1.[Na+].[O-]c1cccc(O)c1,
butyl(tricyclohexyl)stannane,0,CCC[CH2][Sn]([CH]1CCCCC1)([CH]1CCCCC1)[CH]1CCCCC1,
(5E)-5-ethylidenebicyclo[2.2.1]hept-2-ene,0,CC=C1CC2C=CC1C2,
"1,1-dimethyl-3-[3-(trifluoromethyl)phenyl]urea",0,CN(C)C(=O)Nc1cccc(C(F)(F)F)c1,
ethyl 3-[acetyl(butyl)amino]propanoate,0,CCCCN(CCC(=O)OCC)C(C)=O,
2-(2-butoxyethoxy)ethyl acetate,0,CCCCOCCOCCOC(C)=O,
hexyl 2-methylprop-2-enoate,0,C=C(C)C(=O)OCCCCCC,
2-[1-(4-phenoxyphenoxy)propan-2-yloxy]pyridine,0,CC(COc1ccc(Oc2ccccc2)cc1)Oc1ccccn1,
diethylmercury,0,C[CH2][Hg][CH2]C,
"[(1R,2S,5R)-5-methyl-2-propan-2-ylcyclohexyl] 2,2-dihydroxyacetate",0,CC1CCC(C(C)C)C(OC(=O)C(O)O)C1,
"2-chloro-5-hexadecan-2-ylbenzene-1,4-diol",0,CCCCCCCCCCCCCCC(C)c1cc(O)c(Cl)cc1O,
"2-[[2-chloro-4-[3-chloro-4-[[1-(2-methoxyanilino)-1,3-dioxobutan-2-yl]diazenyl]phenyl]phenyl]diazenyl]-N-(2,4-dimethylphenyl)-3-oxobutanamide",0,COc1ccccc1NC(=O)C(N=Nc1ccc(-c2ccc(N=NC(C(C)=O)C(=O)Nc3ccc(C)cc3C)c(Cl)c2)cc1Cl)C(C)=O,
4-cyclohexyl-2-methylbutan-2-ol,0,CC(C)(O)CCC1CCCCC1,
sodium;cyanate,0,N#C[O-].[Na+],
aluminum;trinitrate,0,O=[N+]([O-])[O-].O=[N+]([O-])[O-].O=[N+]([O-])[O-].[Al+3],
11-methylnonadec-1-ene,0,C=CCCCCCCCCC(C)CCCCCCCC,
"3-[3,5-bis[3-(dimethylamino)propyl]-1,3,5-triazinan-1-yl]-N,N-dimethylpropan-1-amine",0,CN(C)CCCN1CN(CCCN(C)C)CN(CCCN(C)C)C1,
dilithium;decanedioate,0,O=C([O-])CCCCCCCCC(=O)[O-].[Li+].[Li+],
"2,5-dimethyl-4-[2-methylsulfonyl-4-(trifluoromethyl)benzoyl]-1H-pyrazol-3-one",0,Cc1[nH]n(C)c(=O)c1C(=O)c1ccc(C(F)(F)F)cc1S(C)(=O)=O,
"1,4-diamino-2,3-dichloroanthracene-9,10-dione",0,Nc1c(Cl)c(Cl)c(N)c2c1C(=O)c1ccccc1C2=O,
2-chloroethanol,0,OCCCl,
dicesium;carbonate,0,O=C([O-])[O-].[Cs+].[Cs+],
3-[[4-(dimethylamino)benzoyl]amino]propyl-dodecyl-dimethylazanium;4-methylbenzenesulfonate,0,CCCCCCCCCCCC[N+](C)(C)CCCNC(=O)c1ccc(N(C)C)cc1.Cc1ccc(S(=O)(=O)[O-])cc1,
"[3-[[5-[(3-acetyloxy-2,2-dimethylpropylidene)amino]-1,3,3-trimethylcyclohexyl]methylimino]-2,2-dimethylpropyl] acetate",0,CC(=O)OCC(C)(C)C=NCC1(C)CC(N=CC(C)(C)COC(C)=O)CC(C)(C)C1,
tetraoctylazanium;bromide,0,CCCCCCCC[N+](CCCCCCCC)(CCCCCCCC)CCCCCCCC.[Br-],
"2,4,4,4-tetrachlorobutan-1-ol",0,OCC(Cl)CC(Cl)(Cl)Cl,
2-ethylhexyl 2-[[2-(2-ethylhexoxy)-2-oxoethyl]sulfanyl-dimethylstannyl]sulfanylacetate,0,CCCCC(CC)COC(=O)C[S][Sn]([CH3])([CH3])[S]CC(=O)OCC(CC)CCCC,
"propan-2-yl 2-(2,4-dichlorophenoxy)acetate",0,CC(C)OC(=O)COc1ccc(Cl)cc1Cl,
"(2S,3R,4S)-4-[(2S,5R,7S,8R,9S)-2-[(2R,5S)-5-ethyl-5-[(2R,3S,5R)-5-[(2S,3S,5R,6R)-6-hydroxy-6-(hydroxymethyl)-3,5-dimethyloxan-2-yl]-3-methyloxolan-2-yl]oxolan-2-yl]-7-hydroxy-2,8-dimethyl-1,10-dioxaspiro[4.5]decan-9-yl]-3-methoxy-2-methylpentanoic acid",0,CCC1(C2OC(C3OC(O)(CO)C(C)CC3C)CC2C)CCC(C2(C)CCC3(CC(O)C(C)C(C(C)C(OC)C(C)C(=O)O)O3)O2)O1,
"1,6-dimethylnaphthalene",0,Cc1ccc2c(C)cccc2c1,
sodium;hydroxy-(1-hydroxy-1-phosphonoethyl)phosphinate,0,CC(O)(P(=O)([O-])O)P(=O)(O)O.[Na+],
"1-(chloromethyl)-4-fluoro-1,4-diazoniabicyclo[2.2.2]octane;ditetrafluoroborate",0,F[B-](F)(F)F.F[B-](F)(F)F.F[N+]12CC[N+](CCl)(CC1)CC2,
5-hexyl-5-methyloxolan-2-one,0,CCCCCCC1(C)CCC(=O)O1,
2-[(2-methyl-1-propanoyloxypropoxy)-(4-phenylbutyl)phosphoryl]acetic acid,0,CCC(=O)OC(OP(=O)(CCCCc1ccccc1)CC(=O)O)C(C)C,
3-(2H-tetrazol-5-yl)pyridine,0,c1cncc(-c2nn[nH]n2)c1,
ethyl 2-methylbutanoate,0,CCOC(=O)C(C)CC,
1-chloro-3-phenylbenzene,0,Clc1cccc(-c2ccccc2)c1,
"2,2,3-trimethylbutane",0,CC(C)C(C)(C)C,
"(8R,9S,13S,14S)-13-ethyl-3-methoxy-4,6,7,8,9,11,12,14,15,16-decahydro-1H-cyclopenta[a]phenanthren-17-one",0,CCC12CCC3C4=C(CCC3C1CCC2=O)CC(OC)=CC4,
N-(2-ethylhexyl)-7-methyloctanamide,0,CCCCC(CC)CNC(=O)CCCCCC(C)C,
2-[2-(oxolan-2-yl)propan-2-yl]oxolane,0,CC(C)(C1CCCO1)C1CCCO1,
"disodium;(3E)-3-[(4-amino-3-sulfonatophenyl)-(4-amino-3-sulfophenyl)methylidene]-6-imino-5-methylcyclohexa-1,4-diene-1-sulfonate",0,CC1=CC(=C(c2ccc(N)c(S(=O)(=O)[O-])c2)c2ccc(N)c(S(=O)(=O)O)c2)C=C(S(=O)(=O)[O-])C1=N.[Na+].[Na+],
sodium;acetic acid;acetate,0,CC(=O)O.CC(=O)[O-].[Na+],
"[(2E,4E)-3-methyl-5-(2,6,6-trimethylcyclohexen-1-yl)penta-2,4-dienyl]-triphenylphosphanium;sulfate",0,CC(C=CC1=C(C)CCCC1(C)C)=CC[P+](c1ccccc1)(c1ccccc1)c1ccccc1.O=S(=O)([O-])[O-],
"2-(methoxymethyl)benzene-1,4-diamine",0,COCc1cc(N)ccc1N,
4-tert-butylphenol,0,CC(C)(C)c1ccc(O)cc1,
disodium;4-[4-[[2-methoxy-5-methyl-4-(2-sulfonatooxyethylsulfonyl)phenyl]diazenyl]-3-methyl-5-oxo-4H-pyrazol-1-yl]benzenesulfonate,0,COc1cc(S(=O)(=O)CCOS(=O)(=O)[O-])c(C)cc1N=NC1C(=O)N(c2ccc(S(=O)(=O)[O-])cc2)N=C1C.[Na+].[Na+],
heptadecane,0,CCCCCCCCCCCCCCCCC,
ytterbium(3+);trinitrate,0,O=[N+]([O-])[O-].O=[N+]([O-])[O-].O=[N+]([O-])[O-].[Yb+3],
"sodium;1,4-dioctoxy-1,4-dioxobutane-2-sulfonate",0,CCCCCCCCOC(=O)CC(C(=O)OCCCCCCCC)S(=O)(=O)[O-].[Na+],
2-methylbut-1-ene,0,C=C(C)CC,
"2-(2,6-dimethylphenoxy)acetic acid",0,Cc1cccc(C)c1OCC(=O)O,
2-phenylpropanal,0,CC(C=O)c1ccccc1,
3-methoxy-3-methylbutan-1-ol,0,COC(C)(C)CCO,
[cyano-(3-phenoxyphenyl)methyl] 2-[2-chloro-4-(trifluoromethyl)anilino]-3-methylbutanoate,0,CC(C)C(Nc1ccc(C(F)(F)F)cc1Cl)C(=O)OC(C#N)c1cccc(Oc2ccccc2)c1,
"2,2,3,3-tetramethylbutane",0,CC(C)(C)C(C)(C)C,
"2-methyl-1,3-dinitrobenzene",0,Cc1c([N+](=O)[O-])cccc1[N+](=O)[O-],
"3,3,5-trimethylcyclohexan-1-one",0,CC1CC(=O)CC(C)(C)C1,
dioxogermane,0,[O]=[Ge]=[O],
nickel(2+);diacetate;tetrahydrate,0,CC(=O)[O-].CC(=O)[O-].O.O.O.O.[Ni+2],
"sodium;5-[[4-chloro-6-[1-[[4-fluoro-6-[[5-hydroxy-6-[(4-methoxy-2-sulfophenyl)diazenyl]-7-sulfonaphthalen-2-yl]amino]-1,3,5-triazin-2-yl]amino]propan-2-ylamino]-1,3,5-triazin-2-yl]amino]-3-[(4-ethenylsulfonylphenyl)diazenyl]-4-hydroxynaphthalene-2,7-disulfonic acid",0,C=CS(=O)(=O)c1ccc(N=Nc2c(S(=O)(=O)O)cc3cc(S(=O)(=O)O)cc(Nc4nc(Cl)nc(NC(C)CNc5nc(F)nc(Nc6ccc7c(O)c(N=Nc8ccc(OC)cc8S(=O)(=O)O)c(S(=O)(=O)O)cc7c6)n5)n4)c3c2O)cc1.[Na+],
"(4aS,7aS)-6-benzyl-1,2,3,4,4a,5,7,7a-octahydropyrrolo[3,4-b]pyridine",0,c1ccc(CN2CC3CCCNC3C2)cc1,
"6-methylheptyl 2-(2,4,5-trichlorophenoxy)acetate",0,CC(C)CCCCCOC(=O)COc1cc(Cl)c(Cl)cc1Cl,
N-(benzenesulfonyl)benzenesulfonamide,0,O=S(=O)(NS(=O)(=O)c1ccccc1)c1ccccc1,
1-heptoxy-4-[1-(4-heptoxyphenyl)-1-phenylethyl]benzene,0,CCCCCCCOc1ccc(C(C)(c2ccccc2)c2ccc(OCCCCCCC)cc2)cc1,
lithium;trifluoromethanesulfonate,0,O=S(=O)([O-])C(F)(F)F.[Li+],
trimethylsilane,0,C[SiH](C)C,
"2-chlorobenzene-1,4-diamine",0,Nc1ccc(N)c(Cl)c1,
(4-methylphenyl) acetate,0,CC(=O)Oc1ccc(C)cc1,
"1-(2,4-dichlorophenyl)-2-imidazol-1-ylethanol",0,OC(Cn1ccnc1)c1ccc(Cl)cc1Cl,
"1,4-dihydroxyanthracene-9,10-dione",0,O=C1c2ccccc2C(=O)c2c(O)ccc(O)c21,
"trisodium;2,5-dichloro-4-[4-[[5-[[4-chloro-6-(4-sulfonatoanilino)-1,3,5-triazin-2-yl]amino]-2-sulfonatophenyl]diazenyl]-5-methyl-3-oxo-1H-pyrazol-2-yl]benzenesulfonate",0,Cc1[nH]n(-c2cc(Cl)c(S(=O)(=O)[O-])cc2Cl)c(=O)c1N=Nc1cc(Nc2nc(Cl)nc(Nc3ccc(S(=O)(=O)[O-])cc3)n2)ccc1S(=O)(=O)[O-].[Na+].[Na+].[Na+],
"2,2-diphenylacetic acid",0,O=C(O)C(c1ccccc1)c1ccccc1,
3-methoxybutan-1-ol,0,COC(C)CCO,
2-(octadecylcarbamoyloxy)ethyl prop-2-enoate,0,C=CC(=O)OCCOC(=O)NCCCCCCCCCCCCCCCCCC,
"2-[(8R,9S,13S,14S,17R)-17-hydroxy-13-methyl-3-oxo-1,2,4,6,7,8,9,11,12,14,15,16-dodecahydrocyclopenta[a]phenanthren-17-yl]acetonitrile",0,CC12CCC3C4=C(CCC3C1CCC2(O)CC#N)CC(=O)CC4,
calcium;oxygen(2-),0,[Ca+2].[O-2],
N-(2-hydroxypropyl)benzenesulfonamide,0,CC(O)CNS(=O)(=O)c1ccccc1,
"2,11,20,29,37,39-hexaza-38,40-diazanidanonacyclo[28.6.1.13,10.112,19.121,28.04,9.013,18.022,27.031,36]tetraconta-1,3,5,7,9,11,13,15,17,19(39),20,22,24,26,28,30(37),31,33,35-nonadecaene;iron(2+)",0,[Fe+2].c1ccc2c(c1)-c1nc-2nc2[n-]c(nc3nc(nc4[n-]c(n1)c1ccccc41)-c1ccccc1-3)c1ccccc21,
"2,3,5,6-tetrachloro-4-methylsulfonylpyridine",0,CS(=O)(=O)c1c(Cl)c(Cl)nc(Cl)c1Cl,
4-[(2-chloro-4-nitrophenyl)diazenyl]-N-ethyl-N-(2-pyridin-1-ium-1-ylethyl)aniline;acetate,0,CC(=O)[O-].CCN(CC[n+]1ccccc1)c1ccc(N=Nc2ccc([N+](=O)[O-])cc2Cl)cc1,
2-chloropropanoic acid,0,CC(Cl)C(=O)O,
selenous acid,0,O=[Se](O)O,
2-(2-methoxyethoxy)ethanol,0,COCCOCCO,
"N'-(2-aminoethyl)propane-1,3-diamine",0,NCCCNCCN,
2-[(E)-2-[4-[(E)-2-(4-cyanophenyl)ethenyl]phenyl]ethenyl]benzonitrile,0,N#Cc1ccc(C=Cc2ccc(C=Cc3ccccc3C#N)cc2)cc1,
4-[2-(2-morpholin-4-ylethoxy)propyl]morpholine,0,CC(CN1CCOCC1)OCCN1CCOCC1,
"tetrasodium;5-amino-3-[[4-[4-[(8-amino-1-hydroxy-3,6-disulfonatonaphthalen-2-yl)diazenyl]-3-hydroxyphenyl]-2-hydroxyphenyl]diazenyl]-4-hydroxynaphthalene-2,7-disulfonate;copper",0,Nc1cc(S(=O)(=O)[O-])cc2cc(S(=O)(=O)[O-])c(N=Nc3ccc(-c4ccc(N=Nc5c(S(=O)(=O)[O-])cc6cc(S(=O)(=O)[O-])cc(N)c6c5O)c(O)c4)cc3O)c(O)c12.[Cu].[Cu].[Na+].[Na+].[Na+].[Na+],
4-prop-2-enoyloxybutyl prop-2-enoate,0,C=CC(=O)OCCCCOC(=O)C=C,
"bis(2-ethylhexyl) 3,4,5,6-tetrabromobenzene-1,2-dicarboxylate",0,CCCCC(CC)COC(=O)c1c(Br)c(Br)c(Br)c(Br)c1C(=O)OCC(CC)CCCC,
lead(2+);oxygen(2-);phthalate,0,O=C([O-])c1ccccc1C(=O)[O-].[O-2].[O-2].[Pb+2].[Pb+2].[Pb+2],
"trisodium;1,3,5-triazine-2,4,6-triolate",0,[Na+].[Na+].[Na+].[O-]c1nc([O-])nc([O-])n1,
6-methyloct-5-en-2-one,0,CCC(C)=CCCC(C)=O,
"(2,4a,5,8a-tetramethyl-1,2,3,4,7,8-hexahydronaphthalen-1-yl) formate",0,CC1=CCCC2(C)C(OC=O)C(C)CCC12C,
"methyl 2,6,6-trimethylcyclohex-2-ene-1-carboxylate",0,COC(=O)C1C(C)=CCCC1(C)C,
ethyl heptanoate,0,CCCCCCC(=O)OCC,
dodecane,0,CCCCCCCCCCCC,
"tert-butyl-[dimethyl-(2,3,4,5-tetramethylcyclopentyl)silyl]azanide;penta-1,3-diene;titanium",0,C=CC=CC.CC1C(C)C(C)C([Si](C)(C)[N-]C(C)(C)C)C1C.[Ti],
"bis(2,2,6,6-tetramethylpiperidin-4-yl) butanedioate",0,CC1(C)CC(OC(=O)CCC(=O)OC2CC(C)(C)NC(C)(C)C2)CC(C)(C)N1,
ethoxymethoxycyclododecane,0,CCOCOC1CCCCCCCCCCC1,
antimony,0,[Sb],
"2,6,10-trimethylundec-9-enal",0,CC(C)=CCCC(C)CCCC(C)C=O,
1-aminopropan-2-ol,0,CC(O)CN,
"3,7-dimethyloct-6-enyl butanoate",0,CCCC(=O)OCCC(C)CCC=C(C)C,
"4-ethenyl-2-(2-methylpropyl)-1,3-dioxolane",0,C=CC1COC(CC(C)C)O1,
1-propoxypropan-2-ol,0,CCCOCC(C)O,
2-[di(propan-2-yloxy)phosphorylmethyl-propan-2-yloxyphosphoryl]oxypropane,0,CC(C)OP(=O)(CP(=O)(OC(C)C)OC(C)C)OC(C)C,
"benzene-1,2,4-tricarboxylic acid",0,O=C(O)c1ccc(C(=O)O)c(C(=O)O)c1,
oxygen(2-);tungsten,0,[O-2].[O-2].[O-2].[W],
"7-propan-2-yl-1,5-benzodioxepin-3-one",0,CC(C)c1ccc2c(c1)OCC(=O)CO2,
magnesium;dihydroxide,0,[Mg+2].[OH-].[OH-],
2-chloroacetamide,0,NC(=O)CCl,
"N-(4-amino-3-methoxy-9,10-dioxoanthracen-1-yl)-4-methylbenzenesulfonamide",0,COc1cc(NS(=O)(=O)c2ccc(C)cc2)c2c(c1N)C(=O)c1ccccc1C2=O,
"9-prop-2-enoxytricyclo[5.2.1.02,6]dec-3-ene",0,C=CCOC1CC2CC1C1C=CCC21,
3-(3-tert-butyl-4-hydroxyphenyl)propanoic acid,0,CC(C)(C)c1cc(CCC(=O)O)ccc1O,
"N-(2,6-difluorophenyl)-5-methyl-[1,2,4]triazolo[1,5-a]pyrimidine-2-sulfonamide",0,Cc1ccn2nc(S(=O)(=O)Nc3c(F)cccc3F)nc2n1,
2-ethoxy-N'-hydroxybenzenecarboximidamide,0,CCOc1ccccc1C(N)=NO,
2-phenylethyl butanoate,0,CCCC(=O)OCCc1ccccc1,
zinc;bis(4-dodecylphenoxy)-sulfanylidene-sulfido-lambda5-phosphane,0,CCCCCCCCCCCCc1ccc(OP(=S)([S-])Oc2ccc(CCCCCCCCCCCC)cc2)cc1.CCCCCCCCCCCCc1ccc(OP(=S)([S-])Oc2ccc(CCCCCCCCCCCC)cc2)cc1.[Zn+2],
calcium;octadecanoate,0,CCCCCCCCCCCCCCCCCC(=O)[O-].CCCCCCCCCCCCCCCCCC(=O)[O-].[Ca+2],
"3-[(1R,3S,5S,8R,9S,10R,11R,13R,14S,17R)-1,5,11,14-tetrahydroxy-10-(hydroxymethyl)-13-methyl-3-[(2R,3R,4R,5R,6S)-3,4,5-trihydroxy-6-methyloxan-2-yl]oxy-2,3,4,6,7,8,9,11,12,15,16,17-dodecahydro-1H-cyclopenta[a]phenanthren-17-yl]-2H-furan-5-one",0,CC1OC(OC2CC(O)C3(CO)C4C(O)CC5(C)C(C6=CC(=O)OC6)CCC5(O)C4CCC3(O)C2)C(O)C(O)C1O,
"2-isocyanato-1,3-di(propan-2-yl)benzene",0,CC(C)c1cccc(C(C)C)c1N=C=O,
4-methoxyaniline,0,COc1ccc(N)cc1,
4-chlorobenzaldehyde,0,O=Cc1ccc(Cl)cc1,
"2,2-dichloro-1,1-difluoro-1-methoxyethane",0,COC(F)(F)C(Cl)Cl,
"4,4-dimethoxybutan-1-amine",0,COC(CCCN)OC,
"2,5-bis(tert-butylperoxy)-2,5-dimethylhexane",0,CC(C)(C)OOC(C)(C)CCC(C)(C)OOC(C)(C)C,
"methyl 2-[[(4-methoxy-6-methyl-1,3,5-triazin-2-yl)-methylcarbamoyl]sulfamoyl]benzoate",0,COC(=O)c1ccccc1S(=O)(=O)NC(=O)N(C)c1nc(C)nc(OC)n1,
dioxoplatinum;hydrate,0,O.[O]=[Pt]=[O],
"(3,5-dimethyl-4-methylsulfanylphenyl) N-methylcarbamate",0,CNC(=O)Oc1cc(C)c(SC)c(C)c1,
"ethyl 2-cyano-3,3-diphenylprop-2-enoate",0,CCOC(=O)C(C#N)=C(c1ccccc1)c1ccccc1,
"2-chloro-1,3-difluoro-4-nitrobenzene",0,O=[N+]([O-])c1ccc(F)c(Cl)c1F,
butanedioic acid,0,O=C(O)CCC(=O)O,
"2-[dimethyl-[3-(3,3,4,4,5,5,6,6,7,7,8,8,8-tridecafluorooctylsulfonylamino)propyl]azaniumyl]acetate",0,C[N+](C)(CCCNS(=O)(=O)CCC(F)(F)C(F)(F)C(F)(F)C(F)(F)C(F)(F)C(F)(F)F)CC(=O)[O-],
"lithium;1,4,6,9-tetraoxa-5-boranuidaspiro[4.4]nonane-2,3,7,8-tetrone",0,O=C1O[B-]2(OC1=O)OC(=O)C(=O)O2.[Li+],
"dihydrogen phosphate;3-[N-methyl-4-[(E)-2-(1,3,3-trimethylindol-1-ium-2-yl)ethenyl]anilino]propanenitrile",0,CN(CCC#N)c1ccc(C=CC2=[N+](C)c3ccccc3C2(C)C)cc1.O=P([O-])(O)O,
"2-propan-2-yl-1,3-dioxane-5-carboxylic acid",0,CC(C)C1OCC(C(=O)O)CO1,
methyl (E)-2-[2-[6-(2-cyanophenoxy)pyrimidin-4-yl]oxyphenyl]-3-methoxyprop-2-enoate,0,COC=C(C(=O)OC)c1ccccc1Oc1cc(Oc2ccccc2C#N)ncn1,
2-(phosphonomethylamino)acetic acid;propan-2-amine,0,CC(C)N.O=C(O)CNCP(=O)(O)O,
1-ethyl-2-(3-methylbutyl)cyclopentan-1-ol,0,CCC1(O)CCCC1CCC(C)C,
"lithium;1-amino-4-(4-tert-butylanilino)-9,10-dioxoanthracene-2-sulfonate",0,CC(C)(C)c1ccc(Nc2cc(S(=O)(=O)[O-])c(N)c3c2C(=O)c2ccccc2C3=O)cc1.[Li+],
methyl 3-methoxypropanoate,0,COCCC(=O)OC,
"4-amino-5-hydroxynaphthalene-1,7-disulfonic acid",0,Nc1ccc(S(=O)(=O)O)c2cc(S(=O)(=O)O)cc(O)c12,
3-methylpentane,0,CCC(C)CC,
"cyclopenta-1,3-diene;titanium(4+);dichloride",0,[C-]1=CC=CC1.[C-]1=CC=CC1.[Cl-].[Cl-].[Ti+4],
"2-hydrazinyl-2-oxo-N-(2,2,6,6-tetramethylpiperidin-4-yl)acetamide",0,CC1(C)CC(NC(=O)C(=O)NN)CC(C)(C)N1,
"dimethyl benzene-1,4-dicarboxylate",0,COC(=O)c1ccc(C(=O)OC)cc1,
"1,8-dihydroxyanthracene-9,10-dione",0,O=C1c2cccc(O)c2C(=O)c2c(O)cccc21,
ethyl 4-hydroxybenzoate,0,CCOC(=O)c1ccc(O)cc1,
potassium;sulfane,0,S.[K+],
"[(2E)-3,7-dimethylocta-2,6-dienyl] 2-methylpropanoate",0,CC(C)=CCCC(C)=CCOC(=O)C(C)C,
undecylbenzene,0,CCCCCCCCCCCc1ccccc1,
dimethyl-di(tetradecyl)azanium;molybdenum;nonacosahydrate,0,CCCCCCCCCCCCCC[N+](C)(C)CCCCCCCCCCCCCC.O.O.O.O.O.O.O.O.O.O.O.O.O.O.O.O.O.O.O.O.O.O.O.O.O.O.O.O.O.[Mo].[Mo].[Mo].[Mo].[Mo].[Mo].[Mo].[Mo],
"N-[[3-chloro-4-[1,1,2-trifluoro-2-(trifluoromethoxy)ethoxy]phenyl]carbamoyl]-2,6-difluorobenzamide",0,O=C(NC(=O)c1c(F)cccc1F)Nc1ccc(OC(F)(F)C(F)OC(F)(F)F)c(Cl)c1,
(3-aminophenyl)urea,0,NC(=O)Nc1cccc(N)c1,
"1,2-dinitrobenzene",0,O=[N+]([O-])c1ccccc1[N+](=O)[O-],
"N-[4-(benzenesulfonyl)-2-methylphenyl]-1,1,1-trifluoromethanesulfonamide",0,Cc1cc(S(=O)(=O)c2ccccc2)ccc1NS(=O)(=O)C(F)(F)F,
"2-[2-(dimethylamino)ethyldisulfanyl]-N,N-dimethylethanamine;dihydrochloride",0,CN(C)CCSSCCN(C)C.Cl.Cl,
"[9-(2-ethoxycarbonylphenyl)-6-(ethylamino)-2,7-dimethylxanthen-3-ylidene]-ethylazanium;5-oxo-1-(4-sulfonatophenyl)-4-[(4-sulfonatophenyl)diazenyl]-4H-pyrazole-3-carboxylate",0,CCNc1cc2oc3cc(=[NH+]CC)c(C)cc-3c(-c3ccccc3C(=O)OCC)c2cc1C.CCNc1cc2oc3cc(=[NH+]CC)c(C)cc-3c(-c3ccccc3C(=O)OCC)c2cc1C.CCNc1cc2oc3cc(=[NH+]CC)c(C)cc-3c(-c3ccccc3C(=O)OCC)c2cc1C.O=C([O-])C1=NN(c2ccc(S(=O)(=O)[O-])cc2)C(=O)C1N=Nc1ccc(S(=O)(=O)[O-])cc1,
phenylhydrazine,0,NNc1ccccc1,
disodium;4-[(5-chloro-3-nitro-2-oxidophenyl)diazenyl]-5-methyl-2-phenylpyrazol-3-olate;3-[[1-(3-chlorophenyl)-3-methyl-5-oxidopyrazol-4-yl]diazenyl]-5-nitro-4-oxidobenzenesulfonate;chromium(3+),0,Cc1nn(-c2cccc(Cl)c2)c([O-])c1N=Nc1cc(S(=O)(=O)[O-])cc([N+](=O)[O-])c1[O-].Cc1nn(-c2ccccc2)c([O-])c1N=Nc1cc(Cl)cc([N+](=O)[O-])c1[O-].[Cr+3].[Na+].[Na+],
(2S)-2-amino-4-methylsulfanylbutanoic acid,0,CSCCC(N)C(=O)O,
2-[benzyl(tert-butyl)amino]-1-[4-hydroxy-3-(hydroxymethyl)phenyl]ethanone;hydrochloride,0,CC(C)(C)N(CC(=O)c1ccc(O)c(CO)c1)Cc1ccccc1.Cl,
disodium;chromium(3+);3-[3-methyl-4-[(5-nitro-2-oxidophenyl)diazenyl]-5-oxidopyrazol-1-yl]benzenesulfonate;1-[(2-oxido-5-phenyldiazenylphenyl)diazenyl]naphthalen-2-olate,0,Cc1nn(-c2cccc(S(=O)(=O)[O-])c2)c([O-])c1N=Nc1cc([N+](=O)[O-])ccc1[O-].[Cr+3].[Na+].[Na+].[O-]c1ccc(N=Nc2ccccc2)cc1N=Nc1c([O-])ccc2ccccc12,
"2-(hydroxymethyl)-2-nitropropane-1,3-diol",0,O=[N+]([O-])C(CO)(CO)CO,
trisodium;2-[bis[2-[bis(carboxylatomethyl)amino]ethyl]amino]acetate;hydron,0,O=C([O-])CN(CCN(CC(=O)[O-])CC(=O)[O-])CCN(CC(=O)[O-])CC(=O)[O-].[H+].[H+].[Na+].[Na+].[Na+],
trisodium;(2S)-2-(2-carboxylatoethylamino)butanedioate,0,O=C([O-])CCNC(CC(=O)[O-])C(=O)[O-].[Na+].[Na+].[Na+],
"disodium;2-amino-4,6-dinitrophenol;4-[(2,4-dihydroxyphenyl)diazenyl]-5-hydroxynaphthalene-2,7-disulfonate;iron;4-nitroaniline",0,Nc1cc([N+](=O)[O-])cc([N+](=O)[O-])c1O.Nc1ccc([N+](=O)[O-])cc1.O=S(=O)([O-])c1cc(O)c2c(N=Nc3ccc(O)cc3O)cc(S(=O)(=O)[O-])cc2c1.[Fe].[Na+].[Na+],
2-(4-chloro-2-methylphenoxy)propanoic acid,0,Cc1cc(Cl)ccc1OC(C)C(=O)O,
ethyl (E)-4-oxo-4-phenylbut-2-enoate,0,CCOC(=O)C=CC(=O)c1ccccc1,
1-methyl-3-phenylpiperazine,0,CN1CCNC(c2ccccc2)C1,
N-cyclohexylcyclohexanamine;nitrous acid,0,C1CCC(NC2CCCCC2)CC1.O=NO,
methyl 2-cyano-2-methylpropanoate,0,COC(=O)C(C)(C)C#N,
"11-(2,3-dihydroxypropoxycarbonyl)heptadecanoate",0,CCCCCCC(CCCCCCCCCC(=O)[O-])C(=O)OCC(O)CO,
"18-methylnonadecyl 2,2-dimethylpropanoate",0,CC(C)CCCCCCCCCCCCCCCCCOC(=O)C(C)(C)C,
phosphate,0,O=P([O-])([O-])[O-],
"6-(dimethylamino)-4,4-diphenylheptan-3-one",0,CCC(=O)C(CC(C)N(C)C)(c1ccccc1)c1ccccc1,
"2,4-di(nonyl)phenol",0,CCCCCCCCCc1ccc(O)c(CCCCCCCCC)c1,
"(E)-1,2-dibromoethene",0,BrC=CBr,
"[3-[(4,8-diamino-6-bromo-5-hydroxy-1-oxonaphthalen-2-ylidene)amino]phenyl]-trimethylazanium;chloride",0,C[N+](C)(C)c1cccc(N=C2C=C(N)c3c(O)c(Br)cc(N)c3C2=O)c1.[Cl-],
1-(3-methoxyphenyl)ethanone,0,COc1cccc(C(C)=O)c1,
"[(1S,2R,3S,4S,6R,7R,8R,14R)-4-ethenyl-3-hydroxy-2,4,7,14-tetramethyl-9-oxo-6-tricyclo[5.4.3.01,8]tetradecanyl] 2-[2-(diethylamino)ethylsulfanyl]acetate",0,C=CC1(C)CC(OC(=O)CSCCN(CC)CC)C2(C)C(C)CCC3(CCC(=O)C32)C(C)C1O,
"2-[2,4,6-trioxo-3,5-bis(2-prop-2-enoyloxyethyl)-1,3,5-triazinan-1-yl]ethyl prop-2-enoate",0,C=CC(=O)OCCn1c(=O)n(CCOC(=O)C=C)c(=O)n(CCOC(=O)C=C)c1=O,
sodium;2-phenylacetate,0,O=C([O-])Cc1ccccc1.[Na+],
methylsulfanylmethane,0,CSC,
"2,6-dichloro-1-fluoropyridin-1-ium;tetrafluoroborate",0,F[B-](F)(F)F.F[n+]1c(Cl)cccc1Cl,
"tetrasodium;3-[(3-chloro-2-hydroxy-5-sulfophenyl)diazenyl]-5-[[4-chloro-6-(3-sulfoanilino)-1,3,5-triazin-2-yl]amino]-4-hydroxynaphthalene-2,7-disulfonic acid;copper",0,O=S(=O)(O)c1cccc(Nc2nc(Cl)nc(Nc3cc(S(=O)(=O)O)cc4cc(S(=O)(=O)O)c(N=Nc5cc(S(=O)(=O)O)cc(Cl)c5O)c(O)c34)n2)c1.[Cu].[Na+].[Na+].[Na+].[Na+],
"disodium;(9,11-dioxido-5-oxoboranyloxy-2,4,6,8,10,12,13-heptaoxa-1,3,5,7,9,11-hexaborabicyclo[5.5.1]tridecan-3-yl)oxy-oxoborane",0,O=BOB1OB(OB=O)OB2OB([O-])OB([O-])OB(O1)O2.[Na+].[Na+],
3-methylbutyl (E)-3-(4-methoxyphenyl)prop-2-enoate,0,COc1ccc(C=CC(=O)OCCC(C)C)cc1,
disodium;3-[3-amino-3-[[2-[4-[2-[4-[2-[[3-amino-5-methyl-2-(3-sulfonatophenyl)-1H-pyrazol-3-yl]diazenyl]phenyl]sulfonyloxyphenyl]propan-2-yl]phenoxy]sulfonylphenyl]diazenyl]-5-methyl-1H-pyrazol-2-yl]benzenesulfonate,0,CC1=CC(N)(N=Nc2ccccc2S(=O)(=O)Oc2ccc(C(C)(C)c3ccc(OS(=O)(=O)c4ccccc4N=NC4(N)C=C(C)NN4c4cccc(S(=O)(=O)[O-])c4)cc3)cc2)N(c2cccc(S(=O)(=O)[O-])c2)N1.[Na+].[Na+],
4-tert-butyl-2-hexadecan-2-yl-6-methylphenol,0,CCCCCCCCCCCCCCC(C)c1cc(C(C)(C)C)cc(C)c1O,
dimethyl 3-dimethoxyphosphoryloxypent-2-enedioate,0,COC(=O)C=C(CC(=O)OC)OP(=O)(OC)OC,
sodium;2-bromoethanesulfonate,0,O=S(=O)([O-])CCBr.[Na+],
1-bromo-3-chloropropane,0,ClCCCBr,
naphthalen-1-ylthiourea,0,NC(=S)Nc1cccc2ccccc12,
4-aminobenzenesulfonic acid,0,Nc1ccc(S(=O)(=O)O)cc1,
"2,4-dimethylphenol",0,Cc1ccc(O)c(C)c1,
2-(naphthalen-1-ylcarbamoyl)benzoic acid,0,O=C(O)c1ccccc1C(=O)Nc1cccc2ccccc12,
"2,2-diethoxy-N,N-dimethylacetamide",0,CCOC(OCC)C(=O)N(C)C,
4-[2-chloroethyl(ethyl)amino]benzaldehyde,0,CCN(CCCl)c1ccc(C=O)cc1,
"trisodium;7-[[4-chloro-6-[N-ethyl-3-(2-sulfonatooxyethylsulfonyl)anilino]-1,3,5-triazin-2-yl]amino]-4-hydroxy-3-[(4-methoxy-2-sulfonatophenyl)diazenyl]naphthalene-2-sulfonate",0,CCN(c1cccc(S(=O)(=O)CCOS(=O)(=O)[O-])c1)c1nc(Cl)nc(Nc2ccc3c(O)c(N=Nc4ccc(OC)cc4S(=O)(=O)[O-])c(S(=O)(=O)[O-])cc3c2)n1.[Na+].[Na+].[Na+],
pyridine-3-carbonitrile,0,N#Cc1cccnc1,
dipotassium;hydrogen phosphate,0,O=P([O-])([O-])O.[K+].[K+],
cadmium(2+);sulfate,0,O=S(=O)([O-])[O-].[Cd+2],
2-chloro-10H-phenothiazine,0,Clc1ccc2c(c1)Nc1ccccc1S2,
"ethyl 3-[[(2,2-dimethyl-3H-1-benzofuran-7-yl)oxycarbonyl-methylamino]sulfanyl-propan-2-ylamino]propanoate",0,CCOC(=O)CCN(SN(C)C(=O)Oc1cccc2c1OC(C)(C)C2)C(C)C,
propan-2-olate;titanium(4+),0,CC(C)[O-].CC(C)[O-].CC(C)[O-].CC(C)[O-].[Ti+4],
2-phenylethyl propanoate,0,CCC(=O)OCCc1ccccc1,
1-ethenyl-2-methylbenzene,0,C=Cc1ccccc1C,
calcium;dinitrate,0,O=[N+]([O-])[O-].O=[N+]([O-])[O-].[Ca+2],
"4-N-(4-methylpentan-2-yl)-1-N-phenylcyclohexa-2,5-diene-1,4-diimine",0,CC(C)CC(C)N=C1C=CC(=Nc2ccccc2)C=C1,
"2,3,6-trimethylphenol",0,Cc1ccc(C)c(O)c1C,
methyl (E)-3-methoxy-2-[2-[[6-(trifluoromethyl)pyridin-2-yl]oxymethyl]phenyl]prop-2-enoate,0,COC=C(C(=O)OC)c1ccccc1COc1cccc(C(F)(F)F)n1,
5-(2-hydroxyethylamino)-2-methylphenol,0,Cc1ccc(NCCO)cc1O,
"1,3-bis(2-ethylhexyl)-5-methyl-1,3-diazinan-5-amine",0,CCCCC(CC)CN1CN(CC(CC)CCCC)CC(C)(N)C1,
"6-[(2,4-diaminophenyl)diazenyl]-3-[[4-[4-[[7-[(2,4-diaminophenyl)diazenyl]-1-hydroxy-3-sulfonaphthalen-2-yl]diazenyl]-2-sulfoanilino]phenyl]diazenyl]-4-hydroxynaphthalene-2-sulfonic acid",0,Nc1ccc(N=Nc2ccc3cc(S(=O)(=O)O)c(N=Nc4ccc(Nc5ccc(N=Nc6c(S(=O)(=O)O)cc7ccc(N=Nc8ccc(N)cc8N)cc7c6O)cc5S(=O)(=O)O)cc4)c(O)c3c2)c(N)c1,
(3-propan-2-ylphenyl) N-methylcarbamate,0,CNC(=O)Oc1cccc(C(C)C)c1,
benzyl benzoate,0,O=C(OCc1ccccc1)c1ccccc1,
"3-ethoxy-1,1,5-trimethylcyclohexane",0,CCOC1CC(C)CC(C)(C)C1,
"2,2-bis(prop-2-enoyloxymethyl)butyl prop-2-enoate",0,C=CC(=O)OCC(CC)(COC(=O)C=C)COC(=O)C=C,
"3-methyl-1,1-diphenylurea",0,CNC(=O)N(c1ccccc1)c1ccccc1,
zinc;2-(benzenesulfonamido)benzoate;hydroxide,0,O=C([O-])c1ccccc1NS(=O)(=O)c1ccccc1.[OH-].[Zn+2],
(2-methoxy-4-prop-2-enylphenyl) acetate,0,C=CCc1ccc(OC(C)=O)c(OC)c1,
diphenylmethanone,0,O=C(c1ccccc1)c1ccccc1,
"trisodium;2-[[3-methyl-5-oxo-1-[4-(2-sulfonatooxyethylsulfonyl)phenyl]-4H-pyrazol-4-yl]diazenyl]naphthalene-1,5-disulfonate",0,CC1=NN(c2ccc(S(=O)(=O)CCOS(=O)(=O)[O-])cc2)C(=O)C1N=Nc1ccc2c(S(=O)(=O)[O-])cccc2c1S(=O)(=O)[O-].[Na+].[Na+].[Na+],
"1,4-bis(butylamino)anthracene-9,10-dione",0,CCCCNc1ccc(NCCCC)c2c1C(=O)c1ccccc1C2=O,
ethenyl-[ethenyl(dimethyl)silyl]oxy-dimethylsilane,0,C=C[Si](C)(C)O[Si](C)(C)C=C,
"4-(2,4,4-trimethylpentan-2-yl)-N-[4-(2,4,4-trimethylpentan-2-yl)phenyl]aniline",0,CC(C)(C)CC(C)(C)c1ccc(Nc2ccc(C(C)(C)CC(C)(C)C)cc2)cc1,
decanoic acid,0,CCCCCCCCCC(=O)O,
chromium(3+);trisulfate,0,O=S(=O)([O-])[O-].O=S(=O)([O-])[O-].O=S(=O)([O-])[O-].[Cr+3].[Cr+3],
2-[bis(carboxymethyl)amino]acetic acid,0,O=C(O)CN(CC(=O)O)CC(=O)O,
1-chloro-3-methylbenzene,0,Cc1cccc(Cl)c1,
sodium;methanesulfonate,0,CS(=O)(=O)[O-].[Na+],
chloro-(3-chloropropyl)-dimethylsilane,0,C[Si](C)(Cl)CCCCl,
(4-propan-2-ylcyclohexyl) propanoate,0,CCC(=O)OC1CCC(C(C)C)CC1,
cerium(3+);trinitrate,0,O=[N+]([O-])[O-].O=[N+]([O-])[O-].O=[N+]([O-])[O-].[Ce+3],
oxalic acid;dihydrate,0,O.O.O=C(O)C(=O)O,
"4-cyclododecyl-2,6-dimethylmorpholine",0,CC1CN(C2CCCCCCCCCCC2)CC(C)O1,
1-chloro-1-nitropropane,0,CCC(Cl)[N+](=O)[O-],
"4,4,5,5-tetrachloro-2,2-bis(trifluoromethyl)-1,3-dioxolane",0,FC(F)(F)C1(C(F)(F)F)OC(Cl)(Cl)C(Cl)(Cl)O1,
lithium;docosanoate,0,CCCCCCCCCCCCCCCCCCCCCC(=O)[O-].[Li+],
trisodium;chromium;2-hydroxy-3-[(3-methyl-5-oxo-1-phenylpyrazol-4-id-4-yl)diazenyl]-5-nitrobenzenesulfonic acid,0,Cc1nn(-c2ccccc2)c(=O)[c-]1N=Nc1cc([N+](=O)[O-])cc(S(=O)(=O)O)c1O.Cc1nn(-c2ccccc2)c(=O)[c-]1N=Nc1cc([N+](=O)[O-])cc(S(=O)(=O)O)c1O.[Cr].[Na+].[Na+].[Na+],
4-[bis[4-(dimethylamino)phenyl]methyl]-N-phenylnaphthalen-1-amine,0,CN(C)c1ccc(C(c2ccc(N(C)C)cc2)c2ccc(Nc3ccccc3)c3ccccc23)cc1,
(4-methoxyphenyl)methyl acetate,0,COc1ccc(COC(C)=O)cc1,
nickel(2+);sulfate;heptahydrate,0,O.O.O.O.O.O.O.O=S(=O)([O-])[O-].[Ni+2],
"propan-2-yl (2E,4E)-11-methoxy-3,7,11-trimethyldodeca-2,4-dienoate",0,COC(C)(C)CCCC(C)CC=CC(C)=CC(=O)OC(C)C,
sodium;4-propan-2-ylbenzenesulfonate,0,CC(C)c1ccc(S(=O)(=O)[O-])cc1.[Na+],
azanium;perchlorate,0,[NH4+].[O-][Cl+3]([O-])([O-])[O-],
"3-(dimethoxyphosphinothioylsulfanylmethyl)-1,2,3-benzotriazin-4-one",0,COP(=S)(OC)SCn1nnc2ccccc2c1=O,
3-trimethoxysilylpropanenitrile,0,CO[Si](CCC#N)(OC)OC,
"4-amino-3,6-bis[[4-[[4-chloro-6-(3-sulfoanilino)-1,3,5-triazin-2-yl]amino]-2-sulfophenyl]diazenyl]-5-hydroxynaphthalene-2,7-disulfonic acid",0,Nc1c(N=Nc2ccc(Nc3nc(Cl)nc(Nc4cccc(S(=O)(=O)O)c4)n3)cc2S(=O)(=O)O)c(S(=O)(=O)O)cc2cc(S(=O)(=O)O)c(N=Nc3ccc(Nc4nc(Cl)nc(Nc5cccc(S(=O)(=O)O)c5)n4)cc3S(=O)(=O)O)c(O)c12,
(4-propan-2-ylcyclohexyl)methanol,0,CC(C)C1CCC(CO)CC1,
peroxyformic acid,0,O=COO,
(2-hydroxy-4-octoxyphenyl)-phenylmethanone,0,CCCCCCCCOc1ccc(C(=O)c2ccccc2)c(O)c1,
"6-(2,2-dimethylpropylideneamino)hexan-1-amine",0,CC(C)(C)C=NCCCCCCN,
3-bromoquinoline,0,Brc1cnc2ccccc2c1,
"acetic acid;4-cyclododecyl-2,6-dimethylmorpholine",0,CC(=O)O.CC1CN(C2CCCCCCCCCCC2)CC(C)O1,
"3,5-dimethyl-1,3,5-thiadiazinane-2-thione",0,CN1CSC(=S)N(C)C1,
"4-[[5-[[4-chloro-6-(3-sulfoanilino)-1,3,5-triazin-2-yl]amino]-2-sulfophenyl]diazenyl]-5-oxo-1-(4-sulfophenyl)-4H-pyrazole-3-carboxylic acid",0,O=C(O)C1=NN(c2ccc(S(=O)(=O)O)cc2)C(=O)C1N=Nc1cc(Nc2nc(Cl)nc(Nc3cccc(S(=O)(=O)O)c3)n2)ccc1S(=O)(=O)O,
"tetrasodium;2-[[4-fluoro-6-[methyl-[2-(2-sulfonatooxyethylsulfonyl)ethyl]amino]-1,3,5-triazin-2-yl]amino]-5-hydroxy-6-[(4-methyl-2-sulfonatophenyl)diazenyl]naphthalene-1,7-disulfonate",0,Cc1ccc(N=Nc2c(S(=O)(=O)[O-])cc3c(S(=O)(=O)[O-])c(Nc4nc(F)nc(N(C)CCS(=O)(=O)CCOS(=O)(=O)[O-])n4)ccc3c2O)c(S(=O)(=O)[O-])c1.[Na+].[Na+].[Na+].[Na+],
S-ethyl N-cyclohexyl-N-ethylcarbamothioate,0,CCSC(=O)N(CC)C1CCCCC1,
10-(2-methylprop-2-enoyloxy)decyl 2-methylprop-2-enoate,0,C=C(C)C(=O)OCCCCCCCCCCOC(=O)C(=C)C,
tert-butyl benzenecarboperoxoate,0,CC(C)(C)OOC(=O)c1ccccc1,
"methyl (2R,3S)-3-(4-methoxyphenyl)oxirane-2-carboxylate",0,COC(=O)C1OC1c1ccc(OC)cc1,
3-hydroxy-2-(3-hydroxyquinolin-2-yl)inden-1-one,0,O=C1C(c2nc3ccccc3cc2O)=C(O)c2ccccc21,
"azanium;2-methyl-4,6-dinitrophenolate",0,Cc1cc([N+](=O)[O-])cc([N+](=O)[O-])c1[O-].[NH4+],
1-ethyl-1-methylpyrrolidin-1-ium;bromide,0,CC[N+]1(C)CCCC1.[Br-],
propan-2-yl N-(3-chlorophenyl)carbamate,0,CC(C)OC(=O)Nc1cccc(Cl)c1,
"zinc;1,3-benzothiazole-2-thiolate",0,[S-]c1nc2ccccc2s1.[S-]c1nc2ccccc2s1.[Zn+2],
dodecyl benzoate,0,CCCCCCCCCCCCOC(=O)c1ccccc1,
pyridin-4-amine,0,Nc1ccncc1,
"ethyl (1R,6S)-2,2,6-trimethylcyclohexane-1-carboxylate",0,CCOC(=O)C1C(C)CCCC1(C)C,
trimethoxy(6-trimethoxysilylhexyl)silane,0,CO[Si](CCCCCC[Si](OC)(OC)OC)(OC)OC,
"1-fluoro-2,4-dinitrobenzene",0,O=[N+]([O-])c1ccc(F)c([N+](=O)[O-])c1,
(4-chlorophenyl) benzenesulfonate,0,O=S(=O)(Oc1ccc(Cl)cc1)c1ccccc1,
5-pentyloxolan-2-one,0,CCCCCC1CCC(=O)O1,
"diundecyl benzene-1,2-dicarboxylate",0,CCCCCCCCCCCOC(=O)c1ccccc1C(=O)OCCCCCCCCCCC,
1-(4-aminophenyl)-N-methylmethanesulfonamide;hydrochloride,0,CNS(=O)(=O)Cc1ccc(N)cc1.Cl,
2-(diphosphonomethyl)butanedioic acid,0,O=C(O)CC(C(=O)O)C(P(=O)(O)O)P(=O)(O)O,
"(3aR,5aS,9aS,9bR)-3a,6,6,9a-tetramethyl-2,4,5,5a,7,8,9,9b-octahydro-1H-benzo[e][1]benzofuran",0,CC1(C)CCCC2(C)C1CCC1(C)OCCC12,
"(1R,4aR,4bR,10aR)-1,4a-dimethyl-7-propan-2-yl-2,3,4,4b,5,6,10,10a-octahydrophenanthrene-1-carboxylic acid",0,CC(C)C1=CC2=CCC3C(C)(C(=O)O)CCCC3(C)C2CC1,
(1R)-1-(4-methylphenyl)ethanamine,0,Cc1ccc(C(C)N)cc1,
5-methyl-5-phenylhexan-3-one,0,CCC(=O)CC(C)(C)c1ccccc1,
ethyl 2-diethoxyphosphorylacetate,0,CCOC(=O)CP(=O)(OCC)OCC,
"methyl N-(3,4-dichlorophenyl)carbamate",0,COC(=O)Nc1ccc(Cl)c(Cl)c1,
"sodium;benzene-1,4-diamine;methanolate;methyl 2,3,4,5-tetrachloro-6-cyanobenzoate",0,COC(=O)c1c(Cl)c(Cl)c(Cl)c(Cl)c1C#N.C[O-].Nc1ccc(N)cc1.[Na+],
"2,4,6-trichloro-1,3,5-triazine",0,Clc1nc(Cl)nc(Cl)n1,
methyl-(2-methylbutoxy)-oxophosphanium;methyl-oxo-pentoxyphosphanium,0,CCC(C)CO[P+](C)=O.CCCCCO[P+](C)=O,
prop-2-enyl butanoate,0,C=CCOC(=O)CCC,
"hexasodium;7-[[4-chloro-6-[4-[[4-chloro-6-[[5-hydroxy-7-sulfonato-6-[[2-sulfonato-4-[(4-sulfonatophenyl)diazenyl]phenyl]diazenyl]naphthalen-2-yl]amino]-1,3,5-triazin-2-yl]amino]anilino]-1,3,5-triazin-2-yl]amino]-4-hydroxy-3-[[2-sulfonato-4-[(4-sulfonatophenyl)diazenyl]phenyl]diazenyl]naphthalene-2-sulfonate",0,O=S(=O)([O-])c1ccc(N=Nc2ccc(N=Nc3c(S(=O)(=O)[O-])cc4cc(Nc5nc(Cl)nc(Nc6ccc(Nc7nc(Cl)nc(Nc8ccc9c(O)c(N=Nc%10ccc(N=Nc%11ccc(S(=O)(=O)[O-])cc%11)cc%10S(=O)(=O)[O-])c(S(=O)(=O)[O-])cc9c8)n7)cc6)n5)ccc4c3O)c(S(=O)(=O)[O-])c2)cc1.[Na+].[Na+].[Na+].[Na+].[Na+].[Na+],
disodium;2-(3-oxido-1H-indol-2-yl)-1H-indol-3-olate,0,[Na+].[Na+].[O-]c1c(-c2[nH]c3ccccc3c2[O-])[nH]c2ccccc12,
"1,1,1-trichloro-2-methylpropan-2-ol",0,CC(C)(O)C(Cl)(Cl)Cl,
2-hydroxy-3-[3-[[(E)-3-(4-methoxyphenyl)prop-2-enoyl]amino]propyl-dimethylazaniumyl]propane-1-sulfonate,0,COc1ccc(C=CC(=O)NCCC[N+](C)(C)CC(O)CS(=O)(=O)[O-])cc1,
"hexane-1,6-diol",0,OCCCCCCO,
trichloro(cyclohexyl)silane,0,Cl[Si](Cl)(Cl)C1CCCCC1,
4-[(E)-4-[2-[3-[(E)-3-(3-carboxypropanoyloxy)prop-1-enyl]heptadecylsulfanyl]ethyl]octadec-2-enoxy]-4-oxobutanoic acid,0,CCCCCCCCCCCCCCC(C=CCOC(=O)CCC(=O)O)CCSCCC(C=CCOC(=O)CCC(=O)O)CCCCCCCCCCCCCC,
4-methylaniline;sulfuric acid,0,Cc1ccc(N)cc1.O=S(=O)(O)O,
"2,4-ditert-butylphenol",0,CC(C)(C)c1ccc(O)c(C(C)(C)C)c1,
"phenyl-(2,4,6-trimethylphenyl)methanone",0,Cc1cc(C)c(C(=O)c2ccccc2)c(C)c1,
1-[(2-chlorophenyl)-diphenylmethyl]imidazole,0,Clc1ccccc1C(c1ccccc1)(c1ccccc1)n1ccnc1,
N-ethylaniline,0,CCNc1ccccc1,
[8-[(4-aminophenyl)diazenyl]-7-hydroxynaphthalen-2-yl]-trimethylazanium;chloride,0,C[N+](C)(C)c1ccc2ccc(O)c(N=Nc3ccc(N)cc3)c2c1.[Cl-],
2-decyltetradecanoic acid,0,CCCCCCCCCCCCC(CCCCCCCCCC)C(=O)O,
"sodium;chromium(3+);4-[[3-(dioxidoamino)-6-oxocyclohexa-2,4-dien-1-ylidene]hydrazinylidene]-5-methyl-2-phenylpyrazol-3-one;5-methyl-4-[(5-nitro-2-oxidophenyl)diazenyl]-2-phenylpyrazol-3-olate",0,CC1=NN(c2ccccc2)C(=O)C1=NN=C1C=C(N([O-])[O-])C=CC1=O.Cc1nn(-c2ccccc2)c([O-])c1N=Nc1cc([N+](=O)[O-])ccc1[O-].[Cr+3].[Na+],
"bis(7-methyloctyl) benzene-1,4-dicarboxylate",0,CC(C)CCCCCCOC(=O)c1ccc(C(=O)OCCCCCCC(C)C)cc1,
carbononitridic bromide,0,N#CBr,
ethyl (3R)-4-cyano-3-hydroxybutanoate,0,CCOC(=O)CC(O)CC#N,
prop-2-enamide,0,C=CC(N)=O,
4-[(4-aminophenyl)methyl]aniline;2-(chloromethyl)oxirane,0,ClCC1CO1.Nc1ccc(Cc2ccc(N)cc2)cc1,
benzyl propanoate,0,CCC(=O)OCc1ccccc1,
"2,2-dichloroethenyl 2-ethylsulfinylethyl methyl phosphate",0,CCS(=O)CCOP(=O)(OC)OC=C(Cl)Cl,
"1,3-dibromo-5-[2-[3,5-dibromo-4-(2,3-dibromopropoxy)phenyl]propan-2-yl]-2-(2,3-dibromopropoxy)benzene",0,CC(C)(c1cc(Br)c(OCC(Br)CBr)c(Br)c1)c1cc(Br)c(OCC(Br)CBr)c(Br)c1,
"ethenyl 7,7-dimethyloctanoate",0,C=COC(=O)CCCCCC(C)(C)C,
calcium;2-dodecylbenzenesulfonate,0,CCCCCCCCCCCCc1ccccc1S(=O)(=O)[O-].CCCCCCCCCCCCc1ccccc1S(=O)(=O)[O-].[Ca+2],
"sodium;1,3-diaza-5-azanidacyclohexane-2,4,6-trione",0,O=c1[n-]c(=O)[nH]c(=O)[nH]1.[Na+],
2-chloro-5-methylpyridine,0,Cc1ccc(Cl)nc1,
"2,4,7-trimethyloct-6-en-1-ol",0,CC(C)=CCC(C)CC(C)CO,
"2,3,3,4,4-pentafluoro-2,5-bis(1,1,1,2,3,3,3-heptafluoropropan-2-yl)-5-methoxyoxolane",0,COC1(C(F)(C(F)(F)F)C(F)(F)F)OC(F)(C(F)(C(F)(F)F)C(F)(F)F)C(F)(F)C1(F)F,
benzyl N-(2-cyanopropan-2-yl)carbamate,0,CC(C)(C#N)NC(=O)OCc1ccccc1,
"diethoxy-sulfanylidene-(3,5,6-trichloropyridin-2-yl)oxy-lambda5-phosphane",0,CCOP(=S)(OCC)Oc1nc(Cl)c(Cl)cc1Cl,
3-chloropropyl carbonochloridate,0,O=C(Cl)OCCCCl,
"2-[N-(2-cyanoethyl)-4-[(2,6-dichloro-4-nitrophenyl)diazenyl]anilino]ethyl acetate",0,CC(=O)OCCN(CCC#N)c1ccc(N=Nc2c(Cl)cc([N+](=O)[O-])cc2Cl)cc1,
N-(2-methyl-4-oxopentan-2-yl)prop-2-enamide,0,C=CC(=O)NC(C)(C)CC(C)=O,
"5-ethoxy-3-(trichloromethyl)-1,2,4-thiadiazole",0,CCOc1nc(C(Cl)(Cl)Cl)ns1,
"3-bromo-2,2-bis(bromomethyl)propan-1-ol",0,OCC(CBr)(CBr)CBr,
cyanoiminomethylideneazanide;1-ethyl-3-methylimidazol-3-ium,0,CCn1cc[n+](C)c1.N#CN=C=[N-],
2-aminoacetic acid,0,NCC(=O)O,
1-chloro-3-ethenylbenzene,0,C=Cc1cccc(Cl)c1,
"(2S,4S)-4-cyclohexylpyrrolidine-2-carboxylic acid;hydrochloride",0,Cl.O=C(O)C1CC(C2CCCCC2)CN1,
phenylmethanol,0,OCc1ccccc1,
2-(5-acetamido-N-benzyl-2-methoxyanilino)ethyl acetate,0,COc1ccc(NC(C)=O)cc1N(CCOC(C)=O)Cc1ccccc1,
triphenyl phosphite,0,c1ccc(OP(Oc2ccccc2)Oc2ccccc2)cc1,
"tetrasodium;1,1-diphosphonatoethanol",0,CC(O)(P(=O)([O-])[O-])P(=O)([O-])[O-].[Na+].[Na+].[Na+].[Na+],
(piperidine-1-carbothioylpentasulfanyl) piperidine-1-carbodithioate,0,S=C(SSSSSSC(=S)N1CCCCC1)N1CCCCC1,
manganese(2+);oxalate,0,O=C([O-])C(=O)[O-].[Mn+2],
[9-(2-carboxyphenyl)-6-(diethylamino)xanthen-3-ylidene]-diethylazanium;chloride,0,CCN(CC)c1ccc2c(-c3ccccc3C(=O)O)c3ccc(=[N+](CC)CC)cc-3oc2c1.[Cl-],
"4',5'-dibromo-3',6'-dihydroxyspiro[2-benzofuran-3,9'-xanthene]-1-one",0,O=C1OC2(c3ccccc31)c1ccc(O)c(Br)c1Oc1c2ccc(O)c1Br,
2-butoxyethyl acetate,0,CCCCOCCOC(C)=O,
disodium;5-[(3-methyl-5-oxo-1-phenyl-4H-pyrazol-4-yl)diazenyl]-2-[4-[(3-methyl-5-oxo-1-phenyl-4H-pyrazol-4-yl)diazenyl]-2-sulfonatophenyl]benzenesulfonate,0,CC1=NN(c2ccccc2)C(=O)C1N=Nc1ccc(-c2ccc(N=NC3C(=O)N(c4ccccc4)N=C3C)cc2S(=O)(=O)[O-])c(S(=O)(=O)[O-])c1.[Na+].[Na+],
"2,3-dibutylnaphthalene-1-sulfonic acid;4-phenyldiazenylbenzene-1,3-diamine",0,CCCCc1cc2ccccc2c(S(=O)(=O)O)c1CCCC.Nc1ccc(N=Nc2ccccc2)c(N)c1,
"2-diethoxyphosphinothioylisoindole-1,3-dione",0,CCOP(=S)(OCC)N1C(=O)c2ccccc2C1=O,
dioxosilane;oxo(oxoalumanyloxy)alumane,0,O=[Si]=O.O=[Si]=O.[O]=[Al][O][Al]=[O].[O]=[Al][O][Al]=[O].[O]=[Al][O][Al]=[O],
sodium;hydroxide,0,[Na+].[OH-],
4-[4-[[2-methoxy-5-methyl-4-(2-sulfooxyethylsulfonyl)phenyl]diazenyl]-3-methyl-5-oxo-4H-pyrazol-1-yl]benzenesulfonic acid,0,COc1cc(S(=O)(=O)CCOS(=O)(=O)O)c(C)cc1N=NC1C(=O)N(c2ccc(S(=O)(=O)O)cc2)N=C1C,
"magnesium;2,3-di(nonyl)naphthalene-1-sulfonate",0,CCCCCCCCCc1cc2ccccc2c(S(=O)(=O)[O-])c1CCCCCCCCC.CCCCCCCCCc1cc2ccccc2c(S(=O)(=O)[O-])c1CCCCCCCCC.[Mg+2],
[dibutyl-[dibutyl(octanoyloxy)stannyl]oxystannyl] octanoate,0,CCCCCCCC(=O)[O][Sn]([CH2]CCC)([CH2]CCC)[O][Sn]([CH2]CCC)([CH2]CCC)[O]C(=O)CCCCCCC,
3-[2-cyanoethyl(methyl)amino]propanenitrile,0,CN(CCC#N)CCC#N,
2-methyl-5-nitroaniline,0,Cc1ccc([N+](=O)[O-])cc1N,
4-amino-5-methyl-1H-pyridin-2-one,0,Cc1c[nH]c(=O)cc1N,
thiirane,0,C1CS1,
"ethyl 2-chloro-2,2-diphenylacetate",0,CCOC(=O)C(Cl)(c1ccccc1)c1ccccc1,
"(E)-3-methyl-4-(2,6,6-trimethylcyclohex-2-en-1-yl)but-3-en-2-one",0,CC(=O)C(C)=CC1C(C)=CCCC1(C)C,
N-[4-chloro-2-(trifluoromethyl)phenyl]-1-imidazol-1-yl-2-propoxyethanimine,0,CCCOCC(=Nc1ccc(Cl)cc1C(F)(F)F)n1ccnc1,
"4-phenyldiazenylbenzene-1,3-diamine",0,Nc1ccc(N=Nc2ccccc2)c(N)c1,
"dialuminum;2,3,4,5-tetrachloro-6-(2,4,5,7-tetrabromo-3-oxido-6-oxoxanthen-9-yl)benzoate",0,O=C([O-])c1c(Cl)c(Cl)c(Cl)c(Cl)c1-c1c2cc(Br)c(=O)c(Br)c-2oc2c(Br)c([O-])c(Br)cc12.O=C([O-])c1c(Cl)c(Cl)c(Cl)c(Cl)c1-c1c2cc(Br)c(=O)c(Br)c-2oc2c(Br)c([O-])c(Br)cc12.O=C([O-])c1c(Cl)c(Cl)c(Cl)c(Cl)c1-c1c2cc(Br)c(=O)c(Br)c-2oc2c(Br)c([O-])c(Br)cc12.[Al+3].[Al+3],
4-nitrosoaniline,0,Nc1ccc(N=O)cc1,
N-[2-di(propan-2-yloxy)phosphinothioylsulfanylethyl]benzenesulfonamide,0,CC(C)OP(=S)(OC(C)C)SCCNS(=O)(=O)c1ccccc1,
trimethyl(octadecyl)azanium;chloride,0,CCCCCCCCCCCCCCCCCC[N+](C)(C)C.[Cl-],
2-(2-cyanobutan-2-yldiazenyl)-2-methylbutanenitrile,0,CCC(C)(C#N)N=NC(C)(C#N)CC,
"2,2,2-trichloroethane-1,1-diol",0,OC(O)C(Cl)(Cl)Cl,
"6-[3-(3,5-ditert-butyl-4-hydroxyphenyl)propanoyloxy]hexyl 3-(3,5-ditert-butyl-4-hydroxyphenyl)propanoate",0,CC(C)(C)c1cc(CCC(=O)OCCCCCCOC(=O)CCc2cc(C(C)(C)C)c(O)c(C(C)(C)C)c2)cc(C(C)(C)C)c1O,
7-anilino-4-hydroxynaphthalene-2-sulfonic acid,0,O=S(=O)(O)c1cc(O)c2ccc(Nc3ccccc3)cc2c1,
trichloro(trichlorosilyl)silane,0,Cl[Si](Cl)(Cl)[Si](Cl)(Cl)Cl,
"[2-[(6S,8S,9R,10S,11S,13S,14S,16R,17S)-9-bromo-6-fluoro-11-hydroxy-10,13,16-trimethyl-3-oxo-7,8,11,12,14,15,16,17-octahydro-6H-cyclopenta[a]phenanthren-17-yl]-2-oxoethyl] pentanoate",0,CCCCC(=O)OCC(=O)C1C(C)CC2C3CC(F)C4=CC(=O)C=CC4(C)C3(Br)C(O)CC21C,
azane;palladium(2+);dinitrate,0,N.N.N.N.O=[N+]([O-])[O-].O=[N+]([O-])[O-].[Pd+2],
"dipotassium;7-oxabicyclo[2.2.1]heptane-2,3-dicarboxylate",0,O=C([O-])C1C2CCC(O2)C1C(=O)[O-].[K+].[K+],
"N,3-dimethylaniline",0,CNc1cccc(C)c1,
"N,N-dipropylpropan-1-amine",0,CCCN(CCC)CCC,
1-[(2-chloro-4-nitrophenyl)diazenyl]naphthalen-2-ol,0,O=[N+]([O-])c1ccc(N=Nc2c(O)ccc3ccccc23)c(Cl)c1,
"2-tert-butyl-4,6-dimethylphenol",0,Cc1cc(C)c(O)c(C(C)(C)C)c1,
trioxotungsten,0,[O]=[W](=[O])=[O],
2-aminobenzoic acid,0,Nc1ccccc1C(=O)O,
propane-1-thiol,0,CCCS,
2-pyridin-2-ylpyridine,0,c1ccc(-c2ccccn2)nc1,
2-[[5-(oxiran-2-ylmethoxy)naphthalen-2-yl]oxymethyl]oxirane,0,c1cc(OCC2CO2)c2ccc(OCC3CO3)cc2c1,
2-(tert-butylamino)ethyl 2-methylprop-2-enoate,0,C=C(C)C(=O)OCCNC(C)(C)C,
"sodium;1,3,7,9-tetratert-butyl-11-oxido-5H-benzo[d][1,3,2]benzodioxaphosphocine 11-oxide",0,CC(C)(C)c1cc2c(c(C(C)(C)C)c1)OP(=O)([O-])Oc1c(cc(C(C)(C)C)cc1C(C)(C)C)C2.[Na+],
oxiran-2-ylmethyl 2-methylprop-2-enoate,0,C=C(C)C(=O)OCC1CO1,
1-(3-chlorophenyl)-4-(3-chloropropyl)piperazine,0,ClCCCN1CCN(c2cccc(Cl)c2)CC1,
3-(2-cyanoethylamino)propanenitrile,0,N#CCCNCCC#N,
arsenic,0,[As],
1-chloro-2-ethenylbenzene,0,C=Cc1ccccc1Cl,
azanium;bromide,0,[Br-].[NH4+],
"(2R)-2,4-dihydroxy-N-(3-hydroxypropyl)-3,3-dimethylbutanamide",0,CC(C)(CO)C(O)C(=O)NCCCO,
3-[3-(diethylcarbamoyl)pyridin-1-ium-1-yl]propane-1-sulfonate,0,CCN(CC)C(=O)c1ccc[n+](CCCS(=O)(=O)[O-])c1,
ethoxy-(4-nitrophenoxy)-phenyl-sulfanylidene-lambda5-phosphane,0,CCOP(=S)(Oc1ccc([N+](=O)[O-])cc1)c1ccccc1,
1-[(2-oxoazepan-1-yl)disulfanyl]azepan-2-one,0,O=C1CCCCCN1SSN1CCCCCC1=O,
quinoline,0,c1ccc2ncccc2c1,
zinc;bis(6-methylheptoxy)-sulfanylidene-sulfido-lambda5-phosphane,0,CC(C)CCCCCOP(=S)([S-])OCCCCCC(C)C.CC(C)CCCCCOP(=S)([S-])OCCCCCC(C)C.[Zn+2],
"3-[4-(4-fluorophenyl)-5-(methoxymethyl)-2,6-di(propan-2-yl)pyridin-3-yl]prop-2-enal",0,COCc1c(C(C)C)nc(C(C)C)c(C=CC=O)c1-c1ccc(F)cc1,
"3-(5,5,6-trimethyl-2-bicyclo[2.2.1]heptanyl)cyclohexan-1-ol",0,CC1C2CC(CC2C2CCCC(O)C2)C1(C)C,
nonacosane,0,CCCCCCCCCCCCCCCCCCCCCCCCCCCCC,
"2-hydroxypropane-1,2,3-tricarboxylic acid",0,O=C(O)CC(O)(CC(=O)O)C(=O)O,
"2,2-dimethylhexane",0,CCCCC(C)(C)C,
2-amino-5-methylbenzenesulfonic acid,0,Cc1ccc(N)c(S(=O)(=O)O)c1,
undecan-1-ol,0,CCCCCCCCCCCO,
(E)-N-[(4-hydroxy-3-methoxyphenyl)methyl]-8-methylnon-6-enamide,0,COc1cc(CNC(=O)CCCCC=CC(C)C)ccc1O,
"S-ethyl N,N-dipropylcarbamothioate",0,CCCN(CCC)C(=O)SCC,
ethyl 3-hydroxy-5-oxocyclohex-3-ene-1-carboxylate,0,CCOC(=O)C1CC(=O)C=C(O)C1,
1-(4-methoxyphenyl)ethanone,0,COc1ccc(C(C)=O)cc1,
"(1,2-dibromo-2,2-dichloroethyl) dimethyl phosphate",0,COP(=O)(OC)OC(Br)C(Cl)(Cl)Br,
2-ethoxy-2-methylbutane,0,CCOC(C)(C)CC,
phenylmercury;hydrate,0,O.[Hg][c]1ccccc1,
(NZ)-N-(5-methylheptan-3-ylidene)hydroxylamine,0,CCC(CC(C)CC)=NO,
"(5-benzylfuran-3-yl)methyl 2,2-dimethyl-3-(2-methylprop-1-enyl)cyclopropane-1-carboxylate",0,CC(C)=CC1C(C(=O)OCc2coc(Cc3ccccc3)c2)C1(C)C,
"sodium;2-methyl-1,4-dioxo-3H-naphthalene-2-sulfonate",0,CC1(S(=O)(=O)[O-])CC(=O)c2ccccc2C1=O.[Na+],
"2,4-dinitrophenol",0,O=[N+]([O-])c1ccc(O)c([N+](=O)[O-])c1,
[(Z)-docos-13-enyl]-bis(2-hydroxyethyl)-methylazanium;chloride,0,CCCCCCCCC=CCCCCCCCCCCCC[N+](C)(CCO)CCO.[Cl-],
"4,8,12-trimethyltrideca-3,7,11-trienoic acid",0,CC(C)=CCCC(C)=CCCC(C)=CCC(=O)O,
bicyclo[13.2.2]nonadecane,0,C1CCCCCCC2CCC(CCCCCC1)CC2,
N-(hydroxymethyl)prop-2-enamide,0,C=CC(=O)NCO,
"2-(4-chlorophenyl)-3-cyclopropyl-1-(1,2,4-triazol-1-yl)butan-2-ol",0,CC(C1CC1)C(O)(Cn1cncn1)c1ccc(Cl)cc1,
2-methyl-5-nitroaniline;hydrochloride,0,Cc1ccc([N+](=O)[O-])cc1N.Cl,
3-hydroxypropyl 2-methylprop-2-enoate,0,C=C(C)C(=O)OCCCO,
2-cyclohexylidene-2-phenylacetonitrile,0,N#CC(=C1CCCCC1)c1ccccc1,
hafnium,0,[Hf],
"disodium;1-amino-9,10-dioxo-4-[3-(2-sulfonatooxyethylsulfonyl)anilino]anthracene-2-sulfonate",0,Nc1c(S(=O)(=O)[O-])cc(Nc2cccc(S(=O)(=O)CCOS(=O)(=O)[O-])c2)c2c1C(=O)c1ccccc1C2=O.[Na+].[Na+],
"2,2-dichloro-1,3-benzodioxole",0,ClC1(Cl)Oc2ccccc2O1,
dioxoplatinum,0,[O]=[Pt]=[O],
"dipotassium;bicyclo[2.2.1]hept-5-ene-2,3-dicarboxylate",0,O=C([O-])C1C2C=CC(C2)C1C(=O)[O-].[K+].[K+],
prop-1-ene,0,C=CC,
"N,N'-dibutylhexane-1,6-diamine",0,CCCCNCCCCCCNCCCC,
zinc;dibutoxy-sulfanylidene-sulfido-lambda5-phosphane,0,CCCCOP(=S)([S-])OCCCC.CCCCOP(=S)([S-])OCCCC.[Zn+2],
"disodium;2',4',5',7'-tetrabromo-4,5,6,7-tetrachloro-3-oxospiro[2-benzofuran-1,9'-xanthene]-3',6'-diolate",0,O=C1OC2(c3cc(Br)c([O-])c(Br)c3Oc3c2cc(Br)c([O-])c3Br)c2c(Cl)c(Cl)c(Cl)c(Cl)c21.[Na+].[Na+],
"(2S,5R)-6,6-dibromo-3,3-dimethyl-4,4,7-trioxo-4lambda6-thia-1-azabicyclo[3.2.0]heptane-2-carboxylic acid",0,CC1(C)C(C(=O)O)N2C(=O)C(Br)(Br)C2S1(=O)=O,
4-(2-methylprop-2-enoyloxy)butyl 2-methylprop-2-enoate,0,C=C(C)C(=O)OCCCCOC(=O)C(=C)C,
"zinc;2,3-di(nonyl)naphthalene-1-sulfonate",0,CCCCCCCCCc1cc2ccccc2c(S(=O)(=O)[O-])c1CCCCCCCCC.CCCCCCCCCc1cc2ccccc2c(S(=O)(=O)[O-])c1CCCCCCCCC.[Zn+2],
"trisodium;5-[[4-chloro-6-(naphthalen-1-ylamino)-1,3,5-triazin-2-yl]amino]-4-hydroxy-3-[(4-methoxy-2-sulfonatophenyl)diazenyl]naphthalene-2,7-disulfonate",0,COc1ccc(N=Nc2c(S(=O)(=O)[O-])cc3cc(S(=O)(=O)[O-])cc(Nc4nc(Cl)nc(Nc5cccc6ccccc56)n4)c3c2O)c(S(=O)(=O)[O-])c1.[Na+].[Na+].[Na+],
barium(2+);oxido(oxo)borane,0,O=B[O-].O=B[O-].[Ba+2],
"5-ethyl-5-phenyl-1,3-diazinane-2,4,6-trione",0,CCC1(c2ccccc2)C(=O)NC(=O)NC1=O,
"disodium;[2,7-dibromo-9-(2-carboxylatophenyl)-3-oxido-6-oxoxanthen-4-yl]mercury;hydrate",0,O.O=C([O-])c1ccccc1-c1c2cc(Br)c(=O)cc-2oc2[c]([Hg])c([O-])c(Br)cc12.[Na+].[Na+],
1-naphthalen-2-ylethanone,0,CC(=O)c1ccc2ccccc2c1,
"(2S,3S,6R)-3-[[(3S)-3-amino-5-[carbamimidoyl(methyl)amino]pentanoyl]amino]-6-(4-amino-2-oxopyrimidin-1-yl)-3,6-dihydro-2H-pyran-2-carboxylic acid",0,CN(CCC(N)CC(=O)NC1C=CC(n2ccc(N)nc2=O)OC1C(=O)O)C(=N)N,
"bis(1,2,2,6,6-pentamethylpiperidin-4-yl) 2-butyl-2-[(3,5-ditert-butyl-4-hydroxyphenyl)methyl]propanedioate",0,CCCCC(Cc1cc(C(C)(C)C)c(O)c(C(C)(C)C)c1)(C(=O)OC1CC(C)(C)N(C)C(C)(C)C1)C(=O)OC1CC(C)(C)N(C)C(C)(C)C1,
"2,5-dinitrophenol",0,O=[N+]([O-])c1ccc([N+](=O)[O-])c(O)c1,
oxaldehyde;urea,0,NC(N)=O.O=CC=O,
trilithium;phosphate,0,O=P([O-])([O-])[O-].[Li+].[Li+].[Li+],
tricosane,0,CCCCCCCCCCCCCCCCCCCCCCC,
"1-ethoxy-2,3-difluoro-4-(4-pentylcyclohexyl)benzene",0,CCCCCC1CCC(c2ccc(OCC)c(F)c2F)CC1,
benzyl N-[(1Z)-1-amino-1-hydroxyimino-2-methylpropan-2-yl]carbamate,0,CC(C)(NC(=O)OCc1ccccc1)C(N)=NO,
"1,1-di(propan-2-yloxy)cyclohexane",0,CC(C)OC1(OC(C)C)CCCCC1,
dizinc;carbonate;dihydroxide,0,O=C([O-])[O-].[OH-].[OH-].[Zn+2].[Zn+2],
2-ethoxy-4-hydroxy-1H-pyrimidin-6-one,0,CCOc1nc(O)cc(=O)[nH]1,
"trisodium;3-hydroxy-4-[(4-sulfonatonaphthalen-1-yl)diazenyl]naphthalene-2,7-disulfonate",0,O=S(=O)([O-])c1ccc2c(N=Nc3ccc(S(=O)(=O)[O-])c4ccccc34)c(O)c(S(=O)(=O)[O-])cc2c1.[Na+].[Na+].[Na+],
zinc;4-methylpentan-2-yloxy-propan-2-yloxy-sulfanylidene-sulfido-lambda5-phosphane,0,CC(C)CC(C)OP(=S)([S-])OC(C)C.CC(C)CC(C)OP(=S)([S-])OC(C)C.[Zn+2],
"2,3,5,6-tetrachloropyridine",0,Clc1cc(Cl)c(Cl)nc1Cl,
N-(2-phenoxyphenyl)methanesulfonamide,0,CS(=O)(=O)Nc1ccccc1Oc1ccccc1,
"1,4-bis(4-butylanilino)-5,8-dihydroxyanthracene-9,10-dione",0,CCCCc1ccc(Nc2ccc(Nc3ccc(CCCC)cc3)c3c2C(=O)c2c(O)ccc(O)c2C3=O)cc1,
"3,7-dimethyloctan-1-ol",0,CC(C)CCCC(C)CCO,
methyl 2-methoxy-5-methylsulfonylbenzoate,0,COC(=O)c1cc(S(C)(=O)=O)ccc1OC,
"1-ethoxy-2,3-difluoro-4-(4-propylcyclohexyl)benzene",0,CCCC1CCC(c2ccc(OCC)c(F)c2F)CC1,
2-ethylhexyl 2-methylprop-2-enoate,0,C=C(C)C(=O)OCC(CC)CCCC,
2-nitrophenol,0,O=[N+]([O-])c1ccccc1O,
butyl butanoate,0,CCCCOC(=O)CCC,
"1,2-dimethylimidazole",0,Cc1nccn1C,
disodium;5-chloro-2-hydroxy-3-[[5-methyl-3-oxo-2-(3-sulfonatophenyl)-1H-pyrazol-4-yl]diazenyl]benzenesulfonate,0,Cc1[nH]n(-c2cccc(S(=O)(=O)[O-])c2)c(=O)c1N=Nc1cc(Cl)cc(S(=O)(=O)[O-])c1O.[Na+].[Na+],
"(2,4-dimethylcyclohex-3-en-1-yl)methyl acetate",0,CC(=O)OCC1CCC(C)=CC1C,
cadmium(2+);ditetrafluoroborate,0,F[B-](F)(F)F.F[B-](F)(F)F.[Cd+2],
bis(2-butoxyethyl) hexanedioate,0,CCCCOCCOC(=O)CCCCC(=O)OCCOCCCC,
"2-ethyl-2-(hydroxymethyl)propane-1,3-diol",0,CCC(CO)(CO)CO,
disodium;2-hexadecyl-3-(2-sulfophenoxy)benzenesulfonic acid,0,CCCCCCCCCCCCCCCCc1c(Oc2ccccc2S(=O)(=O)O)cccc1S(=O)(=O)O.[Na+].[Na+],
2-[4-[bis(2-hydroxyethyl)amino]-2-nitroanilino]ethanol,0,O=[N+]([O-])c1cc(N(CCO)CCO)ccc1NCCO,
ethyl N-phenylcarbamate,0,CCOC(=O)Nc1ccccc1,
manganese(2+);carbonate,0,O=C([O-])[O-].[Mn+2],
"N,N-dimethylacetamide",0,CC(=O)N(C)C,
benzenethiol,0,Sc1ccccc1,
docosane,0,CCCCCCCCCCCCCCCCCCCCCC,
"[(2E)-3,7-dimethylocta-2,6-dienyl] butanoate",0,CCCC(=O)OCC=C(C)CCC=C(C)C,
4-methylheptane,0,CCCC(C)CCC,
2-[3-[bis(carboxymethyl)amino]propyl-(carboxymethyl)amino]acetic acid,0,O=C(O)CN(CCCN(CC(=O)O)CC(=O)O)CC(=O)O,
2-ethoxyethanol,0,CCOCCO,
nickel(2+);dinitrate;hexahydrate,0,O.O.O.O.O.O.O=[N+]([O-])[O-].O=[N+]([O-])[O-].[Ni+2],
lithium;12-hydroxyoctadecanoate,0,CCCCCCC(O)CCCCCCCCCCC(=O)[O-].[Li+],
methyl (E)-3-dimethoxyphosphoryloxybut-2-enoate,0,COC(=O)C=C(C)OP(=O)(OC)OC,
dilithium;hexanedioate,0,O=C([O-])CCCCC(=O)[O-].[Li+].[Li+],
4-methylaniline,0,Cc1ccc(N)cc1,
3-(3-chloropropyl)-1H-benzimidazol-2-one,0,O=c1[nH]c2ccccc2n1CCCCl,
"3,5,5-trimethylhexanoyl 3,5,5-trimethylhexaneperoxoate",0,CC(CC(=O)OOC(=O)CC(C)CC(C)(C)C)CC(C)(C)C,
"4-ethyl-2-methyl-2-(3-methylbutyl)-1,3-oxazolidine",0,CCC1COC(C)(CCC(C)C)N1,
4-methyl-1-phenylpyrazolidin-3-one,0,CC1CN(c2ccccc2)NC1=O,
"4-methylbenzene-1,2-diamine",0,Cc1ccc(N)c(N)c1,
"calcium;2,3-dihydroxybutanedioate",0,O=C([O-])C(O)C(O)C(=O)[O-].[Ca+2],
4-methoxy-2-nitroaniline,0,COc1ccc(N)c([N+](=O)[O-])c1,
azane;oxirane,0,C1CO1.N,
"2-N,3-diphenyl-4-N,5-N-bis(trifluoromethyl)-1,3-thiazolidine-2,4,5-triimine",0,FC(F)(F)N=C1SC(=Nc2ccccc2)N(c2ccccc2)C1=NC(F)(F)F,
heptanoyl heptanoate,0,CCCCCCC(=O)OC(=O)CCCCCC,
"N-(2-chloroethyl)-2,6-dinitro-N-propyl-4-(trifluoromethyl)aniline",0,CCCN(CCCl)c1c([N+](=O)[O-])cc(C(F)(F)F)cc1[N+](=O)[O-],
3-aminophenol,0,Nc1cccc(O)c1,
"14-octadecyl-8-thia-14-azapentacyclo[10.6.2.02,7.09,19.016,20]icosa-1(19),2,4,6,9,11,16(20),17-octaene-13,15-dione",0,CCCCCCCCCCCCCCCCCCn1c(=O)c2ccc3sc4ccccc4c4ccc(c1=O)c2c34,
"methyl (2R)-2-(N-(2-methoxyacetyl)-2,6-dimethylanilino)propanoate",0,COCC(=O)N(c1c(C)cccc1C)C(C)C(=O)OC,
dichloro(ethyl)alumane,0,C[CH2][Al]([Cl])[Cl],
5-ethenylbicyclo[2.2.1]hept-2-ene,0,C=CC1CC2C=CC1C2,
"1-[difluoro(trifluoromethoxy)methoxy]-1,2,2-trifluoroethene",0,FC(F)=C(F)OC(F)(F)OC(F)(F)F,
methyl 2-chlorosulfonyl-4-(methanesulfonamidomethyl)benzoate,0,COC(=O)c1ccc(CNS(C)(=O)=O)cc1S(=O)(=O)Cl,
2-chloro-10-[3-(4-methylpiperazin-1-yl)propyl]phenothiazine,0,CN1CCN(CCCN2c3ccccc3Sc3ccc(Cl)cc32)CC1,
"3-nitro-1,4-dihydro-1,2,4-triazol-5-one",0,O=c1[nH]nc([N+](=O)[O-])[nH]1,
N-[(4-tert-butylphenyl)methyl]-4-chloro-5-ethyl-2-methylpyrazole-3-carboxamide,0,CCc1nn(C)c(C(=O)NCc2ccc(C(C)(C)C)cc2)c1Cl,
(Z)-2-fluoro-3-morpholin-4-ylprop-2-enal,0,O=CC(F)=CN1CCOCC1,
butane-1-thiol,0,CCCCS,
"1,1,1,3,3,3-hexafluoro-2-(fluoromethoxy)propane",0,FCOC(C(F)(F)F)C(F)(F)F,
"2,3,5-trimethylphenol",0,Cc1cc(C)c(C)c(O)c1,
"ethenyl 6,6-dimethylheptanoate",0,C=COC(=O)CCCCC(C)(C)C,
"potassium;sodium;2-[[4-[[4-[(4-amino-9,10-dioxo-3-sulfonatoanthracen-1-yl)amino]cyclohexyl]amino]-6-fluoro-1,3,5-triazin-2-yl]amino]benzene-1,4-disulfonate",0,Nc1c(S(=O)(=O)[O-])cc(NC2CCC(Nc3nc(F)nc(Nc4cc(S(=O)(=O)[O-])ccc4S(=O)(=O)[O-])n3)CC2)c2c1C(=O)c1ccccc1C2=O.[K+].[Na+],
2-(2-dimethoxyphosphorylsulfanylethylsulfinyl)propane,0,COP(=O)(OC)SCCS(=O)C(C)C,
"[(1S,2S,5S,6R,7R,9S,10S,18R)-5-(cyclopropanecarbonyloxy)-9,18-dihydroxy-2,6,10-trimethyl-16-oxo-14-pyridin-3-yl-11,15-dioxatetracyclo[8.8.0.02,7.012,17]octadeca-12(17),13-dien-6-yl]methyl cyclopropanecarboxylate",0,CC1(COC(=O)C2CC2)C(OC(=O)C2CC2)CCC2(C)C1CC(O)C1(C)Oc3cc(-c4cccnc4)oc(=O)c3C(O)C21,
bromo(dimethyl)alumane;dibromo(methyl)alumane,0,[CH3][Al]([Br])[Br].[CH3][Al]([CH3])[Br],
tetraethylstannane,0,C[CH2][Sn]([CH2]C)([CH2]C)[CH2]C,
4-[[2-methoxy-4-[(4-nitrophenyl)diazenyl]phenyl]diazenyl]phenol,0,COc1cc(N=Nc2ccc([N+](=O)[O-])cc2)ccc1N=Nc1ccc(O)cc1,
"dibenzylcarbamothioylsulfanyl N,N-dibenzylcarbamodithioate",0,S=C(SSC(=S)N(Cc1ccccc1)Cc1ccccc1)N(Cc1ccccc1)Cc1ccccc1,
"1-amino-4-hydroxy-2-phenoxyanthracene-9,10-dione",0,Nc1c(Oc2ccccc2)cc(O)c2c1C(=O)c1ccccc1C2=O,
"1-(4-chlorophenyl)-3-(3,4-dichlorophenyl)urea",0,O=C(Nc1ccc(Cl)cc1)Nc1ccc(Cl)c(Cl)c1,
"2,5-dibutoxy-4-morpholin-4-ylbenzenediazonium;4-methylbenzenesulfonate",0,CCCCOc1cc(N2CCOCC2)c(OCCCC)cc1[N+]#N.Cc1ccc(S(=O)(=O)[O-])cc1,
3-chloro-7-diethoxyphosphinothioyloxy-4-methylchromen-2-one,0,CCOP(=S)(OCC)Oc1ccc2c(C)c(Cl)c(=O)oc2c1,
"2,2-dibromoacetonitrile",0,N#CC(Br)Br,
"(4E,6E)-3,7,11-trimethyldodeca-1,4,6,10-tetraen-3-ol",0,C=CC(C)(O)C=CC=C(C)CCC=C(C)C,
"[cyano-(3-phenoxyphenyl)methyl] 2,2,3,3-tetramethylcyclopropane-1-carboxylate",0,CC1(C)C(C(=O)OC(C#N)c2cccc(Oc3ccccc3)c2)C1(C)C,
2-chloro-N-(4-methylphenyl)acetamide,0,Cc1ccc(NC(=O)CCl)cc1,
(2-tert-butylcyclohexyl) ethyl carbonate,0,CCOC(=O)OC1CCCCC1C(C)(C)C,
"azane;2,4,6-trinitro-N-(2,4,6-trinitrophenyl)aniline",0,N.O=[N+]([O-])c1cc([N+](=O)[O-])c(Nc2c([N+](=O)[O-])cc([N+](=O)[O-])cc2[N+](=O)[O-])c([N+](=O)[O-])c1,
methanetrisulfonic acid,0,O=S(=O)(O)C(S(=O)(=O)O)S(=O)(=O)O,
4-(3-hydroxypropylamino)-3-nitrophenol,0,O=[N+]([O-])c1cc(O)ccc1NCCCO,
4-[2-(4-tert-butylphenyl)ethoxy]quinazoline,0,CC(C)(C)c1ccc(CCOc2ncnc3ccccc23)cc1,
dichloromercury,0,[Cl][Hg][Cl],
[9-(2-carboxyphenyl)-6-(diethylamino)xanthen-3-ylidene]-diethylazanium;acetate,0,CC(=O)[O-].CCN(CC)c1ccc2c(-c3ccccc3C(=O)O)c3ccc(=[N+](CC)CC)cc-3oc2c1,
diethylalumanyloxy-ethyl-dimethylsilane,0,C[CH2][Al]([CH2]C)[O][Si](C)(C)CC,
1-morpholin-4-ylprop-2-en-1-one,0,C=CC(=O)N1CCOCC1,
(E)-4-methyldec-3-en-5-ol,0,CCC=C(C)C(O)CCCCC,
N-benzylethanamine,0,CCNCc1ccccc1,
"4-amino-N-tert-butyl-5-oxo-3-propan-2-yl-1,2,4-triazole-1-carboxamide",0,CC(C)c1nn(C(=O)NC(C)(C)C)c(=O)n1N,
hydroxy(oxo)cobalt,0,[O]=[Co][OH],
diaminomethylideneurea;methylphosphonic acid,0,CP(=O)(O)O.NC(=O)N=C(N)N,
3-ethylpentane,0,CCC(CC)CC,
disodium;8-acetamido-1-[(5-methylsulfonyl-2-oxidophenyl)diazenyl]naphthalen-2-olate;chromium(3+);5-nitro-2-oxido-3-[(2-oxidonaphthalen-1-yl)diazenyl]benzenesulfonate,0,CC(=O)Nc1cccc2ccc([O-])c(N=Nc3cc(S(C)(=O)=O)ccc3[O-])c12.O=[N+]([O-])c1cc(N=Nc2c([O-])ccc3ccccc23)c([O-])c(S(=O)(=O)[O-])c1.[Cr+3].[Na+].[Na+],
"4-[(1R,2S,5R)-5-methyl-2-propan-2-ylcyclohexyl]oxy-4-oxobutanoic acid",0,CC1CCC(C(C)C)C(OC(=O)CCC(=O)O)C1,
"4-ethoxy-1,1,1,2,2,3,3,4,5,6,6,6-dodecafluoro-5-(trifluoromethyl)hexane",0,CCOC(F)(C(F)(F)C(F)(F)C(F)(F)F)C(F)(C(F)(F)F)C(F)(F)F,
ethenyl-tris(prop-1-en-2-yloxy)silane,0,C=C[Si](OC(=C)C)(OC(=C)C)OC(=C)C,
sodium;(2S)-2-amino-5-hydroxy-5-oxopentanoate,0,NC(CCC(=O)O)C(=O)[O-].[Na+],
barium(2+);diperchlorate,0,[Ba+2].[O-][Cl+3]([O-])([O-])[O-].[O-][Cl+3]([O-])([O-])[O-],
"2,2,4-trimethyl-4-(2,4,4-trimethylpentan-2-yltrisulfanyl)pentane",0,CC(C)(C)CC(C)(C)SSSC(C)(C)CC(C)(C)C,
"disodium;1-amino-9,10-dioxo-4-[4-(2-sulfonatooxyethylsulfonyl)anilino]anthracene-2-sulfonate",0,Nc1c(S(=O)(=O)[O-])cc(Nc2ccc(S(=O)(=O)CCOS(=O)(=O)[O-])cc2)c2c1C(=O)c1ccccc1C2=O.[Na+].[Na+],
disodium;sulfate,0,O=S(=O)([O-])[O-].[Na+].[Na+],
2-(2-carbonochloridoyloxyethoxy)ethyl carbonochloridate,0,O=C(Cl)OCCOCCOC(=O)Cl,
difluorocadmium,0,[F][Cd][F],
"3-(16-methylheptadec-1-enyl)oxolane-2,5-dione",0,CC(C)CCCCCCCCCCCCCC=CC1CC(=O)OC1=O,
"2-[[(Z)-1,2-dicyano-2-[(2-oxidophenyl)methylideneamino]ethenyl]iminomethyl]phenolate;nickel(2+)",0,N#CC(N=Cc1ccccc1[O-])=C(C#N)N=Cc1ccccc1[O-].[Ni+2],
"4-[[3-carboxy-3-[(2,2,2-trifluoroacetyl)amino]propyl]disulfanyl]-2-[(2,2,2-trifluoroacetyl)amino]butanoic acid",0,O=C(O)C(CCSSCCC(NC(=O)C(F)(F)F)C(=O)O)NC(=O)C(F)(F)F,
ethyl 2-ethoxy-5-(4-methylpiperazin-1-yl)sulfonylbenzoate,0,CCOC(=O)c1cc(S(=O)(=O)N2CCN(C)CC2)ccc1OCC,
"2-[[4-[[4,6-bis[3-(diethylamino)propylamino]-1,3,5-triazin-2-yl]amino]phenyl]diazenyl]-3-oxo-N-(2-oxo-1,3-dihydrobenzimidazol-5-yl)butanamide",0,CCN(CC)CCCNc1nc(NCCCN(CC)CC)nc(Nc2ccc(N=NC(C(C)=O)C(=O)Nc3ccc4[nH]c(=O)[nH]c4c3)cc2)n1,
2-methoxy-5-methylaniline,0,COc1ccc(C)cc1N,
"4-[(3-chlorophenyl)-imidazol-1-ylmethyl]benzene-1,2-diamine;dihydrochloride",0,Cl.Cl.Nc1ccc(C(c2cccc(Cl)c2)n2ccnc2)cc1N,
N-phenylaniline,0,c1ccc(Nc2ccccc2)cc1,
"2-[[2,2-dimethyl-3-(oxiran-2-ylmethoxy)propoxy]methyl]oxirane",0,CC(C)(COCC1CO1)COCC1CO1,
"2-(chloromethyl)oxirane;2,6-dibromo-4-[2-(3,5-dibromo-4-hydroxyphenyl)propan-2-yl]phenol",0,CC(C)(c1cc(Br)c(O)c(Br)c1)c1cc(Br)c(O)c(Br)c1.ClCC1CO1,
N-[4-(4-acetamidophenyl)phenyl]acetamide,0,CC(=O)Nc1ccc(-c2ccc(NC(C)=O)cc2)cc1,
6-(7-methyloctanoylamino)hexanoic acid,0,CC(C)CCCCCC(=O)NCCCCCC(=O)O,
3-(1H-benzimidazol-2-yl)-N-methylpropan-1-amine,0,CNCCCc1nc2ccccc2[nH]1,
"1,2-benzothiazol-3-one",0,O=c1[nH]sc2ccccc12,
4-methyl-4-oxidomorpholin-4-ium,0,C[N+]1([O-])CCOCC1,
"[(8R,9S,10R,13S,14S,17R)-17-acetyl-13-methyl-3-oxo-1,2,6,7,8,9,10,11,12,14,15,16-dodecahydrocyclopenta[a]phenanthren-17-yl] acetate",0,CC(=O)OC1(C(C)=O)CCC2C3CCC4=CC(=O)CCC4C3CCC21C,
3-chloro-4-methylaniline,0,Cc1ccc(N)cc1Cl,
bis[(octadecanoyloxy-lambda2-plumbanyl)oxy]lead,0,CCCCCCCCCCCCCCCCCC(=O)[O][Pb][O][Pb][O][Pb][O]C(=O)CCCCCCCCCCCCCCCCC,
3-amino-4-methylbenzenesulfonic acid,0,Cc1ccc(S(=O)(=O)O)cc1N,
"1,1-dichloropropane",0,CCC(Cl)Cl,
trisodium;5-oxo-1-(4-sulfonatophenyl)-4-[(4-sulfonatophenyl)diazenyl]-4H-pyrazole-3-carboxylate,0,O=C([O-])C1=NN(c2ccc(S(=O)(=O)[O-])cc2)C(=O)C1N=Nc1ccc(S(=O)(=O)[O-])cc1.[Na+].[Na+].[Na+],
trichloro(sulfanylidene)-lambda5-phosphane,0,S=P(Cl)(Cl)Cl,
methoxycarbonyl methyl carbonate,0,COC(=O)OC(=O)OC,
"2-butoxyethyl 2-(2,4-dichlorophenoxy)acetate",0,CCCCOCCOC(=O)COc1ccc(Cl)cc1Cl,
"2-amino-3,5-dimethylbenzenesulfonic acid",0,Cc1cc(C)c(N)c(S(=O)(=O)O)c1,
"4,7-dichloroquinoline",0,Clc1ccc2c(Cl)ccnc2c1,
hex-1-ene,0,C=CCCCC,
"3',6'-bis(diethylamino)spiro[2-benzofuran-3,9'-xanthene]-1-one",0,CCN(CC)c1ccc2c(c1)Oc1cc(N(CC)CC)ccc1C21OC(=O)c2ccccc21,
"1-[2,4-dihydroxy-6-[(2S,3R,4S,5S,6R)-3,4,5-trihydroxy-6-(hydroxymethyl)oxan-2-yl]oxyphenyl]-3-(4-hydroxyphenyl)propan-1-one",0,O=C(CCc1ccc(O)cc1)c1c(O)cc(O)cc1OC1OC(CO)C(O)C(O)C1O,
"1,2,3-trichloro-5-(3,4,5-trichlorophenyl)benzene",0,Clc1cc(-c2cc(Cl)c(Cl)c(Cl)c2)cc(Cl)c1Cl,
barium(2+);dioxido(oxo)titanium,0,[Ba+2].[O]=[Ti]([O-])[O-],
"2,3,5,6-tetrachlorocyclohexa-2,5-diene-1,4-dione",0,O=C1C(Cl)=C(Cl)C(=O)C(Cl)=C1Cl,
"N,N-dimethyl-3-oxobutanamide",0,CC(=O)CC(=O)N(C)C,
"(Z)-but-2-ene-1,4-diol",0,OCC=CCO,
"(2,6-dibromo-4-cyanophenyl) heptanoate",0,CCCCCCC(=O)Oc1c(Br)cc(C#N)cc1Br,
sodium;(2S)-2-(dodecanoylamino)-5-hydroxy-5-oxopentanoate,0,CCCCCCCCCCCC(=O)NC(CCC(=O)O)C(=O)[O-].[Na+],
2-bromopropanedial,0,O=CC(Br)C=O,
sodium;hydrogen sulfate,0,O=S(=O)([O-])O.[Na+],
"(4S,5S)-5-(4-chlorophenyl)-N-cyclohexyl-4-methyl-2-oxo-1,3-thiazolidine-3-carboxamide",0,CC1C(c2ccc(Cl)cc2)SC(=O)N1C(=O)NC1CCCCC1,
O-propan-2-yl N-ethylcarbamothioate,0,CCNC(=S)OC(C)C,
"3-methylpentane-1,5-diol",0,CC(CCO)CCO,
molecular hydrogen,0,[HH].[HH].[HH].[HH].[HH].[HH].[HH],
"5-fluoro-1-hydroxy-3H-2,1-benzoxaborole",0,OB1OCc2cc(F)ccc21,
bromobenzene,0,Brc1ccccc1,
"3,4,4a,5,6,7,8,8a-octahydrochromen-2-one",0,O=C1CCC2CCCCC2O1,
1-methyl-4-[4-(4-propylcyclohexyl)cyclohexyl]benzene,0,CCCC1CCC(C2CCC(c3ccc(C)cc3)CC2)CC1,
"3-(4-chlorophenyl)-1,1-dimethylurea;2,2,2-trichloroacetic acid",0,CN(C)C(=O)Nc1ccc(Cl)cc1.O=C(O)C(Cl)(Cl)Cl,
"2,5-dimethylhexane",0,CC(C)CCC(C)C,
tripotassium;phosphate,0,O=P([O-])([O-])[O-].[K+].[K+].[K+],
"2,3,3,3-tetrafluoroprop-1-ene",0,C=C(F)C(F)(F)F,
pyridin-3-ylmethanol,0,OCc1cccnc1,
potassium;formate,0,O=C[O-].[K+],
"tert-butyl 3,5,5-trimethylhexaneperoxoate",0,CC(CC(=O)OOC(C)(C)C)CC(C)(C)C,
5-[2-(4-bromophenyl)ethenyl]-7-methyloctane-1-sulfonic acid;7-(4-tert-butylphenyl)-5-propan-2-ylhept-6-ene-1-sulfonic acid;5-[2-(4-chlorophenyl)ethenyl]-7-methyloctane-1-sulfonic acid;5-[2-(4-fluorophenyl)ethenyl]-7-methyloctane-1-sulfonic acid;7-(4-fluorophenyl)-5-propan-2-ylhept-6-ene-1-sulfonic acid,0,CC(C)C(C=Cc1ccc(C(C)(C)C)cc1)CCCCS(=O)(=O)O.CC(C)C(C=Cc1ccc(F)cc1)CCCCS(=O)(=O)O.CC(C)CC(C=Cc1ccc(Br)cc1)CCCCS(=O)(=O)O.CC(C)CC(C=Cc1ccc(Br)cc1)CCCCS(=O)(=O)O.CC(C)CC(C=Cc1ccc(Cl)cc1)CCCCS(=O)(=O)O.CC(C)CC(C=Cc1ccc(Cl)cc1)CCCCS(=O)(=O)O.CC(C)CC(C=Cc1ccc(F)cc1)CCCCS(=O)(=O)O,
2-fluoro-4-hydroxybenzonitrile,0,N#Cc1ccc(O)cc1F,
"disodium;2-(1,3-dioxoinden-2-yl)quinoline-6,8-disulfonate",0,O=C1c2ccccc2C(=O)C1c1ccc2cc(S(=O)(=O)[O-])cc(S(=O)(=O)[O-])c2n1.[Na+].[Na+],
3-chloroaniline,0,Nc1cccc(Cl)c1,
2-(3-chlorophenoxy)propanoic acid,0,CC(Oc1cccc(Cl)c1)C(=O)O,
"disodium;4-hydroxynaphthalene-2,7-disulfonate",0,O=S(=O)([O-])c1ccc2c(O)cc(S(=O)(=O)[O-])cc2c1.[Na+].[Na+],
"15,30-dichloro-2,17-diazaheptacyclo[16.12.0.03,16.04,13.06,11.019,28.021,26]triaconta-1(30),3,6,8,10,13,15,18,21,23,25,28-dodecaene-5,12,20,27-tetrone",0,O=c1c2ccccc2c(=O)c2c1cc(Cl)c1[nH]c3c([nH]c12)c(Cl)cc1c(=O)c2ccccc2c(=O)c13,
tris(2-methyl-2-phenylpropyl)-tris(2-methyl-2-phenylpropyl)stannyloxystannane,0,CC(C)([CH2][Sn]([CH2]C(C)(C)c1ccccc1)([CH2]C(C)(C)c1ccccc1)[O][Sn]([CH2]C(C)(C)c1ccccc1)([CH2]C(C)(C)c1ccccc1)[CH2]C(C)(C)c1ccccc1)c1ccccc1,
nitrosyl chloride,0,O=NCl,
2-ethylhexyl 2-methylbutan-2-yloxy carbonate,0,CCCCC(CC)COC(=O)OOC(C)(C)CC,
benzyl (E)-3-phenylprop-2-enoate,0,O=C(C=Cc1ccccc1)OCc1ccccc1,
"4-(oxiran-2-ylmethoxy)-N,N-bis(oxiran-2-ylmethyl)aniline",0,c1cc(N(CC2CO2)CC2CO2)ccc1OCC1CO1,
"heptasodium;cobalt;4-hydroxy-5-[(2-hydroxynaphthalen-1-yl)diazenyl]-3-[(2-hydroxy-3-nitro-5-sulfophenyl)diazenyl]naphthalene-2,7-disulfonic acid",0,O=[N+]([O-])c1cc(S(=O)(=O)O)cc(N=Nc2c(S(=O)(=O)O)cc3cc(S(=O)(=O)O)cc(N=Nc4c(O)ccc5ccccc45)c3c2O)c1O.O=[N+]([O-])c1cc(S(=O)(=O)O)cc(N=Nc2c(S(=O)(=O)O)cc3cc(S(=O)(=O)O)cc(N=Nc4c(O)ccc5ccccc45)c3c2O)c1O.[Co].[Na+].[Na+].[Na+].[Na+].[Na+].[Na+].[Na+],
5-methyl-2-prop-1-en-2-ylcyclohexan-1-ol,0,C=C(C)C1CCC(C)CC1O,
4-(4-chloro-2-methylphenoxy)butanoic acid,0,Cc1cc(Cl)ccc1OCCCC(=O)O,
"but-2-yne-1,4-diol;(2S,3R,4S,5S,6R)-2-[4-chloro-3-[(4-ethoxyphenyl)methyl]phenyl]-6-(hydroxymethyl)-2-methoxyoxane-3,4,5-triol",0,CCOc1ccc(Cc2cc(C3(OC)OC(CO)C(O)C(O)C3O)ccc2Cl)cc1.OCC#CCO,
"2-benzyl-4,4,6-trimethyl-1,3-dioxane",0,CC1CC(C)(C)OC(Cc2ccccc2)O1,
"3,9-bis(2,4-ditert-butylphenoxy)-2,4,8,10-tetraoxa-3,9-diphosphaspiro[5.5]undecane",0,CC(C)(C)c1ccc(OP2OCC3(CO2)COP(Oc2ccc(C(C)(C)C)cc2C(C)(C)C)OC3)c(C(C)(C)C)c1,
2-tert-butyl-4-methoxyphenol,0,COc1ccc(O)c(C(C)(C)C)c1,
niobium,0,[Nb],
"[3-nitrooxy-2,2-bis(nitrooxymethyl)propyl] nitrate",0,O=[N+]([O-])OCC(CO[N+](=O)[O-])(CO[N+](=O)[O-])CO[N+](=O)[O-],
azane;(Z)-octadec-9-enoic acid,0,CCCCCCCCC=CCCCCCCCC(=O)O.N,
"4-methylphenol;2-methylprop-1-ene;tricyclo[5.2.1.02,6]deca-3,8-diene",0,C1=CC2C3C=CC(C3)C2C1.C=C(C)C.Cc1ccc(O)cc1,
hydroxy-oxo-(4-phenylbutyl)phosphanium,0,O=[P+](O)CCCCc1ccccc1,
"(2,2-dimethyl-3-prop-2-enoyloxypropyl) prop-2-enoate",0,C=CC(=O)OCC(C)(C)COC(=O)C=C,
undec-1-ene,0,C=CCCCCCCCCC,
"(1S,2R,5S,7R,8R)-2,6,6,8-tetramethyltricyclo[5.3.1.01,5]undecan-8-ol",0,CC1CCC2C(C)(C)C3CC12CCC3(C)O,
"disodium;7-[[4-chloro-6-(N-ethyl-2-methylanilino)-1,3,5-triazin-2-yl]amino]-4-hydroxy-3-[(4-methoxy-2-sulfonatophenyl)diazenyl]naphthalene-2-sulfonate",0,CCN(c1nc(Cl)nc(Nc2ccc3c(O)c(N=Nc4ccc(OC)cc4S(=O)(=O)[O-])c(S(=O)(=O)[O-])cc3c2)n1)c1ccccc1C.[Na+].[Na+],
2-(5-chloroquinolin-8-yl)oxyacetic acid,0,O=C(O)COc1ccc(Cl)c2cccnc12,
potassium;cyanate,0,N#C[O-].[K+],
"tris(2-ethylhexyl) benzene-1,2,4-tricarboxylate",0,CCCCC(CC)COC(=O)c1ccc(C(=O)OCC(CC)CCCC)c(C(=O)OCC(CC)CCCC)c1,
4-hydroxy-3-methoxybenzoic acid,0,COc1cc(C(=O)O)ccc1O,
"2,6,6-trimethylbicyclo[3.1.1]hept-2-ene",0,CC1=CCC2CC1C2(C)C,
"1,3-dichlorobenzene",0,Clc1cccc(Cl)c1,
"1,2,3,4,5,6-hexachloronaphthalene",0,Clc1ccc2c(Cl)c(Cl)c(Cl)c(Cl)c2c1Cl,
morpholine-4-carbaldehyde,0,O=CN1CCOCC1,
sodium;2-nonanoyloxybenzenesulfonate,0,CCCCCCCCC(=O)Oc1ccccc1S(=O)(=O)[O-].[Na+],
4-(4-aminophenyl)aniline,0,Nc1ccc(-c2ccc(N)cc2)cc1,
diphenyl(piperidin-4-yl)methanol,0,OC(c1ccccc1)(c1ccccc1)C1CCNCC1,
2-[4-[3-[2-(trifluoromethyl)phenothiazin-10-yl]propyl]piperazin-1-yl]ethanol,0,OCCN1CCN(CCCN2c3ccccc3Sc3ccc(C(F)(F)F)cc32)CC1,
2-(4-nonylphenoxy)ethanol,0,CCCCCCCCCc1ccc(OCCO)cc1,
1-octylazepan-2-one,0,CCCCCCCCN1CCCCCC1=O,
butan-2-yl nitrite,0,CCC(C)ON=O,
"1-(2,3,8,8-tetramethyl-1,3,4,5,6,7-hexahydronaphthalen-2-yl)ethanone",0,CC(=O)C1(C)CC2=C(CCCC2(C)C)CC1C,
2-hydroxyethyl 2-methylprop-2-enoate,0,C=C(C)C(=O)OCCO,
"2,4,4-trimethylpentan-2-yl 2,2-dimethylpropaneperoxoate",0,CC(C)(C)CC(C)(C)OOC(=O)C(C)(C)C,
"methyl 2,5-dichlorobenzoate",0,COC(=O)c1cc(Cl)ccc1Cl,
(2S)-2-amino-5-(diaminomethylideneamino)pentanoic acid;hydrochloride,0,Cl.NC(N)=NCCCC(N)C(=O)O,
[(E)-but-2-enoyl] (E)-but-2-enoate,0,CC=CC(=O)OC(=O)C=CC,
"diethyl benzene-1,2-dicarboxylate",0,CCOC(=O)c1ccccc1C(=O)OCC,
2-hydroxypropyl 2-methylprop-2-enoate,0,C=C(C)C(=O)OCC(C)O,
1-cyclohexylethyl acetate,0,CC(=O)OC(C)C1CCCCC1,
icosan-1-ol,0,CCCCCCCCCCCCCCCCCCCCO,
"N-[2-[(2-bromo-4,6-dinitrophenyl)diazenyl]-5-(diethylamino)phenyl]acetamide",0,CCN(CC)c1ccc(N=Nc2c(Br)cc([N+](=O)[O-])cc2[N+](=O)[O-])c(NC(C)=O)c1,
"copper;N,N-dibutylcarbamodithioate",0,CCCCN(CCCC)C(=S)[S-].CCCCN(CCCC)C(=S)[S-].[Cu+2],
"2-[N-(2-cyanoethyl)-4-[(6-nitro-1,3-benzothiazol-2-yl)diazenyl]anilino]ethyl acetate",0,CC(=O)OCCN(CCC#N)c1ccc(N=Nc2nc3ccc([N+](=O)[O-])cc3s2)cc1,
"2-[2,2-bis(2-hydroxyethoxymethyl)butoxy]ethanol",0,CCC(COCCO)(COCCO)COCCO,
"butan-1-amine;nickel(2+);2-[2-oxido-5-(2,4,4-trimethylpentan-2-yl)phenyl]sulfanyl-4-(2,4,4-trimethylpentan-2-yl)phenolate",0,CC(C)(C)CC(C)(C)c1ccc([O-])c(Sc2cc(C(C)(C)CC(C)(C)C)ccc2[O-])c1.CCCCN.[Ni+2],
"[ethoxy(phenyl)phosphoryl]-(2,4,6-trimethylphenyl)methanone",0,CCOP(=O)(C(=O)c1c(C)cc(C)cc1C)c1ccccc1,
2-butyloctanoic acid,0,CCCCCCC(CCCC)C(=O)O,
diazomethane,0,C=[N+]=[N-],
[dimethyl(trimethylsilyloxy)silyl]oxy-dimethyl-trimethylsilyloxysilane,0,C[Si](C)(C)O[Si](C)(C)O[Si](C)(C)O[Si](C)(C)C,
sodium;(2S)-1-hexadecanoylpyrrolidine-2-carboxylate,0,CCCCCCCCCCCCCCCC(=O)N1CCCC1C(=O)[O-].[Na+],
"5-butan-2-yl-5-ethyl-1,3-diazinane-2,4,6-trione",0,CCC(C)C1(CC)C(=O)NC(=O)NC1=O,
"4-chlorobut-2-enyl 2-(2,4-dichlorophenoxy)acetate",0,O=C(COc1ccc(Cl)cc1Cl)OCC=CCCl,
"(2Z)-2-(2-amino-1,3-thiazol-4-yl)-2-methoxyiminoacetaldehyde",0,CON=C(C=O)c1csc(N)n1,
"disodium;4-[2-[3-(hydroxymethyl)-4,6-dioxo-5-[(4-sulfonatonaphthalen-1-yl)hydrazinylidene]cyclohex-2-en-1-ylidene]hydrazinyl]naphthalene-1-sulfonate",0,O=c1c(CO)cc(=NNc2ccc(S(=O)(=O)[O-])c3ccccc23)c(=O)c1=NNc1ccc(S(=O)(=O)[O-])c2ccccc12.[Na+].[Na+],
"2,2,4,4-tetramethyl-7-oxa-3,20-diazadispiro[5.1.118.26]henicosan-21-one",0,CC1(C)CC2(CC(C)(C)N1)OC1(CCCCCCCCCCC1)NC2=O,
tris(11-methyldodecyl) phosphite,0,CC(C)CCCCCCCCCCOP(OCCCCCCCCCCC(C)C)OCCCCCCCCCCC(C)C,
2-(dimethylamino)acetic acid;hydrochloride,0,CN(C)CC(=O)O.Cl,
"2-[5-acetamido-N-(2-acetyloxyethyl)-4-[(2-bromo-4,6-dinitrophenyl)diazenyl]-2-methoxyanilino]ethyl acetate",0,COc1cc(N=Nc2c(Br)cc([N+](=O)[O-])cc2[N+](=O)[O-])c(NC(C)=O)cc1N(CCOC(C)=O)CCOC(C)=O,
"N,N-dimethylsulfamoyl chloride",0,CN(C)S(=O)(=O)Cl,
manganese(2+);sulfate;hydrate,0,O.O=S(=O)([O-])[O-].[Mn+2],
methyl 2-ethoxy-3-[[4-[2-(2H-tetrazol-5-yl)phenyl]phenyl]methyl]benzimidazole-4-carboxylate,0,CCOc1nc2cccc(C(=O)OC)c2n1Cc1ccc(-c2ccccc2-c2nn[nH]n2)cc1,
magnesium;diacetate,0,CC(=O)[O-].CC(=O)[O-].[Mg+2],
"[(1R,2R,4S,5S)-9-methyl-3-oxa-9-azatricyclo[3.3.1.02,4]nonan-7-yl] (2S)-3-hydroxy-2-phenylpropanoate",0,CN1C2CC(OC(=O)C(CO)c3ccccc3)CC1C1OC12,
"2-chloro-6,7-dimethoxyquinazolin-4-amine",0,COc1cc2nc(Cl)nc(N)c2cc1OC,
"sodium;1,4-bis(4-methylpentan-2-yloxy)-1,4-dioxobutane-2-sulfonate",0,CC(C)CC(C)OC(=O)CC(C(=O)OC(C)CC(C)C)S(=O)(=O)[O-].[Na+],
1-phenylethanamine,0,CC(N)c1ccccc1,
dimethyl (E)-but-2-enedioate,0,COC(=O)C=CC(=O)OC,
2-chloroethyl(trimethyl)azanium;chloride,0,C[N+](C)(C)CCCl.[Cl-],
2-amino-3-methylbutanamide,0,CC(C)C(N)C(N)=O,
manganese(2+);N-[2-(sulfidocarbothioylamino)ethyl]carbamodithioate,0,S=C([S-])NCCNC(=S)[S-].[Mn+2],
"2,6-dichlorobenzonitrile",0,N#Cc1c(Cl)cccc1Cl,
"2-amino-4,6-dinitrophenol",0,Nc1cc([N+](=O)[O-])cc([N+](=O)[O-])c1O,
hydrogen phosphite;lead(2+);oxolead,0,[O-]P([O-])O.[O]=[Pb].[O]=[Pb].[Pb+2],
2-methoxy-4-(methoxymethyl)phenol,0,COCc1ccc(O)c(OC)c1,
decyl 2-ethylhexanoate,0,CCCCCCCCCCOC(=O)C(CC)CCCC,
(3-pentyloxan-4-yl) acetate,0,CCCCCC1COCCC1OC(C)=O,
3-[4-[(2-chloro-4-nitrophenyl)diazenyl]-N-(2-cyanoethyl)anilino]propanenitrile,0,N#CCCN(CCC#N)c1ccc(N=Nc2ccc([N+](=O)[O-])cc2Cl)cc1,
3-triethoxysilylpropane-1-thiol,0,CCO[Si](CCCS)(OCC)OCC,
3-triethoxysilylpropan-1-amine,0,CCO[Si](CCCN)(OCC)OCC,
but-3-enylbenzene,0,C=CCCc1ccccc1,
"(3S,6S)-3-methyl-6-prop-1-en-2-ylcyclohexene",0,C=C(C)C1C=CC(C)CC1,
"disodium;anthracene-9,10-diolate",0,[Na+].[Na+].[O-]c1c2ccccc2c([O-])c2ccccc12,
"4-N,4-N-dimethylbenzene-1,4-diamine",0,CN(C)c1ccc(N)cc1,
3-aminobenzenesulfonic acid,0,Nc1cccc(S(=O)(=O)O)c1,
sodium;2-anilino-5-[2-nitro-4-(phenylsulfamoyl)anilino]benzenesulfonate,0,O=[N+]([O-])c1cc(S(=O)(=O)Nc2ccccc2)ccc1Nc1ccc(Nc2ccccc2)c(S(=O)(=O)[O-])c1.[Na+],
trimethyl phosphite,0,COP(OC)OC,
"3,5-dibromo-4-hydroxybenzonitrile",0,N#Cc1cc(Br)c(O)c(Br)c1,
zirconium(4+);tetraacetate,0,CC(=O)[O-].CC(=O)[O-].CC(=O)[O-].CC(=O)[O-].[Zr+4],
2-chloro-N-(2-chloroethyl)-N-ethylethanamine,0,CCN(CCCl)CCCl,
2-heptylcyclopentan-1-one,0,CCCCCCCC1CCCC1=O,
"2-(benzotriazol-2-yl)-4-(2,4,4-trimethylpentan-2-yl)phenol",0,CC(C)(C)CC(C)(C)c1ccc(O)c(-n2nc3ccccc3n2)c1,
N-(2-aminophenyl)-4-[[(4-pyridin-3-ylpyrimidin-2-yl)amino]methyl]benzamide,0,Nc1ccccc1NC(=O)c1ccc(CNc2nccc(-c3cccnc3)n2)cc1,
oxolan-2-one,0,O=C1CCCO1,
"2,2,3,3,4,4,5,5,6,6,7,7,8,8,8-pentadecafluorooctanoic acid",0,O=C(O)C(F)(F)C(F)(F)C(F)(F)C(F)(F)C(F)(F)C(F)(F)C(F)(F)F,
"2-heptan-3-yl-1,3-dioxolane",0,CCCCC(CC)C1OCCO1,
"1,3-diaminourea",0,NNC(=O)NN,
hexafluoro-lambda6-sulfane,0,FS(F)(F)(F)(F)F,
4-[2-chloro-4-(trifluoromethyl)phenoxy]-2-fluoroaniline;hydrochloride,0,Cl.Nc1ccc(Oc2ccc(C(F)(F)F)cc2Cl)cc1F,
2-aminonaphthalene-1-sulfonic acid,0,Nc1ccc2ccccc2c1S(=O)(=O)O,
bromoethene,0,C=CBr,
4-hydroxy-6-(3-sulfoanilino)naphthalene-2-sulfonic acid,0,O=S(=O)(O)c1cccc(Nc2ccc3cc(S(=O)(=O)O)cc(O)c3c2)c1,
"[(1S)-3-[(Z)-but-2-enyl]-2-methyl-4-oxocyclopent-2-en-1-yl] (1R,3R)-3-[(E)-3-methoxy-2-methyl-3-oxoprop-1-enyl]-2,2-dimethylcyclopropane-1-carboxylate",0,CC=CCC1=C(C)C(OC(=O)C2C(C=C(C)C(=O)OC)C2(C)C)CC1=O,
methyl pyridine-3-carboxylate,0,COC(=O)c1cccnc1,
2-(3-iodoprop-2-ynoxy)ethyl N-phenylcarbamate,0,O=C(Nc1ccccc1)OCCOCC#CI,
"3,7-dimethylnona-2,6-dienenitrile",0,CCC(C)=CCCC(C)=CC#N,
oxovanadium;phosphono dihydrogen phosphate,0,O=P(O)(O)OP(=O)(O)O.[O]=[V].[O]=[V],
"(2-benzyl-1,3-dioxolan-4-yl)methanol",0,OCC1COC(Cc2ccccc2)O1,
1-[4-(4-propylcyclohexyl)cyclohexyl]-4-(trifluoromethoxy)benzene,0,CCCC1CCC(C2CCC(c3ccc(OC(F)(F)F)cc3)CC2)CC1,
"[(2R,3S,5R)-3-(4-chlorobenzoyl)oxy-5-(5-ethyl-2,4-dioxopyrimidin-1-yl)oxolan-2-yl]methyl 4-chlorobenzoate",0,CCc1cn(C2CC(OC(=O)c3ccc(Cl)cc3)C(COC(=O)c3ccc(Cl)cc3)O2)c(=O)[nH]c1=O,
2-hydroxypropanenitrile,0,CC(O)C#N,
2-[(3-methylphenoxy)methyl]oxirane,0,Cc1cccc(OCC2CO2)c1,
1-hydroxypropan-2-yl prop-2-enoate,0,C=CC(=O)OC(C)CO,
(2-methyl-1-phenylpropan-2-yl) acetate,0,CC(=O)OC(C)(C)Cc1ccccc1,
"[(6E)-3,7-dimethylnona-1,6-dien-3-yl] acetate",0,C=CC(C)(CCC=C(C)CC)OC(C)=O,
"N-[2,4-dimethyl-5-(trifluoromethylsulfonylamino)phenyl]acetamide",0,CC(=O)Nc1cc(NS(=O)(=O)C(F)(F)F)c(C)cc1C,
3-prop-2-enoyloxybutyl prop-2-enoate,0,C=CC(=O)OCCC(C)OC(=O)C=C,
propyl 4-hydroxybenzoate,0,CCCOC(=O)c1ccc(O)cc1,
butyl 4-hydroxycyclohexane-1-carboxylate,0,CCCCOC(=O)C1CCC(O)CC1,
"[3-hydroxy-2-[[3-hydroxy-2,2-bis(hydroxymethyl)propoxy]methyl]-2-(hydroxymethyl)propyl] pentanoate",0,CCCCC(=O)OCC(CO)(CO)COCC(CO)(CO)CO,
"(2,2,2-trichloro-1-phenylethyl) acetate",0,CC(=O)OC(c1ccccc1)C(Cl)(Cl)Cl,
"1-methyl-2,4-dinitrobenzene",0,Cc1ccc([N+](=O)[O-])cc1[N+](=O)[O-],
lithium;methanolate,0,C[O-].[Li+],
[(Z)-3-chloro-4-(diethylamino)-4-oxobut-2-en-2-yl] dimethyl phosphate,0,CCN(CC)C(=O)C(Cl)=C(C)OP(=O)(OC)OC,
"(4aR,5aS,8aR,13aS,15aS,15bR)-10,11-dimethoxy-4a,5,5a,7,8,13a,15,15a,15b,16-decahydro-2H-4,6-methanoindolo[3,2,1-ij]oxepino[2,3,4-de]pyrrolo[2,3-h]quinolin-14-one;sulfuric acid",0,COc1cc2c(cc1OC)C13CCN4CC5=CCOC6CC(=O)N2C1C6C5CC43.COc1cc2c(cc1OC)C13CCN4CC5=CCOC6CC(=O)N2C1C6C5CC43.O=S(=O)(O)O,
(NE)-N-[1-[(6-chloropyridin-3-yl)methyl]imidazolidin-2-ylidene]nitramide,0,O=[N+]([O-])N=C1NCCN1Cc1ccc(Cl)nc1,
diethoxy-(2-ethylsulfanylethoxy)-sulfanylidene-lambda5-phosphane;1-diethoxyphosphorylsulfanyl-2-ethylsulfanylethane,0,CCOP(=O)(OCC)SCCSCC.CCOP(=S)(OCC)OCCSCC,
"5-ethoxy-2-[(5-ethoxy-7-fluoro-[1,2,4]triazolo[1,5-c]pyrimidin-2-yl)disulfanyl]-7-fluoro-[1,2,4]triazolo[1,5-c]pyrimidine",0,CCOc1nc(F)cc2nc(SSc3nc4cc(F)nc(OCC)n4n3)nn12,
bismuth;trinitrate;pentahydrate,0,O.O.O.O.O.O=[N+]([O-])[O-].O=[N+]([O-])[O-].O=[N+]([O-])[O-].[Bi+3],
"1-methyl-3,5-dinitrobenzene",0,Cc1cc([N+](=O)[O-])cc([N+](=O)[O-])c1,
azanium;hydroxide,0,[NH4+].[OH-],
7-acetamido-4-hydroxy-3-[[4-(2-sulfooxyethylsulfonyl)phenyl]diazenyl]naphthalene-2-sulfonic acid,0,CC(=O)Nc1ccc2c(O)c(N=Nc3ccc(S(=O)(=O)CCOS(=O)(=O)O)cc3)c(S(=O)(=O)O)cc2c1,
1-[butyl(2-hydroxypropyl)amino]propan-2-ol,0,CCCCN(CC(C)O)CC(C)O,
"6-methyl-[1,3]dithiolo[4,5-b]quinoxalin-2-one",0,Cc1ccc2nc3sc(=O)sc3nc2c1,
8-(dimethylamino)-3-methyl-10-phenylphenazin-10-ium-2-ol;sulfate,0,Cc1cc2nc3ccc(N(C)C)cc3[n+](-c3ccccc3)c2cc1O.Cc1cc2nc3ccc(N(C)C)cc3[n+](-c3ccccc3)c2cc1O.O=S(=O)([O-])[O-],
"sodium;1-amino-4-anilino-9,10-dioxoanthracene-2-sulfonate",0,Nc1c(S(=O)(=O)[O-])cc(Nc2ccccc2)c2c1C(=O)c1ccccc1C2=O.[Na+],
1-(bromomethyl)-4-iodobenzene,0,BrCc1ccc(I)cc1,
bis(2-ethylhexyl) (Z)-2-methylbut-2-enedioate,0,CCCCC(CC)COC(=O)C=C(C)C(=O)OCC(CC)CCCC,
2-(2-phenylpropan-2-ylperoxy)propan-2-ylbenzene,0,CC(C)(OOC(C)(C)c1ccccc1)c1ccccc1,
"methyl 2,2-dimethyl-6-methylidenecyclohexane-1-carboxylate",0,C=C1CCCC(C)(C)C1C(=O)OC,
triacontane,0,CCCCCCCCCCCCCCCCCCCCCCCCCCCCCC,
"2,4-ditert-butylcyclohexan-1-one",0,CC(C)(C)C1CCC(=O)C(C(C)(C)C)C1,
"sodium;1,1-dioxo-1,2-benzothiazol-2-id-3-one",0,O=C1[N-]S(=O)(=O)c2ccccc21.[Na+],
sodium;dihydrogen phosphate,0,O=P([O-])(O)O.[Na+],
cadmium(2+);diformate,0,O=C[O-].O=C[O-].[Cd+2],
"2-chloro-1,3,5-trinitrobenzene",0,O=[N+]([O-])c1cc([N+](=O)[O-])c(Cl)c([N+](=O)[O-])c1,
"ethyl 2-[[5-tert-butyl-2-(dimethylcarbamoyl)-1,2,4-triazol-3-yl]sulfanyl]acetate",0,CCOC(=O)CSc1nc(C(C)(C)C)nn1C(=O)N(C)C,
"N-[[(1E,4E)-1,5-bis[4-(trifluoromethyl)phenyl]penta-1,4-dien-3-ylidene]amino]-5,5-dimethyl-4,6-dihydro-1H-pyrimidin-2-amine",0,CC1(C)CN=C(NN=C(C=Cc2ccc(C(F)(F)F)cc2)C=Cc2ccc(C(F)(F)F)cc2)NC1,
"(3-phenoxyphenyl)methyl 3-(2,2-dichloroethenyl)-2,2-dimethylcyclopropane-1-carboxylate",0,CC1(C)C(C=C(Cl)Cl)C1C(=O)OCc1cccc(Oc2ccccc2)c1,
8-methylnonyl prop-2-enoate,0,C=CC(=O)OCCCCCCCC(C)C,
2-methoxyacetic acid,0,COCC(=O)O,
"N-methyl-1-(2-propan-2-yl-1,3-thiazol-4-yl)methanamine",0,CNCc1csc(C(C)C)n1,
triphenyl phosphate,0,O=P(Oc1ccccc1)(Oc1ccccc1)Oc1ccccc1,
4-hydroxy-3-(3-oxo-1-phenylbutyl)chromen-2-one,0,CC(=O)CC(c1ccccc1)c1c(O)c2ccccc2oc1=O,
tetrabutylazanium;iodide,0,CCCC[N+](CCCC)(CCCC)CCCC.[I-],
"chromium(3+);4-[[3-(dioxidoamino)-6-oxocyclohexa-2,4-dien-1-ylidene]hydrazinylidene]-5-methyl-2-phenylpyrazol-3-one;hydron;5-methyl-4-[(4-nitro-2-oxidophenyl)diazenyl]-2-phenylpyrazol-3-olate",0,CC1=NN(c2ccccc2)C(=O)C1=NN=C1C=C(N([O-])[O-])C=CC1=O.Cc1nn(-c2ccccc2)c([O-])c1N=Nc1ccc([N+](=O)[O-])cc1[O-].[Cr+3].[H+],
disodium;5-[[4-[(4-anilino-3-sulfonatophenyl)diazenyl]naphthalen-1-yl]diazenyl]-6-hydroxynaphthalene-2-sulfonate,0,O=S(=O)([O-])c1ccc2c(N=Nc3ccc(N=Nc4ccc(Nc5ccccc5)c(S(=O)(=O)[O-])c4)c4ccccc34)c(O)ccc2c1.[Na+].[Na+],
(E)-but-2-enedioate;iron(2+),0,O=C([O-])C=CC(=O)[O-].[Fe+2],
4-aminophenol,0,Nc1ccc(O)cc1,
"2,6,10-trimethyldodecane",0,CCC(C)CCCC(C)CCCC(C)C,
"2-methylbenzene-1,3-diamine",0,Cc1c(N)cccc1N,
2-(chloromethyl)oxirane;4-[2-(4-hydroxyphenyl)propan-2-yl]phenol;2-methyloxirane,0,CC(C)(c1ccc(O)cc1)c1ccc(O)cc1.CC1CO1.ClCC1CO1,
"2-(2,4-dichlorophenyl)-1-(1,2,4-triazol-1-yl)pent-4-en-2-ol",0,C=CCC(O)(Cn1cncn1)c1ccc(Cl)cc1Cl,
tributyl(methyl)azanium;chloride,0,CCCC[N+](C)(CCCC)CCCC.[Cl-],
aluminum;2-(3-hydroxy-5-sulfo-1H-indol-2-yl)-3-oxoindole-5-sulfonic acid,0,O=C1C(c2[nH]c3ccc(S(=O)(=O)O)cc3c2O)=Nc2ccc(S(=O)(=O)O)cc21.[Al+3],
sodium;azanide,0,[NH2-].[Na+],
1-butylpyrrolidin-2-one,0,CCCCN1CCCC1=O,
"6-[[4,6-bis(5-carboxypentylamino)-1,3,5-triazin-2-yl]amino]hexanoic acid;2-[bis(2-hydroxyethyl)amino]ethanol",0,O=C(O)CCCCCNc1nc(NCCCCCC(=O)O)nc(NCCCCCC(=O)O)n1.OCCN(CCO)CCO.OCCN(CCO)CCO.OCCN(CCO)CCO,
tetrasodium;2-(carboxymethyl)-2-phosphonatopentanedioate,0,O=C([O-])CCC(CC(=O)O)(C(=O)[O-])P(=O)([O-])[O-].[Na+].[Na+].[Na+].[Na+],
4-[2-(4-hydroxyphenyl)-4-methylpentan-2-yl]phenol,0,CC(C)CC(C)(c1ccc(O)cc1)c1ccc(O)cc1,
"4-N,4-N-diethylbenzene-1,4-diamine",0,CCN(CC)c1ccc(N)cc1,
2-chloro-4-methylsulfonylbenzoic acid,0,CS(=O)(=O)c1ccc(C(=O)O)c(Cl)c1,
"6,6-dimethoxy-2,5,5-trimethylhex-2-ene",0,COC(OC)C(C)(C)CC=C(C)C,
"1,3-dichloro-5-ethyl-5-methylimidazolidine-2,4-dione",0,CCC1(C)C(=O)N(Cl)C(=O)N1Cl,
magnesium;hydrogen phosphate,0,O=P([O-])([O-])O.[Mg+2],
S-propyl N-butyl-N-ethylcarbamothioate,0,CCCCN(CC)C(=O)SCCC,
"1,2-dichloro-4-(trifluoromethyl)benzene",0,FC(F)(F)c1ccc(Cl)c(Cl)c1,
"3,3,4,4,5,5,6,6,7,7,8,8,8-tridecafluorooctyl 2-methylprop-2-enoate",0,C=C(C)C(=O)OCCC(F)(F)C(F)(F)C(F)(F)C(F)(F)C(F)(F)C(F)(F)F,
methanesulfonyl chloride,0,CS(=O)(=O)Cl,
"2-acetyl-4-[[4-[(3-acetyl-4-amino-9,10-dioxoanthracen-1-yl)amino]-6-phenyl-1,3,5-triazin-2-yl]amino]-1-aminoanthracene-9,10-dione",0,CC(=O)c1cc(Nc2nc(Nc3cc(C(C)=O)c(N)c4c3C(=O)c3ccccc3C4=O)nc(-c3ccccc3)n2)c2c(c1N)C(=O)c1ccccc1C2=O,
"1,3-diphenylpropane-1,3-dione",0,O=C(CC(=O)c1ccccc1)c1ccccc1,
"(3R,9Z)-heptadeca-1,9-dien-4,6-diyn-3-ol",0,C=CC(O)C#CC#CCC=CCCCCCCC,
methyl (2E)-2-methoxyimino-2-[2-[[(E)-1-[3-(trifluoromethyl)phenyl]ethylideneamino]oxymethyl]phenyl]acetate,0,CON=C(C(=O)OC)c1ccccc1CON=C(C)c1cccc(C(F)(F)F)c1,
2-[3-(4-propylheptyl)morpholin-4-yl]ethanol;hydrochloride,0,CCCC(CCC)CCCC1COCCN1CCO.Cl,
"(2S)-3-methyl-2-(2-oxo-1,3-diazinan-1-yl)butanoic acid",0,CC(C)C(C(=O)O)N1CCCNC1=O,
"2-[2-chloro-4-methylsulfonyl-3-(2,2,2-trifluoroethoxymethyl)benzoyl]cyclohexane-1,3-dione",0,CS(=O)(=O)c1ccc(C(=O)C2C(=O)CCCC2=O)c(Cl)c1COCC(F)(F)F,
(Z)-4-hydroxypent-3-en-2-one;palladium,0,CC(=O)C=C(C)O.CC(=O)C=C(C)O.[Pd],
ethyl (2E)-2-[(3-nitrophenyl)methylidene]-3-oxobutanoate,0,CCOC(=O)C(=Cc1cccc([N+](=O)[O-])c1)C(C)=O,
1-octadecyl-3-[3-(octadecylcarbamoylamino)propyl]urea,0,CCCCCCCCCCCCCCCCCCNC(=O)NCCCNC(=O)NCCCCCCCCCCCCCCCCCC,
sodium;benzenesulfinate,0,O=S([O-])c1ccccc1.[Na+],
6-aminohexylcarbamic acid,0,NCCCCCCNC(=O)O,
2-methoxy-4-(trifluoromethyl)pyridine,0,COc1cc(C(F)(F)F)ccn1,
10-phenoxarsinin-10-yloxyphenoxarsinine,0,c1ccc2c(c1)Oc1ccccc1[As]2O[As]1c2ccccc2Oc2ccccc21,
"1-O-[2-(2-hydroxyethoxy)ethyl] 2-O-(2-hydroxypropyl) 3,4,5,6-tetrabromobenzene-1,2-dicarboxylate",0,CC(O)COC(=O)c1c(Br)c(Br)c(Br)c(Br)c1C(=O)OCCOCCO,
"6-(dimethylamino)-3,3-bis[4-(dimethylamino)phenyl]-2-benzofuran-1-one",0,CN(C)c1ccc(C2(c3ccc(N(C)C)cc3)OC(=O)c3cc(N(C)C)ccc32)cc1,
(3-carbonochloridoyl-2-methylphenyl) acetate,0,CC(=O)Oc1cccc(C(=O)Cl)c1C,
1-(2-ethylbutyl)cyclohexane-1-carboxylic acid,0,CCC(CC)CC1(C(=O)O)CCCCC1,
"3-(3-methylpentan-3-yl)-1,2-oxazol-5-amine",0,CCC(C)(CC)c1cc(N)on1,
"ethane-1,2-diol",0,OCCO,
2-hydroxybutanedioic acid,0,O=C(O)CC(O)C(=O)O,
ethanethiol,0,CCS,
"7a-ethyl-3,5-di(propan-2-yl)-1,3,5,7-tetrahydro-[1,3]oxazolo[3,4-c][1,3]oxazole",0,CCC12COC(C(C)C)N1C(C(C)C)OC2,
4-methoxy-2-methyl-N-phenylaniline,0,COc1ccc(Nc2ccccc2)c(C)c1,
"2-(1,2-dichloro-1,2,2-trifluoroethoxy)-1,1,2,2-tetrafluoroethanesulfonyl fluoride",0,O=S(=O)(F)C(F)(F)C(F)(F)OC(F)(Cl)C(F)(F)Cl,
3-hydroxy-4-[[2-methoxy-5-(phenylcarbamoyl)phenyl]diazenyl]-N-(3-nitrophenyl)naphthalene-2-carboxamide,0,COc1ccc(C(=O)Nc2ccccc2)cc1N=Nc1c(O)c(C(=O)Nc2cccc([N+](=O)[O-])c2)cc2ccccc12,
"(9Z,12Z)-octadeca-9,12-dienoic acid",0,CCCCCC=CCC=CCCCCCCCC(=O)O,
"1,1'-biphenyl;phenoxybenzene",0,c1ccc(-c2ccccc2)cc1.c1ccc(Oc2ccccc2)cc1,
zinc;2-hydroxypropanoate,0,CC(O)C(=O)[O-].CC(O)C(=O)[O-].[Zn+2],
calcium;carbonate,0,O=C([O-])[O-].[Ca+2],
"[2-[(6S,8S,10R,13S,14S,16R,17S)-6-fluoro-10,13,16-trimethyl-3-oxo-6,7,8,12,14,15,16,17-octahydrocyclopenta[a]phenanthren-17-yl]-2-oxoethyl] pentanoate",0,CCCCC(=O)OCC(=O)C1C(C)CC2C3CC(F)C4=CC(=O)C=CC4(C)C3=CCC21C,
3-ethoxy-3-oxo-2-(thiophen-2-ylmethyl)propanoic acid,0,CCOC(=O)C(Cc1cccs1)C(=O)O,
"decane-1,10-diol",0,OCCCCCCCCCCO,
sulfanylidenecobalt,0,[S]=[Co],
butoxybenzene,0,CCCCOc1ccccc1,
"2,2-dimethyl-1,3-benzodioxol-4-ol",0,CC1(C)Oc2cccc(O)c2O1,
decyl acetate,0,CCCCCCCCCCOC(C)=O,
"dimagnesium;dioxido-bis[(1-oxido-3-oxo-2,4,6,8,9-pentaoxa-1,3-disila-5,7-dialuminabicyclo[3.3.1]nonan-7-yl)oxy]silane",0,O=[Si]1[O][Al]2[O][Al]([O][Si]([O-])([O-])[O][Al]3[O][Al]4[O][Si](=O)O[Si]([O-])([O]4)[O]3)[O][Si]([O-])([O]2)O1.[Mg+2].[Mg+2],
propan-2-yl tetradecanoate,0,CCCCCCCCCCCCCC(=O)OC(C)C,
dioctadecyl (E)-but-2-enedioate,0,CCCCCCCCCCCCCCCCCCOC(=O)C=CC(=O)OCCCCCCCCCCCCCCCCCC,
ethyl (E)-4-diethoxyphosphoryl-2-methylbut-2-enoate,0,CCOC(=O)C(C)=CCP(=O)(OCC)OCC,
6-(dimethylamino)hexan-1-ol,0,CN(C)CCCCCCO,
"4-amino-N-(4,6-dimethylpyrimidin-2-yl)benzenesulfonamide",0,Cc1cc(C)nc(NS(=O)(=O)c2ccc(N)cc2)n1,
"3-N,3-N-diethyl-2,4-dinitro-6-(trifluoromethyl)benzene-1,3-diamine",0,CCN(CC)c1c([N+](=O)[O-])cc(C(F)(F)F)c(N)c1[N+](=O)[O-],
1-(2-chloroethyl)pyrrolidine;hydrochloride,0,Cl.ClCCN1CCCC1,
[(2S)-1-chloro-1-oxopropan-2-yl] acetate,0,CC(=O)OC(C)C(=O)Cl,
"(2,2-dimethyl-3-oxopropyl) acetate",0,CC(=O)OCC(C)(C)C=O,
"bis(7-methyloctyl) benzene-1,2-dicarboxylate",0,CC(C)CCCCCCOC(=O)c1ccccc1C(=O)OCCCCCCC(C)C,
"nonacyclo[18.10.2.22,5.03,16.04,13.06,11.017,31.022,27.028,32]tetratriaconta-1(31),2,4,6,8,10,13,15,17,19,22,24,26,28(32),29,33-hexadecaene-12,21-dione",0,O=C1c2ccccc2-c2ccc3c4ccc5c6c(ccc(c7ccc1c2c73)c64)C(=O)c1ccccc1-5,
"2-(6-methoxy-1-benzofuran-2-yl)-1,3-dimethyl-5-methylsulfonylbenzimidazol-1-ium;acetate",0,CC(=O)[O-].COc1ccc2cc(-c3n(C)c4cc(S(C)(=O)=O)ccc4[n+]3C)oc2c1,
sodium;naphthalene-1-sulfonate,0,O=S(=O)([O-])c1cccc2ccccc12.[Na+],
heptacosane,0,CCCCCCCCCCCCCCCCCCCCCCCCCCC,
sodium;2-(3-chlorophenyl)-5-methyl-4-[(2-oxido-5-sulfamoylphenyl)diazenyl]pyrazol-3-olate;cobalt(3+),0,Cc1nn(-c2cccc(Cl)c2)c([O-])c1N=Nc1cc(S(N)(=O)=O)ccc1[O-].Cc1nn(-c2cccc(Cl)c2)c([O-])c1N=Nc1cc(S(N)(=O)=O)ccc1[O-].[Co+3].[Na+],
"2-chloro-N-(2,6-dimethylphenyl)acetamide",0,Cc1cccc(C)c1NC(=O)CCl,
hexyl 2-hydroxybenzoate,0,CCCCCCOC(=O)c1ccccc1O,
2-hydroxy-2-methyl-1-phenylpropan-1-one,0,CC(C)(O)C(=O)c1ccccc1,
4-[(4-hydroxy-6-oxo-1H-pyrimidin-2-yl)amino]benzonitrile,0,N#Cc1ccc(Nc2nc(O)cc(=O)[nH]2)cc1,
dibutyltin(2+);hydrogen borate,0,CCC[CH2][Sn+2][CH2]CCC.[O-]B([O-])O,
"1,1-dimethyl-3-phenylurea",0,CN(C)C(=O)Nc1ccccc1,
fluoro(trihexyl)stannane,0,CCCCC[CH2][Sn]([F])([CH2]CCCCC)[CH2]CCCCC,
2-[(E)-octadec-2-enyl]butanedioic acid,0,CCCCCCCCCCCCCCCC=CCC(CC(=O)O)C(=O)O,
[2-[bis(2-chloroethoxy)phosphoryloxymethyl]-3-chloro-2-(chloromethyl)propyl] bis(2-chloroethyl) phosphate,0,O=P(OCCCl)(OCCCl)OCC(CCl)(CCl)COP(=O)(OCCCl)OCCCl,
dotriacontane,0,CCCCCCCCCCCCCCCCCCCCCCCCCCCCCCCC,
3-methyl-1H-imidazole-2-thione,0,Cn1cc[nH]c1=S,
"tris(1,3-dichloropropan-2-yl) phosphate",0,O=P(OC(CCl)CCl)(OC(CCl)CCl)OC(CCl)CCl,
"1-[4-(4-butylcyclohexyl)cyclohexyl]-4-ethoxy-2,3-difluorobenzene",0,CCCCC1CCC(C2CCC(c3ccc(OCC)c(F)c3F)CC2)CC1,
"aluminum;4-[[4-(diethylamino)phenyl]-(4-diethylazaniumylidenecyclohexa-2,5-dien-1-ylidene)methyl]benzene-1,3-disulfonate",0,CCN(CC)c1ccc(C(=C2C=CC(=[N+](CC)CC)C=C2)c2ccc(S(=O)(=O)[O-])cc2S(=O)(=O)[O-])cc1.CCN(CC)c1ccc(C(=C2C=CC(=[N+](CC)CC)C=C2)c2ccc(S(=O)(=O)[O-])cc2S(=O)(=O)[O-])cc1.CCN(CC)c1ccc(C(=C2C=CC(=[N+](CC)CC)C=C2)c2ccc(S(=O)(=O)[O-])cc2S(=O)(=O)[O-])cc1.[Al+3],
"3-(2-ethylhexoxy)propane-1,2-diol",0,CCCCC(CC)COCC(O)CO,
sodium;4-chloro-1-hydroxybutane-1-sulfonate,0,O=S(=O)([O-])C(O)CCCCl.[Na+],
"1,1-dichloroprop-1-ene",0,CC=C(Cl)Cl,
"3-(6,6-dimethyl-2-bicyclo[3.1.1]hept-2-enyl)propanal",0,CC1(C)C2CC=C(CCC=O)C1C2,
disodium;3-[5-amino-4-[[4-[4-[[5-amino-3-methyl-1-(3-sulfonatophenyl)pyrazol-4-yl]diazenyl]phenyl]sulfonylphenyl]diazenyl]-3-methylpyrazol-1-yl]benzenesulfonate,0,Cc1nn(-c2cccc(S(=O)(=O)[O-])c2)c(N)c1N=Nc1ccc(S(=O)(=O)c2ccc(N=Nc3c(C)nn(-c4cccc(S(=O)(=O)[O-])c4)c3N)cc2)cc1.[Na+].[Na+],
tris(2-nonylphenyl) phosphite,0,CCCCCCCCCc1ccccc1OP(Oc1ccccc1CCCCCCCCC)Oc1ccccc1CCCCCCCCC,
3-chlorophenol,0,Oc1cccc(Cl)c1,
[2-(ethylsulfanylmethyl)phenyl] N-methylcarbamate,0,CCSCc1ccccc1OC(=O)NC,
"2,3-dimethyloxirane",0,CC1OC1C,
iron(2+);diphosphate,0,O=P([O-])([O-])[O-].O=P([O-])([O-])[O-].[Fe+2].[Fe+2].[Fe+2],
aluminum;sodium;dioxido(oxo)silane,0,O=[Si]([O-])[O-].O=[Si]([O-])[O-].[Al+3].[Na+],
methyl (E)-3-(4-hydroxyphenyl)prop-2-enoate,0,COC(=O)C=Cc1ccc(O)cc1,
sodium;3-[[2-(benzenesulfonyl)phenyl]diazenyl]-2-phenyl-1H-indole-5-sulfonate,0,O=S(=O)([O-])c1ccc2[nH]c(-c3ccccc3)c(N=Nc3ccccc3S(=O)(=O)c3ccccc3)c2c1.[Na+],
"(4R)-4-[(3R,5S,8R,9S,10S,13R,14S,17R)-3-hydroxy-10,13-dimethyl-7-oxo-1,2,3,4,5,6,8,9,11,12,14,15,16,17-tetradecahydrocyclopenta[a]phenanthren-17-yl]pentanoic acid",0,CC(CCC(=O)O)C1CCC2C3C(=O)CC4CC(O)CCC4(C)C3CCC12C,
4-methoxy-4-methylpentan-2-one,0,COC(C)(C)CC(C)=O,
sodium;2-methylprop-2-enoate,0,C=C(C)C(=O)[O-].[Na+],
4-methylbenzaldehyde,0,Cc1ccc(C=O)cc1,
3-(4-methoxyphenyl)-2-methylpropanal,0,COc1ccc(CC(C)C=O)cc1,
dibromomercury,0,[Br][Hg][Br],
thallium(1+);thiocyanate,0,N#C[S-].[Tl+],
4-chloro-3-methylphenol,0,Cc1cc(O)ccc1Cl,
lead(2+);methanesulfonate,0,CS(=O)(=O)[O-].CS(=O)(=O)[O-].[Pb+2],
disodium;chromium;4-hydroxy-3-[[5-hydroxy-3-methyl-1-(4-methylphenyl)pyrazol-4-yl]diazenyl]-5-nitrobenzenesulfonic acid;4-[(2-hydroxy-4-nitrophenyl)diazenyl]-3-methyl-3H-pyrazol-5-ol,0,CC1N=NC(O)=C1N=Nc1ccc([N+](=O)[O-])cc1O.Cc1ccc(-n2nc(C)c(N=Nc3cc(S(=O)(=O)O)cc([N+](=O)[O-])c3O)c2O)cc1.[Cr].[Na+].[Na+],
tellurium dioxide,0,O=[Te]=O,
potassium;2-carboxybenzoate,0,O=C([O-])c1ccccc1C(=O)O.[K+],
"potassium;(2R)-2-(2,4-dichlorophenoxy)propanoate",0,CC(Oc1ccc(Cl)cc1Cl)C(=O)[O-].[K+],
"(8R,9S,13S,14S)-3,3-dimethoxy-13-methyl-1,2,4,6,7,8,9,11,12,14,15,16-dodecahydrocyclopenta[a]phenanthren-17-one",0,COC1(OC)CCC2=C(CCC3C2CCC2(C)C(=O)CCC32)C1,
4-(4-amino-3-methoxyphenyl)-2-methoxyaniline,0,COc1cc(-c2ccc(N)c(OC)c2)ccc1N,
tris(3-methylphenyl) phosphate,0,Cc1cccc(OP(=O)(Oc2cccc(C)c2)Oc2cccc(C)c2)c1,
"3,5-dimethylbenzoyl chloride",0,Cc1cc(C)cc(C(=O)Cl)c1,
manganese(2+);manganese(3+);oxygen(2-),0,[Mn+2].[Mn+3].[Mn+3].[O-2].[O-2].[O-2].[O-2],
"(3S,6R,9S,12R,15S,18R,21S,24R)-6,18-dibenzyl-4,10,12,16,22,24-hexamethyl-3,9,15,21-tetrakis(2-methylpropyl)-1,7,13,19-tetraoxa-4,10,16,22-tetrazacyclotetracosane-2,5,8,11,14,17,20,23-octone",0,CC(C)CC1C(=O)OC(Cc2ccccc2)C(=O)N(C)C(CC(C)C)C(=O)OC(C)C(=O)N(C)C(CC(C)C)C(=O)OC(Cc2ccccc2)C(=O)N(C)C(CC(C)C)C(=O)OC(C)C(=O)N1C,
(2S)-2-acetylsulfanyl-3-phenylpropanoic acid,0,CC(=O)SC(Cc1ccccc1)C(=O)O,
1-chloro-4-[(4-chlorophenyl)methylsulfanyl]benzene,0,Clc1ccc(CSc2ccc(Cl)cc2)cc1,
"1,1-bis(2-methylbutan-2-ylperoxy)cyclohexane",0,CCC(C)(C)OOC1(OOC(C)(C)CC)CCCCC1,
"thiolane 1,1-dioxide",0,O=S1(=O)CCCC1,
3-(4-bromo-3-chlorophenyl)-1-methoxy-1-methylurea,0,CON(C)C(=O)Nc1ccc(Br)c(Cl)c1,
3-amino-4-methoxy-N-methylbenzamide,0,CNC(=O)c1ccc(OC)c(N)c1,
"7,12-dimethylbenzo[a]anthracene",0,Cc1c2ccccc2c(C)c2c1ccc1ccccc12,
"sodium;1-amino-4-[4-(4-methylphenyl)sulfonyloxyanilino]-9,10-dioxoanthracene-2-sulfonate",0,Cc1ccc(S(=O)(=O)Oc2ccc(Nc3cc(S(=O)(=O)[O-])c(N)c4c3C(=O)c3ccccc3C4=O)cc2)cc1.[Na+],
"2,6-dinitro-4-propan-2-yl-N,N-dipropylaniline",0,CCCN(CCC)c1c([N+](=O)[O-])cc(C(C)C)cc1[N+](=O)[O-],
"2-[(1R,5S)-6,6-dimethyl-2-bicyclo[3.1.1]hept-2-enyl]ethanol",0,CC1(C)C2CC=C(CCO)C1C2,
2-phenoxyethyl prop-2-enoate,0,C=CC(=O)OCCOc1ccccc1,
"benzene-1,4-diamine;sulfuric acid",0,Nc1ccc(N)cc1.O=S(=O)(O)O,
disodium;selenite,0,O=[Se]([O-])[O-].[Na+].[Na+],
manganese(2+);dinitrate,0,O=[N+]([O-])[O-].O=[N+]([O-])[O-].[Mn+2],
butyl 3-methylbutanoate,0,CCCCOC(=O)CC(C)C,
1-isocyanato-3-methylsulfanylbenzene,0,CSc1cccc(N=C=O)c1,
"disodium;5-amino-2-anilinobenzenesulfonate;3-aminobenzenesulfonate;4-[(2-hydroxy-3,5-dinitrophenyl)diazenyl]benzene-1,3-diol;iron;4-nitroaniline",0,Nc1ccc(Nc2ccccc2)c(S(=O)(=O)[O-])c1.Nc1ccc([N+](=O)[O-])cc1.Nc1cccc(S(=O)(=O)[O-])c1.O=[N+]([O-])c1cc(N=Nc2ccc(O)cc2O)c(O)c([N+](=O)[O-])c1.[Fe].[Na+].[Na+],
2-nitrooxyethyl nitrate,0,O=[N+]([O-])OCCO[N+](=O)[O-],
4-[[2-hydroxy-4-methyl-5-(3-methylpyridin-1-ium-1-yl)-6-oxo-1H-pyridin-3-yl]diazenyl]-N-[4-[[2-hydroxy-4-methyl-5-(3-methylpyridin-1-ium-1-yl)-6-oxo-1H-pyridin-3-yl]diazenyl]phenyl]benzamide,0,Cc1ccc[n+](-c2c(C)c(N=Nc3ccc(NC(=O)c4ccc(N=Nc5c(O)[nH]c(=O)c(-[n+]6cccc(C)c6)c5C)cc4)cc3)c(O)[nH]c2=O)c1,
"N,N,3-trimethylaniline",0,Cc1cccc(N(C)C)c1,
imidazolidine-2-thione,0,S=C1NCCN1,
3-[N-[2-(2-cyanoethoxy)ethyl]-4-[(4-nitrophenyl)diazenyl]anilino]propanenitrile,0,N#CCCOCCN(CCC#N)c1ccc(N=Nc2ccc([N+](=O)[O-])cc2)cc1,
"benzene-1,4-diol",0,Oc1ccc(O)cc1,
"disodium;7-hydroxynaphthalene-1,3-disulfonate",0,O=S(=O)([O-])c1cc(S(=O)(=O)[O-])c2cc(O)ccc2c1.[Na+].[Na+],
pyridine-2-carbaldehyde,0,O=Cc1ccccn1,
7-oxabicyclo[4.1.0]heptan-3-ylmethyl 2-methylprop-2-enoate,0,C=C(C)C(=O)OCC1CCC2OC2C1,
chlorocyclohexane,0,ClC1CCCCC1,
"1,1,1,2,2,3,3,4,5,5,5-undecafluoro-4-(trifluoromethyl)pentane",0,FC(F)(F)C(F)(F)C(F)(F)C(F)(C(F)(F)F)C(F)(F)F,
decanoyl chloride,0,CCCCCCCCCC(=O)Cl,
3-ethylhexane,0,CCCC(CC)CC,
"dilithium;disodium;5-amino-3-[[5-[(5-chloro-2,6-difluoropyrimidin-4-yl)amino]-2-sulfonatophenyl]diazenyl]-4-hydroxy-6-[[4-(2-sulfonatooxyethylsulfonyl)phenyl]diazenyl]naphthalene-2,7-disulfonate",0,Nc1c(N=Nc2ccc(S(=O)(=O)CCOS(=O)(=O)[O-])cc2)c(S(=O)(=O)[O-])cc2cc(S(=O)(=O)[O-])c(N=Nc3cc(Nc4nc(F)nc(F)c4Cl)ccc3S(=O)(=O)[O-])c(O)c12.[Li+].[Li+].[Na+].[Na+],
3-(2-ethylhexoxymethoxymethyl)heptane,0,CCCCC(CC)COCOCC(CC)CCCC,
ethyl (2S)-5-(diaminomethylideneamino)-2-(dodecanoylamino)pentanoate;hydrochloride,0,CCCCCCCCCCCC(=O)NC(CCCN=C(N)N)C(=O)OCC.Cl,
neodymium(3+);oxygen(2-),0,[Nd+3].[Nd+3].[O-2].[O-2].[O-2],
"1,3-bis(4-nitrophenyl)urea;4,6-dimethyl-1H-pyrimidin-2-one",0,Cc1cc(C)[nH]c(=O)n1.O=C(Nc1ccc([N+](=O)[O-])cc1)Nc1ccc([N+](=O)[O-])cc1,
2-(chloromethyl)oxirane;4-[2-(4-hydroxyphenyl)propan-2-yl]phenol;2-methylprop-2-enoic acid,0,C=C(C)C(=O)O.CC(C)(c1ccc(O)cc1)c1ccc(O)cc1.ClCC1CO1,
"1,3,3-trimethyl-2-oxabicyclo[2.2.2]octane",0,CC12CCC(CC1)C(C)(C)O2,
cyclohexyl-dimethoxy-methylsilane,0,CO[Si](C)(OC)C1CCCCC1,
acetyloxy(phenyl)mercury,0,CC(=O)[O][Hg][c]1ccccc1,
"(4aR,5aS,8aR,13aS,15aS,15bR)-10,11-dimethoxy-4a,5,5a,7,8,13a,15,15a,15b,16-decahydro-2H-4,6-methanoindolo[3,2,1-ij]oxepino[2,3,4-de]pyrrolo[2,3-h]quinolin-14-one;3-[(2R)-octan-2-yl]phthalic acid",0,CCCCCCC(C)c1cccc(C(=O)O)c1C(=O)O.COc1cc2c(cc1OC)C13CCN4CC5=CCOC6CC(=O)N2C1C6C5CC43,
N-butan-2-ylbutan-2-amine,0,CCC(C)NC(C)CC,
"benzyl(triphenyl)phosphanium;methyl(1,1,2,2,3,3,4,4,4-nonafluorobutylsulfonyl)azanide",0,C[N-]S(=O)(=O)C(F)(F)C(F)(F)C(F)(F)C(F)(F)F.c1ccc(C[P+](c2ccccc2)(c2ccccc2)c2ccccc2)cc1,
sodium;prop-2-yne-1-sulfonate,0,C#CCS(=O)(=O)[O-].[Na+],
trimethyl(octadecyl)azanium;bromide,0,CCCCCCCCCCCCCCCCCC[N+](C)(C)C.[Br-],
4-methylaniline;hydrochloride,0,Cc1ccc(N)cc1.Cl,
1-(dithiocarboxyamino)propan-2-ylcarbamodithioic acid,0,CC(CNC(=S)S)NC(=S)S,
2-sulfoacetic acid,0,O=C(O)CS(=O)(=O)O,
"[(2R,3R)-3-(2-ethoxyphenoxy)-2-hydroxy-3-phenylpropyl]azanium;methanesulfonate",0,CCOc1ccccc1OC(c1ccccc1)C(O)C[NH3+].CS(=O)(=O)[O-],
dimethyl octadecanedioate,0,COC(=O)CCCCCCCCCCCCCCCCC(=O)OC,
"6-methoxy-2-N,4-N-di(propan-2-yl)-1,3,5-triazine-2,4-diamine",0,COc1nc(NC(C)C)nc(NC(C)C)n1,
calcium;4-[[5-carboxy-5-(3-carboxylatopropanoylamino)pentyl]amino]-4-oxobutanoate,0,O=C([O-])CCC(=O)NCCCCC(NC(=O)CCC(=O)[O-])C(=O)O.[Ca+2],
"3,5-dichloro-N-(1-chloro-3-methyl-2-oxopentan-3-yl)-4-methylbenzamide",0,CCC(C)(NC(=O)c1cc(Cl)c(C)c(Cl)c1)C(=O)CCl,
methyl 3-oxobutanoate,0,COC(=O)CC(C)=O,
"[cyano-(3-phenoxyphenyl)methyl] 2,2-dimethyl-3-(1,2,2,2-tetrabromoethyl)cyclopropane-1-carboxylate",0,CC1(C)C(C(=O)OC(C#N)c2cccc(Oc3ccccc3)c2)C1C(Br)C(Br)(Br)Br,
dichloroplatinum,0,[Cl][Pt][Cl],
difluorotin,0,[F][Sn][F],
"[4-[bis[4-(dimethylamino)phenyl]methylidene]cyclohexa-2,5-dien-1-ylidene]-dimethylazanium;chloride",0,CN(C)c1ccc(C(=C2C=CC(=[N+](C)C)C=C2)c2ccc(N(C)C)cc2)cc1.[Cl-],
"1,1,2,2-tetrafluoro-2-(1,2,2-trifluoroethenoxy)ethanesulfonyl fluoride",0,O=S(=O)(F)C(F)(F)C(F)(F)OC(F)=C(F)F,
phenylmethanamine;trifluoroborane,0,FB(F)F.NCc1ccccc1,
benzyl carbonochloridate,0,O=C(Cl)OCc1ccccc1,
"1-(1-acetyl-2,2,6,6-tetramethylpiperidin-4-yl)-3-dodecylpyrrolidine-2,5-dione",0,CCCCCCCCCCCCC1CC(=O)N(C2CC(C)(C)N(C(C)=O)C(C)(C)C2)C1=O,
tetraethylazanium;bromide,0,CC[N+](CC)(CC)CC.[Br-],
trihexadecylalumane,0,CCCCCCCCCCCCCCC[CH2][Al]([CH2]CCCCCCCCCCCCCCC)[CH2]CCCCCCCCCCCCCCC,
N'-(2-ethoxyphenyl)-N-[4-(10-methylundecyl)phenyl]oxamide,0,CCOc1ccccc1NC(=O)C(=O)Nc1ccc(CCCCCCCCCC(C)C)cc1,
2-tetradecyloctadecan-1-ol,0,CCCCCCCCCCCCCCCCC(CO)CCCCCCCCCCCCCC,
(4-chlorophenyl)-phenylmethanone,0,O=C(c1ccccc1)c1ccc(Cl)cc1,
sodium;3-(benzotriazol-2-yl)-5-butan-2-yl-4-hydroxybenzenesulfonate,0,CCC(C)c1cc(S(=O)(=O)[O-])cc(-n2nc3ccccc3n2)c1O.[Na+],
"5,7-dihydroxy-2-(3-hydroxy-4-methoxyphenyl)chromen-4-one",0,COc1ccc(-c2cc(=O)c3c(O)cc(O)cc3o2)cc1O,
"2,3,4-trimethylpentane",0,CC(C)C(C)C(C)C,
hexanedihydrazide,0,NNC(=O)CCCCC(=O)NN,
2-bicyclo[2.2.1]hept-5-enylmethyl prop-2-enoate,0,C=CC(=O)OCC1CC2C=CC1C2,
2-ethylbutyl prop-2-enoate,0,C=CC(=O)OCC(CC)CC,
pyrazole-1-carboximidamide;hydrochloride,0,Cl.N=C(N)n1cccn1,
1-methylcyclopropene,0,CC1=CC1,
"dioctyl benzene-1,2-dicarboxylate",0,CCCCCCCCOC(=O)c1ccccc1C(=O)OCCCCCCCC,
"(4aR,5aS,8aR,13aS,15aS,15bR)-10,11-dimethoxy-4a,5,5a,7,8,13a,15,15a,15b,16-decahydro-2H-4,6-methanoindolo[3,2,1-ij]oxepino[2,3,4-de]pyrrolo[2,3-h]quinolin-14-one;nitric acid",0,COc1cc2c(cc1OC)C13CCN4CC5=CCOC6CC(=O)N2C1C6C5CC43.O=[N+]([O-])O,
"4-(4-ethoxyanilino)-N,N-dimethyl-3-nitrobenzenesulfonamide",0,CCOc1ccc(Nc2ccc(S(=O)(=O)N(C)C)cc2[N+](=O)[O-])cc1,
"2,4-dimethyl-1,3,5-trinitrobenzene",0,Cc1c([N+](=O)[O-])cc([N+](=O)[O-])c(C)c1[N+](=O)[O-],
1-(diaminomethylidene)-2-(2-methylphenyl)guanidine,0,Cc1ccccc1N=C(N)N=C(N)N,
"(2S,3S)-2-(hexadecanoylamino)-3-methylpentanoic acid",0,CCCCCCCCCCCCCCCC(=O)NC(C(=O)O)C(C)CC,
"(Z)-but-2-enedioic acid;2-(dibutylamino)ethanol;propane-1,2-diol",0,CC(O)CO.CCCCN(CCO)CCCC.O=C(O)C=CC(=O)O,
"spiro[oxolane-2,8'-tricyclo[5.2.1.02,6]decane]",0,C1CC2C3CC(C2C1)C1(CCCO1)C3,
2-(2-aminoethylamino)ethanol;(Z)-octadec-9-enoic acid,0,CCCCCCCCC=CCCCCCCCC(=O)O.NCCNCCO,
2-[2-(2-butoxyethoxy)ethoxy]ethanol,0,CCCCOCCOCCOCCO,
"[3-hydroxy-2,2-bis(hydroxymethyl)propyl] (1R,4aR,4bR,10aR)-1,4a-dimethyl-7-propan-2-yl-2,3,4,4b,5,6,10,10a-octahydrophenanthrene-1-carboxylate",0,CC(C)C1=CC2=CCC3C(C)(C(=O)OCC(CO)(CO)CO)CCCC3(C)C2CC1,
1-chloro-2-methyl-3-nitrobenzene,0,Cc1c(Cl)cccc1[N+](=O)[O-],
"3-[3-[4-(4-bromophenyl)phenyl]-1,2,3,4-tetrahydronaphthalen-1-yl]-4-hydroxychromen-2-one",0,O=c1oc2ccccc2c(O)c1C1CC(c2ccc(-c3ccc(Br)cc3)cc2)Cc2ccccc21,
2-bromoethanamine;hydrobromide,0,Br.NCCBr,
[4-(carbamoylamino)cyclohexyl]urea,0,NC(=O)NC1CCC(NC(N)=O)CC1,
2-aminoethanesulfonic acid,0,NCCS(=O)(=O)O,
"6-methylsulfanyl-2-N,4-N-di(propan-2-yl)-1,3,5-triazine-2,4-diamine",0,CSc1nc(NC(C)C)nc(NC(C)C)n1,
"N-[4-[(4,6-dimethylpyrimidin-2-yl)sulfamoyl]phenyl]-2-methylprop-2-enamide",0,C=C(C)C(=O)Nc1ccc(S(=O)(=O)Nc2nc(C)cc(C)n2)cc1,
1-[N-(2-hydroxypropyl)-4-methylanilino]propan-2-ol,0,Cc1ccc(N(CC(C)O)CC(C)O)cc1,
"3-piperazin-1-yl-1,2-benzothiazole;hydrochloride",0,Cl.c1ccc2c(N3CCNCC3)nsc2c1,
tetrabutylphosphanium;bromide,0,CCCC[P+](CCCC)(CCCC)CCCC.[Br-],
"2,4,4-trimethyl-1,2-bis(2,4,4-trimethylpentan-2-yltetrasulfanyl)pentane",0,CC(C)(C)CC(C)(C)SSSSCC(C)(CC(C)(C)C)SSSSC(C)(C)CC(C)(C)C,
"(1S,2R,4R)-1-methyl-2-[(2-methylphenyl)methoxy]-4-propan-2-yl-7-oxabicyclo[2.2.1]heptane",0,Cc1ccccc1COC1CC2(C(C)C)CCC1(C)O2,
"disodium;5-acetamido-4-hydroxy-3-phenyldiazenylnaphthalene-2,7-disulfonate",0,CC(=O)Nc1cc(S(=O)(=O)[O-])cc2cc(S(=O)(=O)[O-])c(N=Nc3ccccc3)c(O)c12.[Na+].[Na+],
"trisodium;2-[[[[3-[[4-chloro-6-[N-ethyl-4-(2-sulfooxyethylsulfonyl)anilino]-1,3,5-triazin-2-yl]amino]-2-hydroxy-5-sulfophenyl]diazenyl]-phenylmethyl]diazenyl]-4-sulfobenzoic acid;copper;hydron",0,CCN(c1ccc(S(=O)(=O)CCOS(=O)(=O)O)cc1)c1nc(Cl)nc(Nc2cc(S(=O)(=O)O)cc(N=N[C-](N=Nc3cc(S(=O)(=O)O)ccc3C(=O)O)c3ccccc3)c2O)n1.[Cu].[H+].[Na+].[Na+].[Na+],
2-[[4-[bis(2-hydroxyethyl)amino]-2-methylphenyl]diazenyl]-5-nitrobenzonitrile,0,Cc1cc(N(CCO)CCO)ccc1N=Nc1ccc([N+](=O)[O-])cc1C#N,
2-hydroxy-2-phosphonoacetic acid,0,O=C(O)C(O)P(=O)(O)O,
"sodium;4-[[4-(diethylamino)phenyl]-(4-diethylazaniumylidenecyclohexa-2,5-dien-1-ylidene)methyl]-6-hydroxybenzene-1,3-disulfonate",0,CCN(CC)c1ccc(C(=C2C=CC(=[N+](CC)CC)C=C2)c2cc(O)c(S(=O)(=O)[O-])cc2S(=O)(=O)[O-])cc1.[Na+],
thiocyanic acid,0,N#CS,
"1,2,5,6,9,10-hexabromocyclododecane",0,BrC1CCC(Br)C(Br)CCC(Br)C(Br)CCC1Br,
1-(1-butoxypropan-2-yloxy)propan-2-ol,0,CCCCOCC(C)OCC(C)O,
"1,1,2-trichloroethene",0,ClC=C(Cl)Cl,
azane;platinum(2+);dinitrate,0,N.N.N.N.O=[N+]([O-])[O-].O=[N+]([O-])[O-].[Pt+2],
4-methyl-1-propan-2-ylcyclohex-3-en-1-ol,0,CC1=CCC(O)(C(C)C)CC1,
calcium;4-[[3-[[2-hydroxy-3-[(4-methoxyphenyl)carbamoyl]naphthalen-1-yl]diazenyl]-4-methylbenzoyl]amino]benzenesulfonate,0,COc1ccc(NC(=O)c2cc3ccccc3c(N=Nc3cc(C(=O)Nc4ccc(S(=O)(=O)[O-])cc4)ccc3C)c2O)cc1.COc1ccc(NC(=O)c2cc3ccccc3c(N=Nc3cc(C(=O)Nc4ccc(S(=O)(=O)[O-])cc4)ccc3C)c2O)cc1.[Ca+2],
"5-[[4-(dimethylamino)phenyl]diazenyl]-4-methyl-N,N-di(propan-2-yl)-1,3,4-thiadiazol-4-ium-2-amine;trichlorozinc(1-)",0,CC(C)N(c1n[n+](C)c(N=Nc2ccc(N(C)C)cc2)s1)C(C)C.[Cl][Zn-]([Cl])[Cl],
"pyridine-2,4-dicarboxylic acid",0,O=C(O)c1ccnc(C(=O)O)c1,
"3-dodecyl-1-(1,2,2,6,6-pentamethylpiperidin-4-yl)pyrrolidine-2,5-dione",0,CCCCCCCCCCCCC1CC(=O)N(C2CC(C)(C)N(C)C(C)(C)C2)C1=O,
"2-methylanthracene-9,10-dione",0,Cc1ccc2c(c1)C(=O)c1ccccc1C2=O,
4-chloroaniline,0,Nc1ccc(Cl)cc1,
"(1S,2S,3S,6R,7R,8R)-1,8,9,10,11,11-hexachlorotetracyclo[6.2.1.13,6.02,7]dodeca-4,9-diene",0,ClC1=C(Cl)C2(Cl)C3C4C=CC(C4)C3C1(Cl)C2(Cl)Cl,
(E)-2-methyl-1-(2-methyl-2-bicyclo[2.2.1]hept-5-enyl)pent-1-en-3-ol,0,CCC(O)C(C)=CC1(C)CC2C=CC1C2,
N-(butoxymethyl)prop-2-enamide,0,C=CC(=O)NCOCCCC,
2-[(dimethylamino)methyl]cyclohexan-1-one;hydrochloride,0,CN(C)CC1CCCCC1=O.Cl,
2-chloroethylphosphonic acid,0,O=P(O)(O)CCCl,
magnesium;dinitrate,0,O=[N+]([O-])[O-].O=[N+]([O-])[O-].[Mg+2],
2-(2-methylbutan-2-yl)phenol,0,CCC(C)(C)c1ccccc1O,
2-[1-(sulfanylmethyl)cyclopropyl]acetic acid,0,O=C(O)CC1(CS)CC1,
"1,2-dichloro-1-[difluoro(trifluoromethoxy)methoxy]-1,2,2-trifluoroethane",0,FC(F)(F)OC(F)(F)OC(F)(Cl)C(F)(F)Cl,
2-(dimethylamino)-2-[(4-methylphenyl)methyl]-1-(4-morpholin-4-ylphenyl)butan-1-one,0,CCC(Cc1ccc(C)cc1)(C(=O)c1ccc(N2CCOCC2)cc1)N(C)C,
"(1S,2S,3S,5R)-2,6,6-trimethylspiro[bicyclo[3.1.1]heptane-3,4'-cyclohex-2-ene]-1'-one",0,CC1C2CC(CC13C=CC(=O)CC3)C2(C)C,
2-amino-2-(4-chlorophenyl)acetamide,0,NC(=O)C(N)c1ccc(Cl)cc1,
1-phenylethanol,0,CC(O)c1ccccc1,
"2-hydroxy-N,N-dimethylpropanamide",0,CC(O)C(=O)N(C)C,
"1-bromo-3,5-difluorobenzene",0,Fc1cc(F)cc(Br)c1,
1-[2-[bis(2-hydroxypropyl)amino]ethyl-(2-hydroxypropyl)amino]propan-2-ol,0,CC(O)CN(CCN(CC(C)O)CC(C)O)CC(C)O,
3-methoxybutyl acetate,0,COC(C)CCOC(C)=O,
"1-hydroperoxy-1,2,3,4-tetrahydronaphthalene",0,OOC1CCCc2ccccc21,
"N,N-dimethyl-1-phenothiazin-10-ylpropan-2-amine",0,CC(CN1c2ccccc2Sc2ccccc21)N(C)C,
"dipotassium;5-[[4-anilino-6-[bis(2-hydroxyethyl)amino]-1,3,5-triazin-2-yl]amino]-2-[(E)-2-[4-[[4-anilino-6-[bis(2-hydroxyethyl)amino]-1,3,5-triazin-2-yl]amino]-2-sulfonatophenyl]ethenyl]benzenesulfonate",0,O=S(=O)([O-])c1cc(Nc2nc(Nc3ccccc3)nc(N(CCO)CCO)n2)ccc1C=Cc1ccc(Nc2nc(Nc3ccccc3)nc(N(CCO)CCO)n2)cc1S(=O)(=O)[O-].[K+].[K+],
"sodium;3-[[4-amino-3-[2-(2-methoxyethoxy)ethoxy]-9,10-dioxoanthracen-1-yl]amino]-2,4,6-trimethylbenzenesulfonate",0,COCCOCCOc1cc(Nc2c(C)cc(C)c(S(=O)(=O)[O-])c2C)c2c(c1N)C(=O)c1ccccc1C2=O.[Na+],
3-(cyclohexylamino)propane-1-sulfonic acid,0,O=S(=O)(O)CCCNC1CCCCC1,
2-[benzyl(ethyl)amino]-1-(3-hydroxyphenyl)ethanone;hydrochloride,0,CCN(CC(=O)c1cccc(O)c1)Cc1ccccc1.Cl,
sodium;acetate,0,CC(=O)[O-].[Na+],
"4,5-dimethyl-1H-pyrazole",0,Cc1cn[nH]c1C,
(4-chlorophenyl)-(4-dimethoxyphosphinothioyloxyphenyl)diazene,0,COP(=S)(OC)Oc1ccc(N=Nc2ccc(Cl)cc2)cc1,
"butane-1,2,3,4-tetracarboxylic acid",0,O=C(O)CC(C(=O)O)C(CC(=O)O)C(=O)O,
potassium;bromate,0,[K+].[O-][Br+2]([O-])[O-],
2-[2-(4-nonylphenoxy)ethoxy]ethanol,0,CCCCCCCCCc1ccc(OCCOCCO)cc1,
"(3E,7E)-deca-1,3,7-triene",0,C=CC=CCCC=CCC,
dimethyl-bis(2-methylbut-3-yn-2-yloxy)silane,0,C#CC(C)(C)O[Si](C)(C)OC(C)(C)C#C,
N-ethylbutan-1-amine,0,CCCCNCC,
"2,3,4-trifluoroaniline",0,Nc1ccc(F)c(F)c1F,
pentacosane,0,CCCCCCCCCCCCCCCCCCCCCCCCC,
"2-[2-[3,4-bis(2-hydroxyethoxy)oxolan-2-yl]-2-(2-hydroxyethoxy)ethoxy]ethyl octadec-9-enoate",0,CCCCCCCCC=CCCCCCCCC(=O)OCCOCC(OCCO)C1OCC(OCCO)C1OCCO,
"N-phenyl-4-(2,4,4-trimethylpentan-2-yl)aniline",0,CC(C)(C)CC(C)(C)c1ccc(Nc2ccccc2)cc1,
"bis(oxiran-2-ylmethyl) cyclohex-4-ene-1,2-dicarboxylate",0,O=C(OCC1CO1)C1CC=CCC1C(=O)OCC1CO1,
"disodium;3-[[4-[1-[4-[(1,7-dihydroxy-3-sulfonatonaphthalen-2-yl)diazenyl]-3-methylphenyl]cyclohexyl]-2-methylphenyl]diazenyl]-4,6-dihydroxynaphthalene-2-sulfonate",0,Cc1cc(C2(c3ccc(N=Nc4c(S(=O)(=O)[O-])cc5ccc(O)cc5c4O)c(C)c3)CCCCC2)ccc1N=Nc1c(S(=O)(=O)[O-])cc2ccc(O)cc2c1O.[Na+].[Na+],
1-ethoxy-4-(7-methyloctyl)benzene,0,CCOc1ccc(CCCCCCC(C)C)cc1,
3-phenylpropyl acetate,0,CC(=O)OCCCc1ccccc1,
"(2E)-3,7-dimethylocta-2,6-dienenitrile",0,CC(C)=CCCC(C)=CC#N,
2-amino-4-[hydroxy(methyl)phosphoryl]butanoic acid;azane,0,CP(=O)(O)CCC(N)C(=O)O.N,
"(8R,9S,13S,14S,17S)-17-hydroxy-13-methyl-2,4,6,7,8,9,11,12,14,15,16,17-dodecahydro-1H-cyclopenta[a]phenanthren-3-one",0,CC12CCC3C4=C(CCC3C1CCC2O)CC(=O)CC4,
"2-phenylpropane-1,3-diol",0,OCC(CO)c1ccccc1,
"disodium;8-hydroxynaphthalene-1,6-disulfonate",0,O=S(=O)([O-])c1cc(O)c2c(S(=O)(=O)[O-])cccc2c1.[Na+].[Na+],
"(2E)-3,7-dimethylocta-2,6-dien-1-ol",0,CC(C)=CCCC(C)=CCO,
octadecyl 3-(3-octadecoxy-3-oxopropyl)sulfanylpropanoate,0,CCCCCCCCCCCCCCCCCCOC(=O)CCSCCC(=O)OCCCCCCCCCCCCCCCCCC,
benzyl-decyl-dimethylazanium;chloride,0,CCCCCCCCCC[N+](C)(C)Cc1ccccc1.[Cl-],
[(E)-3-methylsulfonylbutan-2-ylideneamino] N-methylcarbamate,0,CNC(=O)ON=C(C)C(C)S(C)(=O)=O,
2-methyl-2-azabicyclo[2.2.1]heptane,0,CN1CC2CCC1C2,
sulfur,0,[S],
"2-butan-2-yl-4-[4-[4-[4-[[(2R,4S)-2-(2,4-dichlorophenyl)-2-(1,2,4-triazol-1-ylmethyl)-1,3-dioxolan-4-yl]methoxy]phenyl]piperazin-1-yl]phenyl]-1,2,4-triazol-3-one",0,CCC(C)n1ncn(-c2ccc(N3CCN(c4ccc(OCC5COC(Cn6cncn6)(c6ccc(Cl)cc6Cl)O5)cc4)CC3)cc2)c1=O,
1-(3-hydroxyphenyl)ethanone,0,CC(=O)c1cccc(O)c1,
methyl 2-chloroprop-2-enoate,0,C=C(Cl)C(=O)OC,
"1,3,5,7-tetrazatricyclo[3.3.1.13,7]decane",0,C1N2CN3CN1CN(C2)C3,
"1,4-bis(2-tert-butylperoxypropan-2-yl)benzene",0,CC(C)(C)OOC(C)(C)c1ccc(C(C)(C)OOC(C)(C)C)cc1,
"methyl 2-[4-(2,4-dichlorophenoxy)phenoxy]propanoate",0,COC(=O)C(C)Oc1ccc(Oc2ccc(Cl)cc2Cl)cc1,
"2-methylpropyl 2-(2,4,5-trichlorophenoxy)acetate",0,CC(C)COC(=O)COc1cc(Cl)c(Cl)cc1Cl,
8-methylnonyl diphenyl phosphate,0,CC(C)CCCCCCCOP(=O)(Oc1ccccc1)Oc1ccccc1,
dimethoxymethane,0,COCOC,
"2,17-diazaheptacyclo[16.12.0.03,16.04,13.06,11.019,28.021,26]triaconta-1(18),3(16),4(13),6,8,10,14,19(28),21,23,25,29-dodecaene-5,12,20,27-tetrone",0,O=c1c2ccccc2c(=O)c2c1ccc1[nH]c3c(ccc4c(=O)c5ccccc5c(=O)c43)[nH]c12,
tetracosane,0,CCCCCCCCCCCCCCCCCCCCCCCC,
hexadecyl 2-hydroxypropanoate,0,CCCCCCCCCCCCCCCCOC(=O)C(C)O,
"N,4-dimethylaniline",0,CNc1ccc(C)cc1,
"2,5,7,7-tetramethyloctanal",0,CC(C=O)CCC(C)CC(C)(C)C,
"copper;trisodium;3-[[(Z)-N-[(E)-[6-(dioxidomethylidene)-4-sulfonatocyclohexa-2,4-dien-1-ylidene]amino]-C-phenylcarbonimidoyl]diazenyl]-4-oxido-5-[(2,5,6-trichloropyrimidin-4-yl)amino]benzenesulfonate",0,O=S(=O)([O-])C1=CC(=C([O-])[O-])C(=NN=C(N=Nc2cc(S(=O)(=O)[O-])cc(Nc3nc(Cl)nc(Cl)c3Cl)c2[O-])c2ccccc2)C=C1.[Cu+2].[Na+].[Na+].[Na+],
1-[3-(4-fluorophenoxy)propyl]-3-methoxypiperidin-4-one,0,COC1CN(CCCOc2ccc(F)cc2)CCC1=O,
diethyl(methoxy)borane,0,CCB(CC)OC,
2-(diethylamino)ethyl prop-2-enoate,0,C=CC(=O)OCCN(CC)CC,
"2-(2,4,5-trichlorophenoxy)propanoic acid",0,CC(Oc1cc(Cl)c(Cl)cc1Cl)C(=O)O,
"2,3-di(tetradecanoyloxy)propyl tetradecanoate",0,CCCCCCCCCCCCCC(=O)OCC(COC(=O)CCCCCCCCCCCCC)OC(=O)CCCCCCCCCCCCC,
diethyl (5-methyl-1H-pyrazol-3-yl) phosphate,0,CCOP(=O)(OCC)Oc1cc(C)[nH]n1,
"2,4-dichloro-1-fluorobenzene",0,Fc1ccc(Cl)cc1Cl,
"trisodium;5-[[4-chloro-6-(2-methylanilino)-1,3,5-triazin-2-yl]amino]-4-hydroxy-3-[(2-sulfonatophenyl)diazenyl]naphthalene-2,7-disulfonate",0,Cc1ccccc1Nc1nc(Cl)nc(Nc2cc(S(=O)(=O)[O-])cc3cc(S(=O)(=O)[O-])c(N=Nc4ccccc4S(=O)(=O)[O-])c(O)c23)n1.[Na+].[Na+].[Na+],
1-(bromomethyl)-4-methylbenzene,0,Cc1ccc(CBr)cc1,
3-methylbutyl 3-methylbutanoate,0,CC(C)CCOC(=O)CC(C)C,
"ethyl (2E,4E)-3,7,11-trimethyldodeca-2,4-dienoate",0,CCOC(=O)C=C(C)C=CCC(C)CCCC(C)C,
chromium(3+);oxalate,0,O=C([O-])C(=O)[O-].O=C([O-])C(=O)[O-].O=C([O-])C(=O)[O-].[Cr+3].[Cr+3],
1-hydroxy-2-methylpentan-3-one,0,CCC(=O)C(C)CO,
1-methoxyhexane,0,CCCCCCOC,
ethylsulfanylethane,0,CCSCC,
decanoyl decaneperoxoate,0,CCCCCCCCCC(=O)OOC(=O)CCCCCCCCC,
propan-2-yl propan-2-yloxycarbonyloxy carbonate,0,CC(C)OC(=O)OOC(=O)OC(C)C,
N-benzyl-7H-purin-6-amine,0,c1ccc(CNc2ncnc3nc[nH]c23)cc1,
"disodium;3-[[2,4-bis(2-methylphenoxy)phenyl]diazenyl]-4-hydroxy-5-[(4-methylphenyl)sulfonylamino]naphthalene-2,7-disulfonate",0,Cc1ccc(S(=O)(=O)Nc2cc(S(=O)(=O)[O-])cc3cc(S(=O)(=O)[O-])c(N=Nc4ccc(Oc5ccccc5C)cc4Oc4ccccc4C)c(O)c23)cc1.[Na+].[Na+],
2-methylbut-2-ene,0,CC=C(C)C,
2-[2-hydroxyethyl(octadecyl)amino]ethanol,0,CCCCCCCCCCCCCCCCCCN(CCO)CCO,
sodium;3-[[5-(diethylsulfamoyl)-2-methoxyphenyl]diazenyl]-4-hydroxynaphthalene-1-sulfonate,0,CCN(CC)S(=O)(=O)c1ccc(OC)c(N=Nc2cc(S(=O)(=O)[O-])c3ccccc3c2O)c1.[Na+],
sodium;hydroxy(methyl)arsinate,0,C[As](=O)([O-])O.[Na+],
"4-hydroxy-4,6-dihydrofuro[3,2-c]pyran-2-one",0,O=C1C=C2C(=CCOC2O)O1,
2-(chloromethyl)oxirane;formaldehyde;phenol,0,C=O.ClCC1CO1.Oc1ccccc1,
(4-benzoylphenyl) 2-methylprop-2-enoate,0,C=C(C)C(=O)Oc1ccc(C(=O)c2ccccc2)cc1,
7-benzamido-4-hydroxynaphthalene-2-sulfonic acid,0,O=C(Nc1ccc2c(O)cc(S(=O)(=O)O)cc2c1)c1ccccc1,
"2-methyl-4,6-dinitrophenol",0,Cc1cc([N+](=O)[O-])cc([N+](=O)[O-])c1O,
"copper;sodium;4-[[4-[(3,5-dinitro-2-oxidophenyl)diazenyl]-2-hydroxy-3-oxidophenyl]diazenyl]benzenesulfonate",0,O=[N+]([O-])c1cc(N=Nc2ccc(N=Nc3ccc(S(=O)(=O)[O-])cc3)c(O)c2[O-])c([O-])c([N+](=O)[O-])c1.[Cu+2].[Na+],
S-ethyl azepane-1-carbothioate,0,CCSC(=O)N1CCCCCC1,
"1,1,2,2-tetrachloro-1,2-difluoroethane",0,FC(Cl)(Cl)C(F)(Cl)Cl,
naphthalen-2-amine,0,Nc1ccc2ccccc2c1,
potassium;2-[2-[bis(carboxylatomethyl)amino]ethyl-(carboxylatomethyl)amino]acetate;iron(3+),0,O=C([O-])CN(CCN(CC(=O)[O-])CC(=O)[O-])CC(=O)[O-].[Fe+3].[K+],
disodium;8-anilino-5-[[4-[(5-sulfonatonaphthalen-1-yl)diazenyl]naphthalen-1-yl]diazenyl]naphthalene-1-sulfonate,0,O=S(=O)([O-])c1cccc2c(N=Nc3ccc(N=Nc4ccc(Nc5ccccc5)c5c(S(=O)(=O)[O-])cccc45)c4ccccc34)cccc12.[Na+].[Na+],
(2-ethylphenyl)hydrazine;hydrochloride,0,CCc1ccccc1NN.Cl,
"(1R,2S)-1-amino-2,3-dihydro-1H-inden-2-ol",0,NC1c2ccccc2CC1O,
(E)-2-[2-(2-methylpropoxy)-2-oxoethyl]tetradec-8-enoic acid,0,CCCCCC=CCCCCCC(CC(=O)OCC(C)C)C(=O)O,
"2-methyl-1,4-dinitrobenzene",0,Cc1cc([N+](=O)[O-])ccc1[N+](=O)[O-],
"2-phosphonobutane-1,2,4-tricarboxylic acid",0,O=C(O)CCC(CC(=O)O)(C(=O)O)P(=O)(O)O,
"3-(3,5-ditert-butyl-4-hydroxyphenyl)-N-[6-[3-(3,5-ditert-butyl-4-hydroxyphenyl)propanoylamino]hexyl]propanamide",0,CC(C)(C)c1cc(CCC(=O)NCCCCCCNC(=O)CCc2cc(C(C)(C)C)c(O)c(C(C)(C)C)c2)cc(C(C)(C)C)c1O,
"trisodium;1,3,5-triazine-2,4,6-trithiolate",0,[Na+].[Na+].[Na+].[S-]c1nc([S-])nc([S-])n1,
potassium;fluoride,0,[F-].[K+],
4-methyl-4-phenylpentan-2-one,0,CC(=O)CC(C)(C)c1ccccc1,
8-methylnonyl (Z)-octadec-9-enoate,0,CCCCCCCCC=CCCCCCCCC(=O)OCCCCCCCC(C)C,
"30-nitrononacyclo[18.10.2.22,5.03,16.04,13.06,11.017,31.022,27.028,32]tetratriaconta-1(30),2,4,6,8,10,13,15,17(31),18,20(32),22,24,26,28,33-hexadecaene-12,21-dione",0,O=C1c2ccccc2-c2ccc3c4c([N+](=O)[O-])cc5c6c(ccc(c7ccc1c2c73)c64)C(=O)c1ccccc1-5,
"(E)-4-(2,6,6-trimethylcyclohex-2-en-1-yl)but-3-en-2-one",0,CC(=O)C=CC1C(C)=CCCC1(C)C,
"1,4-diazabicyclo[2.2.2]octan-2-ylmethanol",0,OCC1CN2CCN1CC2,
zinc;sulfate;heptahydrate,0,O.O.O.O.O.O.O.O=S(=O)([O-])[O-].[Zn+2],
"2,2-dichloroacetic acid",0,O=C(O)C(Cl)Cl,
tetrasodium;iron(2+);hexacyanide,0,[C-]#N.[C-]#N.[C-]#N.[C-]#N.[C-]#N.[C-]#N.[Fe+2].[Na+].[Na+].[Na+].[Na+],
"3-butoxypropyl 2-(2,4-dichlorophenoxy)acetate",0,CCCCOCCCOC(=O)COc1ccc(Cl)cc1Cl,
"(3,3,5-trimethylcyclohexyl) 2-methylprop-2-enoate",0,C=C(C)C(=O)OC1CC(C)CC(C)(C)C1,
"1,4-dimethylcyclohexane",0,CC1CCC(C)CC1,
2-[N-(2-cyanoethyl)-4-[(4-nitrophenyl)diazenyl]anilino]ethyl acetate,0,CC(=O)OCCN(CCC#N)c1ccc(N=Nc2ccc([N+](=O)[O-])cc2)cc1,
1-benzyl-2-methylbenzene,0,Cc1ccccc1Cc1ccccc1,
"2-(1,3-benzothiazol-2-yldisulfanyl)-1,3-benzothiazole",0,c1ccc2sc(SSc3nc4ccccc4s3)nc2c1,
1H-imidazole,0,c1c[nH]cn1,
"2,3-diacetyloxypropyl dodecanoate",0,CCCCCCCCCCCC(=O)OCC(COC(C)=O)OC(C)=O,
ytterbium(3+);trinitrate;pentahydrate,0,O.O.O.O.O.O=[N+]([O-])[O-].O=[N+]([O-])[O-].O=[N+]([O-])[O-].[Yb+3],
1-[4-(4-benzoylphenyl)sulfanylphenyl]-2-methyl-2-(4-methylphenyl)sulfonylpropan-1-one,0,Cc1ccc(S(=O)(=O)C(C)(C)C(=O)c2ccc(Sc3ccc(C(=O)c4ccccc4)cc3)cc2)cc1,
"4,4-dimethyl-1,3-oxazolidine",0,CC1(C)COCN1,
"8-thiahexacyclo[10.10.2.02,7.09,23.013,18.020,24]tetracosa-1(23),2,4,6,9,11,13,15,17,20(24),21-undecaen-19-one",0,O=c1c2ccccc2c2ccc3sc4ccccc4c4ccc1c2c34,
2-cyano-N-methylacetamide,0,CNC(=O)CC#N,
benzyl(tributyl)azanium;4-hydroxynaphthalene-1-sulfonate,0,CCCC[N+](CCCC)(CCCC)Cc1ccccc1.O=S(=O)([O-])c1ccc(O)c2ccccc12,
"sodium;1,1,2,2,3,3,4,4,4-nonafluorobutane-1-sulfinate",0,O=S([O-])C(F)(F)C(F)(F)C(F)(F)C(F)(F)F.[Na+],
16-methylheptadecyl hexadecanoate,0,CCCCCCCCCCCCCCCC(=O)OCCCCCCCCCCCCCCCC(C)C,
magnesium;dihydrogen phosphate,0,O=P([O-])(O)O.O=P([O-])(O)O.[Mg+2],
4-methyl-2-pentan-3-yloxan-4-ol,0,CCC(CC)C1CC(C)(O)CCO1,
"3-methylbut-3-enyl 2,2-dimethylpropanoate",0,C=C(C)CCOC(=O)C(C)(C)C,
sodium;3-[(4-anilinophenyl)diazenyl]benzenesulfonate,0,O=S(=O)([O-])c1cccc(N=Nc2ccc(Nc3ccccc3)cc2)c1.[Na+],
triethoxy-[3-(3-triethoxysilylpropyldisulfanyl)propyl]silane,0,CCO[Si](CCCSSCCC[Si](OCC)(OCC)OCC)(OCC)OCC,
calcium;dibromide,0,[Br-].[Br-].[Ca+2],
[2-(docosanoyloxymethyl)-3-hydroxy-2-(hydroxymethyl)propyl] docosanoate,0,CCCCCCCCCCCCCCCCCCCCCC(=O)OCC(CO)(CO)COC(=O)CCCCCCCCCCCCCCCCCCCCC,
1-(2-hydroperoxypropan-2-yl)-4-methylcyclohexane,0,CC1CCC(C(C)(C)OO)CC1,
pyridine-2-carbonitrile,0,N#Cc1ccccn1,
4-(2-methoxypropan-2-yl)-1-methylcyclohexene,0,COC(C)(C)C1CC=C(C)CC1,
2-hydroxypropyl prop-2-enoate,0,C=CC(=O)OCC(C)O,
"7-methyl-3-methylideneocta-1,6-diene",0,C=CC(=C)CCC=C(C)C,
"2-chloro-N,N-dimethylethanamine",0,CN(C)CCCl,
"2,2-dimethylpropane-1,3-diol",0,CC(C)(CO)CO,
"2,4,5-trimethylaniline",0,Cc1cc(C)c(N)cc1C,
"2,4-dichloro-1-methylbenzene",0,Cc1ccc(Cl)cc1Cl,
"2,3,5,6-tetrafluorobenzoic acid",0,O=C(O)c1c(F)c(F)cc(F)c1F,
isocyanatoethane,0,CCN=C=O,
"4-N,4-N-diethyl-2-methylbenzene-1,4-diamine;hydrochloride",0,CCN(CC)c1ccc(N)c(C)c1.Cl,
pentasodium;2-[bis[2-[bis(carboxylatomethyl)amino]ethyl]amino]acetate,0,O=C([O-])CN(CCN(CC(=O)[O-])CC(=O)[O-])CCN(CC(=O)[O-])CC(=O)[O-].[Na+].[Na+].[Na+].[Na+].[Na+],
"2,6,10,14-tetramethylhexadecane",0,CCC(C)CCCC(C)CCCC(C)CCCC(C)C,
"1-chloro-4-[2,2,2-trichloro-1-(4-chlorophenyl)ethyl]benzene",0,Clc1ccc(C(c2ccc(Cl)cc2)C(Cl)(Cl)Cl)cc1,
1-chloro-4-(trifluoromethyl)benzene,0,FC(F)(F)c1ccc(Cl)cc1,
8-aminonaphthalene-2-sulfonic acid,0,Nc1cccc2ccc(S(=O)(=O)O)cc12,
tripentyl(tripentylstannyloxy)stannane,0,CCCC[CH2][Sn]([CH2]CCCC)([CH2]CCCC)[O][Sn]([CH2]CCCC)([CH2]CCCC)[CH2]CCCC,
"2-[N-ethyl-4-[(6-methoxy-3-methyl-1,3-benzothiazol-3-ium-2-yl)diazenyl]anilino]ethanol;chloride",0,CCN(CCO)c1ccc(N=Nc2sc3cc(OC)ccc3[n+]2C)cc1.[Cl-],
(2-butyl-5-nitro-1-benzofuran-3-yl)-[4-[3-(dibutylamino)propoxy]phenyl]methanone,0,CCCCc1oc2ccc([N+](=O)[O-])cc2c1C(=O)c1ccc(OCCCN(CCCC)CCCC)cc1,
"3,4-dihydroxy-5-nitrobenzaldehyde",0,O=Cc1cc(O)c(O)c([N+](=O)[O-])c1,
lanthanum(3+);triacetate,0,CC(=O)[O-].CC(=O)[O-].CC(=O)[O-].[La+3],
"6-(3,5,5-trimethylhexanoylamino)hexanoate;tris(2-hydroxyethyl)azanium",0,CC(CC(=O)NCCCCCC(=O)[O-])CC(C)(C)C.OCC[NH+](CCO)CCO,
"2,2-dichloroacetaldehyde",0,O=CC(Cl)Cl,
"2,3-dichloro-5-(trifluoromethyl)pyridine",0,FC(F)(F)c1cnc(Cl)c(Cl)c1,
N-[(4-methoxyphenyl)methyl]-N-methylmethanesulfonamide,0,COc1ccc(CN(C)S(C)(=O)=O)cc1,
sodium;2-(4-aminoanilino)-5-nitrobenzenesulfonate,0,Nc1ccc(Nc2ccc([N+](=O)[O-])cc2S(=O)(=O)[O-])cc1.[Na+],
bis[[dimethyl(trimethylsilyloxy)silyl]oxy]-dimethylsilane,0,C[Si](C)(C)O[Si](C)(C)O[Si](C)(C)O[Si](C)(C)O[Si](C)(C)C,
"(2-methyl-4-oxo-3-prop-2-ynylcyclopent-2-en-1-yl) 2,2-dimethyl-3-(2-methylprop-1-enyl)cyclopropane-1-carboxylate",0,C#CCC1=C(C)C(OC(=O)C2C(C=C(C)C)C2(C)C)CC1=O,
"benzene-1,4-dicarbonyl chloride",0,O=C(Cl)c1ccc(C(=O)Cl)cc1,
methyl 2-(methylamino)benzoate,0,CNc1ccccc1C(=O)OC,
gadolinium(3+);oxygen(2-);zirconium(4+),0,[Gd+3].[Gd+3].[O-2].[O-2].[O-2].[O-2].[O-2].[O-2].[O-2].[Zr+4].[Zr+4],
4-bromo-2-fluoro-1-phenylbenzene,0,Fc1cc(Br)ccc1-c1ccccc1,
N-[dichloro(fluoro)methyl]sulfanyl-N-(dimethylsulfamoyl)aniline,0,CN(C)S(=O)(=O)N(SC(F)(Cl)Cl)c1ccccc1,
"N-(3,4-dichlorophenyl)propanamide",0,CCC(=O)Nc1ccc(Cl)c(Cl)c1,
1-(bromomethyl)-3-methylbenzene,0,Cc1cccc(CBr)c1,
[dibutyl(dodecanoyloxy)stannyl] dodecanoate,0,CCCCCCCCCCCC(=O)[O][Sn]([CH2]CCC)([CH2]CCC)[O]C(=O)CCCCCCCCCCC,
"N-[1-(4,4-dimethyl-2-propan-2-yl-1,3-oxazolidin-3-yl)-2-methylpropan-2-yl]-2-methylpropan-1-imine",0,CC(C)C=NC(C)(C)CN1C(C(C)C)OCC1(C)C,
[(Z)-hex-3-enyl] methyl carbonate,0,CCC=CCCOC(=O)OC,
"2-N,4-N-dibutyl-2-N,4-N-bis(1,2,2,6,6-pentamethylpiperidin-4-yl)-6-pyrrolidin-1-yl-1,3,5-triazine-2,4-diamine",0,CCCCN(c1nc(N2CCCC2)nc(N(CCCC)C2CC(C)(C)N(C)C(C)(C)C2)n1)C1CC(C)(C)N(C)C(C)(C)C1,
"3-[N-methyl-4-[(E)-2-(1,3,3-trimethylindol-1-ium-2-yl)ethenyl]anilino]propanenitrile;acetate",0,CC(=O)[O-].CN(CCC#N)c1ccc(C=CC2=[N+](C)c3ccccc3C2(C)C)cc1,
chloromethylidene(dimethyl)azanium;chloride,0,C[N+](C)=CCl.[Cl-],
"4,5,6,7-tetrahydroisoindole-1,3-dione",0,O=C1NC(=O)C2=C1CCCC2,
"2,3-dimethyloxirane;2-ethyloxirane",0,CC1OC1C.CCC1CO1,
1-(4-propan-2-ylcyclohexyl)ethanol,0,CC(C)C1CCC(C(C)O)CC1,
"2,3-dihydroxypropyl-[3-(docosanoylamino)propyl]-dimethylazanium;chloride",0,CCCCCCCCCCCCCCCCCCCCCC(=O)NCCC[N+](C)(C)CC(O)CO.[Cl-],
"3,10,17,24-tetrazaoctacyclo[13.13.2.02,10.04,9.012,29.016,24.018,23.026,30]triaconta-1(29),2,4,6,8,12,14,16,18,20,22,26(30),27-tridecaene-11,25-dione",0,O=c1c2ccc3c4c(ccc(c24)c2nc4ccccc4n12)c(=O)n1c2ccccc2nc31,
"4-[(4-amino-3,5-diethylphenyl)methyl]-2,6-diethylaniline",0,CCc1cc(Cc2cc(CC)c(N)c(CC)c2)cc(CC)c1N,
1-methyl-4-propan-2-ylcyclohexene,0,CC1=CCC(C(C)C)CC1.CC1=CCC(C(C)C)CC1,
potassium;bis-(4-methylphenyl)sulfonylazanide,0,Cc1ccc(S(=O)(=O)[N-]S(=O)(=O)c2ccc(C)cc2)cc1.[K+],
"2,2,2-trichloroacetaldehyde",0,O=CC(Cl)(Cl)Cl,
4-[(4-amino-3-chlorophenyl)methyl]-2-chloroaniline,0,Nc1ccc(Cc2ccc(N)c(Cl)c2)cc1Cl,
trisodium;2-[[4-[(3-carboxy-4-oxidophenyl)diazenyl]-2-methyl-5-(3-sulfonatopropoxy)phenyl]diazenyl]-5-nitrobenzenesulfonate,0,Cc1cc(N=Nc2ccc([O-])c(C(=O)O)c2)c(OCCCS(=O)(=O)[O-])cc1N=Nc1ccc([N+](=O)[O-])cc1S(=O)(=O)[O-].[Na+].[Na+].[Na+],
"(2-methyl-2,3-dihydro-1-benzofuran-7-yl) N-methylcarbamate",0,CNC(=O)Oc1cccc2c1OC(C)C2,
sodium;2-[2-[carboxymethyl-[(2-hydroxyphenyl)methyl]amino]ethyl-[(2-hydroxyphenyl)methyl]amino]acetic acid;iron,0,O=C(O)CN(CCN(CC(=O)O)Cc1ccccc1O)Cc1ccccc1O.[Fe].[Na+],
chloro(trifluoro)methane,0,FC(F)(F)Cl,
azanylidynealumane,0,[N]#[Al],
silver,0,[Ag],
"2,2,8,8-tetramethyl-octahydro-1H-2,4a-methanonapthalen-10-one",0,CC1(C)C2CCC3(C2)C1C(=O)CCC3(C)C,
"2,6-ditert-butyl-4-methylphenol",0,Cc1cc(C(C)(C)C)c(O)c(C(C)(C)C)c1,
[methyl(phenyl)carbamothioyl]sulfanyl N-methyl-N-phenylcarbamodithioate,0,CN(C(=S)SSC(=S)N(C)c1ccccc1)c1ccccc1,
"sodium;(2R)-2-(2,4-dichlorophenoxy)propanoate",0,CC(Oc1ccc(Cl)cc1Cl)C(=O)[O-].[Na+],
"2-[dichloro(fluoro)methyl]sulfanylisoindole-1,3-dione",0,O=C1c2ccccc2C(=O)N1SC(F)(Cl)Cl,
butanenitrile,0,CCCC#N,
methylsulfonylmethane,0,CS(C)(=O)=O,
4-(2-phenylpropan-2-yl)-N-[4-(2-phenylpropan-2-yl)phenyl]aniline,0,CC(C)(c1ccccc1)c1ccc(Nc2ccc(C(C)(C)c3ccccc3)cc2)cc1,
"3-(1,3-benzodioxol-5-yl)-2-methylpropanal",0,CC(C=O)Cc1ccc2c(c1)OCO2,
2-bromoacetic acid,0,O=C(O)CBr,
1-(4-methylphenyl)ethanone,0,CC(=O)c1ccc(C)cc1,
6-(nonylamino)-6-oxohexaneperoxoic acid,0,CCCCCCCCCNC(=O)CCCCC(=O)OO,
sodium;5-[2-chloro-4-(trifluoromethyl)phenoxy]-2-nitrobenzoate,0,O=C([O-])c1cc(Oc2ccc(C(F)(F)F)cc2Cl)ccc1[N+](=O)[O-].[Na+],
8-methylnonyl diphenyl phosphite,0,CC(C)CCCCCCCOP(Oc1ccccc1)Oc1ccccc1,
cobalt(2+);2-ethylhexanoate,0,CCCCC(CC)C(=O)[O-].CCCCC(CC)C(=O)[O-].[Co+2],
2-ethoxyethyl acetate,0,CCOCCOC(C)=O,
"2,2-dimethylbutane",0,CCC(C)(C)C,
4-(4-ethylphenyl)-2-fluoro-1-(4-propylphenyl)benzene,0,CCCc1ccc(-c2ccc(-c3ccc(CC)cc3)cc2F)cc1,
12-(2-methylprop-2-enoyloxy)dodecyl 2-methylprop-2-enoate,0,C=C(C)C(=O)OCCCCCCCCCCCCOC(=O)C(=C)C,
2-amino-2-methylpropan-1-ol,0,CC(C)(N)CO,
"lithium;4-[(5-amino-3-methyl-1-phenylpyrazol-4-yl)diazenyl]-2,5-dichlorobenzenesulfonate",0,Cc1nn(-c2ccccc2)c(N)c1N=Nc1cc(Cl)c(S(=O)(=O)[O-])cc1Cl.[Li+],
sodium;2-phenoxyacetate,0,O=C([O-])COc1ccccc1.[Na+],
"1,3-dimethyl-1,3-diphenylurea",0,CN(C(=O)N(C)c1ccccc1)c1ccccc1,
"(1'R,2R,3S,4'S,6S,8'R,10'E,12'S,13'S,14'E,16'E,20'R,21'R,24'S)-2-[(2S)-butan-2-yl]-21',24'-dihydroxy-12'-[(2R,4S,5S,6S)-5-[(2S,4S,5S,6S)-5-hydroxy-4-methoxy-6-methyloxan-2-yl]oxy-4-methoxy-6-methyloxan-2-yl]oxy-3,11',13',22'-tetramethylspiro[2,3-dihydropyran-6,6'-3,7,19-trioxatetracyclo[15.6.1.14,8.020,24]pentacosa-10,14,16,22-tetraene]-2'-one",0,CCC(C)C1OC2(C=CC1C)CC1CC(CC=C(C)C(OC3CC(OC)C(OC4CC(OC)C(O)C(C)O4)C(C)O3)C(C)C=CC=C3COC4C(O)C(C)=CC(C(=O)O1)C34O)O2,
nonan-2-one,0,CCCCCCCC(C)=O,
N-methyl-4-[4-(methylamino)phenyl]aniline,0,CNc1ccc(-c2ccc(NC)cc2)cc1,
manganese(2+);dinitrate;hexahydrate,0,O.O.O.O.O.O.O=[N+]([O-])[O-].O=[N+]([O-])[O-].[Mn+2],
calcium;diacetate,0,CC(=O)[O-].CC(=O)[O-].[Ca+2],
1-[[(2-hydroxynaphthalen-1-yl)methylidenehydrazinylidene]methyl]naphthalen-2-ol,0,Oc1ccc2ccccc2c1C=NN=Cc1c(O)ccc2ccccc12,
"N'-[3-(dimethylamino)propyl]-N,N,N'-trimethylpropane-1,3-diamine",0,CN(C)CCCN(C)CCCN(C)C,
"2,3-bis[[(Z)-12-hydroxyoctadec-9-enoyl]oxy]propyl (Z)-12-hydroxyoctadec-9-enoate",0,CCCCCCC(O)CC=CCCCCCCCC(=O)OCC(COC(=O)CCCCCCCC=CCC(O)CCCCCC)OC(=O)CCCCCCCC=CCC(O)CCCCCC,
"methyl (1R,9R,10S,11R,12R,19R)-11-acetyloxy-12-ethyl-4-[(12S,14R)-16-ethyl-12-methoxycarbonyl-1,10-diazatetracyclo[12.3.1.03,11.04,9]octadeca-3(11),4,6,8,15-pentaen-12-yl]-10-hydroxy-5-methoxy-8-methyl-8,16-diazapentacyclo[10.6.1.01,9.02,7.016,19]nonadeca-2,4,6,13-tetraene-10-carboxylate",0,CCC1=CC2CN(C1)Cc1c([nH]c3ccccc13)C(C(=O)OC)(c1cc3c(cc1OC)N(C)C1C(O)(C(=O)OC)C(OC(C)=O)C4(CC)C=CCN5CCC31C54)C2,
trichloroalumane;hexahydrate,0,O.O.O.O.O.O.[Cl][Al]([Cl])[Cl],
"3-(2-chloroethyl)-2-methyl-6,7,8,9-tetrahydropyrido[1,2-a]pyrimidin-4-one;hydrochloride",0,Cc1nc2n(c(=O)c1CCCl)CCCC2.Cl,
sodium;4-(2-methylprop-2-enoxy)benzenesulfonate,0,C=C(C)COc1ccc(S(=O)(=O)[O-])cc1.[Na+],
tetrakis[ethenyl(dimethyl)silyl] silicate,0,C=C[Si](C)(C)O[Si](O[Si](C)(C)C=C)(O[Si](C)(C)C=C)O[Si](C)(C)C=C,
"(1S,3Z)-3-[(2E)-2-[(1R,3aS,7aR)-7a-methyl-1-[(2R)-6-methylheptan-2-yl]-2,3,3a,5,6,7-hexahydro-1H-inden-4-ylidene]ethylidene]-4-methylidenecyclohexan-1-ol",0,C=C1CCC(O)CC1=CC=C1CCCC2(C)C1CCC2C(C)CCCC(C)C,
3-[4-[(2-chloro-4-nitrophenyl)diazenyl]-N-ethylanilino]propanenitrile,0,CCN(CCC#N)c1ccc(N=Nc2ccc([N+](=O)[O-])cc2Cl)cc1,
5-methyl-2-propan-2-ylcyclohexan-1-ol,0,CC1CCC(C(C)C)C(O)C1,
methyl N-(3-trimethoxysilylpropyl)carbamate,0,COC(=O)NCCC[Si](OC)(OC)OC,
2-[(4-chloro-2-nitrophenyl)diazenyl]-N-(4-ethoxyphenyl)-3-oxobutanamide,0,CCOc1ccc(NC(=O)C(N=Nc2ccc(Cl)cc2[N+](=O)[O-])C(C)=O)cc1,
3-[(Z)-hex-3-enoxy]propanenitrile,0,CCC=CCCOCCC#N,
"4-chloro-3,5-dimethylphenol",0,Cc1cc(O)cc(C)c1Cl,
"2,2-dibromo-2-nitroethanol",0,O=[N+]([O-])C(Br)(Br)CO,
"diethyl pyridine-2,4-dicarboxylate",0,CCOC(=O)c1ccnc(C(=O)OCC)c1,
"3-(2,2-dimethylpropylidene)cyclohexan-1-ol",0,CC(C)(C)C=C1CCCC(O)C1.CC(C)(C)C=C1CCCC(O)C1.CC(C)(C)C=C1CCCC(O)C1,
zinc;dihydrogen phosphate,0,O=P([O-])(O)O.O=P([O-])(O)O.[Zn+2],
"3,7-dimethylocta-1,6-dien-3-ol",0,C=CC(C)(O)CCC=C(C)C,
4-chloro-2-methylaniline,0,Cc1cc(Cl)ccc1N,
(E)-18-ethoxyoctadec-3-ene,0,CCC=CCCCCCCCCCCCCCCOCC,
4-methoxyphenol,0,COc1ccc(O)cc1,
"[(3S,3aR,6R,6aR)-6-(4-hydroxybenzoyl)oxy-2,3,3a,5,6,6a-hexahydrofuro[3,2-b]furan-3-yl] 4-hydroxybenzoate",0,O=C(OC1COC2C(OC(=O)c3ccc(O)cc3)COC12)c1ccc(O)cc1,
"[(1S)-2-methyl-4-oxo-3-[(2E)-penta-2,4-dienyl]cyclopent-2-en-1-yl] (1R)-2,2-dimethyl-3-(2-methylprop-1-enyl)cyclopropane-1-carboxylate;[2-methyl-4-oxo-3-[(2E)-penta-2,4-dienyl]cyclopent-2-en-1-yl] (1R)-3-[(E)-3-methoxy-2-methyl-3-oxoprop-1-enyl]-2,2-dimethylcyclopropane-1-carboxylate",0,C=CC=CCC1=C(C)C(OC(=O)C2C(C=C(C)C(=O)OC)C2(C)C)CC1=O.C=CC=CCC1=C(C)C(OC(=O)C2C(C=C(C)C)C2(C)C)CC1=O,
"3,5-dichloro-N-(2-methylbut-3-yn-2-yl)benzamide",0,C#CC(C)(C)NC(=O)c1cc(Cl)cc(Cl)c1,
trisodium;chromium;4-hydroxy-3-[(3-methyl-5-oxo-1-phenylpyrazol-4-id-4-yl)diazenyl]-5-nitrobenzenesulfonic acid,0,Cc1nn(-c2ccccc2)c(=O)[c-]1N=Nc1cc(S(=O)(=O)O)cc([N+](=O)[O-])c1O.Cc1nn(-c2ccccc2)c(=O)[c-]1N=Nc1cc(S(=O)(=O)O)cc([N+](=O)[O-])c1O.[Cr].[Na+].[Na+].[Na+],
sodium;[[2-[bis(phosphonomethyl)amino]cyclohexyl]-(phosphonomethyl)amino]methylphosphonic acid,0,O=P(O)(O)CN(CP(=O)(O)O)C1CCCCC1N(CP(=O)(O)O)CP(=O)(O)O.[Na+],
"2-chloro-1,3-dinitrobenzene",0,O=[N+]([O-])c1cccc([N+](=O)[O-])c1Cl,
"1-chloro-2,4-dinitrobenzene",0,O=[N+]([O-])c1ccc(Cl)c([N+](=O)[O-])c1,
1-phenyl-2-propan-2-ylbenzene,0,CC(C)c1ccccc1-c1ccccc1,
"1,3-dinitrooxypropan-2-yl nitrate",0,O=[N+]([O-])OCC(CO[N+](=O)[O-])O[N+](=O)[O-],
3-chloro-2-propan-2-ylsulfanylaniline,0,CC(C)Sc1c(N)cccc1Cl,
methyl(triphenyl)phosphanium;chloride,0,C[P+](c1ccccc1)(c1ccccc1)c1ccccc1.[Cl-],
"N-(cyclopropylmethyl)-2,6-dinitro-N-propyl-4-(trifluoromethyl)aniline",0,CCCN(CC1CC1)c1c([N+](=O)[O-])cc(C(F)(F)F)cc1[N+](=O)[O-],
2-cyanoguanidine,0,N#CN=C(N)N,
tritriacontane,0,CCCCCCCCCCCCCCCCCCCCCCCCCCCCCCCCC,
1-chloro-2-(2-chloroethoxy)ethane,0,ClCCOCCCl,
"(8R,9S,13S,14S)-13-methyl-1,2,4,6,7,8,9,11,12,14,15,16-dodecahydrocyclopenta[a]phenanthrene-3,17-dione",0,CC12CCC3C4=C(CCC3C1CCC2=O)CC(=O)CC4,
"2,4-dimethylhexane",0,CCC(C)CC(C)C,
2-dimethoxyphosphinothioylsulfanyl-1-morpholin-4-ylethanone,0,COP(=S)(OC)SCC(=O)N1CCOCC1,
1-bromo-2-methylbenzene,0,Cc1ccccc1Br,
methyl 4-hydroxybenzoate,0,COC(=O)c1ccc(O)cc1,
2-amino-4-(trifluoromethyl)benzenethiol;hydrochloride,0,Cl.Nc1cc(C(F)(F)F)ccc1S,
octadecanoyl chloride,0,CCCCCCCCCCCCCCCCCC(=O)Cl,
2-(2-hydroxypropoxy)propan-1-ol,0,CC(O)COC(C)CO,
sodium;oxido(dioxo)vanadium,0,[Na+].[O]=[V](=[O])[O-],
2-(2-phenylphenoxy)ethyl prop-2-enoate,0,C=CC(=O)OCCOc1ccccc1-c1ccccc1,
lithium;2-methanidylpropane,0,[CH2-]C(C)C.[Li+],
"2-(2,4-dichlorophenyl)-2-prop-2-enyloxirane",0,C=CCC1(c2ccc(Cl)cc2Cl)CO1,
"sodium;3-[[4-[[4-(diethylamino)phenyl]-[4-[ethyl-[(3-sulfonatophenyl)methyl]azaniumylidene]cyclohexa-2,5-dien-1-ylidene]methyl]-N-ethylanilino]methyl]benzenesulfonate",0,CCN(CC)c1ccc(C(=C2C=CC(=[N+](CC)Cc3cccc(S(=O)(=O)[O-])c3)C=C2)c2ccc(N(CC)Cc3cccc(S(=O)(=O)[O-])c3)cc2)cc1.[Na+],
"3-(dimethoxyphosphinothioylsulfanylmethyl)-5-methoxy-1,3,4-thiadiazol-2-one",0,COc1nn(CSP(=S)(OC)OC)c(=O)s1,
heptan-1-ol,0,CCCCCCCO,
"3-amino-2,5-dichlorobenzoic acid",0,Nc1cc(Cl)cc(C(=O)O)c1Cl,
2-(4-methylphenoxy)-N-(1H-pyrazol-5-yl)-N-(thiophen-2-ylmethyl)acetamide,0,Cc1ccc(OCC(=O)N(Cc2cccs2)c2ccn[nH]2)cc1,
"1,5,7,8,9,10,10-heptachlorotricyclo[5.2.1.02,6]deca-3,8-diene",0,ClC1=C(Cl)C2(Cl)C3C(Cl)C=CC3C1(Cl)C2(Cl)Cl,
4-[9-(4-hydroxyphenyl)fluoren-9-yl]phenol,0,Oc1ccc(C2(c3ccc(O)cc3)c3ccccc3-c3ccccc32)cc1,
formaldehyde;N-phenylaniline;propan-2-one,0,C=O.CC(C)=O.c1ccc(Nc2ccccc2)cc1,
ditridecyl hexanedioate,0,CCCCCCCCCCCCCOC(=O)CCCCC(=O)OCCCCCCCCCCCCC,
"tetrasodium;4-amino-5-hydroxy-3,6-bis[[4-(2-sulfonatooxyethylsulfonyl)phenyl]diazenyl]naphthalene-2,7-disulfonate",0,Nc1c(N=Nc2ccc(S(=O)(=O)CCOS(=O)(=O)[O-])cc2)c(S(=O)(=O)[O-])cc2cc(S(=O)(=O)[O-])c(N=Nc3ccc(S(=O)(=O)CCOS(=O)(=O)[O-])cc3)c(O)c12.[Na+].[Na+].[Na+].[Na+],
"tributyl-[(2,4-dichlorophenyl)methyl]phosphanium;chloride",0,CCCC[P+](CCCC)(CCCC)Cc1ccc(Cl)cc1Cl.[Cl-],
"N-[2-[(2-chloro-4,6-dinitrophenyl)diazenyl]-5-(diethylamino)phenyl]acetamide",0,CCN(CC)c1ccc(N=Nc2c(Cl)cc([N+](=O)[O-])cc2[N+](=O)[O-])c(NC(C)=O)c1,
triethoxy(octyl)silane,0,CCCCCCCC[Si](OCC)(OCC)OCC,
"3-[3-(dimethylcarbamoylamino)-4-methylphenyl]-1,1-dimethylurea",0,Cc1ccc(NC(=O)N(C)C)cc1NC(=O)N(C)C,
"1-chloroanthracene-9,10-dione",0,O=C1c2ccccc2C(=O)c2c(Cl)cccc21,
ethyl 3-ethoxypropanoate,0,CCOCCC(=O)OCC,
1-phenyl-3-(thiadiazol-5-yl)urea,0,O=C(Nc1ccccc1)Nc1cnns1,
"4-(1-amino-4-hydroxy-9,10-dioxoanthracen-2-yl)oxy-N-(3-ethoxypropyl)benzenesulfonamide",0,CCOCCCNS(=O)(=O)c1ccc(Oc2cc(O)c3c(c2N)C(=O)c2ccccc2C3=O)cc1,
2-(2-phenoxyethoxy)ethanol,0,OCCOCCOc1ccccc1,
"2,3-dihydroxypropyl (1R,4aR,4bR,10aR)-1,4a-dimethyl-7-propan-2-yl-2,3,4,4b,5,6,10,10a-octahydrophenanthrene-1-carboxylate",0,CC(C)C1=CC2=CCC3C(C)(C(=O)OCC(O)CO)CCCC3(C)C2CC1,
"1-(5,5-dimethylcyclohexen-1-yl)pent-4-en-1-one",0,C=CCCC(=O)C1=CCCC(C)(C)C1,
"3-amino-2,2-dimethylpropanamide",0,CC(C)(CN)C(N)=O,
4-ethenylcyclohexene,0,C=CC1CC=CCC1,
"7-[[4,6-bis(2-aminopropylamino)-1,3,5-triazin-2-yl]amino]-4-hydroxy-3-[(2-methoxyphenyl)diazenyl]naphthalene-2-sulfonic acid;formic acid",0,COc1ccccc1N=Nc1c(S(=O)(=O)O)cc2cc(Nc3nc(NCC(C)N)nc(NCC(C)N)n3)ccc2c1O.O=CO,
"2,2-dimethoxyethylbenzene",0,COC(Cc1ccccc1)OC,
"1,3,5-tris(oxiran-2-ylmethyl)-1,3,5-triazinane-2,4,6-trione",0,O=c1n(CC2CO2)c(=O)n(CC2CO2)c(=O)n1CC1CO1,
2-methylpropan-1-olate;titanium(4+),0,CC(C)C[O-].CC(C)C[O-].CC(C)C[O-].CC(C)C[O-].[Ti+4],
"2,2-bis[3-(aziridin-1-yl)propanoyloxymethyl]butyl 3-(aziridin-1-yl)propanoate",0,CCC(COC(=O)CCN1CC1)(COC(=O)CCN1CC1)COC(=O)CCN1CC1,
(E)-5-methylhept-2-en-4-one,0,CC=CC(=O)C(C)CC,
(2-methyl-1-phenylpropan-2-yl) butanoate,0,CCCC(=O)OC(C)(C)Cc1ccccc1,
"copper;5,7,14,24,26,34-hexabromo-6,8,15,16,17,23,25,32,33,35-decachloro-2,11,20,29,37,39-hexaza-38,40-diazanidanonacyclo[28.6.1.13,10.112,19.121,28.04,9.013,18.022,27.031,36]tetraconta-1,3,5,7,9,11,13(18),14,16,19(39),20,22(27),23,25,28,30(37),31(36),32,34-nonadecaene",0,Clc1c(Cl)c(Br)c2c(c1Cl)-c1nc-2nc2[n-]c(nc3nc(nc4[n-]c(n1)c1c(Cl)c(Br)c(Cl)c(Br)c41)-c1c(Cl)c(Cl)c(Br)c(Cl)c1-3)c1c(Br)c(Cl)c(Br)c(Cl)c21.[Cu+2],
tridecyl 2-methylprop-2-enoate,0,C=C(C)C(=O)OCCCCCCCCCCCCC,
"5-methyl-2-[(E)-2-(5-methyl-1,3-benzoxazol-2-yl)ethenyl]-1,3-benzoxazole",0,Cc1ccc2oc(C=Cc3nc4cc(C)ccc4o3)nc2c1,
dimethyl-octadecyl-(3-trimethoxysilylpropyl)azanium;chloride,0,CCCCCCCCCCCCCCCCCC[N+](C)(C)CCC[Si](OC)(OC)OC.[Cl-],
calcium;dihydroxy(oxo)phosphanium;dioxido(oxo)phosphanium,0,O=[P+](O)O.O=[P+]([O-])[O-].[Ca+2],
tert-butyl 2-bromopropanoate,0,CC(Br)C(=O)OC(C)(C)C,
"2-(1,3-dioxoisoindol-2-yl)acetic acid",0,O=C(O)CN1C(=O)c2ccccc2C1=O,
"(2Z)-3,7-dimethylocta-2,6-dienal",0,CC(C)=CCCC(C)=CC=O,
(E)-but-2-enoic acid,0,CC=CC(=O)O,
[4-(4-phenoxybenzoyl)phenyl]-(4-phenoxyphenyl)methanone,0,O=C(c1ccc(Oc2ccccc2)cc1)c1ccc(C(=O)c2ccc(Oc3ccccc3)cc2)cc1,
N-(4-oxocyclohexyl)acetamide,0,CC(=O)NC1CCC(=O)CC1,
"(8R,9S,10R,13S,14S)-10,13-dimethyl-7,8,9,11,12,14,15,16-octahydro-6H-cyclopenta[a]phenanthrene-3,17-dione;naphthalen-2-ol",0,CC12C=CC(=O)C=C1CCC1C2CCC2(C)C(=O)CCC12.Oc1ccc2ccccc2c1,
5-bromo-3-[[(2R)-1-methylpyrrolidin-2-yl]methyl]-1H-indole,0,CN1CCCC1Cc1c[nH]c2ccc(Br)cc12,
2-methoxy-4-propylphenol,0,CCCc1ccc(O)c(OC)c1,
2-chloro-6-(trichloromethyl)pyridine,0,Clc1cccc(C(Cl)(Cl)Cl)n1,
bis(8-methylnonyl) phenyl phosphite,0,CC(C)CCCCCCCOP(OCCCCCCCC(C)C)Oc1ccccc1,
"5-(1,3-dioxo-2-benzofuran-5-yl)-2-benzofuran-1,3-dione",0,O=C1OC(=O)c2cc(-c3ccc4c(c3)C(=O)OC4=O)ccc21,
ethyl 3-oxobutanoate,0,CCOC(=O)CC(C)=O,
5-amino-2-anilinobenzenesulfonic acid,0,Nc1ccc(Nc2ccccc2)c(S(=O)(=O)O)c1,
"1,3-diethyl-1,3-diphenylurea",0,CCN(C(=O)N(CC)c1ccccc1)c1ccccc1,
"1,2,3-trichloro-4-(2,3,4-trichlorophenyl)benzene",0,Clc1ccc(-c2ccc(Cl)c(Cl)c2Cl)c(Cl)c1Cl,
dysprosium,0,[Dy],
trimethyl-[3-[(3-methyl-5-oxo-1-phenyl-4H-pyrazol-4-yl)diazenyl]phenyl]azanium;chloride,0,CC1=NN(c2ccccc2)C(=O)C1N=Nc1cccc([N+](C)(C)C)c1.[Cl-],
2-propan-2-yloxyethanol,0,CC(C)OCCO,
butyl nitrite,0,CCCCON=O,
"trisodium;7-[[4-chloro-6-(3-sulfonatoanilino)-1,3,5-triazin-2-yl]-methylamino]-4-hydroxy-3-[(2-sulfonatophenyl)diazenyl]naphthalene-2-sulfonate",0,CN(c1ccc2c(O)c(N=Nc3ccccc3S(=O)(=O)[O-])c(S(=O)(=O)[O-])cc2c1)c1nc(Cl)nc(Nc2cccc(S(=O)(=O)[O-])c2)n1.[Na+].[Na+].[Na+],
azane;platinum(2+);dinitrite,0,N.N.O=N[O-].O=N[O-].[Pt+2],
1-hydroxypyridin-2-one,0,O=c1ccccn1O,
"4,5,6,7-tetrachloro-3-[4-[(4,5,6,7-tetrachloro-3-oxoisoindol-1-ylidene)amino]phenyl]iminoisoindol-1-one",0,O=C1NC(=Nc2ccc(N=C3NC(=O)c4c(Cl)c(Cl)c(Cl)c(Cl)c43)cc2)c2c(Cl)c(Cl)c(Cl)c(Cl)c21,
disodium;tetrachloropalladium(2-),0,[Cl][Pd-2]([Cl])([Cl])[Cl].[Na+].[Na+],
"disodium;2-[(5-carbamoyl-1-ethyl-6-hydroxy-4-methyl-2-oxopyridin-3-yl)diazenyl]-4-[[4-(2-chloro-5-sulfonatoanilino)-6-fluoro-1,3,5-triazin-2-yl]amino]benzenesulfonate",0,CCn1c(O)c(C(N)=O)c(C)c(N=Nc2cc(Nc3nc(F)nc(Nc4cc(S(=O)(=O)[O-])ccc4Cl)n3)ccc2S(=O)(=O)[O-])c1=O.[Na+].[Na+],
"4,5,6,7-tetrabromo-2-[2-(4,5,6,7-tetrabromo-1,3-dioxoisoindol-2-yl)ethyl]isoindole-1,3-dione",0,O=C1c2c(Br)c(Br)c(Br)c(Br)c2C(=O)N1CCN1C(=O)c2c(Br)c(Br)c(Br)c(Br)c2C1=O,
aluminum;trimagnesium;potassium;oxygen(2-);silicon(4+);difluoride,0,[Al+3].[F-].[F-].[K+].[Mg+2].[Mg+2].[Mg+2].[O-2].[O-2].[O-2].[O-2].[O-2].[O-2].[O-2].[O-2].[O-2].[O-2].[Si+4].[Si+4].[Si+4],
4-ethylmorpholine;4-(4-methylphenyl)-4-oxobutanoic acid,0,CCN1CCOCC1.Cc1ccc(C(=O)CCC(=O)O)cc1.Cc1ccc(C(=O)CCC(=O)O)cc1,
disodium;[hydroxy(oxido)phosphoryl] hydrogen phosphate,0,O=P([O-])(O)OP(=O)([O-])O.[Na+].[Na+],
"6-(dibutylamino)-1H-1,3,5-triazine-2,4-dithione",0,CCCCN(CCCC)c1nc(=S)[nH]c(=S)[nH]1,
[2-(hydroxymethyl)-3-prop-2-enoyloxy-2-(prop-2-enoyloxymethyl)propyl] prop-2-enoate,0,C=CC(=O)OCC(CO)(COC(=O)C=C)COC(=O)C=C,
1-phenylethyl acetate,0,CC(=O)OC(C)c1ccccc1,
"3,7-dimethyloct-6-enyl acetate",0,CC(=O)OCCC(C)CCC=C(C)C,
potassium;4-propan-2-ylbenzenesulfonate,0,CC(C)c1ccc(S(=O)(=O)[O-])cc1.[K+],
2-bromo-2-nitropropan-1-ol,0,CC(Br)(CO)[N+](=O)[O-],
ethenyl 2-ethylhexanoate,0,C=COC(=O)C(CC)CCCC,
"5-ethyl-5-pentan-2-yl-1,3-diazinane-2,4,6-trione",0,CCCC(C)C1(CC)C(=O)NC(=O)NC1=O,
"2,4,6,10,12,14-hexachloropentadecane",0,CC(Cl)CC(Cl)CC(Cl)CCCC(Cl)CC(Cl)CC(C)Cl,
4-phenylaniline,0,Nc1ccc(-c2ccccc2)cc1,
ethyl 2-phenylacetate,0,CCOC(=O)Cc1ccccc1,
[2-(2-methylbutan-2-yl)cyclohexyl] acetate,0,CCC(C)(C)C1CCCCC1OC(C)=O,
"sodium;1-amino-4-[4-[[methyl-(4-methylphenyl)sulfonylamino]methyl]anilino]-9,10-dioxoanthracene-2-sulfonate",0,Cc1ccc(S(=O)(=O)N(C)Cc2ccc(Nc3cc(S(=O)(=O)[O-])c(N)c4c3C(=O)c3ccccc3C4=O)cc2)cc1.[Na+],
6-chlorohexan-2-one,0,CC(=O)CCCCCl,
3-chloropentane,0,CCC(Cl)CC,
1-[ethoxy(propylsulfanyl)phosphoryl]sulfanylpropane,0,CCCSP(=O)(OCC)SCCC,
ethyl 2-[2-chloro-5-[4-chloro-5-(difluoromethoxy)-1-methylpyrazol-3-yl]-4-fluorophenoxy]acetate,0,CCOC(=O)COc1cc(-c2nn(C)c(OC(F)F)c2Cl)c(F)cc1Cl,
ethyl N-[2-(4-phenoxyphenoxy)ethyl]carbamate,0,CCOC(=O)NCCOc1ccc(Oc2ccccc2)cc1,
"trimethoxy(3,3,4,4,5,5,6,6,7,7,8,8,8-tridecafluorooctyl)silane",0,CO[Si](CCC(F)(F)C(F)(F)C(F)(F)C(F)(F)C(F)(F)C(F)(F)F)(OC)OC,
"N,N-dioctadecylhydroxylamine",0,CCCCCCCCCCCCCCCCCCN(O)CCCCCCCCCCCCCCCCCC,
"trisodium;7-[[4-[[4-[[4-[2-(2-ethenylsulfonylethoxy)ethylamino]-6-fluoro-1,3,5-triazin-2-yl]amino]phenyl]diazenyl]phenyl]diazenyl]naphthalene-1,3,5-trisulfonate",0,C=CS(=O)(=O)CCOCCNc1nc(F)nc(Nc2ccc(N=Nc3ccc(N=Nc4cc(S(=O)(=O)[O-])c5cc(S(=O)(=O)[O-])cc(S(=O)(=O)[O-])c5c4)cc3)cc2)n1.[Na+].[Na+].[Na+],
"3-methyl-1,3-thiazolidine-2-thione",0,CN1CCSC1=S,
"trisodium;2-[[6-[(4-amino-6-chloro-1,3,5-triazin-2-yl)-methylamino]-1-hydroxy-3-sulfonatonaphthalen-2-yl]diazenyl]naphthalene-1,5-disulfonate",0,CN(c1ccc2c(O)c(N=Nc3ccc4c(S(=O)(=O)[O-])cccc4c3S(=O)(=O)[O-])c(S(=O)(=O)[O-])cc2c1)c1nc(N)nc(Cl)n1.[Na+].[Na+].[Na+],
"2-butyl-1,3-diazaspiro[4.4]non-1-en-4-one;hydrochloride",0,CCCCC1=NC2(CCCC2)C(=O)N1.Cl,
"2,6-di(butan-2-yl)-4-[(3,4-dichlorophenyl)diazenyl]phenol",0,CCC(C)c1cc(N=Nc2ccc(Cl)c(Cl)c2)cc(C(C)CC)c1O,
"(1S,2R,5S,7R,8R)-8-methoxy-2,6,6,8-tetramethyltricyclo[5.3.1.01,5]undecane",0,COC1(C)CCC23CC1C(C)(C)C2CCC3C,
"tert-butyl N-[(1S,5R)-3-azabicyclo[3.1.0]hexan-6-yl]carbamate",0,CC(C)(C)OC(=O)NC1C2CNCC21,
"1-chloro-2,3-difluoro-5-(trifluoromethyl)benzene",0,Fc1cc(C(F)(F)F)cc(Cl)c1F,
"[(2E)-3,7-dimethylocta-2,6-dienyl] propanoate",0,CCC(=O)OCC=C(C)CCC=C(C)C,
"azanium;1,1,2,2,3,3,4,4,5,5,6,6,7,7,8,8,8-heptadecafluorooctane-1-sulfonate",0,O=S(=O)([O-])C(F)(F)C(F)(F)C(F)(F)C(F)(F)C(F)(F)C(F)(F)C(F)(F)C(F)(F)F.[NH4+],
1-(1-methoxypropan-2-yloxy)propan-2-yl acetate,0,COCC(C)OCC(C)OC(C)=O,
ethyl 3-methylbutanoate,0,CCOC(=O)CC(C)C,
dioxoruthenium,0,[O]=[Ru]=[O],
naphthalen-2-ol,0,Oc1ccc2ccccc2c1,
4-(dimethylamino)benzaldehyde,0,CN(C)c1ccc(C=O)cc1,
dibutyl (E)-but-2-enedioate,0,CCCCOC(=O)C=CC(=O)OCCCC,
"1,1,2,2-tetrabromoethane",0,BrC(Br)C(Br)Br,
1-(3-nitrophenyl)ethanone,0,CC(=O)c1cccc([N+](=O)[O-])c1,
[(Z)-hex-3-enyl] benzoate,0,CCC=CCCOC(=O)c1ccccc1,
2-(3-ethoxy-4-ethoxycarbonylphenyl)acetic acid,0,CCOC(=O)c1ccc(CC(=O)O)cc1OCC,
acridine,0,c1ccc2nc3ccccc3cc2c1,
1-chloro-2-methylbenzene,0,Cc1ccccc1Cl,
"methyl (3aR,4R,7aR)-2-methyl-4-[(1S,2R)-1,2,3-triacetyloxypropyl]-4,7a-dihydro-3aH-pyrano[3,4-d][1,3]oxazole-6-carboxylate",0,COC(=O)C1=CC2OC(C)=NC2C(C(OC(C)=O)C(COC(C)=O)OC(C)=O)O1,
"butyl 4,4-bis(tert-butylperoxy)pentanoate",0,CCCCOC(=O)CCC(C)(OOC(C)(C)C)OOC(C)(C)C,
"(8R,9S,13S,14S)-17-hydroxy-3-methoxy-13-methyl-4,6,7,8,9,11,12,14,15,16-decahydro-1H-cyclopenta[a]phenanthrene-17-carbonitrile",0,COC1=CCC2=C(CCC3C2CCC2(C)C3CCC2(O)C#N)C1,
tetrachlorovanadium,0,[Cl][V]([Cl])([Cl])[Cl],
but-1-ene,0,C=CCC,
2-[2-(2-hydroxypropoxy)propoxy]propan-1-ol,0,CC(O)COC(C)COC(C)CO,
diazanium;sulfate,0,O=S(=O)([O-])[O-].[NH4+].[NH4+],
3-amino-4-hydroxy-N-(3-propan-2-yloxypropyl)benzenesulfonamide;hydrochloride,0,CC(C)OCCCNS(=O)(=O)c1ccc(O)c(N)c1.Cl,
barium(2+);2-[(3-carboxy-2-oxidonaphthalen-1-yl)diazenyl]-5-methylbenzenesulfonate,0,Cc1ccc(N=Nc2c([O-])c(C(=O)O)cc3ccccc23)c(S(=O)(=O)[O-])c1.[Ba+2],
propan-2-yl dodecanoate,0,CCCCCCCCCCCC(=O)OC(C)C,
"(1S,2R,3S,5S,6R,7S,8R)-1,6,8,9,10,11,11-heptachloro-4-oxatetracyclo[6.2.1.02,7.03,5]undec-9-ene",0,ClC1=C(Cl)C2(Cl)C3C4OC4C(Cl)C3C1(Cl)C2(Cl)Cl,
trisodium;6-[(5-chloro-2-hydroxy-4-nitrophenyl)diazenyl]-5-hydroxynaphthalene-1-sulfonic acid;chromium,0,O=[N+]([O-])c1cc(O)c(N=Nc2ccc3c(S(=O)(=O)O)cccc3c2O)cc1Cl.O=[N+]([O-])c1cc(O)c(N=Nc2ccc3c(S(=O)(=O)O)cccc3c2O)cc1Cl.[Cr].[Na+].[Na+].[Na+],
methyl 2-hydroxy-2-(prop-2-enoylamino)acetate,0,C=CC(=O)NC(O)C(=O)OC,
"tetrasodium;4-hydroxy-7-[[4-[[5-hydroxy-6-[(4-methoxy-2-sulfonatophenyl)diazenyl]-7-sulfonatonaphthalen-2-yl]amino]-6-morpholin-4-yl-1,3,5-triazin-2-yl]amino]-3-[(4-methoxy-2-sulfonatophenyl)diazenyl]naphthalene-2-sulfonate",0,COc1ccc(N=Nc2c(S(=O)(=O)[O-])cc3cc(Nc4nc(Nc5ccc6c(O)c(N=Nc7ccc(OC)cc7S(=O)(=O)[O-])c(S(=O)(=O)[O-])cc6c5)nc(N5CCOCC5)n4)ccc3c2O)c(S(=O)(=O)[O-])c1.[Na+].[Na+].[Na+].[Na+],
"1,1-dihydroperoxycyclohexane",0,OOC1(OO)CCCCC1,
"bismuth;2-hydroxypropane-1,2,3-tricarboxylate",0,O=C([O-])CC(O)(CC(=O)[O-])C(=O)[O-].[Bi+3],
1-butoxy-3-prop-2-enoxypropan-2-ol,0,C=CCOCC(O)COCCCC,
hexasodium;4-hydroxy-7-[[5-hydroxy-7-sulfonato-6-[[2-sulfonato-4-[(4-sulfonatophenyl)diazenyl]phenyl]diazenyl]naphthalen-2-yl]carbamoylamino]-3-[[2-sulfonato-4-[(4-sulfonatophenyl)diazenyl]phenyl]diazenyl]naphthalene-2-sulfonate,0,O=C(Nc1ccc2c(O)c(N=Nc3ccc(N=Nc4ccc(S(=O)(=O)[O-])cc4)cc3S(=O)(=O)[O-])c(S(=O)(=O)[O-])cc2c1)Nc1ccc2c(O)c(N=Nc3ccc(N=Nc4ccc(S(=O)(=O)[O-])cc4)cc3S(=O)(=O)[O-])c(S(=O)(=O)[O-])cc2c1.[Na+].[Na+].[Na+].[Na+].[Na+].[Na+],
"(2-methyl-3-phenylphenyl)methyl (1R,3R)-3-[(Z)-2-chloro-3,3,3-trifluoroprop-1-enyl]-2,2-dimethylcyclopropane-1-carboxylate",0,Cc1c(COC(=O)C2C(C=C(Cl)C(F)(F)F)C2(C)C)cccc1-c1ccccc1,
"[(2E)-3,7-dimethylocta-2,6-dienyl] 2-phenylacetate",0,CC(C)=CCCC(C)=CCOC(=O)Cc1ccccc1,
"sodium;2-methyl-4,6-dinitrophenolate",0,Cc1cc([N+](=O)[O-])cc([N+](=O)[O-])c1[O-].[Na+],
lithium;hydride,0,[H-].[Li+],
ethyl nitrite,0,CCON=O,
"3,3-dimethylhexane",0,CCCC(C)(C)CC,
"2,2-bis(nonanoyloxymethyl)butyl nonanoate",0,CCCCCCCCC(=O)OCC(CC)(COC(=O)CCCCCCCC)COC(=O)CCCCCCCC,
N'-[6-[(N'-methylcarbamimidoyl)amino]hexyl]ethanimidamide,0,CN=C(N)NCCCCCCN=C(C)N,
2-[4-(2-hydroxyethoxy)phenoxy]ethanol,0,OCCOc1ccc(OCCO)cc1,
1-chloro-2-(1-chloropropan-2-yloxy)propane,0,CC(CCl)OC(C)CCl,
2-morpholin-4-ylethanol,0,OCCN1CCOCC1,
"2-(2-propan-2-yl-1,3-oxazolidin-3-yl)ethyl N-[6-[2-(2-propan-2-yl-1,3-oxazolidin-3-yl)ethoxycarbonylamino]hexyl]carbamate",0,CC(C)C1OCCN1CCOC(=O)NCCCCCCNC(=O)OCCN1CCOC1C(C)C,
iron(2+);sulfate;heptahydrate,0,O.O.O.O.O.O.O.O=S(=O)([O-])[O-].[Fe+2],
(E)-2-methylpent-2-enal,0,CCC=C(C)C=O,
"2,4,6-tris(prop-2-enoxy)-1,3,5-triazine",0,C=CCOc1nc(OCC=C)nc(OCC=C)n1,
4-methylpent-4-en-2-yl 2-methylpropanoate,0,C=C(C)CC(C)OC(=O)C(C)C,
"4-[[4-(dimethylamino)cyclohexyl]methyl]-N,N-dimethylcyclohexan-1-amine",0,CN(C)C1CCC(CC2CCC(N(C)C)CC2)CC1,
"1,2,3,4,4a,5,6,7,8,8a-decahydronaphthalen-2-yl acetate",0,CC(=O)OC1CCC2CCCCC2C1,
"3,10,17,24-tetrazaoctacyclo[13.13.2.02,10.04,9.012,29.017,25.018,23.026,30]triaconta-1(29),2,4,6,8,12,14,18,20,22,24,26(30),27-tridecaene-11,16-dione",0,O=c1c2ccc3c(=O)n4c5ccccc5nc4c4ccc(c2c34)c2nc3ccccc3n12,
fluoro(tripentyl)stannane,0,CCCC[CH2][Sn]([F])([CH2]CCCC)[CH2]CCCC,
"4-[4-(dimethylamino)benzenecarboximidoyl]-N,N-dimethylaniline",0,CN(C)c1ccc(C(=N)c2ccc(N(C)C)cc2)cc1,
tetrasodium;hypochlorite;phosphate,0,O=P([O-])([O-])[O-].[Na+].[Na+].[Na+].[Na+].[O-]Cl,
"(2S)-7-[(2S,3R,4S,5S,6R)-4,5-dihydroxy-6-(hydroxymethyl)-3-[(2S,3R,4R,5R,6S)-3,4,5-trihydroxy-6-methyloxan-2-yl]oxyoxan-2-yl]oxy-5-hydroxy-2-(3-hydroxy-4-methoxyphenyl)-2,3-dihydrochromen-4-one",0,COc1ccc(C2CC(=O)c3c(O)cc(OC4OC(CO)C(O)C(O)C4OC4OC(C)C(O)C(O)C4O)cc3O2)cc1O,
"sodium;4-[[4-(dimethylamino)phenyl]-(4-dimethylazaniumylidenecyclohexa-2,5-dien-1-ylidene)methyl]-3-hydroxynaphthalene-2,7-disulfonate",0,CN(C)c1ccc(C(=C2C=CC(=[N+](C)C)C=C2)c2c(O)c(S(=O)(=O)[O-])cc3cc(S(=O)(=O)[O-])ccc23)cc1.[Na+],
sodium;2-[4-(2-hydroxyethyl)piperazin-1-yl]ethanesulfonate,0,O=S(=O)([O-])CCN1CCN(CCO)CC1.[Na+],
2-methoxynaphthalene,0,COc1ccc2ccccc2c1,
4-hydroxybenzenesulfonic acid,0,O=S(=O)(O)c1ccc(O)cc1,
"2-(2,2,2-trichloroacetyl)oxyethyl 2,2,2-trichloroacetate",0,O=C(OCCOC(=O)C(Cl)(Cl)Cl)C(Cl)(Cl)Cl,
"(3-hydroxy-2,2,4-trimethylpentyl) 2-methylpropanoate",0,CC(C)C(=O)OCC(C)(C)C(O)C(C)C,
1-nitrooxypropan-2-yl nitrate,0,CC(CO[N+](=O)[O-])O[N+](=O)[O-],
"4,4-dimethyl-3,5,8-trioxabicyclo[5.1.0]octane",0,CC1(C)OCC2OC2CO1,
N-(4-sulfamoylphenyl)acetamide,0,CC(=O)Nc1ccc(S(N)(=O)=O)cc1,
difluorolead,0,[F][Pb][F],
"copper;pentasodium;2-[[[[3-[[4-chloro-6-[4-[[4-chloro-6-(3-sulfonatoanilino)-1,3,5-triazin-2-yl]amino]-2,5-disulfonatoanilino]-1,3,5-triazin-2-yl]amino]-2-oxido-5-sulfonatophenyl]diazenyl]-phenylmethyl]diazenyl]-5-sulfonatobenzoate;hydron",0,O=C([O-])c1cc(S(=O)(=O)[O-])ccc1N=N[C-](N=Nc1cc(S(=O)(=O)[O-])cc(Nc2nc(Cl)nc(Nc3cc(S(=O)(=O)[O-])c(Nc4nc(Cl)nc(Nc5cccc(S(=O)(=O)[O-])c5)n4)cc3S(=O)(=O)[O-])n2)c1[O-])c1ccccc1.[Cu+2].[H+].[Na+].[Na+].[Na+].[Na+].[Na+],
"(2,4-dichlorobenzoyl) 2,4-dichlorobenzenecarboperoxoate",0,O=C(OOC(=O)c1ccc(Cl)cc1Cl)c1ccc(Cl)cc1Cl,
hydroxyazanium;4-methylbenzenesulfonate,0,Cc1ccc(S(=O)(=O)[O-])cc1.[NH3+]O,
mercury(2+);dibenzoate,0,O=C([O-])c1ccccc1.O=C([O-])c1ccccc1.[Hg+2],
"trimethyl-[3-[[4-(1,1,2,2,3,3,4,4,5,5,6,6,7,7,8,8,9,9,9-nonadecafluorononoxy)benzoyl]amino]propyl]azanium;iodide",0,C[N+](C)(C)CCCNC(=O)c1ccc(OC(F)(F)C(F)(F)C(F)(F)C(F)(F)C(F)(F)C(F)(F)C(F)(F)C(F)(F)C(F)(F)F)cc1.[I-],
"methyl 2-(2,6-dimethylanilino)propanoate",0,COC(=O)C(C)Nc1c(C)cccc1C,
sodium;2-hydroxy-3-prop-2-enoxypropane-1-sulfonate,0,C=CCOCC(O)CS(=O)(=O)[O-].[Na+],
"(2S)-2,5-diamino-5-oxopentanoic acid",0,NC(=O)CCC(N)C(=O)O,
"N-cyclohexyl-1,1-dioxo-1-benzothiophene-2-carboxamide",0,O=C(NC1CCCCC1)C1=Cc2ccccc2S1(=O)=O,
disodium;4-acetamido-2-amino-5-[[4-(2-sulfonatooxyethylsulfonyl)phenyl]diazenyl]benzenesulfonate,0,CC(=O)Nc1cc(N)c(S(=O)(=O)[O-])cc1N=Nc1ccc(S(=O)(=O)CCOS(=O)(=O)[O-])cc1.[Na+].[Na+],
N-methylacetamide,0,CNC(C)=O,
diethyl(dimethyl)azanium;hydroxide,0,CC[N+](C)(C)CC.[OH-],
"hexasodium;1-[4-[2-[[3-[2-[[4-(3-carboxylatopyridin-1-ium-1-yl)-6-(2,5-disulfonatoanilino)-1,3,5-triazin-2-yl]amino]ethylimino]-6,13-dichloro-4,11-disulfonato-7H-[1,4]benzoxazino[2,3-b]phenoxazin-10-yl]amino]ethylamino]-6-(2,5-disulfonatoanilino)-1,3,5-triazin-2-yl]pyridin-1-ium-3-carboxylate",0,O=C([O-])c1ccc[n+](-c2nc(NCCN=c3ccc4nc5c(Cl)c6c(c(Cl)c5oc-4c3S(=O)(=O)[O-])Nc3ccc(NCCNc4nc(Nc5cc(S(=O)(=O)[O-])ccc5S(=O)(=O)[O-])nc(-[n+]5cccc(C(=O)[O-])c5)n4)c(S(=O)(=O)[O-])c3O6)nc(Nc3cc(S(=O)(=O)[O-])ccc3S(=O)(=O)[O-])n2)c1.[Na+].[Na+].[Na+].[Na+].[Na+].[Na+],
magnesium;peroxide,0,[Mg+2].[O-][O-],
sodium;propanoate,0,CCC(=O)[O-].[Na+],
"3-O-ethyl 5-O-methyl 2-(2-aminoethoxymethyl)-4-(2-chlorophenyl)-6-methyl-1,4-dihydropyridine-3,5-dicarboxylate",0,CCOC(=O)C1=C(COCCN)NC(C)=C(C(=O)OC)C1c1ccccc1Cl,
"tetrasodium;5-[[4-chloro-6-(N-ethylanilino)-1,3,5-triazin-2-yl]amino]-3-[(1,5-disulfonatonaphthalen-2-yl)diazenyl]-4-hydroxynaphthalene-2,7-disulfonate",0,CCN(c1ccccc1)c1nc(Cl)nc(Nc2cc(S(=O)(=O)[O-])cc3cc(S(=O)(=O)[O-])c(N=Nc4ccc5c(S(=O)(=O)[O-])cccc5c4S(=O)(=O)[O-])c(O)c23)n1.[Na+].[Na+].[Na+].[Na+],
"2-chloroprop-2-enyl N,N-diethylcarbamodithioate",0,C=C(Cl)CSC(=S)N(CC)CC,
(2-hydroxy-3-prop-2-enoyloxypropyl) 2-methyl-2-propylhexanoate,0,C=CC(=O)OCC(O)COC(=O)C(C)(CCC)CCCC,
"(8S,13S,14S,17S)-17-hydroxy-13-methyl-2,6,7,8,11,12,14,15,16,17-decahydro-1H-cyclopenta[a]phenanthren-3-one",0,CC12CCC3=C4CCC(=O)C=C4CCC3C1CCC2O,
N-methylformamide,0,CNC=O,
"dicyclohexyl benzene-1,2-dicarboxylate",0,O=C(OC1CCCCC1)c1ccccc1C(=O)OC1CCCCC1,
tributylphosphane,0,CCCCP(CCCC)CCCC,
bis(8-methylnonyl) nonanedioate,0,CC(C)CCCCCCCOC(=O)CCCCCCCC(=O)OCCCCCCCC(C)C,
(2-methoxyphenyl)methanol,0,COc1ccccc1CO,
"1,3-thiazolidine-2,4-dione",0,O=C1CSC(=O)N1,
sodium;hydroxymethanesulfonate,0,O=S(=O)([O-])CO.[Na+],
"N-cyclohexyl-3-[[4-[3-(cyclohexylsulfamoyl)-2,4,6-trimethylanilino]-9,10-dioxoanthracen-1-yl]amino]-2,4,6-trimethylbenzenesulfonamide",0,Cc1cc(C)c(S(=O)(=O)NC2CCCCC2)c(C)c1Nc1ccc(Nc2c(C)cc(C)c(S(=O)(=O)NC3CCCCC3)c2C)c2c1C(=O)c1ccccc1C2=O,
"N,N-diethylaniline",0,CCN(CC)c1ccccc1,
"3-[4-(oxolan-2-ylmethoxy)phenyl]-7-phenylfuro[2,3-f][1]benzofuran-2,6-dione",0,O=C1Oc2cc3c(cc2=C1c1ccccc1)OC(=O)C=3c1ccc(OCC2CCCO2)cc1,
zinc;bis(2-ethylhexoxy)-sulfanylidene-sulfido-lambda5-phosphane,0,CCCCC(CC)COP(=S)([S-])OCC(CC)CCCC.CCCCC(CC)COP(=S)([S-])OCC(CC)CCCC.[Zn+2],
ethyl(triphenyl)phosphanium;iodide,0,CC[P+](c1ccccc1)(c1ccccc1)c1ccccc1.[I-],
potassium;N-carbamoylcarbamate,0,NC(=O)NC(=O)[O-].[K+],
2-(1-propoxyethoxy)ethylbenzene,0,CCCOC(C)OCCc1ccccc1,
(E)-N-[bis[[(E)-butan-2-ylideneamino]oxy]-methylsilyl]oxybutan-2-imine,0,CCC(C)=NO[Si](C)(ON=C(C)CC)ON=C(C)CC,
5-hexyloxolan-2-one,0,CCCCCCC1CCC(=O)O1,
"2,6-dimethyloctan-2-ol",0,CCC(C)CCCC(C)(C)O,
2-nonylphenol,0,CCCCCCCCCc1ccccc1O,
1-propan-2-ylnaphthalene,0,CC(C)c1cccc2ccccc12,
"2-butoxyethyl 2-(2,4,5-trichlorophenoxy)acetate",0,CCCCOCCOC(=O)COc1cc(Cl)c(Cl)cc1Cl,
N-[2-[(2-benzamidophenyl)disulfanyl]phenyl]benzamide,0,O=C(Nc1ccccc1SSc1ccccc1NC(=O)c1ccccc1)c1ccccc1,
"[(2E)-3,7-dimethylocta-2,6-dienyl] hexadecanoate",0,CCCCCCCCCCCCCCCC(=O)OCC=C(C)CCC=C(C)C,
"[2-[(1,3-benzothiazol-2-ylhydrazinylidene)methyl]-4-(4-propylphenyl)phenyl] 4-[1,2-di(prop-2-enoyloxy)ethoxy]benzoate;(2,4-dimethylphenyl) 7-[(1,3-benzothiazol-2-ylhydrazinylidene)methyl]-6-[4-[3-(4-prop-2-enoyloxybutoxy)-2-(3-prop-2-enoyloxypropanoyloxy)propoxy]benzoyl]oxynaphthalene-2-carboxylate;(4-methoxy-2-methylphenyl) 3-[(1,3-benzothiazol-2-ylhydrazinylidene)methyl]-4-[4-[3-(4-prop-2-enoyloxybutoxy)-2-(3-prop-2-enoyloxypropanoyloxy)propoxy]benzoyl]oxybenzoate",0,C=CC(=O)OCC(OC(=O)C=C)Oc1ccc(C(=O)Oc2ccc(-c3ccc(CCC)cc3)cc2C=NNc2nc3ccccc3s2)cc1.C=CC(=O)OCCCCOCC(COc1ccc(C(=O)Oc2cc3ccc(C(=O)Oc4ccc(C)cc4C)cc3cc2C=NNc2nc3ccccc3s2)cc1)OC(=O)CCOC(=O)C=C.C=CC(=O)OCCCCOCC(COc1ccc(C(=O)Oc2ccc(C(=O)Oc3ccc(OC)cc3C)cc2C=NNc2nc3ccccc3s2)cc1)OC(=O)CCOC(=O)C=C,
"2,6-ditert-butylphenol",0,CC(C)(C)c1cccc(C(C)(C)C)c1O,
dioctyl (E)-but-2-enedioate,0,CCCCCCCCOC(=O)C=CC(=O)OCCCCCCCC,
"1,6-dioxacycloheptadecan-7-one",0,O=C1CCCCCCCCCCOCCCCO1,
"N',N'-diethyl-N,N-dimethylpropane-1,3-diamine",0,CCN(CC)CCCN(C)C,
(2S)-2-amino-3-[4-[bis(2-chloroethyl)amino]phenyl]propanoic acid,0,NC(Cc1ccc(N(CCCl)CCCl)cc1)C(=O)O,
[4-[bis[4-(dimethylamino)phenyl]methylidene]naphthalen-1-ylidene]-phenylazanium;acetate,0,CC(=O)[O-].CN(C)c1ccc(C(=C2C=CC(=[NH+]c3ccccc3)c3ccccc32)c2ccc(N(C)C)cc2)cc1,
N-benzyl-N-ethylaniline,0,CCN(Cc1ccccc1)c1ccccc1,
"5-ethyl-5-(3-methylbutyl)-1,3-diazinane-2,4,6-trione",0,CCC1(CCC(C)C)C(=O)NC(=O)NC1=O,
2-methylbutan-1-ol,0,CCC(C)CO,
(4-methylcyclohexyl)methanol,0,CC1CCC(CO)CC1,
"[3-[[4-[[7,7-dimethyl-3-oxo-4-(sulfomethyl)-2-bicyclo[2.2.1]heptanylidene]methyl]phenyl]methylidene]-7,7-dimethyl-2-oxo-1-bicyclo[2.2.1]heptanyl]methanesulfonic acid",0,CC1(C)C2CCC1(CS(=O)(=O)O)C(=O)C2=Cc1ccc(C=C2C(=O)C3(CS(=O)(=O)O)CCC2C3(C)C)cc1,
"2-(3-hydroxypropyl)-6-(3-hydroxypropylamino)benzo[de]isoquinoline-1,3-dione",0,O=C1c2cccc3c(NCCCO)ccc(c23)C(=O)N1CCCO,
sodium;hydrogen sulfite,0,O=S([O-])O.[Na+],
4-chlorobut-2-ynyl N-(3-chlorophenyl)carbamate,0,O=C(Nc1cccc(Cl)c1)OCC#CCCl,
"sodium;2-(2,4-dichlorophenoxy)ethyl sulfate",0,O=S(=O)([O-])OCCOc1ccc(Cl)cc1Cl.[Na+],
sodium;sulfanide,0,[Na+].[SH-],
2-dimethoxyphosphinothioylsulfanyl-N-formyl-N-methylacetamide,0,COP(=S)(OC)SCC(=O)N(C)C=O,
2-[di(propan-2-yl)amino]ethyl 2-methylprop-2-enoate,0,C=C(C)C(=O)OCCN(C(C)C)C(C)C,
"2-[[2-chloro-4-[3-chloro-4-[[1-(4-chloro-2,5-dimethoxyanilino)-1,3-dioxobutan-2-yl]diazenyl]phenyl]phenyl]diazenyl]-N-(4-chloro-2,5-dimethoxyphenyl)-3-oxobutanamide",0,COc1cc(NC(=O)C(N=Nc2ccc(-c3ccc(N=NC(C(C)=O)C(=O)Nc4cc(OC)c(Cl)cc4OC)c(Cl)c3)cc2Cl)C(C)=O)c(OC)cc1Cl,
2-[4-[2-[4-(2-hydroxyethoxy)phenyl]propan-2-yl]phenoxy]ethanol,0,CC(C)(c1ccc(OCCO)cc1)c1ccc(OCCO)cc1,
(2S)-2-amino-5-(diaminomethylideneamino)pentanoic acid,0,NC(N)=NCCCC(N)C(=O)O,
"[3-bis(2,6-dimethylphenoxy)phosphoryloxyphenyl] bis(2,6-dimethylphenyl) phosphate",0,Cc1cccc(C)c1OP(=O)(Oc1cccc(OP(=O)(Oc2c(C)cccc2C)Oc2c(C)cccc2C)c1)Oc1c(C)cccc1C,
N-ethyl-5-methyl-2-propan-2-ylcyclohexane-1-carboxamide,0,CCNC(=O)C1CC(C)CCC1C(C)C,
ethoxybenzene,0,CCOc1ccccc1,
6H-benzo[c][1]benzothiepin-11-one,0,O=C1c2ccccc2CSc2ccccc21,
"dipotassium;disodium;2,4-diamino-3-[[4-(2-sulfonatooxyethylsulfonyl)phenyl]diazenyl]-5-[[2-sulfonato-4-(2-sulfonatooxyethylsulfonyl)phenyl]diazenyl]benzenesulfonate",0,Nc1c(N=Nc2ccc(S(=O)(=O)CCOS(=O)(=O)[O-])cc2S(=O)(=O)[O-])cc(S(=O)(=O)[O-])c(N)c1N=Nc1ccc(S(=O)(=O)CCOS(=O)(=O)[O-])cc1.[K+].[K+].[Na+].[Na+],
N-methylaniline,0,CNc1ccccc1,
"2,6-dichlorobenzenethiol",0,Sc1c(Cl)cccc1Cl,
2-[2-(2-ethoxyethoxy)ethoxy]ethanol,0,CCOCCOCCOCCO,
"N'-[3-[dimethoxy(methyl)silyl]-2-methylpropyl]ethane-1,2-diamine",0,CO[Si](C)(CC(C)CNCCN)OC,
butyl octadecanoate,0,CCCCCCCCCCCCCCCCCC(=O)OCCCC,
dioctyl(oxo)tin,0,CCCCCCC[CH2][Sn](=[O])[CH2]CCCCCCC,
"6-(1,3-dioxoisoindol-2-yl)hexaneperoxoic acid",0,O=C(CCCCCN1C(=O)c2ccccc2C1=O)OO,
triethoxy(phenyl)silane,0,CCO[Si](OCC)(OCC)c1ccccc1,
2-methylcyclohexan-1-ol,0,CC1CCCCC1O,
"2,2-dimethyl-1,3-dioxane-4,6-dione",0,CC1(C)OC(=O)CC(=O)O1,
triethyl arsorate,0,CCO[As](=O)(OCC)OCC,
"(8R,9S,10R,13S,14S)-13-methyl-1,2,6,7,8,9,10,11,12,14,15,16-dodecahydrocyclopenta[a]phenanthrene-3,17-dione",0,CC12CCC3C4CCC(=O)C=C4CCC3C1CCC2=O,
"1-N,1-N,4-N,4-N-tetramethylbenzene-1,4-diamine",0,CN(C)c1ccc(N(C)C)cc1,
"1,3-dichloro-5-(3-chlorophenyl)benzene",0,Clc1cccc(-c2cc(Cl)cc(Cl)c2)c1,
triethoxymethoxyethane,0,CCOC(OCC)(OCC)OCC,
"[9-(2-ethoxycarbonylphenyl)-6-(ethylamino)-2,7-dimethylxanthen-3-ylidene]-ethylazanium",0,CCNc1cc2oc3cc(=[NH+]CC)c(C)cc-3c(-c3ccccc3C(=O)OCC)c2cc1C,
N-(4-hydroxyphenyl)benzenesulfonamide,0,O=S(=O)(Nc1ccc(O)cc1)c1ccccc1,
"sodium;1,4-bis(2-ethylhexoxy)-1,4-dioxobutane-2-sulfonate",0,CCCCC(CC)COC(=O)CC(C(=O)OCC(CC)CCCC)S(=O)(=O)[O-].[Na+],
"3-[3-(3-hydroxypropoxy)-2,2-dimethylpropoxy]propan-1-ol",0,CC(C)(COCCCO)COCCCO,
2-octyldodecyl 16-methylheptadecanoate,0,CCCCCCCCCCC(CCCCCCCC)COC(=O)CCCCCCCCCCCCCCC(C)C,
[6-(diethylamino)-9-(2-ethoxycarbonylphenyl)xanthen-3-ylidene]-diethylazanium;chloride,0,CCOC(=O)c1ccccc1-c1c2ccc(=[N+](CC)CC)cc-2oc2cc(N(CC)CC)ccc12.[Cl-],
2-pyridin-2-ylethanol,0,OCCc1ccccn1,
2-cyclohexyl-6-[(3-cyclohexyl-2-hydroxy-5-methylphenyl)methyl]-4-methylphenol,0,Cc1cc(Cc2cc(C)cc(C3CCCCC3)c2O)c(O)c(C2CCCCC2)c1,
4-chloro-2-methylaniline;hydrochloride,0,Cc1cc(Cl)ccc1N.Cl,
"N-[(8-tert-butyl-1,4-dioxaspiro[4.5]decan-3-yl)methyl]-N-ethylpropan-1-amine",0,CCCN(CC)CC1COC2(CCC(C(C)(C)C)CC2)O1,
"4-[2-(4-hydroxy-3,5-dimethylphenyl)propan-2-yl]-2,6-dimethylphenol",0,Cc1cc(C(C)(C)c2cc(C)c(O)c(C)c2)cc(C)c1O,
"4-hydroxy-3-[3-[4-[[4-(trifluoromethyl)phenyl]methoxy]phenyl]-1,2,3,4-tetrahydronaphthalen-1-yl]chromen-2-one",0,O=c1oc2ccccc2c(O)c1C1CC(c2ccc(OCc3ccc(C(F)(F)F)cc3)cc2)Cc2ccccc21,
2-chloro-N-(2-chloroethyl)-N-methylethanamine;hydrochloride,0,CN(CCCl)CCCl.Cl,
2-chloropropane,0,CC(C)Cl,
"sodium;4-[[4-(diethylamino)phenyl]-(4-diethylazaniumylidenecyclohexa-2,5-dien-1-ylidene)methyl]benzene-1,3-disulfonate",0,CCN(CC)c1ccc(C(=C2C=CC(=[N+](CC)CC)C=C2)c2ccc(S(=O)(=O)[O-])cc2S(=O)(=O)[O-])cc1.[Na+],
2-ethylhexan-1-olate;titanium(4+),0,CCCCC(CC)C[O-].CCCCC(CC)C[O-].CCCCC(CC)C[O-].CCCCC(CC)C[O-].[Ti+4],
1-amino-2-methylpropane-2-thiol;hydrochloride,0,CC(C)(S)CN.Cl,
"3,5-dimethyl-1H-pyrazole-4-carboxylic acid",0,Cc1n[nH]c(C)c1C(=O)O,
thallium(1+);sulfate,0,O=S(=O)([O-])[O-].[Tl+].[Tl+],
"lithium;1,2-benzothiazol-2-id-3-one",0,O=c1[n-]sc2ccccc12.[Li+],
"1-(4-chlorophenoxy)-3,3-dimethyl-1-(1,2,4-triazol-1-yl)butan-2-one",0,CC(C)(C)C(=O)C(Oc1ccc(Cl)cc1)n1cncn1,
"2,3,4,5,6-pentachlorobenzenethiol",0,Sc1c(Cl)c(Cl)c(Cl)c(Cl)c1Cl,
"[8-(2-methylprop-2-enoyloxymethyl)-3-tricyclo[5.2.1.02,6]decanyl]methyl 2-methylprop-2-enoate",0,C=C(C)C(=O)OCC1CC2CC1C1CCC(COC(=O)C(=C)C)C21,
"4-(hydroxymethyl)-1,3-dioxolan-2-one",0,O=C1OCC(CO)O1,
hentriacontane,0,CCCCCCCCCCCCCCCCCCCCCCCCCCCCCCC,
4-ethoxybenzoic acid,0,CCOc1ccc(C(=O)O)cc1,
tin(2+);sulfate,0,O=S(=O)([O-])[O-].[Sn+2],
2-ethylhexyl 2-[[2-(2-ethylhexoxy)-2-oxoethyl]sulfanyl-dioctylstannyl]sulfanylacetate,0,CCCCCCC[CH2][Sn]([CH2]CCCCCCC)([S]CC(=O)OCC(CC)CCCC)[S]CC(=O)OCC(CC)CCCC,
"(5-ethyl-1,3-dioxan-5-yl)methanol",0,CCC1(CO)COCOC1,
"lithium;potassium;sodium;4-amino-3,6-bis[[5-[[4-chloro-6-[methyl-[2-(methylamino)-2-oxoethyl]amino]-1,3,5-triazin-2-yl]amino]-2-sulfonatophenyl]diazenyl]-5-hydroxynaphthalene-2,7-disulfonate",0,CNC(=O)CN(C)c1nc(Cl)nc(Nc2ccc(S(=O)(=O)[O-])c(N=Nc3c(S(=O)(=O)[O-])cc4cc(S(=O)(=O)[O-])c(N=Nc5cc(Nc6nc(Cl)nc(N(C)CC(=O)NC)n6)ccc5S(=O)(=O)[O-])c(O)c4c3N)c2)n1.[K+].[Li+].[Na+],
methanamine;hydrochloride,0,CN.Cl,
oxido-phenyl-phenyliminoazanium,0,[O-][N+](=Nc1ccccc1)c1ccccc1,
"4-[(2,4-dimethylphenyl)diazenyl]-5-methyl-2-phenyl-4H-pyrazol-3-one",0,CC1=NN(c2ccccc2)C(=O)C1N=Nc1ccc(C)cc1C,
"hexasodium;2-[[4-[4-[2-[4-[[4-(2,5-disulfonatoanilino)-6-morpholin-4-yl-1,3,5-triazin-2-yl]amino]-2-sulfonatophenyl]ethenyl]-3-sulfonatoanilino]-6-morpholin-4-yl-1,3,5-triazin-2-yl]amino]benzene-1,4-disulfonate",0,O=S(=O)([O-])c1ccc(S(=O)(=O)[O-])c(Nc2nc(Nc3ccc(C=Cc4ccc(Nc5nc(Nc6cc(S(=O)(=O)[O-])ccc6S(=O)(=O)[O-])nc(N6CCOCC6)n5)cc4S(=O)(=O)[O-])c(S(=O)(=O)[O-])c3)nc(N3CCOCC3)n2)c1.[Na+].[Na+].[Na+].[Na+].[Na+].[Na+],
2-chloro-N-[2-(4-chlorophenyl)phenyl]pyridine-3-carboxamide,0,O=C(Nc1ccccc1-c1ccc(Cl)cc1)c1cccnc1Cl,
"(2S,5S)-1-[(2S)-2-(methoxycarbonylamino)-3-methylbutanoyl]-5-methylpyrrolidine-2-carboxylic acid",0,COC(=O)NC(C(=O)N1C(C)CCC1C(=O)O)C(C)C,
"[3-heptanoyloxy-2,2-bis(heptanoyloxymethyl)propyl] heptanoate",0,CCCCCCC(=O)OCC(COC(=O)CCCCCC)(COC(=O)CCCCCC)COC(=O)CCCCCC,
"1,3-dimethyl-1,3-bis(trimethylsilyl)urea",0,CN(C(=O)N(C)[Si](C)(C)C)[Si](C)(C)C,
pyrrolidin-2-one,0,O=C1CCCN1,
2-(dimethylamino)ethyl 2-[(2E)-2-[6-[[2-[2-(dimethylamino)ethoxycarbonyl]phenyl]diazenyl]-6-hydroxy-4-oxocyclohex-2-en-1-ylidene]hydrazinyl]benzoate;dihydrochloride,0,CN(C)CCOC(=O)c1ccccc1N=NC1(O)CC(=O)C=CC1=NNc1ccccc1C(=O)OCCN(C)C.Cl.Cl,
"2-dodecylbenzenesulfonic acid;4-phenyldiazenylbenzene-1,3-diamine",0,CCCCCCCCCCCCc1ccccc1S(=O)(=O)O.Nc1ccc(N=Nc2ccccc2)c(N)c1,
"disodium;5-methyl-2-[[4-(4-methyl-2-sulfonatoanilino)-9,10-dioxoanthracen-1-yl]amino]benzenesulfonate",0,Cc1ccc(Nc2ccc(Nc3ccc(C)cc3S(=O)(=O)[O-])c3c2C(=O)c2ccccc2C3=O)c(S(=O)(=O)[O-])c1.[Na+].[Na+],
1-ethenylazepan-2-one,0,C=CN1CCCCCC1=O,
prop-2-enyl heptanoate,0,C=CCOC(=O)CCCCCC,
2-methylbutanal,0,CCC(C)C=O,
2-chloro-4-nitrophenol,0,O=[N+]([O-])c1ccc(O)c(Cl)c1,
2-chloro-6-fluorophenol,0,Oc1c(F)cccc1Cl,
"3-[[9,10-dioxo-4-(2,4,6-trimethyl-3-sulfoanilino)anthracen-1-yl]amino]-2,4,6-trimethylbenzenesulfonic acid;hexane-1,6-diamine",0,Cc1cc(C)c(S(=O)(=O)O)c(C)c1Nc1ccc(Nc2c(C)cc(C)c(S(=O)(=O)O)c2C)c2c1C(=O)c1ccccc1C2=O.NCCCCCCN,
"3-(1-ethoxyethyl)-5-methyl-1,3-oxazolidin-2-one",0,CCOC(C)N1CC(C)OC1=O,
"sodium;4-[(4,6-dichloro-1,3,5-triazin-2-yl)amino]benzenesulfonate",0,O=S(=O)([O-])c1ccc(Nc2nc(Cl)nc(Cl)n2)cc1.[Na+],
(2-propan-2-yloxyphenyl) N-methylcarbamate,0,CNC(=O)Oc1ccccc1OC(C)C,
"diethyl cyclohexane-1,4-dicarboxylate",0,CCOC(=O)C1CCC(C(=O)OCC)CC1,
"1,4,7,10-tetrazacyclododecane",0,C1CNCCNCCNCCN1,
thiocyanatomethyl thiocyanate,0,N#CSCSC#N,
"N'-(2-aminoethyl)ethane-1,2-diamine;octadec-9-enoic acid",0,CCCCCCCCC=CCCCCCCCC(=O)O.NCCNCCN,
"(3,3,5-trimethylcyclohexyl) prop-2-enoate",0,C=CC(=O)OC1CC(C)CC(C)(C)C1,
trimagnesium;diphosphate,0,O=P([O-])([O-])[O-].O=P([O-])([O-])[O-].[Mg+2].[Mg+2].[Mg+2],
dimethoxy-(4-nitrophenoxy)-sulfanylidene-lambda5-phosphane,0,COP(=S)(OC)Oc1ccc([N+](=O)[O-])cc1,
naphthalen-1-yl N-methylcarbamate,0,CNC(=O)Oc1cccc2ccccc12,
"[(R)-cyano-(3-phenoxyphenyl)methyl] (1S,3S)-3-[(Z)-2-chloro-3,3,3-trifluoroprop-1-enyl]-2,2-dimethylcyclopropane-1-carboxylate",0,CC1(C)C(C=C(Cl)C(F)(F)F)C1C(=O)OC(C#N)c1cccc(Oc2ccccc2)c1,
"2-[2-chloro-4-methylsulfonyl-3-(oxolan-2-ylmethoxymethyl)benzoyl]cyclohexane-1,3-dione",0,CS(=O)(=O)c1ccc(C(=O)C2C(=O)CCCC2=O)c(Cl)c1COCC1CCCO1,
hexadecyl(trimethoxy)silane,0,CCCCCCCCCCCCCCCC[Si](OC)(OC)OC,
"(1R,5R,7S,9S)-2,2,8,8-tetramethyl-6-oxatetracyclo[7.2.1.01,7.05,7]dodecane",0,CC1(C)CCC2OC23C(C)(C)C2CCC13C2,
1-[3-(2-hydroxypropoxy)-2-(2-hydroxypropoxymethyl)-2-methylpropoxy]propan-2-ol,0,CC(O)COCC(C)(COCC(C)O)COCC(C)O,
azanium;fluoride;hydrofluoride,0,F.[F-].[NH4+],
"1,2-dimethoxy-4-[(E)-prop-1-enyl]benzene",0,CC=Cc1ccc(OC)c(OC)c1,
quinolin-8-ol,0,Oc1cccc2cccnc12,
"pentasodium;5-amino-3-[[5-[(4-amino-6-chloro-1,3,5-triazin-2-yl)amino]-2-sulfonatophenyl]diazenyl]-6-[(2,5-disulfonatophenyl)diazenyl]-4-hydroxynaphthalene-2,7-disulfonate",0,Nc1nc(Cl)nc(Nc2ccc(S(=O)(=O)[O-])c(N=Nc3c(S(=O)(=O)[O-])cc4cc(S(=O)(=O)[O-])c(N=Nc5cc(S(=O)(=O)[O-])ccc5S(=O)(=O)[O-])c(N)c4c3O)c2)n1.[Na+].[Na+].[Na+].[Na+].[Na+],
2-ethylhexyl acetate,0,CCCCC(CC)COC(C)=O,
trisodium;3-[(1-anilino-3-oxido-1-oxobut-2-en-2-yl)diazenyl]-5-chloro-2-oxidobenzenesulfonate;cobalt(3+),0,CC([O-])=C(N=Nc1cc(Cl)cc(S(=O)(=O)[O-])c1[O-])C(=O)Nc1ccccc1.CC([O-])=C(N=Nc1cc(Cl)cc(S(=O)(=O)[O-])c1[O-])C(=O)Nc1ccccc1.[Co+3].[Na+].[Na+].[Na+],
"2-amino-5-hydroxynaphthalene-1,7-disulfonic acid",0,Nc1ccc2c(O)cc(S(=O)(=O)O)cc2c1S(=O)(=O)O,
"1,2,3-trichloro-4-(2,3-dichlorophenyl)benzene",0,Clc1cccc(-c2ccc(Cl)c(Cl)c2Cl)c1Cl,
"1,2,3-trichlorobenzene",0,Clc1cccc(Cl)c1Cl,
hexadecyl 2-methylprop-2-enoate,0,C=C(C)C(=O)OCCCCCCCCCCCCCCCC,
"1-[2,2-bis(2-methylpropoxymethyl)butoxy]propan-2-amine",0,CCC(COCC(C)C)(COCC(C)C)COCC(C)N,
2-ethoxynaphthalene,0,CCOc1ccc2ccccc2c1,
4-(4-hydroxyphenyl)sulfonylphenol,0,O=S(=O)(c1ccc(O)cc1)c1ccc(O)cc1,
"[5-(sulfanylmethyl)-1,4-dithian-2-yl]methanethiol",0,SCC1CSC(CS)CS1,
3-(1H-benzimidazol-2-yl)-7-(diethylamino)chromen-2-one,0,CCN(CC)c1ccc2cc(-c3nc4ccccc4[nH]3)c(=O)oc2c1,
lithium,0,[Li],
"2-amino-2-(hydroxymethyl)propane-1,3-diol;hydrochloride",0,Cl.NC(CO)(CO)CO,
[diacetyloxy(ethenyl)silyl] acetate,0,C=C[Si](OC(C)=O)(OC(C)=O)OC(C)=O,
"2-hydroxyethyl-dimethyl-[3-[[(2R,3S,4R,5R)-2,3,4,5,6-pentahydroxyhexanoyl]amino]propyl]azanium;chloride",0,C[N+](C)(CCO)CCCNC(=O)C(O)C(O)C(O)C(O)CO.[Cl-],
methyl 4-acetamido-5-bromo-2-methoxybenzoate,0,COC(=O)c1cc(Br)c(NC(C)=O)cc1OC,
2-methyl-2-(2-methylundecan-2-yldisulfanyl)undecane,0,CCCCCCCCCC(C)(C)SSC(C)(C)CCCCCCCCC,
"4-nitrobenzene-1,3-diamine",0,Nc1ccc([N+](=O)[O-])c(N)c1,
2-[2-[2-(dimethylamino)ethoxy]ethyl-methylamino]ethanol,0,CN(C)CCOCCN(C)CCO,
strontium;peroxide,0,[O-][O-].[Sr+2],
1-methyl-3-nitro-1-nitrosoguanidine,0,CN(N=O)C(=N)N[N+](=O)[O-],
"ethyl N,N-diphenylcarbamate",0,CCOC(=O)N(c1ccccc1)c1ccccc1,
"2-nitrobenzene-1,4-diamine",0,Nc1ccc(N)c([N+](=O)[O-])c1,
"methyl (1R,4aR,4bR,10aR)-1,4a-dimethyl-7-propan-2-yl-2,3,4,4b,5,6,10,10a-octahydrophenanthrene-1-carboxylate",0,COC(=O)C1(C)CCCC2(C)C3CCC(C(C)C)=CC3=CCC12,
2-hydroxy-2-phenylacetic acid,0,O=C(O)C(O)c1ccccc1,
2-(oxiran-2-yl)oxirane,0,C1OC1C1CO1,
"5,9-dimethyldeca-4,8-dienal",0,CC(C)=CCCC(C)=CCCC=O,
"2-ethyl-2-methyl-1,3-thiazolidine",0,CCC1(C)NCCS1,
oxygen(2-);vanadium;pentahydroxide;pentaphosphate,0,O=P([O-])([O-])[O-].O=P([O-])([O-])[O-].O=P([O-])([O-])[O-].O=P([O-])([O-])[O-].O=P([O-])([O-])[O-].[O-2].[O-2].[O-2].[O-2].[O-2].[OH-].[OH-].[OH-].[OH-].[OH-].[V].[V].[V].[V].[V].[V],
"4-hydroxy-3-[3-(4-phenylphenyl)-1,2,3,4-tetrahydronaphthalen-1-yl]chromen-2-one",0,O=c1oc2ccccc2c(O)c1C1CC(c2ccc(-c3ccccc3)cc2)Cc2ccccc21,
(2S)-2-aminopentanedioic acid,0,NC(CCC(=O)O)C(=O)O,
4-amino-5-chloro-N-[2-(diethylamino)ethyl]-2-methoxybenzamide,0,CCN(CC)CCNC(=O)c1cc(Cl)c(N)cc1OC,
7-amino-4-hydroxy-3-[[4-[(4-sulfophenyl)diazenyl]phenyl]diazenyl]naphthalene-2-sulfonic acid;2-[bis(2-hydroxyethyl)amino]ethanol,0,Nc1ccc2c(O)c(N=Nc3ccc(N=Nc4ccc(S(=O)(=O)O)cc4)cc3)c(S(=O)(=O)O)cc2c1.OCCN(CCO)CCO.OCCN(CCO)CCO,
"2-[[3,5,5-trimethyl-6-[2-(2-methylprop-2-enoyloxy)ethoxycarbonylamino]hexyl]carbamoyloxy]ethyl 2-methylprop-2-enoate",0,C=C(C)C(=O)OCCOC(=O)NCCC(C)CC(C)(C)CNC(=O)OCCOC(=O)C(=C)C,
"2-[methyl(1,1,2,2,3,3,4,4,4-nonafluorobutylsulfonyl)amino]ethyl prop-2-enoate",0,C=CC(=O)OCCN(C)S(=O)(=O)C(F)(F)C(F)(F)C(F)(F)C(F)(F)F,
3-aminopyrazine-2-carboxylic acid,0,Nc1nccnc1C(=O)O,
dodecyl 3-(3-dodecoxy-3-oxopropyl)sulfanylpropanoate,0,CCCCCCCCCCCCOC(=O)CCSCCC(=O)OCCCCCCCCCCCC,
"2-[4-[(E)-2-[4-(1,3-benzoxazol-2-yl)phenyl]ethenyl]phenyl]-1,3-benzoxazole",0,C(=Cc1ccc(-c2nc3ccccc3o2)cc1)c1ccc(-c2nc3ccccc3o2)cc1,
"2-chlorobenzene-1,4-diamine;sulfuric acid",0,Nc1ccc(N)c(Cl)c1.O=S(=O)(O)O,
calcium;7-methyloctanoate,0,CC(C)CCCCCC(=O)[O-].CC(C)CCCCCC(=O)[O-].[Ca+2],
"propane-1,3-diol",0,OCCCO,
4-fluoroaniline,0,Nc1ccc(F)cc1,
(5R)-2-methyl-5-prop-1-en-2-ylcyclohex-2-en-1-one,0,C=C(C)C1CC=C(C)C(=O)C1,
2-amino-5-[(4-sulfophenyl)diazenyl]benzenesulfonic acid,0,Nc1ccc(N=Nc2ccc(S(=O)(=O)O)cc2)cc1S(=O)(=O)O,
"(2Z,5R,6S,9S,12S,13S,16R)-9-[3-(diaminomethylideneamino)propyl]-2-ethylidene-12-[(1E,3E,5S,6S)-6-methoxy-3,5-dimethyl-7-phenylhepta-1,3-dienyl]-1,6,13-trimethyl-3,7,10,14,19-pentaoxo-1,4,8,11,15-pentazacyclononadecane-5,16-dicarboxylic acid",0,CC=C1C(=O)NC(C(=O)O)C(C)C(=O)NC(CCCN=C(N)N)C(=O)NC(C=CC(C)=CC(C)C(Cc2ccccc2)OC)C(C)C(=O)NC(C(=O)O)CCC(=O)N1C,
disodium;sulfanide,0,[Na+].[Na+].[SH-],
2-hexadecanoyloxyethyl hexadecanoate,0,CCCCCCCCCCCCCCCC(=O)OCCOC(=O)CCCCCCCCCCCCCCC,
"[(1S)-2-methyl-4-oxo-3-[(2Z)-penta-2,4-dienyl]cyclopent-2-en-1-yl] (1R,3R)-3-[(E)-3-methoxy-2-methyl-3-oxoprop-1-enyl]-2,2-dimethylcyclopropane-1-carboxylate",0,C=CC=CCC1=C(C)C(OC(=O)C2C(C=C(C)C(=O)OC)C2(C)C)CC1=O,
(E)-heptadec-3-ene,0,CCC=CCCCCCCCCCCCCC,
"3-ethyl-2-methyl-2-(3-methylbutyl)-1,3-oxazolidine",0,CCN1CCOC1(C)CCC(C)C,
"N-[[3,5-dichloro-4-(1,1,2,2-tetrafluoroethoxy)phenyl]carbamoyl]-2,6-difluorobenzamide",0,O=C(NC(=O)c1c(F)cccc1F)Nc1cc(Cl)c(OC(F)(F)C(F)F)c(Cl)c1,
1-(4-butylphenyl)-4-(4-ethylphenyl)-2-fluorobenzene,0,CCCCc1ccc(-c2ccc(-c3ccc(CC)cc3)cc2F)cc1,
dialuminum;zirconium(4+);heptachloride;heptahydroxide,0,[Al+3].[Al+3].[Cl-].[Cl-].[Cl-].[Cl-].[Cl-].[Cl-].[Cl-].[OH-].[OH-].[OH-].[OH-].[OH-].[OH-].[OH-].[Zr+4].[Zr+4],
disodium;4-[(Z)-octadec-9-enoxy]-4-oxo-3-sulfonatobutanoate,0,CCCCCCCCC=CCCCCCCCCOC(=O)C(CC(=O)[O-])S(=O)(=O)[O-].[Na+].[Na+],
"1,4-di(propan-2-yl)benzene",0,CC(C)c1ccc(C(C)C)cc1,
"ethyl 3,5,5-trimethylhexanoate",0,CCOC(=O)CC(C)CC(C)(C)C,
2-[[3-(oxiran-2-ylmethoxy)phenoxy]methyl]oxirane,0,c1cc(OCC2CO2)cc(OCC2CO2)c1,
"(R)-[(2S,4S,5R)-5-ethenyl-1-azabicyclo[2.2.2]octan-2-yl]-(6-methoxyquinolin-4-yl)methanol",0,C=CC1CN2CCC1CC2C(O)c1ccnc2ccc(OC)cc12,
methyl 2-oxo-2-phenylacetate,0,COC(=O)C(=O)c1ccccc1,
"1H-3,1-benzoxazine-2,4-dione",0,O=c1[nH]c2ccccc2c(=O)o1,
sodium;2-(3-chlorophenyl)-5-methyl-4-[[5-(methylsulfamoyl)-2-oxidophenyl]diazenyl]pyrazol-3-olate;cobalt(3+),0,CNS(=O)(=O)c1ccc([O-])c(N=Nc2c(C)nn(-c3cccc(Cl)c3)c2[O-])c1.CNS(=O)(=O)c1ccc([O-])c(N=Nc2c(C)nn(-c3cccc(Cl)c3)c2[O-])c1.[Co+3].[Na+],
2-methylpropyl dodecanoate,0,CCCCCCCCCCCC(=O)OCC(C)C,
"N'-methylpropane-1,3-diamine",0,CNCCCN,
"tetraazanium;2-[[6-[[7-[(2-carboxylatophenyl)diazenyl]-8-hydroxy-3,6-disulfonatonaphthalen-1-yl]amino]-4-oxo-1H-1,3,5-triazin-2-yl]amino]benzoate",0,O=C([O-])c1ccccc1N=Nc1c(S(=O)(=O)[O-])cc2cc(S(=O)(=O)[O-])cc(Nc3nc(=O)nc(Nc4ccccc4C(=O)[O-])[nH]3)c2c1O.[NH4+].[NH4+].[NH4+].[NH4+],
"propan-2-yl 2,2,2-trifluoroacetate",0,CC(C)OC(=O)C(F)(F)F,
"[1,3]dithiolo[4,5-b]quinoxaline-2-thione",0,S=c1sc2nc3ccccc3nc2s1,
"(2S)-1-[(4R,7S,10S,13S,16S,19R)-19-amino-7-(2-amino-2-oxoethyl)-10-(3-amino-3-oxopropyl)-13-[(2S)-butan-2-yl]-16-[(4-hydroxyphenyl)methyl]-6,9,12,15,18-pentaoxo-1,2-dithia-5,8,11,14,17-pentazacycloicosane-4-carbonyl]-N-[(2S)-1-[(2-amino-2-oxoethyl)amino]-4-methyl-1-oxopentan-2-yl]pyrrolidine-2-carboxamide",0,CCC(C)C1NC(=O)C(Cc2ccc(O)cc2)NC(=O)C(N)CSSCC(C(=O)N2CCCC2C(=O)NC(CC(C)C)C(=O)NCC(N)=O)NC(=O)C(CC(N)=O)NC(=O)C(CCC(N)=O)NC1=O,
bis[2-[2-(2-butoxyethoxy)ethoxy]ethyl] hexanedioate,0,CCCCOCCOCCOCCOC(=O)CCCCC(=O)OCCOCCOCCOCCCC,
ethyl propanoate,0,CCOC(=O)CC,
benzene,0,c1ccccc1,
diethoxy-(6-methyl-2-propan-2-ylpyrimidin-4-yl)oxy-sulfanylidene-lambda5-phosphane,0,CCOP(=S)(OCC)Oc1cc(C)nc(C(C)C)n1,
"1H-indole-5,6-diol",0,Oc1cc2cc[nH]c2cc1O,
"7-(2-aminoethyl)-4-hydroxy-3H-1,3-benzothiazol-2-one;hydrochloride",0,Cl.NCCc1ccc(O)c2[nH]c(=O)sc12,
trisodium;iron(3+);4-[3-methyl-4-[(5-nitro-2-oxidophenyl)diazenyl]-5-oxidopyrazol-1-yl]benzenesulfonate,0,Cc1nn(-c2ccc(S(=O)(=O)[O-])cc2)c([O-])c1N=Nc1cc([N+](=O)[O-])ccc1[O-].Cc1nn(-c2ccc(S(=O)(=O)[O-])cc2)c([O-])c1N=Nc1cc([N+](=O)[O-])ccc1[O-].[Fe+3].[Na+].[Na+].[Na+],
3-nonyl-N-(3-nonylphenyl)aniline,0,CCCCCCCCCc1cccc(Nc2cccc(CCCCCCCCC)c2)c1,
"1-[3-(hydroxymethyl)-2,5-dioxoimidazolidin-4-yl]-3-[[[3-(hydroxymethyl)-2,5-dioxoimidazolidin-4-yl]carbamoylamino]methyl]urea",0,O=C(NCNC(=O)NC1C(=O)NC(=O)N1CO)NC1C(=O)NC(=O)N1CO,
"methyl 2,2,2-trifluoroacetate",0,COC(=O)C(F)(F)F,
"potassium;1,4-bis(2-ethylhexoxy)-1,4-dioxobutane-2-sulfonate",0,CCCCC(CC)COC(=O)CC(C(=O)OCC(CC)CCCC)S(=O)(=O)[O-].[K+],
dimethyl (2S)-2-hydroxybutanedioate,0,COC(=O)CC(O)C(=O)OC,
"2-[2-[3,4-bis(2-hydroxyethoxy)oxolan-2-yl]-2-(2-hydroxyethoxy)ethoxy]ethyl dodecanoate",0,CCCCCCCCCCCC(=O)OCCOCC(OCCO)C1OCC(OCCO)C1OCCO,
3-methyl-5-phenylpentanal,0,CC(CC=O)CCc1ccccc1,
"N-(2-ethylhexyl)-3,5,5-trimethylhexanamide",0,CCCCC(CC)CNC(=O)CC(C)CC(C)(C)C,
[(E)-3-phenylprop-2-enyl] formate,0,O=COCC=Cc1ccccc1,
5-methyl-2-phenylpyrazol-3-amine,0,Cc1cc(N)n(-c2ccccc2)n1,
"3,9-di(cyclohex-3-en-1-yl)-2,4,8,10-tetraoxaspiro[5.5]undecane",0,C1=CCC(C2OCC3(CO2)COC(C2CC=CCC2)OC3)CC1,
"1,2-dibenzyl-3-methylbenzene",0,Cc1cccc(Cc2ccccc2)c1Cc1ccccc1,
12-hydroxy-N-[6-(12-hydroxyoctadecanoylamino)hexyl]octadecanamide,0,CCCCCCC(O)CCCCCCCCCCC(=O)NCCCCCCNC(=O)CCCCCCCCCCC(O)CCCCCC,
1-methyl-4-propan-2-ylcyclohexane,0,CC1CCC(C(C)C)CC1,
"2,2-dichloroethenyl dimethyl phosphate",0,COP(=O)(OC)OC=C(Cl)Cl,
(NE)-N-ethylidenehydroxylamine,0,CC=NO,
piperidin-2-one,0,O=C1CCCCN1,
"5-chloro-2-methyl-1,2-thiazol-3-one;2-methyl-1,2-thiazol-3-one",0,Cn1sc(Cl)cc1=O.Cn1sccc1=O,
pyrazine-2-carboxylic acid,0,O=C(O)c1cnccn1,
"(1S,12S)-9-methoxy-4-methyl-11-oxa-4-azatetracyclo[8.6.1.01,12.06,17]heptadeca-6(17),7,9,15-tetraen-14-one",0,COc1ccc2c3c1OC1CC(=O)C=CC31CCN(C)C2,
"trioctyl benzene-1,2,4-tricarboxylate",0,CCCCCCCCOC(=O)c1ccc(C(=O)OCCCCCCCC)c(C(=O)OCCCCCCCC)c1,
2-hexyldecan-1-ol,0,CCCCCCCCC(CO)CCCCCC,
sodium;2-fluoroacetate,0,O=C([O-])CF.[Na+],
"3-[(3S,5R,8R,9S,10S,13R,14S,17R)-3-[(2R,4S,5S,6R)-5-[(2S,4S,5S,6R)-5-[(2S,4S,5S,6R)-4,5-dihydroxy-6-methyloxan-2-yl]oxy-4-hydroxy-6-methyloxan-2-yl]oxy-4-hydroxy-6-methyloxan-2-yl]oxy-14-hydroxy-10,13-dimethyl-1,2,3,4,5,6,7,8,9,11,12,15,16,17-tetradecahydrocyclopenta[a]phenanthren-17-yl]-2H-furan-5-one",0,CC1OC(OC2C(O)CC(OC3C(O)CC(OC4CCC5(C)C(CCC6C5CCC5(C)C(C7=CC(=O)OC7)CCC65O)C4)OC3C)OC2C)CC(O)C1O,
"(2E)-1,1-diethoxy-3,7-dimethylocta-2,6-diene",0,CCOC(C=C(C)CCC=C(C)C)OCC,
2-methyloctane-2-thiol,0,CCCCCCC(C)(C)S,
zinc;bis(2-methylpropoxy)-sulfanylidene-sulfido-lambda5-phosphane,0,CC(C)COP(=S)([S-])OCC(C)C.CC(C)COP(=S)([S-])OCC(C)C.[Zn+2],
aluminum;ethanolate,0,CC[O-].CC[O-].CC[O-].[Al+3],
2-hexoxyethanol,0,CCCCCCOCCO,
